city,locality,bhk,total_sqft,price_inr,price_per_sqft,bhk_category
Bengaluru,JP Nagar Phase 1,4,3340,30000000,8982.035928143712,4 BHK
Bengaluru,Dasarahalli on Tumkur Road,2,1045,7888000,7548.3253588516745,2 BHK
Bengaluru,Kannur on Thanisandra Main Road,2,1179,4866000,4127.226463104325,2 BHK
Bengaluru,Doddanekundi,3,1675,8358000,4989.850746268657,3 BHK
Bengaluru,Kengeri,3,1670,6845000,4098.802395209581,3 BHK
Bengaluru,Horamavu,2,1220,6797000,5571.311475409836,2 BHK
Bengaluru,Thanisandra,4,2502,20000000,7993.605115907274,4 BHK
Bengaluru,Ramamurthy Nagar,3,1438,7105000,4940.8901251738525,3 BHK
Bengaluru,Whitefield Hope Farm Junction,3,1405,8405000,5982.20640569395,3 BHK
Bengaluru,Electronic City Phase 1,1,660,3506000,5312.121212121212,1 BHK
Bengaluru,Yelahanka,2,1362,7700000,5653.45080763583,2 BHK
Bengaluru,Anjanapura,3,1735,9369000,5400.0,3 BHK
Bengaluru,Jalahalli,3,1575,8716000,5533.9682539682535,3 BHK
Bengaluru,Kasavanahalli,2,1120,5394000,4816.071428571428,2 BHK
Bengaluru,Whitefield Hope Farm Junction,3,1415,6367000,4499.6466431095405,3 BHK
Bengaluru,Bommasandra,2,1270,5080000,4000.0,2 BHK
Bengaluru,Bellandur,3,1311,7209999,5499.6178489702515,3 BHK
Bengaluru,RR Nagar,2,1210,5700000,4710.743801652892,2 BHK
Bengaluru,Whitefield Hope Farm Junction,3,1705,12400000,7272.727272727273,3 BHK
Bengaluru,Begur,2,1187,4900000,4128.053917438921,2 BHK
Bengaluru,Kannur on Thanisandra Main Road,3,2293,9630000,4199.738334060183,3 BHK
Bengaluru,Hosa Road,3,1726,9458000,5479.721900347625,3 BHK
Bengaluru,Sahakar Nagar,4,2470,23700000,9595.141700404858,4 BHK
Bengaluru,Kadugodi,3,1570,7363000,4689.8089171974525,3 BHK
Bengaluru,Jakkur,2,1120,5489000,4900.892857142857,2 BHK
Bengaluru,Jigani,3,1506,4216000,2799.468791500664,3 BHK
Bengaluru,Krishnarajapura,2,1040,4368000,4200.0,2 BHK
Bengaluru,Brookefield,2,1150,7600000,6608.695652173913,2 BHK
Bengaluru,Horamavu,2,1045,4545000,4349.282296650717,2 BHK
Bengaluru,Banashankari,3,2480,23100000,9314.516129032258,3 BHK
Bengaluru,RR Nagar,2,1160,8000000,6896.551724137931,2 BHK
Bengaluru,RR Nagar,2,1143,4514000,3949.2563429571305,2 BHK
Bengaluru,RR Nagar,2,1300,5460000,4200.0,2 BHK
Bengaluru,Nelamangala,2,966,4414000,4569.358178053831,2 BHK
Bengaluru,Begur,2,1245,8868000,7122.891566265061,2 BHK
Bengaluru,Ramamurthy Nagar,2,1275,6133000,4810.196078431372,2 BHK
Bengaluru,Attibele,2,1085,3038000,2800.0,2 BHK
Bengaluru,Nelamangala,3,1286,7100000,5520.99533437014,3 BHK
Bengaluru,Banaswadi,2,1155,7506999,6499.566233766233,2 BHK
Bengaluru,Whitefield Hope Farm Junction,3,1304,6520000,5000.0,3 BHK
Bengaluru,Kodigehalli,2,1120,6389000,5704.464285714285,2 BHK
Bengaluru,ITPL,3,2017,11700000,5800.694100148736,3 BHK
Bengaluru,Uttarahalli Hobli,3,1340,5600000,4179.104477611941,3 BHK
Bengaluru,Electronic City Phase 1,3,1304,4562000,3498.4662576687115,3 BHK
Bengaluru,Ramamurthy Nagar,1,649,2951000,4546.995377503852,1 BHK
Bengaluru,Krishnarajapura,2,1108,4264000,3848.375451263538,2 BHK
Bengaluru,Krishnarajapura,3,1675,6698000,3998.805970149254,3 BHK
Bengaluru,Chikkagubbi on Hennur Main Road,2,718,8100000,11281.33704735376,2 BHK
Bengaluru,Kasavanahalli,2,1075,4500000,4186.046511627907,2 BHK
Bengaluru,Varthur,2,1120,4928000,4400.0,2 BHK
Bengaluru,Vidyaranyapura,2,1350,6100000,4518.518518518518,2 BHK
Bengaluru,Electronic City Phase 2,2,1404,6151000,4381.054131054131,2 BHK
Bengaluru,Begur,2,1080,5426000,5024.074074074074,2 BHK
Bengaluru,J. P. Nagar,3,1800,13000000,7222.222222222223,3 BHK
Bengaluru,K. Chudahalli,2,1060,4850000,4575.471698113208,2 BHK
Bengaluru,Narayanaghatta,3,1540,4604000,2989.6103896103896,3 BHK
Bengaluru,Anekal City,3,1110,3607000,3249.5495495495497,3 BHK
Bengaluru,Sahakar Nagar,3,1645,16500000,10030.395136778116,3 BHK
Bengaluru,Sarjapur,3,1345,4840000,3598.5130111524163,3 BHK
Bengaluru,Koramangala,3,1866,25800000,13826.36655948553,3 BHK
Bengaluru,Hebbal,3,3500,51000000,14571.42857142857,3 BHK
Bengaluru,Electronic City Phase 1,2,1145,4809000,4200.0,2 BHK
Bengaluru,Budigere Cross,2,935,5070000,5422.459893048128,2 BHK
Bengaluru,Bommanahalli,3,1455,10500000,7216.494845360825,3 BHK
Bengaluru,Uttarahalli Hobli,2,1305,6850000,5249.0421455938695,2 BHK
Bengaluru,Varthur,2,1145,4580000,4000.0,2 BHK
Bengaluru,Whitefield Hope Farm Junction,3,1635,5559000,3400.0,3 BHK
Bengaluru,RR Nagar,2,1145,4723000,4124.890829694323,2 BHK
Bengaluru,Krishnarajapura,3,1175,4465000,3800.0,3 BHK
Bengaluru,Varthur,2,1216,8954000,7363.486842105263,2 BHK
Bengaluru,Electronics City,2,1005,4000000,3980.0995024875624,2 BHK
Bengaluru,Chikkalasandra,2,1200,5400000,4500.0,2 BHK
Bengaluru,Kogilu,2,1279,8784000,6867.865519937451,2 BHK
Bengaluru,Nayandahalli,2,1180,7900000,6694.9152542372885,2 BHK
Bengaluru,Electronic City Phase 2,3,1310,4781000,3649.618320610687,3 BHK
Bengaluru,Bilekahalli,3,1776,15000000,8445.945945945947,3 BHK
Bengaluru,Horamavu,2,1125,4700000,4177.777777777777,2 BHK
Bengaluru,Muneshwara Nagar,3,1195,7767000,6499.581589958159,3 BHK
Bengaluru,Thanisandra,2,1272,6487000,5099.842767295598,2 BHK
Bengaluru,Junnasandra,3,2170,14000000,6451.612903225807,3 BHK
Bengaluru,RR Nagar,3,1510,8758000,5800.0,3 BHK
Bengaluru,Narayanapura on Hennur Main Road,3,1846,13100000,7096.424702058505,3 BHK
Bengaluru,Kothanur,2,1170,5500000,4700.854700854701,2 BHK
Bengaluru,Kadugodi Industrial Area,2,1215,4900000,4032.9218106995886,2 BHK
Bengaluru,Kannur on Thanisandra Main Road,2,1245,8779000,7051.40562248996,2 BHK
Bengaluru,ITPL,3,1833,22000000,12002.182214948172,3 BHK
Bengaluru,Sarjapur Road Wipro To Railway Crossing,2,969,5329000,5499.484004127967,2 BHK
Bengaluru,RMV Extension Stage 2,2,1100,7500000,6818.181818181818,2 BHK
Bengaluru,Kudlu,2,900,3779999,4199.998888888889,2 BHK
Bengaluru,Talaghattapura,2,1306,9000000,6891.271056661562,2 BHK
Bengaluru,Electronic City Phase 2,3,1505,8218000,5460.46511627907,3 BHK
Bengaluru,Jakkur,3,1502,8656000,5762.982689747004,3 BHK
Bengaluru,Doddanekundi,3,1675,7520000,4489.55223880597,3 BHK
Bengaluru,Kumbalgodu,3,1083,6148000,5676.823638042474,3 BHK
Bengaluru,Begur,3,1805,11000000,6094.182825484764,3 BHK
Bengaluru,Begur,3,1880,11399999,6063.829255319149,3 BHK
Bengaluru,Begur,4,2180,13000000,5963.302752293578,4 BHK
Bengaluru,Begur,3,1850,11299999,6108.1075675675675,3 BHK
Bengaluru,Kannur on Thanisandra Main Road,2,1188,4900000,4124.579124579124,2 BHK
Bengaluru,Kannur on Thanisandra Main Road,2,1215,5002000,4116.872427983539,2 BHK
Bengaluru,Kannur on Thanisandra Main Road,2,1224,5036000,4114.3790849673205,2 BHK
Bengaluru,Doddanekundi,2,1350,6736000,4989.62962962963,2 BHK
Bengaluru,Doddanekundi,3,1650,8233000,4989.69696969697,3 BHK
Bengaluru,Doddanekundi,3,1355,6761000,4989.667896678967,3 BHK
Bengaluru,Doddanekundi,2,1325,6611000,4989.433962264151,2 BHK
Bengaluru,Doddanekundi,2,1260,6287000,4989.68253968254,2 BHK
Bengaluru,Doddanekundi,2,1290,6437000,4989.922480620155,2 BHK
Bengaluru,Doddanekundi,2,1225,6112000,4989.3877551020405,2 BHK
Bengaluru,Doddanekundi,2,1300,6487000,4990.0,2 BHK
Bengaluru,Dasarahalli on Tumkur Road,2,1247,9412000,7547.714514835606,2 BHK
Bengaluru,Dasarahalli on Tumkur Road,3,1486,10500000,7065.9488559892325,3 BHK
Bengaluru,Dasarahalli on Tumkur Road,3,1433,10200000,7117.934403349616,3 BHK
Bengaluru,Kengeri,2,1152,4722000,4098.958333333333,2 BHK
Bengaluru,Kengeri,2,1119,4586000,4098.302055406613,2 BHK
Bengaluru,Kengeri,2,1118,4582000,4098.389982110913,2 BHK
Bengaluru,Kengeri,3,1656,6787000,4098.429951690821,3 BHK
Bengaluru,Horamavu,3,1629,9319000,5720.687538367097,3 BHK
Bengaluru,Horamavu,2,1237,6892000,5571.544058205335,2 BHK
Bengaluru,Bommanahalli,2,1275,9277000,7276.078431372549,2 BHK
Bengaluru,Bommanahalli,3,1615,11600000,7182.66253869969,3 BHK
Bengaluru,Bommanahalli,3,1515,10900000,7194.7194719471945,3 BHK
Bengaluru,Bommanahalli,3,1455,10500000,7216.494845360825,3 BHK
Bengaluru,Bommanahalli,3,1360,9859000,7249.264705882353,3 BHK
Bengaluru,Ramamurthy Nagar,3,1409,6973999,4949.60894251242,3 BHK
Bengaluru,Ramamurthy Nagar,2,1139,5705000,5008.779631255487,2 BHK
Bengaluru,Ramamurthy Nagar,2,1154,5772000,5001.7331022530325,2 BHK
Bengaluru,Ramamurthy Nagar,3,1353,6720999,4967.4789356984475,3 BHK
Bengaluru,Ramamurthy Nagar,3,1362,6761000,4964.023494860499,3 BHK
Bengaluru,Ramamurthy Nagar,2,1133,5677000,5010.591350397176,2 BHK
Bengaluru,Ramamurthy Nagar,2,1068,5384000,5041.198501872659,2 BHK
Bengaluru,Whitefield Hope Farm Junction,3,1540,9141000,5935.714285714285,3 BHK
Bengaluru,Whitefield Hope Farm Junction,3,1610,9522000,5914.285714285715,3 BHK
Bengaluru,Whitefield Hope Farm Junction,3,1715,10000000,5830.903790087464,3 BHK
Bengaluru,Whitefield Hope Farm Junction,2,1195,7211000,6034.309623430962,2 BHK
Bengaluru,Whitefield Hope Farm Junction,3,1425,8514000,5974.736842105263,3 BHK
Bengaluru,Whitefield Hope Farm Junction,3,1760,10300000,5852.272727272727,3 BHK
Bengaluru,Whitefield Hope Farm Junction,2,1300,7783000,5986.923076923077,2 BHK
Bengaluru,Whitefield Hope Farm Junction,2,1235,7429000,6015.384615384615,2 BHK
Bengaluru,Whitefield Hope Farm Junction,2,1305,7809999,5984.673563218391,2 BHK
Bengaluru,Electronic City Phase 1,2,1120,6250000,5580.357142857143,2 BHK
Bengaluru,Electronic City Phase 1,1,715,3797999,5311.8867132867135,1 BHK
Bengaluru,Electronic City Phase 1,2,910,5034000,5531.868131868132,2 BHK
Bengaluru,Electronic City Phase 1,3,1430,7897000,5522.377622377622,3 BHK
Bengaluru,Electronic City Phase 1,2,965,5327000,5520.20725388601,2 BHK
Bengaluru,Electronic City Phase 1,3,1500,8269000,5512.666666666667,3 BHK
Bengaluru,Electronic City Phase 1,2,1065,5958000,5594.366197183099,2 BHK
Bengaluru,Yelahanka,2,1273,6900000,5420.267085624509,2 BHK
Bengaluru,Yelahanka,3,1705,9700000,5689.149560117302,3 BHK
Bengaluru,Yelahanka,2,1304,7300000,5598.159509202454,2 BHK
Bengaluru,Anjanapura,3,1700,9180000,5400.0,3 BHK
Bengaluru,Carmelaram,2,1277,6986000,5470.634299138606,2 BHK
Bengaluru,Carmelaram,2,1111,6081000,5473.4473447344735,2 BHK
Bengaluru,Carmelaram,3,1443,7891000,5468.468468468468,3 BHK
Bengaluru,Carmelaram,2,1109,6070000,5473.399458972047,2 BHK
Bengaluru,Carmelaram,2,1089,5961000,5473.829201101928,2 BHK
Bengaluru,Carmelaram,3,1544,8442000,5467.616580310881,3 BHK
Bengaluru,Carmelaram,3,1647,9003000,5466.302367941712,3 BHK
Bengaluru,Carmelaram,2,1082,5923000,5474.121996303143,2 BHK
Bengaluru,Carmelaram,2,1128,6174000,5473.404255319149,2 BHK
Bengaluru,Carmelaram,2,1095,5994000,5473.972602739726,2 BHK
Bengaluru,Carmelaram,3,1496,8180000,5467.914438502674,3 BHK
Bengaluru,Carmelaram,3,1401,7662000,5468.950749464668,3 BHK
Bengaluru,Horamavu,3,1538,8763000,5697.659297789337,3 BHK
Bengaluru,Horamavu,3,1573,8957000,5694.214876033057,3 BHK
Bengaluru,Horamavu,2,1181,6581000,5572.396274343777,2 BHK
Bengaluru,Horamavu,3,1687,9640000,5714.285714285715,3 BHK
Bengaluru,Horamavu,2,1196,6664000,5571.90635451505,2 BHK
Bengaluru,Horamavu,2,1190,6631000,5572.268907563025,2 BHK
Bengaluru,Horamavu,3,1766,10000000,5662.5141562853905,3 BHK
Bengaluru,Horamavu,3,1730,9879000,5710.404624277457,3 BHK
Bengaluru,Horamavu,3,1532,8529000,5567.2323759791125,3 BHK
Bengaluru,Jalahalli,2,1305,7252000,5557.088122605364,2 BHK
Bengaluru,Jalahalli,3,1645,9037000,5493.617021276596,3 BHK
Bengaluru,Jalahalli,2,1315,7298000,5549.809885931559,2 BHK
Bengaluru,Jalahalli,3,1950,10400000,5333.333333333333,3 BHK
Bengaluru,Jalahalli,3,1750,9520000,5440.0,3 BHK
Bengaluru,Jalahalli,2,1300,7229000,5560.7692307692305,2 BHK
Bengaluru,Jalahalli,3,1830,9887000,5402.732240437159,3 BHK
Bengaluru,Jalahalli,3,1935,10300000,5322.997416020672,3 BHK
Bengaluru,Jalahalli,2,1285,7159999,5571.983657587549,2 BHK
Bengaluru,Jalahalli,3,2010,10700000,5323.3830845771145,3 BHK
Bengaluru,Jalahalli,3,1615,8900000,5510.835913312693,3 BHK
Bengaluru,Jalahalli,3,1720,9382000,5454.6511627906975,3 BHK
Bengaluru,Jalahalli,2,1325,7344000,5542.641509433963,2 BHK
Bengaluru,Jalahalli,2,1270,7091000,5583.464566929134,2 BHK
Bengaluru,Kasavanahalli,3,1320,6279000,4756.818181818182,3 BHK
Bengaluru,Kasavanahalli,2,1100,5306000,4823.636363636364,2 BHK
Bengaluru,Kasavanahalli,3,1405,6655000,4736.654804270463,3 BHK
Bengaluru,Kasavanahalli,2,1075,5195000,4832.558139534884,2 BHK
Bengaluru,Kasavanahalli,2,1140,5483000,4809.649122807017,2 BHK
Bengaluru,Kasavanahalli,2,1150,5527000,4806.086956521739,2 BHK
Bengaluru,Kasavanahalli,3,1350,6412000,4749.62962962963,3 BHK
Bengaluru,Kasavanahalli,3,1265,6036000,4771.541501976285,3 BHK
Bengaluru,Kasavanahalli,2,1015,4930000,4857.142857142857,2 BHK
Bengaluru,Kasavanahalli,3,1395,6611000,4739.068100358423,3 BHK
Bengaluru,Kasavanahalli,2,1070,5173000,4834.579439252337,2 BHK
Bengaluru,Kasavanahalli,3,1270,6058000,4770.078740157481,3 BHK
Bengaluru,Kasavanahalli,2,1050,5085000,4842.857142857143,2 BHK
Bengaluru,Kasavanahalli,3,1355,6434000,4748.339483394834,3 BHK
Bengaluru,Kasavanahalli,2,1090,5262000,4827.522935779816,2 BHK
Bengaluru,Whitefield Hope Farm Junction,3,1485,6681999,4499.662626262626,3 BHK
Bengaluru,Whitefield Hope Farm Junction,3,1450,6525000,4500.0,3 BHK
Bengaluru,Whitefield Hope Farm Junction,3,1555,6997000,4499.67845659164,3 BHK
Bengaluru,Whitefield Hope Farm Junction,3,1355,6097000,4499.630996309963,3 BHK
Bengaluru,Whitefield Hope Farm Junction,3,1360,6120000,4500.0,3 BHK
Bengaluru,Whitefield Hope Farm Junction,3,1365,6142000,4499.6336996336995,3 BHK
Bengaluru,Whitefield Hope Farm Junction,3,1495,6727000,4499.665551839465,3 BHK
Bengaluru,Whitefield Hope Farm Junction,3,1395,6277000,4499.641577060932,3 BHK
Bengaluru,Whitefield Hope Farm Junction,3,1500,6750000,4500.0,3 BHK
Bengaluru,Whitefield Hope Farm Junction,3,1435,6456999,4499.650871080139,3 BHK
Bengaluru,Bommasandra,3,1310,5240000,4000.0,3 BHK
Bengaluru,Bommasandra,2,1030,4120000,4000.0,2 BHK
Bengaluru,Bellandur,3,1275,7012000,5499.607843137255,3 BHK
Bengaluru,Bellandur,3,1490,8195000,5500.0,3 BHK
Bengaluru,RR Nagar,3,1706,8050000,4718.640093786636,3 BHK
Bengaluru,RR Nagar,2,1258,5900000,4689.984101748808,2 BHK
Bengaluru,RR Nagar,3,1723,8100000,4701.1027278003485,3 BHK
Bengaluru,RR Nagar,2,1369,6400000,4674.945215485756,2 BHK
Bengaluru,RR Nagar,2,1335,6275000,4700.374531835206,2 BHK
Bengaluru,Whitefield Hope Farm Junction,3,2000,14400000,7200.0,3 BHK
Bengaluru,Whitefield Hope Farm Junction,3,1900,13700000,7210.526315789473,3 BHK
Bengaluru,Whitefield Hope Farm Junction,3,1560,11399999,7307.691666666667,3 BHK
Bengaluru,Begur,2,1097,4500000,4102.096627164996,2 BHK
Bengaluru,JP Nagar Phase 1,4,3300,29600000,8969.69696969697,4 BHK
Bengaluru,Varthur,2,1195,8800000,7364.016736401673,2 BHK
Bengaluru,Varthur,3,2321,15400000,6635.071090047393,3 BHK
Bengaluru,Varthur,3,1655,11000000,6646.525679758308,3 BHK
Bengaluru,Kannur on Thanisandra Main Road,3,2172,9122000,4199.8158379373845,3 BHK
Bengaluru,Uttarahalli,3,1505,5267000,3499.667774086379,3 BHK
Bengaluru,Uttarahalli,2,1002,3507000,3500.0,2 BHK
Bengaluru,Uttarahalli,3,1376,4816000,3500.0,3 BHK
Bengaluru,Uttarahalli,2,1232,4312000,3500.0,2 BHK
Bengaluru,Uttarahalli,3,1513,5295000,3499.6695307336417,3 BHK
Bengaluru,Uttarahalli,2,1056,3696000,3500.0,2 BHK
Bengaluru,Uttarahalli,2,1183,4140000,3499.577345731192,2 BHK
Bengaluru,Uttarahalli,2,1095,3832000,3499.5433789954336,2 BHK
Bengaluru,Uttarahalli,2,965,3377000,3499.481865284974,2 BHK
Bengaluru,Uttarahalli,3,1303,4560000,3499.6162701458175,3 BHK
Bengaluru,Uttarahalli,3,1433,5015000,3499.6510816468945,3 BHK
Bengaluru,Uttarahalli,2,1077,3769000,3499.535747446611,2 BHK
Bengaluru,Uttarahalli,2,985,3447000,3499.492385786802,2 BHK
Bengaluru,Uttarahalli,3,1416,4956000,3500.0,3 BHK
Bengaluru,Uttarahalli,3,1521,5323000,3499.6712689020383,3 BHK
Bengaluru,Uttarahalli,2,1130,3954999,3499.999115044248,2 BHK
Bengaluru,Uttarahalli,2,977,3419000,3499.4882292732855,2 BHK
Bengaluru,Uttarahalli,3,1529,5351000,3499.672988881622,3 BHK
Bengaluru,Uttarahalli,3,1267,4434000,3499.605367008682,3 BHK
Bengaluru,Anagalapura Near Hennur Main Road,3,1866,7837000,4199.89281886388,3 BHK
Bengaluru,Anagalapura Near Hennur Main Road,3,2235,9834000,4400.0,3 BHK
Bengaluru,Anagalapura Near Hennur Main Road,3,1976,8298999,4199.898279352226,3 BHK
Bengaluru,Anagalapura Near Hennur Main Road,3,2182,8728000,4000.0,3 BHK
Bengaluru,Hosa Road,3,1725,9453000,5480.0,3 BHK
Bengaluru,Sahakar Nagar,2,1795,15000000,8356.545961002785,2 BHK
Bengaluru,Sahakar Nagar,1,1000,8900000,8900.0,1 BHK
Bengaluru,Sahakar Nagar,2,1740,14400000,8275.862068965518,2 BHK
Bengaluru,Sahakar Nagar,2,1490,12700000,8523.489932885906,2 BHK
Bengaluru,Sahakar Nagar,3,1320,12500000,9469.69696969697,3 BHK
Bengaluru,Sahakar Nagar,4,2330,20099999,8626.609012875537,4 BHK
Bengaluru,Sahakar Nagar,3,2165,18800000,8683.602771362586,3 BHK
Bengaluru,Sahakar Nagar,2,1645,13700000,8328.267477203648,2 BHK
Bengaluru,Sahakar Nagar,3,1985,18900000,9521.410579345089,3 BHK
Bengaluru,Avalahalli Off Sarjapur Road,3,1616,8500000,5259.9009900990095,3 BHK
Bengaluru,Sarjapur Road Wipro To Railway Crossing,3,2225,12000000,5393.258426966292,3 BHK
Bengaluru,Hosa Road,3,1541,9000000,5840.363400389358,3 BHK
Bengaluru,Varthur,3,1515,9300000,6138.6138613861385,3 BHK
Bengaluru,Uttarahalli,3,1690,11000000,6508.87573964497,3 BHK
Bengaluru,Sarjapur Road Wipro To Railway Crossing,3,2225,12000000,5393.258426966292,3 BHK
Bengaluru,Bilekahalli,3,1770,18000000,10169.49152542373,3 BHK
Bengaluru,Bilekahalli,4,3012,29300000,9727.755644090306,4 BHK
Bengaluru,Bilekahalli,3,2370,22799999,9620.252742616034,3 BHK
Bengaluru,R T  Nagar,1,700,3200000,4571.428571428572,1 BHK
Bengaluru,JP Nagar Phase 7,2,1335,11000000,8239.700374531834,2 BHK
Bengaluru,Subramanyapura,3,1690,9800000,5798.816568047338,3 BHK
Bengaluru,JP Nagar Phase 4,4,4282,42500000,9925.268566090612,4 BHK
Bengaluru,Sahakar Nagar,3,1500,13500000,9000.0,3 BHK
Bengaluru,JP Nagar Phase 7,3,1880,15600000,8297.872340425532,3 BHK
Bengaluru,Sahakar Nagar,3,1985,18900000,9521.410579345089,3 BHK
Bengaluru,Sahakar Nagar,2,1795,15400000,8579.387186629527,2 BHK
Bengaluru,Sahakar Nagar,2,1410,12300000,8723.404255319148,2 BHK
Bengaluru,JP Nagar Phase 8,2,1042,6845999,6570.056621880998,2 BHK
Bengaluru,JP Nagar Phase 8,3,1408,9173000,6514.914772727273,3 BHK
Bengaluru,JP Nagar Phase 8,3,1455,9471000,6509.278350515464,3 BHK
Bengaluru,JP Nagar Phase 8,2,1105,7247000,6558.371040723982,2 BHK
Bengaluru,Amruthahalli,2,1120,5599000,4999.107142857143,2 BHK
Bengaluru,Sahakar Nagar,1,1345,11800000,8773.234200743495,1 BHK
Bengaluru,Horamavu,2,1107,4815000,4349.59349593496,2 BHK
Bengaluru,Horamavu,2,1122,4880000,4349.376114081996,2 BHK
Bengaluru,Horamavu,2,1161,5050000,4349.698535745048,2 BHK
Bengaluru,Horamavu,2,1062,4619000,4349.340866290019,2 BHK
Bengaluru,Horamavu,2,1100,4785000,4350.0,2 BHK
Bengaluru,Horamavu,2,1143,4972000,4349.956255468066,2 BHK
Bengaluru,Horamavu,2,1089,4737000,4349.862258953168,2 BHK
Bengaluru,Horamavu,2,1116,4854000,4349.462365591397,2 BHK
Bengaluru,Banashankari,4,3033,28300000,9330.695680844048,4 BHK
Bengaluru,Banashankari,3,2378,21400000,8999.158957106813,3 BHK
Bengaluru,Banashankari,3,2522,23500000,9318.001586042823,3 BHK
Bengaluru,Banashankari,4,3205,29900000,9329.173166926677,4 BHK
Bengaluru,RR Nagar,2,1376,9200000,6686.046511627907,2 BHK
Bengaluru,RR Nagar,2,1168,8000000,6849.315068493151,2 BHK
Bengaluru,RR Nagar,2,1373,9200000,6700.655498907502,2 BHK
Bengaluru,RR Nagar,2,1376,9300000,6758.720930232558,2 BHK
Bengaluru,RR Nagar,2,1168,7900000,6763.698630136986,2 BHK
Bengaluru,RR Nagar,2,1373,9100000,6627.822286962855,2 BHK
Bengaluru,RR Nagar,2,1373,9000000,6554.9890750182085,2 BHK
Bengaluru,RR Nagar,2,1160,7900000,6810.3448275862065,2 BHK
Bengaluru,RR Nagar,2,1160,7800000,6724.137931034483,2 BHK
Bengaluru,RR Nagar,2,1376,9100000,6613.372093023256,2 BHK
Bengaluru,RR Nagar,2,1373,9000000,6554.9890750182085,2 BHK
Bengaluru,RR Nagar,2,1373,8800000,6409.322651128915,2 BHK
Bengaluru,Kengeri,3,1140,3990000,3500.0,3 BHK
Bengaluru,Kengeri,3,1149,4021000,3499.5648389904263,3 BHK
Bengaluru,Kengeri,3,1168,4088000,3500.0,3 BHK
Bengaluru,Begur,2,1275,9060000,7105.882352941177,2 BHK
Bengaluru,Begur,2,1210,8644000,7143.801652892562,2 BHK
Bengaluru,Begur,2,1240,8836000,7125.806451612903,2 BHK
Bengaluru,Begur,3,1450,10200000,7034.482758620689,3 BHK
Bengaluru,Begur,2,1192,8528000,7154.362416107382,2 BHK
Bengaluru,Begur,2,1190,8516000,7156.302521008403,2 BHK
Bengaluru,Begur,2,1235,8804000,7128.744939271255,2 BHK
Bengaluru,Begur,3,1400,9910000,7078.571428571428,3 BHK
Bengaluru,Ramamurthy Nagar,3,1606,7634000,4753.424657534247,3 BHK
Bengaluru,Ramamurthy Nagar,2,1239,5970000,4818.401937046005,2 BHK
Bengaluru,Ramamurthy Nagar,3,1615,7675000,4752.321981424148,3 BHK
Bengaluru,Ramamurthy Nagar,2,1180,5702000,4832.203389830508,2 BHK
Bengaluru,Ramamurthy Nagar,2,1292,6210000,4806.5015479876165,2 BHK
Bengaluru,Attibele,2,900,2520000,2800.0,2 BHK
Bengaluru,Attibele,3,1180,3304000,2800.0,3 BHK
Bengaluru,Attibele,3,1075,3010000,2800.0,3 BHK
Bengaluru,Attibele,2,1000,2800000,2800.0,2 BHK
Bengaluru,Attibele,2,880,2464000,2800.0,2 BHK
Bengaluru,Kadugodi,2,1185,5557000,4689.451476793249,2 BHK
Bengaluru,Kadugodi,3,2540,11900000,4685.03937007874,3 BHK
Bengaluru,Kadugodi,3,1650,7738000,4689.69696969697,3 BHK
Bengaluru,Kadugodi,2,1355,6354000,4689.29889298893,2 BHK
Bengaluru,Kadugodi,1,600,2814000,4690.0,1 BHK
Bengaluru,Kadugodi,2,1165,5463000,4689.270386266095,2 BHK
Bengaluru,Kadugodi,3,1590,7456999,4689.936477987421,3 BHK
Bengaluru,Kadugodi,2,1155,5416000,4689.177489177489,2 BHK
Bengaluru,Kadugodi,3,2495,11700000,4689.37875751503,3 BHK
Bengaluru,Kadugodi,2,1195,5604000,4689.539748953975,2 BHK
Bengaluru,Kadugodi,3,1530,7175000,4689.5424836601305,3 BHK
Bengaluru,Kadugodi,3,1600,7504000,4690.0,3 BHK
Bengaluru,Kadugodi,2,1200,5628000,4690.0,2 BHK
Bengaluru,Nagarbhavi,2,884,5200000,5882.35294117647,2 BHK
Bengaluru,Nagarbhavi,2,884,5200000,5882.35294117647,2 BHK
Bengaluru,Kodigehalli,2,1120,6385000,5700.892857142857,2 BHK
Bengaluru,Banaswadi,2,1005,6531999,6499.501492537313,2 BHK
Bengaluru,Banaswadi,3,1455,9457000,6499.656357388316,3 BHK
Bengaluru,Banaswadi,3,1390,9035000,6500.0,3 BHK
Bengaluru,Banaswadi,2,1025,6662000,6499.512195121952,2 BHK
Bengaluru,Banaswadi,2,1105,7181999,6499.546606334841,2 BHK
Bengaluru,Banaswadi,2,1135,7377000,6499.559471365639,2 BHK
Bengaluru,Whitefield Hope Farm Junction,3,1425,7125000,5000.0,3 BHK
Bengaluru,Kodigehalli,2,1125,6389000,5679.111111111111,2 BHK
Bengaluru,Kodigehalli,2,1125,6459000,5741.333333333333,2 BHK
Bengaluru,ITPL,3,2021,11800000,5838.693715982187,3 BHK
Bengaluru,ITPL,3,1971,11500000,5834.601725012684,3 BHK
Bengaluru,ITPL,2,1354,7920000,5849.335302806499,2 BHK
Bengaluru,ITPL,3,1845,10700000,5799.457994579946,3 BHK
Bengaluru,ITPL,3,1823,10600000,5814.591332967636,3 BHK
Bengaluru,ITPL,2,1447,8464000,5849.343469246717,2 BHK
Bengaluru,ITPL,2,1399,8184000,5849.892780557541,2 BHK
Bengaluru,ITPL,3,1735,10100000,5821.325648414985,3 BHK
Bengaluru,ITPL,2,1398,8178000,5849.785407725322,2 BHK
Bengaluru,ITPL,3,1940,11299999,5824.74175257732,3 BHK
Bengaluru,ITPL,3,1743,10100000,5794.606999426276,3 BHK
Bengaluru,ITPL,2,1417,8289000,5849.682427664079,2 BHK
Bengaluru,ITPL,2,1343,7856000,5849.590469099032,2 BHK
Bengaluru,ITPL,2,1411,8254000,5849.75194897236,2 BHK
Bengaluru,ITPL,2,1337,7820999,5849.662677636499,2 BHK
Bengaluru,ITPL,3,2010,11700000,5820.895522388059,3 BHK
Bengaluru,ITPL,3,1797,10500000,5843.071786310517,3 BHK
Bengaluru,ITPL,3,1768,10300000,5825.79185520362,3 BHK
Bengaluru,JP Nagar Phase 8,2,990,4455000,4500.0,2 BHK
Bengaluru,JP Nagar Phase 8,2,1090,4905000,4500.0,2 BHK
Bengaluru,Vidyaranyapura,2,1250,5550000,4440.0,2 BHK
Bengaluru,Vidyaranyapura,2,1012,4500000,4446.640316205534,2 BHK
Bengaluru,Narayanapura on Hennur Main Road,3,1630,13000000,7975.460122699386,3 BHK
Bengaluru,Kumbalgodu,2,1082,5500000,5083.179297597043,2 BHK
Bengaluru,JP Nagar Phase 7,3,1987,20700000,10417.715148465022,3 BHK
Bengaluru,Sarjapur,3,1333,3999000,3000.0,3 BHK
Bengaluru,Sarjapur,3,1174,3522000,3000.0,3 BHK
Bengaluru,Sarjapur,2,958,2874000,3000.0,2 BHK
Bengaluru,Attibele,3,1473,3682000,2499.6605566870335,3 BHK
Bengaluru,Attibele,3,1371,3427000,2499.63530269876,3 BHK
Bengaluru,Attibele,3,1573,3932000,2499.6821360457725,3 BHK
Bengaluru,Attibele,3,1529,3822000,2499.672988881622,3 BHK
Bengaluru,Attibele,2,995,2487000,2499.497487437186,2 BHK
Bengaluru,JP Nagar Phase 8,3,1240,5580000,4500.0,3 BHK
Bengaluru,JP Nagar Phase 8,3,1140,5130000,4500.0,3 BHK
Bengaluru,Nagarbhavi,2,884,4910000,5554.298642533937,2 BHK
Bengaluru,Electronic City Phase 1,3,1241,4342000,3498.7912973408543,3 BHK
Bengaluru,Electronic City Phase 1,2,954,3338000,3498.95178197065,2 BHK
Bengaluru,Electronic City Phase 1,2,737,2578000,3497.9647218453188,2 BHK
Bengaluru,Electronic City Phase 1,2,976,3415000,3498.9754098360654,2 BHK
Bengaluru,Electronic City Phase 1,2,890,3114000,3498.876404494382,2 BHK
Bengaluru,Electronic City Phase 1,2,823,2879000,3498.1773997569867,2 BHK
Bengaluru,Electronic City Phase 1,3,1282,4485000,3498.439937597504,3 BHK
Bengaluru,Electronic City Phase 1,2,893,3124000,3498.3202687569988,2 BHK
Bengaluru,Electronic City Phase 1,3,1347,4713000,3498.8864142538973,3 BHK
Bengaluru,Electronic City Phase 1,2,1291,4517000,3498.838109992254,2 BHK
Bengaluru,Electronic City Phase 1,3,1353,4734000,3498.8913525498892,3 BHK
Bengaluru,Electronic City Phase 1,2,903,3159000,3498.3388704318936,2 BHK
Bengaluru,Electronic City Phase 1,3,1206,4219000,3498.341625207297,3 BHK
Bengaluru,Electronic City Phase 1,2,743,2578000,3469.7173620457606,2 BHK
Bengaluru,Electronic City Phase 1,2,1042,3645000,3498.080614203455,2 BHK
Bengaluru,Electronic City Phase 1,2,1241,4342000,3498.7912973408543,2 BHK
Bengaluru,Electronic City Phase 1,1,644,2253000,3498.447204968944,1 BHK
Bengaluru,Electronic City Phase 1,2,827,2893000,3498.186215235792,2 BHK
Bengaluru,Electronic City Phase 1,2,747,2614000,3499.330655957162,2 BHK
Bengaluru,Nagarbhavi,3,2000,10500000,5250.0,3 BHK
Bengaluru,Electronic City Phase 1,3,1352,4867000,3599.852071005917,3 BHK
Bengaluru,Electronic City Phase 1,3,1352,4735000,3502.2189349112427,3 BHK
Bengaluru,Electronic City Phase 1,2,737,2653000,3599.728629579376,2 BHK
Bengaluru,Electronic City Phase 1,2,795,2862000,3600.0,2 BHK
Bengaluru,Electronic City Phase 1,2,954,3339000,3500.0,2 BHK
Bengaluru,Electronic City Phase 1,2,823,2962000,3599.0279465370595,2 BHK
Bengaluru,Electronic City Phase 1,2,823,2880000,3499.392466585662,2 BHK
Bengaluru,Electronic City Phase 1,1,644,2318000,3599.3788819875776,1 BHK
Bengaluru,Electronic City Phase 1,2,644,2254000,3500.0,2 BHK
Bengaluru,Electronic City Phase 1,1,644,2254000,3500.0,1 BHK
Bengaluru,Electronic City Phase 1,2,826,2973000,3599.273607748184,2 BHK
Bengaluru,Electronic City Phase 1,3,1353,4870000,3599.408721359941,3 BHK
Bengaluru,Electronic City Phase 1,2,795,2781000,3498.1132075471696,2 BHK
Bengaluru,Electronic City Phase 1,2,747,2613000,3497.991967871486,2 BHK
Bengaluru,Electronic City Phase 1,2,1367,4783000,3498.902706656913,2 BHK
Bengaluru,Electronic City Phase 1,2,823,2879000,3498.1773997569867,2 BHK
Bengaluru,Electronic City Phase 2,3,1370,5045000,3682.4817518248174,3 BHK
Bengaluru,Electronic City Phase 2,2,1175,4362000,3712.340425531915,2 BHK
Bengaluru,Electronic City Phase 2,3,1500,5500000,3666.6666666666665,3 BHK
Bengaluru,Electronic City Phase 2,2,1233,4565000,3702.35198702352,2 BHK
Bengaluru,Electronic City Phase 2,2,1100,4000000,3636.3636363636365,2 BHK
Bengaluru,Electronic City Phase 2,3,1300,4800000,3692.3076923076924,3 BHK
Bengaluru,Electronic City Phase 2,2,1210,4485000,3706.6115702479337,2 BHK
Bengaluru,Electronic City Phase 2,2,1075,4011999,3732.092093023256,2 BHK
Bengaluru,Electronic City Phase 2,2,1220,4520000,3704.9180327868853,2 BHK
Bengaluru,Electronic City Phase 2,2,1155,4292000,3716.017316017316,2 BHK
Bengaluru,Electronic City Phase 2,3,1280,4730000,3695.3125,3 BHK
Bengaluru,Electronic City Phase 2,3,1350,4975000,3685.185185185185,3 BHK
Bengaluru,Electronic City Phase 2,3,1330,4905000,3687.96992481203,3 BHK
Bengaluru,Electronic City Phase 2,2,1135,4222000,3719.8237885462554,2 BHK
Bengaluru,Electronic City Phase 2,2,1070,3995000,3733.644859813084,2 BHK
Bengaluru,Kannur on Thanisandra Main Road,3,2019,8076000,4000.0,3 BHK
Bengaluru,Nagarbhavi,2,1005,4700000,4676.6169154228855,2 BHK
Bengaluru,Sarjapur,3,1193,3579000,3000.0,3 BHK
Bengaluru,Sarjapur,2,1124,3372000,3000.0,2 BHK
Bengaluru,Sarjapur,2,974,2922000,3000.0,2 BHK
Bengaluru,Sarjapur,2,948,2844000,3000.0,2 BHK
Bengaluru,Sarjapur,2,967,2901000,3000.0,2 BHK
Bengaluru,Sarjapur,2,940,2820000,3000.0,2 BHK
Bengaluru,Sarjapur,3,1486,4458000,3000.0,3 BHK
Bengaluru,Sarjapur,3,1161,3483000,3000.0,3 BHK
Bengaluru,Sarjapur,3,1233,3699000,3000.0,3 BHK
Bengaluru,Sarjapur,3,1302,3906000,3000.0,3 BHK
Bengaluru,Sarjapur,2,963,2889000,3000.0,2 BHK
Bengaluru,Sarjapur,2,1143,3429000,3000.0,2 BHK
Bengaluru,Sarjapur,3,1388,4164000,3000.0,3 BHK
Bengaluru,Sarjapur,2,1128,3384000,3000.0,2 BHK
Bengaluru,Attibele,2,1174,2935000,2500.0,2 BHK
Bengaluru,Attibele,3,1639,4097000,2499.6949359365467,3 BHK
Bengaluru,Attibele,2,1281,3202000,2499.6096799375487,2 BHK
Bengaluru,Attibele,2,1147,2867000,2499.5640802092416,2 BHK
Bengaluru,Attibele,3,1365,3411999,2499.632967032967,3 BHK
Bengaluru,Bommasandra,2,870,2436000,2800.0,2 BHK
Bengaluru,Bommasandra,2,1000,2800000,2800.0,2 BHK
Bengaluru,Chandapura,3,1075,3010000,2800.0,3 BHK
Bengaluru,Chandapura,2,900,2520000,2800.0,2 BHK
Bengaluru,Chandapura,2,1085,3038000,2800.0,2 BHK
Bengaluru,Ramamurthy Nagar,1,710,3177000,4474.647887323944,1 BHK
Bengaluru,Kannur on Thanisandra Main Road,3,2674,10600000,3964.098728496634,3 BHK
Bengaluru,Bellandur,2,1195,7200000,6025.104602510461,2 BHK
Bengaluru,Thanisandra,3,2360,20400000,8644.06779661017,3 BHK
Bengaluru,Thanisandra,3,2307,17600000,7628.955353272649,3 BHK
Bengaluru,JP Nagar Phase 7,3,2127,20200000,9496.944052656323,3 BHK
Bengaluru,Narayanapura on Hennur Main Road,2,1232,10200000,8279.22077922078,2 BHK
Bengaluru,Krishnarajapura,2,1040,4002000,3848.076923076923,2 BHK
Bengaluru,Krishnarajapura,2,1187,4568000,3848.357203032856,2 BHK
Bengaluru,Krishnarajapura,2,1054,4056000,3848.1973434535103,2 BHK
Bengaluru,Krishnarajapura,2,1118,4303000,3848.8372093023254,2 BHK
Bengaluru,Krishnarajapura,2,1117,4299000,3848.70188003581,2 BHK
Bengaluru,Krishnarajapura,2,1180,4541000,3848.3050847457625,2 BHK
Bengaluru,Krishnarajapura,2,1094,4210000,3848.2632541133457,2 BHK
Bengaluru,Krishnarajapura,2,1090,4195000,3848.623853211009,2 BHK
Bengaluru,Krishnarajapura,2,1098,4226000,3848.816029143898,2 BHK
Bengaluru,Krishnarajapura,2,1205,4638000,3848.9626556016597,2 BHK
Bengaluru,Krishnarajapura,3,1221,4699000,3848.4848484848485,3 BHK
Bengaluru,Krishnarajapura,2,1150,4426000,3848.695652173913,2 BHK
Bengaluru,Krishnarajapura,2,1020,3925000,3848.0392156862745,2 BHK
Bengaluru,Krishnarajapura,2,1129,4345000,3848.538529672276,2 BHK
Bengaluru,Krishnarajapura,2,1062,4086999,3848.398305084746,2 BHK
Bengaluru,Krishnarajapura,2,1059,4076000,3848.9140698772426,2 BHK
Bengaluru,Krishnarajapura,2,1058,4072000,3848.7712665406425,2 BHK
Bengaluru,Krishnarajapura,2,1199,4614000,3848.206839032527,2 BHK
Bengaluru,Jigani,3,1448,4054000,2799.723756906077,3 BHK
Bengaluru,Jigani,3,1250,3500000,2800.0,3 BHK
Bengaluru,Jigani,3,1488,4165999,2799.730510752688,3 BHK
Bengaluru,Jigani,2,1096,3068000,2799.2700729927005,2 BHK
Bengaluru,Jigani,3,1491,4174000,2799.4634473507713,3 BHK
Bengaluru,Jigani,2,1090,3052000,2800.0,2 BHK
Bengaluru,Jigani,2,1102,3085000,2799.4555353901997,2 BHK
Bengaluru,Jigani,2,1166,3264000,2799.3138936535165,2 BHK
Bengaluru,Jigani,2,920,2576000,2800.0,2 BHK
Bengaluru,Jigani,2,1142,3197000,2799.474605954466,2 BHK
Bengaluru,Jigani,3,1551,4342000,2799.484203739523,3 BHK
Bengaluru,Jigani,2,1135,3178000,2800.0,2 BHK
Bengaluru,Marsur,3,1505,3913000,2600.0,3 BHK
Bengaluru,Marsur,3,1370,3561999,2599.9992700729927,3 BHK
Bengaluru,Jigani,3,1533,4292000,2799.7390737116766,3 BHK
Bengaluru,Marsur,2,1115,2899000,2600.0,2 BHK
Bengaluru,Marsur,2,1125,2925000,2600.0,2 BHK
Bengaluru,Jigani,2,1066,2984000,2799.249530956848,2 BHK
Bengaluru,Marsur,3,1465,3809000,2600.0,3 BHK
Bengaluru,Krishnarajapura,2,1240,4958000,3998.3870967741937,2 BHK
Bengaluru,Krishnarajapura,2,1220,4878000,3998.3606557377047,2 BHK
Bengaluru,Krishnarajapura,2,1225,4898000,3998.3673469387754,2 BHK
Bengaluru,Krishnarajapura,2,1270,5078000,3998.4251968503936,2 BHK
Bengaluru,Attibele,3,1075,3010000,2800.0,3 BHK
Bengaluru,Attibele,2,870,2436000,2800.0,2 BHK
Bengaluru,Attibele,2,1000,2800000,2800.0,2 BHK
Bengaluru,Attibele,3,1210,3388000,2800.0,3 BHK
Bengaluru,Attibele,2,900,2520000,2800.0,2 BHK
Bengaluru,Attibele,2,1085,3038000,2800.0,2 BHK
Bengaluru,Attibele,2,880,2464000,2800.0,2 BHK
Bengaluru,Anagalapura Near Hennur Main Road,3,1414,5797000,4099.7171145686,3 BHK
Bengaluru,Varthur,2,1120,4928000,4400.0,2 BHK
Bengaluru,Bommasandra,3,1185,4147000,3499.57805907173,3 BHK
Bengaluru,Anagalapura Near Hennur Main Road,2,1000,4400000,4400.0,2 BHK
Bengaluru,JP Nagar Phase 3,3,1373,7211000,5252.002913328478,3 BHK
Bengaluru,JP Nagar Phase 3,2,1109,5910000,5329.12533814247,2 BHK
Bengaluru,JP Nagar Phase 3,3,1415,7423000,5245.936395759717,3 BHK
Bengaluru,JP Nagar Phase 3,3,1782,9227000,5177.890011223344,3 BHK
Bengaluru,JP Nagar Phase 3,3,1383,7263000,5251.6268980477225,3 BHK
Bengaluru,JP Nagar Phase 3,2,1227,6494000,5292.583537082314,2 BHK
Bengaluru,JP Nagar Phase 3,3,1626,8458000,5201.722017220172,3 BHK
Bengaluru,JP Nagar Phase 3,3,1755,9094000,5181.7663817663815,3 BHK
Bengaluru,JP Nagar Phase 3,3,1502,7847000,5224.367509986684,3 BHK
Bengaluru,JP Nagar Phase 3,2,1233,6520999,5288.725871857258,2 BHK
Bengaluru,JP Nagar Phase 3,3,1367,7184000,5255.303584491588,3 BHK
Bengaluru,JP Nagar Phase 3,2,1098,5858000,5335.154826958105,2 BHK
Bengaluru,JP Nagar Phase 3,3,1470,7689000,5230.6122448979595,3 BHK
Bengaluru,JP Nagar Phase 3,3,1211,6415000,5297.274979355904,3 BHK
Bengaluru,JP Nagar Phase 3,2,1077,5752000,5340.761374187558,2 BHK
Bengaluru,JP Nagar Phase 3,2,1206,6388000,5296.849087893864,2 BHK
Bengaluru,JP Nagar Phase 3,3,1346,7078000,5258.54383358098,3 BHK
Bengaluru,JP Nagar Phase 3,2,1087,5804000,5339.466421343146,2 BHK
Bengaluru,JP Nagar Phase 3,3,2185,11200000,5125.858123569794,3 BHK
Bengaluru,JP Nagar Phase 3,3,1453,7608000,5236.063317274604,3 BHK
Bengaluru,JP Nagar Phase 3,2,1200,6361000,5300.833333333333,2 BHK
Bengaluru,JP Nagar Phase 3,3,1572,8192000,5211.195928753181,3 BHK
Bengaluru,JP Nagar Phase 3,2,1179,6255000,5305.343511450382,2 BHK
Bengaluru,JP Nagar Phase 3,3,1701,8830000,5191.064079952969,3 BHK
Bengaluru,JP Nagar Phase 3,3,1841,9517000,5169.473112438892,3 BHK
Bengaluru,JP Nagar Phase 3,3,1443,7556000,5236.313236313236,3 BHK
Bengaluru,JP Nagar Phase 3,3,1442,7554000,5238.557558945909,3 BHK
Bengaluru,JP Nagar Phase 3,2,1173,6228000,5309.462915601023,2 BHK
Bengaluru,JP Nagar Phase 3,3,1448,7581000,5235.49723756906,3 BHK
Bengaluru,JP Nagar Phase 3,3,2121,10800000,5091.937765205092,3 BHK
Bengaluru,JP Nagar Phase 3,2,1168,6203000,5310.787671232877,2 BHK
Bengaluru,JP Nagar Phase 3,3,1411,7398000,5243.090007087172,3 BHK
Bengaluru,JP Nagar Phase 3,2,1141,6070000,5319.894829097283,2 BHK
Bengaluru,JP Nagar Phase 3,3,1276,6733000,5276.645768025079,3 BHK
Bengaluru,JP Nagar Phase 3,2,1152,6125000,5316.840277777777,2 BHK
Bengaluru,JP Nagar Phase 3,3,1550,8086000,5216.774193548387,3 BHK
Bengaluru,JP Nagar Phase 3,3,1389,7290000,5248.380129589633,3 BHK
Bengaluru,JP Nagar Phase 3,3,1260,6654000,5280.952380952381,3 BHK
Bengaluru,JP Nagar Phase 3,3,1529,7980000,5219.097449313276,3 BHK
Bengaluru,JP Nagar Phase 3,3,1395,7322000,5248.745519713261,3 BHK
Bengaluru,JP Nagar Phase 3,2,1136,6043000,5319.542253521126,2 BHK
Bengaluru,JP Nagar Phase 3,3,1270,6706000,5280.314960629921,3 BHK
Bengaluru,JP Nagar Phase 3,3,1399,7342000,5248.034310221587,3 BHK
Bengaluru,Vidyaranyapura,3,1650,7800000,4727.272727272727,3 BHK
Bengaluru,Vidyaranyapura,3,1500,6800000,4533.333333333333,3 BHK
Bengaluru,Anagalapura Near Hennur Main Road,2,1100,4455000,4050.0,2 BHK
Bengaluru,Anagalapura Near Hennur Main Road,2,1000,4100000,4100.0,2 BHK
Bengaluru,Begur,2,1140,5700000,5000.0,2 BHK
Bengaluru,Begur,2,1220,6000000,4918.0327868852455,2 BHK
Bengaluru,Begur,2,1150,5755000,5004.347826086957,2 BHK
Bengaluru,Begur,3,1350,6695000,4959.259259259259,3 BHK
Bengaluru,Begur,2,1180,5896000,4996.610169491525,2 BHK
Bengaluru,Begur,2,1130,5600000,4955.7522123893805,2 BHK
Bengaluru,Begur,2,1160,5800000,5000.0,2 BHK
Bengaluru,Begur,3,1325,6577000,4963.773584905661,3 BHK
Bengaluru,Begur,2,1090,5473000,5021.100917431193,2 BHK
Bengaluru,Begur,2,1170,5849000,4999.145299145299,2 BHK
Bengaluru,Begur,2,1165,5825000,5000.0,2 BHK
Bengaluru,Anagalapura Near Hennur Main Road,2,1095,4489000,4099.543378995434,2 BHK
Bengaluru,Kodigehalli,3,1810,16900000,9337.016574585636,3 BHK
Bengaluru,Kodigehalli,3,1740,14900000,8563.218390804597,3 BHK
Bengaluru,Kodigehalli,3,1630,14100000,8650.306748466257,3 BHK
Bengaluru,Kodigehalli,2,1440,12100000,8402.777777777777,2 BHK
Bengaluru,Kodigehalli,2,1245,10700000,8594.37751004016,2 BHK
Bengaluru,Varthur,2,1098,4831000,4399.8178506375225,2 BHK
Bengaluru,Narayanaghatta,3,1215,3632000,2989.3004115226336,3 BHK
Bengaluru,Narayanaghatta,2,990,2960000,2989.89898989899,2 BHK
Bengaluru,Narayanaghatta,2,1125,3363000,2989.3333333333335,2 BHK
Bengaluru,Anekal City,2,950,3087000,3249.4736842105262,2 BHK
Bengaluru,Anekal City,3,1225,3981000,3249.795918367347,3 BHK
Bengaluru,Anekal City,2,1025,3331000,3249.756097560976,2 BHK
Bengaluru,Anekal City,1,645,2096000,3249.6124031007753,1 BHK
Bengaluru,Electronic City Phase 2,3,1535,8370999,5453.4195439739415,3 BHK
Bengaluru,Electronic City Phase 2,3,1470,8039000,5468.707482993197,3 BHK
Bengaluru,Electronic City Phase 2,2,1045,5868000,5615.311004784689,2 BHK
Bengaluru,Electronic City Phase 2,2,1075,6021000,5600.930232558139,2 BHK
Bengaluru,Electronic City Phase 2,2,1290,7194000,5576.7441860465115,2 BHK
Bengaluru,Electronic City Phase 2,2,1380,7581000,5493.478260869565,2 BHK
Bengaluru,Electronic City Phase 2,3,1465,8137000,5554.266211604096,3 BHK
Bengaluru,Sahakar Nagar,4,2790,28000000,10035.84229390681,4 BHK
Bengaluru,Sahakar Nagar,2,1320,13000000,9848.484848484848,2 BHK
Bengaluru,Narayanapura on Hennur Main Road,4,3300,26000000,7878.787878787879,4 BHK
Bengaluru,Narayanapura on Hennur Main Road,3,1500,10500000,7000.0,3 BHK
Bengaluru,Narayanapura on Hennur Main Road,3,2087,11500000,5510.301868711069,3 BHK
Bengaluru,Narayanapura on Hennur Main Road,3,2142,12500000,5835.667600373483,3 BHK
Bengaluru,Narayanapura on Hennur Main Road,3,1850,11000000,5945.945945945946,3 BHK
Bengaluru,Narayanapura on Hennur Main Road,3,1930,12000000,6217.616580310881,3 BHK
Bengaluru,Attibele,1,1000,2800000,2800.0,1 BHK
Bengaluru,Anagalapura Near Hennur Main Road,2,1075,4407000,4099.53488372093,2 BHK
Bengaluru,Anagalapura Near Hennur Main Road,2,1075,4407000,4099.53488372093,2 BHK
Bengaluru,Junnasandra,3,1691,10900000,6445.89000591366,3 BHK
Bengaluru,Anagalapura Near Hennur Main Road,2,1055,4325000,4099.526066350711,2 BHK
Bengaluru,Banashankari,4,3205,29900000,9329.173166926677,4 BHK
Bengaluru,Banashankari,4,3033,28300000,9330.695680844048,4 BHK
Bengaluru,Banashankari,3,2522,23500000,9318.001586042823,3 BHK
Bengaluru,Banashankari,3,2480,23100000,9314.516129032258,3 BHK
Bengaluru,Banashankari,3,2378,21400000,8999.158957106813,3 BHK
Bengaluru,JP Nagar Phase 9,3,1800,7830000,4350.0,3 BHK
Bengaluru,JP Nagar Phase 9,2,1372,5968000,4349.854227405248,2 BHK
Bengaluru,JP Nagar Phase 8,2,1242,6085000,4899.355877616747,2 BHK
Bengaluru,JP Nagar Phase 8,2,1110,5439000,4900.0,2 BHK
Bengaluru,JP Nagar Phase 8,3,1380,6762000,4900.0,3 BHK
Bengaluru,JP Nagar Phase 8,2,1120,5488000,4900.0,2 BHK
Bengaluru,JP Nagar Phase 8,2,1118,5478000,4899.821109123434,2 BHK
Bengaluru,JP Nagar Phase 8,3,1518,7438000,4899.868247694335,3 BHK
Bengaluru,JP Nagar Phase 8,3,1386,6791000,4899.711399711399,3 BHK
Bengaluru,JP Nagar Phase 8,2,1224,5997000,4899.509803921569,2 BHK
Bengaluru,JP Nagar Phase 8,3,1358,6654000,4899.852724594993,3 BHK
Bengaluru,JP Nagar Phase 8,2,1222,5987000,4899.345335515548,2 BHK
Bengaluru,JP Nagar Phase 8,3,1430,7006999,4899.999300699301,3 BHK
Bengaluru,JP Nagar Phase 8,1,728,3567000,4899.725274725275,1 BHK
Bengaluru,JP Nagar Phase 8,2,1235,6051000,4899.595141700405,2 BHK
Bengaluru,JP Nagar Phase 8,3,1434,7026000,4899.581589958159,3 BHK
Bengaluru,JP Nagar Phase 8,2,1212,5938000,4899.339933993399,2 BHK
Bengaluru,JP Nagar Phase 8,2,1273,6237000,4899.450117831893,2 BHK
Bengaluru,JP Nagar Phase 8,2,1220,5978000,4900.0,2 BHK
Bengaluru,JP Nagar Phase 8,2,1147,5620000,4899.738448125545,2 BHK
Bengaluru,JP Nagar Phase 8,2,1255,6149000,4899.601593625498,2 BHK
Bengaluru,JP Nagar Phase 8,3,1468,7193000,4899.863760217983,3 BHK
Bengaluru,JP Nagar Phase 8,2,1264,6193000,4899.525316455696,2 BHK
Bengaluru,Anjanapura,3,1495,8073000,5400.0,3 BHK
Bengaluru,Gottigere,3,1440,7028000,4880.555555555556,3 BHK
Bengaluru,Gottigere,2,1245,6148000,4938.152610441767,2 BHK
Bengaluru,Gottigere,3,1510,7344000,4863.576158940397,3 BHK
Bengaluru,Gottigere,2,1305,6419000,4918.773946360153,2 BHK
Bengaluru,Gottigere,2,1120,5584000,4985.714285714285,2 BHK
Bengaluru,Gottigere,3,1295,6374000,4922.007722007722,3 BHK
Bengaluru,Gottigere,2,1225,6058000,4945.306122448979,2 BHK
Bengaluru,Gottigere,3,1430,6983000,4883.216783216783,3 BHK
Bengaluru,Gottigere,2,1300,6396000,4920.0,2 BHK
Bengaluru,Gottigere,3,1470,7163000,4872.789115646258,3 BHK
Bengaluru,Gottigere,2,1275,6283000,4927.843137254902,2 BHK
Bengaluru,Gottigere,3,1410,6893000,4888.652482269504,3 BHK
Bengaluru,Gottigere,2,1140,5674000,4977.19298245614,2 BHK
Bengaluru,Gottigere,3,1415,6915000,4886.925795053004,3 BHK
Bengaluru,Gottigere,3,1455,7095999,4876.975257731959,3 BHK
Bengaluru,Gottigere,3,1520,7389000,4861.184210526316,3 BHK
Bengaluru,Gottigere,2,1260,6216000,4933.333333333333,2 BHK
Bengaluru,Gottigere,3,1525,7412000,4860.327868852459,3 BHK
Bengaluru,Gottigere,2,1125,5606000,4983.111111111111,2 BHK
Bengaluru,Gottigere,2,1255,6193000,4934.661354581674,2 BHK
Bengaluru,Gottigere,2,1135,5651000,4978.854625550661,2 BHK
Bengaluru,Electronic City Phase 1,3,2936,35500000,12091.280653950953,3 BHK
Bengaluru,Hosa Road,3,1597,11399999,7138.383844708829,3 BHK
Bengaluru,Hosa Road,3,1514,10800000,7133.421400264201,3 BHK
Bengaluru,Hosa Road,2,1431,10200000,7127.882599580713,2 BHK
Bengaluru,Hosa Road,2,1365,9800000,7179.48717948718,2 BHK
Bengaluru,Varthur,2,1205,7900000,6556.016597510374,2 BHK
Bengaluru,Varthur,2,1007,6570000,6524.329692154915,2 BHK
Bengaluru,Uttarahalli,3,2243,22799999,10164.957200178333,3 BHK
Bengaluru,Uttarahalli,3,2051,21200000,10336.421257922964,3 BHK
Bengaluru,Budigere Cross,3,1350,7200000,5333.333333333333,3 BHK
Bengaluru,Budigere Cross,3,1225,6500000,5306.122448979592,3 BHK
Bengaluru,Budigere Cross,2,1165,6200000,5321.888412017167,2 BHK
Bengaluru,Sarjapur,3,1315,4732000,3598.4790874524715,3 BHK
Bengaluru,Sarjapur,2,1320,4750000,3598.4848484848485,2 BHK
Bengaluru,Sarjapur,2,1250,4498000,3598.4,2 BHK
Bengaluru,Sarjapur,3,1290,4870000,3775.1937984496126,3 BHK
Bengaluru,Sarjapur,2,1290,4642000,3598.4496124031007,2 BHK
Bengaluru,Sarjapur,3,1365,4912000,3598.5347985347985,3 BHK
Bengaluru,Sarjapur,3,1500,5398000,3598.6666666666665,3 BHK
Bengaluru,Sarjapur,2,1200,4318000,3598.3333333333335,2 BHK
Bengaluru,Begur,3,1745,10800000,6189.111747851003,3 BHK
Bengaluru,Begur,2,1417,8868000,6258.292166549048,2 BHK
Bengaluru,Begur,3,1814,11399999,6284.453693495038,3 BHK
Bengaluru,Begur,2,1503,9366000,6231.536926147704,2 BHK
Bengaluru,JP Nagar Phase 9,3,1814,11200000,6174.2006615215,3 BHK
Bengaluru,JP Nagar Phase 9,3,1595,9888000,6199.373040752351,3 BHK
Bengaluru,JP Nagar Phase 9,3,1759,10800000,6139.8521887436045,3 BHK
Bengaluru,Koramangala,3,1839,25500000,13866.231647634584,3 BHK
Bengaluru,Koramangala,4,2461,34000000,13815.522145469322,4 BHK
Bengaluru,Koramangala,2,1249,17500000,14011.20896717374,2 BHK
Bengaluru,Koramangala,4,2503,34500000,13783.459848182181,4 BHK
Bengaluru,Koramangala,2,1385,19500000,14079.42238267148,2 BHK
Bengaluru,Nelamangala,3,1286,7100000,5520.99533437014,3 BHK
Bengaluru,Nelamangala,2,1163,6400000,5503.009458297506,2 BHK
Bengaluru,Nelamangala,2,966,5500000,5693.581780538302,2 BHK
Bengaluru,Nelamangala,2,814,4300000,5282.555282555282,2 BHK
Bengaluru,Nelamangala,2,708,3800000,5367.2316384180795,2 BHK
Bengaluru,ITPL,4,3360,26000000,7738.0952380952385,4 BHK
Bengaluru,ITPL,3,2210,18600000,8416.28959276018,3 BHK
Bengaluru,ITPL,3,1930,17300000,8963.730569948186,3 BHK
Bengaluru,ITPL,3,1890,17100000,9047.619047619048,3 BHK
Bengaluru,ITPL,2,1330,11800000,8872.180451127819,2 BHK
Bengaluru,Kanakapura Road Beyond Nice Ring Road,3,1635,7341000,4489.908256880734,3 BHK
Bengaluru,Kanakapura Road Beyond Nice Ring Road,3,1425,6398000,4489.824561403509,3 BHK
Bengaluru,Kanakapura Road Beyond Nice Ring Road,2,1300,5837000,4490.0,2 BHK
Bengaluru,Kanakapura Road Beyond Nice Ring Road,2,1005,4512000,4489.55223880597,2 BHK
Bengaluru,Hebbal,4,4600,66900000,14543.478260869566,4 BHK
Bengaluru,Hebbal,5,8331,170600000,20477.733765454326,5+ BHK
Bengaluru,Hebbal,5,8902,182300000,20478.54414738261,5+ BHK
Bengaluru,Hebbal,5,5112,74300000,14534.428794992175,5+ BHK
Bengaluru,Hebbal,4,6500,60100000,9246.153846153846,4 BHK
Bengaluru,Hebbal,4,3900,36000000,9230.76923076923,4 BHK
Bengaluru,Hebbal,4,3895,36000000,9242.618741976894,4 BHK
Bengaluru,Hebbal,4,5654,52200000,9232.401839405731,4 BHK
Bengaluru,Hebbal,4,5500,50800000,9236.363636363636,4 BHK
Bengaluru,JP Nagar Phase 4,4,4622,49600000,10731.285157940285,4 BHK
Bengaluru,JP Nagar Phase 4,4,4322,46400000,10735.770476631189,4 BHK
Bengaluru,Hebbal,4,4400,64000000,14545.454545454546,4 BHK
Bengaluru,Hebbal,3,4200,61100000,14547.619047619048,3 BHK
Bengaluru,Hebbal,5,9700,198600000,20474.22680412371,5+ BHK
Bengaluru,Hebbal,3,3670,53400000,14550.40871934605,3 BHK
Bengaluru,Hebbal,5,9900,202700000,20474.747474747473,5+ BHK
Bengaluru,Hebbal,5,8300,170000000,20481.927710843374,5+ BHK
Bengaluru,Hebbal,4,7700,157700000,20480.51948051948,4 BHK
Bengaluru,Hebbal,3,3897,56700000,14549.653579676675,3 BHK
Bengaluru,Electronic City Phase 1,3,1570,6594000,4200.0,3 BHK
Bengaluru,Electronic City Phase 1,3,1410,5922000,4200.0,3 BHK
Bengaluru,Electronic City Phase 1,3,1580,6636000,4200.0,3 BHK
Bengaluru,Electronic City Phase 1,3,1610,6762000,4200.0,3 BHK
Bengaluru,Electronic City Phase 1,2,1195,5019000,4200.0,2 BHK
Bengaluru,Electronic City Phase 1,3,1590,6678000,4200.0,3 BHK
Bengaluru,Electronic City Phase 1,3,1600,6720000,4200.0,3 BHK
Bengaluru,Electronic City Phase 1,2,1200,5040000,4200.0,2 BHK
Bengaluru,Electronic City Phase 1,3,1565,6573000,4200.0,3 BHK
Bengaluru,Nagarbhavi,3,1638,8353000,5099.511599511599,3 BHK
Bengaluru,Nagarbhavi,3,1584,8078000,5099.747474747474,3 BHK
Bengaluru,Nagarbhavi,2,1288,6568000,5099.378881987577,2 BHK
Bengaluru,Nagarbhavi,3,1521,7756999,5099.933596318212,3 BHK
Bengaluru,Nagarbhavi,3,1422,7252000,5099.8593530239095,3 BHK
Bengaluru,Nagarbhavi,3,1367,6970999,5099.487198244331,3 BHK
Bengaluru,Talaghattapura,3,1839,8749000,4757.47688961392,3 BHK
Bengaluru,Talaghattapura,2,1419,6870000,4841.437632135307,2 BHK
Bengaluru,Talaghattapura,3,1726,8243000,4775.782155272306,3 BHK
Bengaluru,Harlur,4,2597,19500000,7508.6638428956485,4 BHK
Bengaluru,Electronic City Phase 2,3,1447,6331000,4375.2591568762955,3 BHK
Bengaluru,Harlur,4,2569,18500000,7201.24562086415,4 BHK
Bengaluru,Electronic City Phase 2,3,2219,9730000,4384.858044164038,3 BHK
Bengaluru,Electronic City Phase 2,3,1525,6641000,4354.754098360656,3 BHK
Bengaluru,Electronic City Phase 2,3,1727,7520999,4354.950202663578,3 BHK
Bengaluru,Konanakunte,2,1274,11100000,8712.715855572998,2 BHK
Bengaluru,Konanakunte,3,1588,14200000,8942.06549118388,3 BHK
Bengaluru,Electronic City Phase 2,2,1300,5739000,4414.615384615385,2 BHK
Bengaluru,Konanakunte,2,1204,10500000,8720.93023255814,2 BHK
Bengaluru,Electronic City Phase 2,3,1531,6667000,4354.670150228609,3 BHK
Bengaluru,Konanakunte,3,2140,19100000,8925.233644859813,3 BHK
Bengaluru,Anjanapura,2,1375,7177000,5219.636363636364,2 BHK
Bengaluru,Anjanapura,2,1309,6831999,5219.2505729564555,2 BHK
Bengaluru,Anjanapura,2,1176,6138000,5219.3877551020405,2 BHK
Bengaluru,Anjanapura,2,1370,7151000,5219.708029197081,2 BHK
Bengaluru,Anjanapura,3,1843,9620000,5219.750406945198,3 BHK
Bengaluru,Anjanapura,2,1320,6890000,5219.69696969697,2 BHK
Bengaluru,Anjanapura,3,1841,9610000,5219.989136338946,3 BHK
Bengaluru,Anjanapura,3,1950,10100000,5179.48717948718,3 BHK
Bengaluru,Anjanapura,3,1559,8137000,5219.371391917896,3 BHK
Bengaluru,Anjanapura,3,1498,7819000,5219.626168224299,3 BHK
Bengaluru,Anjanapura,3,1800,9396000,5220.0,3 BHK
Bengaluru,Anjanapura,3,1669,8712000,5219.892150988616,3 BHK
Bengaluru,Anjanapura,2,1340,6994000,5219.4029850746265,2 BHK
Bengaluru,Anjanapura,2,1339,6989000,5219.566840926064,2 BHK
Bengaluru,Anjanapura,3,1657,8649000,5219.674109837055,3 BHK
Bengaluru,Anjanapura,3,1860,9709000,5219.89247311828,3 BHK
Bengaluru,Anjanapura,3,1660,8665000,5219.879518072289,3 BHK
Bengaluru,Anjanapura,3,1798,9385000,5219.688542825362,3 BHK
Bengaluru,Anjanapura,2,1332,6953000,5219.96996996997,2 BHK
Bengaluru,Anjanapura,3,1665,8691000,5219.81981981982,3 BHK
Bengaluru,Kannur on Thanisandra Main Road,2,1179,5102000,4327.396098388464,2 BHK
Bengaluru,Kannur on Thanisandra Main Road,2,1188,5137000,4324.074074074074,2 BHK
Bengaluru,Kannur on Thanisandra Main Road,2,1215,5244000,4316.049382716049,2 BHK
Bengaluru,Kannur on Thanisandra Main Road,2,1224,5279000,4312.908496732026,2 BHK
Bengaluru,Anagalapura Near Hennur Main Road,2,1414,5700000,4031.117397454031,2 BHK
Bengaluru,Budigere Cross,3,1350,6183000,4580.0,3 BHK
Bengaluru,Budigere Cross,2,1225,5610000,4579.591836734694,2 BHK
Bengaluru,Kumbalgodu,2,1030,5413000,5255.339805825242,2 BHK
Bengaluru,Chikkagubbi on Hennur Main Road,3,905,10900000,12044.198895027625,3 BHK
Bengaluru,Chikkagubbi on Hennur Main Road,3,972,10500000,10802.469135802468,3 BHK
Bengaluru,Harlur,2,1270,9500000,7480.314960629921,2 BHK
Bengaluru,Harlur,3,1550,12500000,8064.5161290322585,3 BHK
Bengaluru,Harlur,3,1550,12000000,7741.935483870968,3 BHK
Bengaluru,Harlur,3,1460,10400000,7123.287671232877,3 BHK
Bengaluru,Harlur,3,1830,13500000,7377.049180327869,3 BHK
Bengaluru,Bommasandra,2,985,3447000,3499.492385786802,2 BHK
Bengaluru,Harlur,2,1467,8216000,5600.54533060668,2 BHK
Bengaluru,Harlur,3,2067,11600000,5611.9980648282535,3 BHK
Bengaluru,Harlur,3,1808,10100000,5586.283185840708,3 BHK
Bengaluru,Harlur,3,1085,8864000,8169.585253456221,3 BHK
Bengaluru,Harlur,3,1050,8019000,7637.142857142857,3 BHK
Bengaluru,Richmond Town,3,2772,64000000,23088.02308802309,3 BHK
Bengaluru,Varthur,2,1048,4611000,4399.8091603053435,2 BHK
Bengaluru,Varthur,3,1428,6221000,4356.442577030813,3 BHK
Bengaluru,RR Nagar,2,1255,5380000,4286.852589641434,2 BHK
Bengaluru,Jakkur,3,1482,7631999,5149.79689608637,3 BHK
Bengaluru,Jakkur,2,1284,6612000,5149.532710280374,2 BHK
Bengaluru,Jakkur,2,1057,5443000,5149.479659413434,2 BHK
Bengaluru,Jayanagar,3,1800,18000000,10000.0,3 BHK
Bengaluru,Subramanyapura,3,1400,6200000,4428.571428571428,3 BHK
Bengaluru,Domlur,3,1998,35900000,17967.96796796797,3 BHK
Bengaluru,Domlur,3,1388,24900000,17939.48126801153,3 BHK
Bengaluru,Domlur,2,1498,26900000,17957.276368491323,2 BHK
Bengaluru,Domlur,2,1078,19400000,17996.289424860854,2 BHK
Bengaluru,Electronic City Phase 1,2,1265,8000000,6324.110671936759,2 BHK
Bengaluru,Bellandur,4,2187,27400000,12528.577960676726,4 BHK
Bengaluru,Bellandur,2,1196,15000000,12541.80602006689,2 BHK
Bengaluru,Kanakapura Road Beyond Nice Ring Road,3,1600,8200000,5125.0,3 BHK
Bengaluru,Kanakapura Road Beyond Nice Ring Road,3,1480,7500000,5067.5675675675675,3 BHK
Bengaluru,Kanakapura Road Beyond Nice Ring Road,2,1172,6500000,5546.0750853242325,2 BHK
Bengaluru,Chikkalasandra,2,1135,6000000,5286.343612334802,2 BHK
Bengaluru,Yelahanka,3,1885,9000000,4774.535809018567,3 BHK
Bengaluru,Yelahanka,3,1440,6900000,4791.666666666667,3 BHK
Bengaluru,Avalahalli Off Sarjapur Road,2,1392,6950000,4992.816091954023,2 BHK
Bengaluru,Avalahalli Off Sarjapur Road,3,1320,6711000,5084.090909090909,3 BHK
Bengaluru,Avalahalli Off Sarjapur Road,1,771,4209000,5459.1439688715955,1 BHK
Bengaluru,Avalahalli Off Sarjapur Road,2,1128,5478000,4856.382978723404,2 BHK
Bengaluru,Avalahalli Off Sarjapur Road,1,568,3267000,5751.760563380281,1 BHK
Bengaluru,Avalahalli Off Sarjapur Road,4,2221,11100000,4997.748761819001,4 BHK
Bengaluru,Avalahalli Off Sarjapur Road,2,1268,6731000,5308.359621451104,2 BHK
Bengaluru,Avalahalli Off Sarjapur Road,2,1272,6385000,5019.654088050314,2 BHK
Bengaluru,Avalahalli Off Sarjapur Road,4,2147,10800000,5030.274802049371,4 BHK
Bengaluru,Bommanahalli,2,1275,9278000,7276.862745098039,2 BHK
Bengaluru,Bommanahalli,3,1360,9859000,7249.264705882353,3 BHK
Bengaluru,Devanahalli,3,2616,14800000,5657.492354740061,3 BHK
Bengaluru,Devanahalli,3,1323,7400000,5593.348450491308,3 BHK
Bengaluru,Devanahalli,2,1207,7200000,5965.202982601491,2 BHK
Bengaluru,Devanahalli,2,792,4500000,5681.818181818182,2 BHK
Bengaluru,Devanahalli,2,800,4553000,5691.25,2 BHK
Bengaluru,Hulimavu,3,2976,21500000,7224.462365591397,3 BHK
Bengaluru,Hulimavu,3,2916,21300000,7304.526748971193,3 BHK
Bengaluru,Hulimavu,3,2254,16200000,7187.222715173026,3 BHK
Bengaluru,Hulimavu,3,2212,16000000,7233.273056057867,3 BHK
Bengaluru,Hulimavu,3,2212,16000000,7233.273056057867,3 BHK
Bengaluru,Devanahalli,2,795,4518000,5683.018867924528,2 BHK
Bengaluru,Hulimavu,4,3963,28800000,7267.221801665405,4 BHK
Bengaluru,Hulimavu,4,3891,28500000,7324.5952197378565,4 BHK
Bengaluru,Begur,4,2180,11299999,5183.485779816514,4 BHK
Bengaluru,Begur,4,2180,11299999,5183.485779816514,4 BHK
Bengaluru,Begur,4,1830,9516000,5200.0,4 BHK
Bengaluru,Begur,3,1960,10100000,5153.061224489796,3 BHK
Bengaluru,Begur,3,1410,7331999,5199.999290780142,3 BHK
Bengaluru,Begur,2,1885,9802000,5200.0,2 BHK
Bengaluru,Begur,2,1255,6526000,5200.0,2 BHK
Bengaluru,Begur,2,1255,6526000,5200.0,2 BHK
Bengaluru,Begur,3,1805,11000000,6094.182825484764,3 BHK
Bengaluru,Devanahalli,2,1207,7200000,5965.202982601491,2 BHK
Bengaluru,Devanahalli,2,1043,6100000,5848.513902205177,2 BHK
Bengaluru,JP Nagar Phase 4,3,2563,24300000,9481.076863051112,3 BHK
Bengaluru,JP Nagar Phase 4,3,2536,24100000,9503.154574132492,3 BHK
Bengaluru,JP Nagar Phase 4,3,2482,23600000,9508.46091861402,3 BHK
Bengaluru,Bommanahalli,3,1615,11600000,7182.66253869969,3 BHK
Bengaluru,JP Nagar Phase 4,3,2200,20900000,9500.0,3 BHK
Bengaluru,JP Nagar Phase 4,4,4336,41200000,9501.845018450185,4 BHK
Bengaluru,JP Nagar Phase 4,4,4273,40599999,9501.520945471566,4 BHK
Bengaluru,JP Nagar Phase 4,4,4046,38400000,9490.85516559565,4 BHK
Bengaluru,JP Nagar Phase 4,4,3563,33800000,9486.38787538591,4 BHK
Bengaluru,JP Nagar Phase 4,4,3463,32900000,9500.433150447589,4 BHK
Bengaluru,JP Nagar Phase 4,4,2700,25700000,9518.518518518518,4 BHK
Bengaluru,Bommanahalli,2,1275,9278000,7276.862745098039,2 BHK
Bengaluru,Devanahalli,3,1098,7200000,6557.377049180328,3 BHK
Bengaluru,Hulimavu,4,3832,28100000,7332.985386221294,4 BHK
Bengaluru,Hulimavu,4,2893,21500000,7431.731766332527,4 BHK
Bengaluru,Hebbal,3,1939,13600000,7013.924703455389,3 BHK
Bengaluru,Hebbal,3,1628,11399999,7002.4563882063885,3 BHK
Bengaluru,Hulimavu,4,2893,21500000,7431.731766332527,4 BHK
Bengaluru,Hulimavu,4,2825,21000000,7433.628318584071,4 BHK
Bengaluru,Hulimavu,3,3044,22000000,7227.332457293035,3 BHK
Bengaluru,Begur,3,1476,11500000,7791.327913279133,3 BHK
Bengaluru,Begur,3,1527,12500000,8185.985592665357,3 BHK
Bengaluru,Begur,3,1265,10500000,8300.395256916996,3 BHK
Bengaluru,Bommanahalli,3,1515,10900000,7194.7194719471945,3 BHK
Bengaluru,Devanahalli,2,940,6000000,6382.978723404255,2 BHK
Bengaluru,Devanahalli,1,1090,5000000,4587.155963302752,1 BHK
Bengaluru,Devanahalli,1,1020,4800000,4705.882352941177,1 BHK
Bengaluru,JP Nagar Phase 4,3,2437,23200000,9519.901518260156,3 BHK
Bengaluru,Hebbal,3,1687,11800000,6994.665085951393,3 BHK
Bengaluru,Hebbal,3,1712,12000000,7009.345794392523,3 BHK
Bengaluru,Hebbal,3,1812,12700000,7008.830022075055,3 BHK
Bengaluru,Hebbal,3,1911,13400000,7012.035583464155,3 BHK
Bengaluru,Hebbal,4,3870,38900000,10051.679586563307,4 BHK
Bengaluru,Kumaraswamy Layout,2,1135,6000000,5286.343612334802,2 BHK
Bengaluru,Kumbalgodu,2,1020,5367000,5261.764705882353,2 BHK
Bengaluru,Kumbalgodu,2,985,5206000,5285.279187817259,2 BHK
Bengaluru,Kumbalgodu,2,980,5183000,5288.775510204082,2 BHK
Bengaluru,Electronic City Phase 1,3,1555,9700000,6237.942122186495,3 BHK
Bengaluru,Electronic City Phase 1,3,1482,9300000,6275.3036437246965,3 BHK
Bengaluru,Bellandur,4,2540,31800000,12519.685039370079,4 BHK
Bengaluru,Harlur,2,1376,7706000,5600.290697674419,2 BHK
Bengaluru,Harlur,3,2202,12300000,5585.8310626703,3 BHK
Bengaluru,Budigere Cross,3,1530,9400000,6143.7908496732025,3 BHK
Bengaluru,Budigere Cross,3,1404,8600000,6125.356125356126,3 BHK
Bengaluru,Budigere Cross,2,1157,7200000,6222.990492653414,2 BHK
Bengaluru,Electronic City Phase 1,3,1565,9800000,6261.9808306709265,3 BHK
Bengaluru,Electronic City Phase 1,2,1255,7900000,6294.820717131474,2 BHK
Bengaluru,Bikasipura,1,1305,6800000,5210.727969348659,1 BHK
Bengaluru,Bikasipura,1,1395,7200000,5161.290322580645,1 BHK
Bengaluru,Uttarahalli Hobli,1,1395,7200000,5161.290322580645,1 BHK
Bengaluru,Singasandra,2,1240,4340000,3500.0,2 BHK
Bengaluru,Singasandra,2,1185,4147000,3499.57805907173,2 BHK
Bengaluru,Singasandra,2,1120,3920000,3500.0,2 BHK
Bengaluru,Singasandra,2,840,2940000,3500.0,2 BHK
Bengaluru,Singasandra,2,1315,4602000,3499.619771863118,2 BHK
Bengaluru,Singasandra,2,1295,4532000,3499.6138996139,2 BHK
Bengaluru,Singasandra,2,1235,4322000,3499.595141700405,2 BHK
Bengaluru,Singasandra,1,760,2660000,3500.0,1 BHK
Bengaluru,Singasandra,3,1605,5617000,3499.6884735202493,3 BHK
Bengaluru,Singasandra,2,920,3220000,3500.0,2 BHK
Bengaluru,Singasandra,1,660,2310000,3500.0,1 BHK
Bengaluru,Singasandra,2,1220,4270000,3500.0,2 BHK
Bengaluru,Singasandra,1,810,2835000,3500.0,1 BHK
Bengaluru,Anagalapura Near Hennur Main Road,2,1000,4272000,4272.0,2 BHK
Bengaluru,Anagalapura Near Hennur Main Road,2,1055,4272000,4049.2890995260664,2 BHK
Bengaluru,Kumaraswamy Layout,2,1395,7320000,5247.311827956989,2 BHK
Bengaluru,Kumaraswamy Layout,1,1395,7150000,5125.448028673835,1 BHK
Bengaluru,Kumaraswamy Layout,1,1305,6700000,5134.099616858238,1 BHK
Bengaluru,Kumaraswamy Layout,1,1395,7150000,5125.448028673835,1 BHK
Bengaluru,Chikkalasandra,2,1305,6850000,5249.0421455938695,2 BHK
Bengaluru,Kumaraswamy Layout,2,1395,7300000,5232.974910394265,2 BHK
Bengaluru,Kumaraswamy Layout,1,1305,6800000,5210.727969348659,1 BHK
Bengaluru,Kumaraswamy Layout,2,1340,7100000,5298.507462686567,2 BHK
Bengaluru,Kumaraswamy Layout,1,1290,6800000,5271.3178294573645,1 BHK
Bengaluru,Kumaraswamy Layout,1,1395,7100000,5089.605734767025,1 BHK
Bengaluru,Anagalapura Near Hennur Main Road,2,1095,4489000,4099.543378995434,2 BHK
Bengaluru,JP Nagar Phase 6,4,5600,61300000,10946.42857142857,4 BHK
Bengaluru,JP Nagar Phase 6,4,5249,57500000,10954.467517622405,4 BHK
Bengaluru,JP Nagar Phase 6,4,4449,48700000,10946.280062935492,4 BHK
Bengaluru,JP Nagar Phase 6,3,3103,30900000,9958.105059619722,3 BHK
Bengaluru,JP Nagar Phase 6,3,3077,30600000,9944.75138121547,3 BHK
Bengaluru,JP Nagar Phase 6,3,2711,27000000,9959.424566580597,3 BHK
Bengaluru,JP Nagar Phase 6,3,2671,26600000,9958.816922500935,3 BHK
Bengaluru,Anagalapura Near Hennur Main Road,2,954,3911000,4099.58071278826,2 BHK
Bengaluru,Anagalapura Near Hennur Main Road,2,1110,4495000,4049.5495495495497,2 BHK
Bengaluru,Koramangala,3,1839,25400000,13811.854268624253,3 BHK
Bengaluru,Koramangala,2,1385,19300000,13935.018050541516,2 BHK
Bengaluru,Sanjaynagar,3,1623,13899999,8564.386321626618,3 BHK
Bengaluru,Yelahanka,4,4237,29600000,6986.075053103611,4 BHK
Bengaluru,Yelahanka,3,2795,19500000,6976.7441860465115,3 BHK
Bengaluru,Yelahanka,2,1273,7500000,5891.594658287509,2 BHK
Bengaluru,Koramangala,4,2461,33900000,13774.888256806176,4 BHK
Bengaluru,Koramangala,3,1839,25400000,13811.854268624253,3 BHK
Bengaluru,Koramangala,2,1249,17400000,13931.144915932746,2 BHK
Bengaluru,Sanjaynagar,2,1378,11800000,8563.134978229318,2 BHK
Bengaluru,Sanjaynagar,2,1169,10000000,8554.31993156544,2 BHK
Bengaluru,Yelahanka,4,3122,21800000,6982.703395259449,4 BHK
Bengaluru,Yelahanka,3,1705,9900000,5806.451612903225,3 BHK
Bengaluru,Harlur,2,1271,5719000,4499.606608969316,2 BHK
Bengaluru,Anagalapura Near Hennur Main Road,2,1414,5797000,4099.7171145686,2 BHK
Bengaluru,Anagalapura Near Hennur Main Road,1,1100,4455000,4050.0,1 BHK
Bengaluru,CV Raman Nagar,3,1788,14300000,7997.7628635346755,3 BHK
Bengaluru,Varthur,3,1370,5480000,4000.0,3 BHK
Bengaluru,Varthur,2,1139,4556000,4000.0,2 BHK
Bengaluru,Varthur,2,1154,4616000,4000.0,2 BHK
Bengaluru,Varthur,2,1224,4896000,4000.0,2 BHK
Bengaluru,Varthur,2,1164,4656000,4000.0,2 BHK
Bengaluru,Harlur,2,1271,5719000,4499.606608969316,2 BHK
Bengaluru,Anagalapura Near Hennur Main Road,2,1040,4212000,4050.0,2 BHK
Bengaluru,Subramanyapura,3,1485,9100000,6127.946127946128,3 BHK
Bengaluru,Subramanyapura,2,1300,8400000,6461.538461538462,2 BHK
Bengaluru,Subramanyapura,2,1135,7100000,6255.506607929516,2 BHK
Bengaluru,Subramanyapura,2,960,6100000,6354.166666666667,2 BHK
Bengaluru,Electronic City Phase 2,4,3245,23100000,7118.64406779661,4 BHK
Bengaluru,Electronic City Phase 2,4,2150,13700000,6372.093023255814,4 BHK
Bengaluru,Electronic City Phase 2,3,1590,11000000,6918.238993710692,3 BHK
Bengaluru,Electronic City Phase 2,3,1500,10300000,6866.666666666667,3 BHK
Bengaluru,Electronic City Phase 2,2,1415,9500000,6713.780918727915,2 BHK
Bengaluru,Harlur,4,2942,40000000,13596.193065941536,4 BHK
Bengaluru,Harlur,4,2368,25000000,10557.432432432432,4 BHK
Bengaluru,Harlur,3,1946,20000000,10277.49229188078,3 BHK
Bengaluru,Harlur,3,1752,17700000,10102.739726027397,3 BHK
Bengaluru,Harlur,2,1483,14400000,9710.047201618341,2 BHK
Bengaluru,Hebbal,4,3729,37000000,9922.231161169215,4 BHK
Bengaluru,Hebbal,3,2927,31000000,10591.04885548343,3 BHK
Bengaluru,JP Nagar Phase 7,3,1463,7300000,4989.747095010252,3 BHK
Bengaluru,Padmanabhanagar,2,1150,5500000,4782.608695652174,2 BHK
Bengaluru,Begur,3,1720,7223999,4199.9994186046515,3 BHK
Bengaluru,Begur,2,1322,5552000,4199.697428139183,2 BHK
Bengaluru,Begur,2,1230,5166000,4200.0,2 BHK
Bengaluru,CV Raman Nagar,3,1836,14600000,7952.069716775599,3 BHK
Bengaluru,CV Raman Nagar,3,1778,14200000,7986.501687289089,3 BHK
Bengaluru,CV Raman Nagar,3,1980,15800000,7979.79797979798,3 BHK
Bengaluru,CV Raman Nagar,1,705,5640000,8000.0,1 BHK
Bengaluru,CV Raman Nagar,2,1392,11100000,7974.137931034483,2 BHK
Bengaluru,CV Raman Nagar,3,1825,14600000,8000.0,3 BHK
Bengaluru,CV Raman Nagar,3,1659,13200000,7956.600361663653,3 BHK
Bengaluru,Whitefield Hope Farm Junction,3,1596,10600000,6641.604010025063,3 BHK
Bengaluru,Whitefield Hope Farm Junction,3,1574,10600000,6734.434561626429,3 BHK
Bengaluru,Whitefield Hope Farm Junction,2,1173,8200000,6990.622335890878,2 BHK
Bengaluru,Hennur,3,1561,10500000,6726.457399103139,3 BHK
Bengaluru,Hennur,3,1450,9800000,6758.620689655172,3 BHK
Bengaluru,Hennur,2,1180,8100000,6864.406779661017,2 BHK
Bengaluru,Hennur,2,1180,8100000,6864.406779661017,2 BHK
Bengaluru,JP Nagar Phase 7,4,3112,29400000,9447.300771208225,4 BHK
Bengaluru,JP Nagar Phase 7,3,2370,23000000,9704.64135021097,3 BHK
Bengaluru,JP Nagar Phase 7,3,2370,23000000,9704.64135021097,3 BHK
Bengaluru,Krishnarajapura,2,1085,4557000,4200.0,2 BHK
Bengaluru,Krishnarajapura,2,1010,4242000,4200.0,2 BHK
Bengaluru,Krishnarajapura,2,1100,4620000,4200.0,2 BHK
Bengaluru,Harlur,3,1541,7242000,4699.545749513303,3 BHK
Bengaluru,Harlur,2,1385,6509000,4699.638989169675,2 BHK
Bengaluru,Harlur,3,1451,6819000,4699.517574086836,3 BHK
Bengaluru,Harlur,3,1419,6669000,4699.788583509514,3 BHK
Bengaluru,Harlur,2,1213,5701000,4699.917559769167,2 BHK
Bengaluru,Harlur,2,1269,5964000,4699.763593380615,2 BHK
Bengaluru,Harlur,2,1171,5503000,4699.402220324509,2 BHK
Bengaluru,Harlur,2,1197,5625000,4699.248120300752,2 BHK
Bengaluru,Varthur,2,1100,4995000,4540.909090909091,2 BHK
Bengaluru,Varthur,2,1100,4995000,4540.909090909091,2 BHK
Bengaluru,Varthur,2,976,4294000,4399.5901639344265,2 BHK
Bengaluru,Anagalapura Near Hennur Main Road,2,1055,4455000,4222.748815165877,2 BHK
Bengaluru,Whitefield Hope Farm Junction,2,1080,4590000,4250.0,2 BHK
Bengaluru,Whitefield Hope Farm Junction,2,1115,4738000,4249.32735426009,2 BHK
Bengaluru,Whitefield Hope Farm Junction,2,1095,4653000,4249.315068493151,2 BHK
Bengaluru,Whitefield Hope Farm Junction,2,1125,4781000,4249.777777777777,2 BHK
Bengaluru,Whitefield Hope Farm Junction,2,1060,4505000,4250.0,2 BHK
Bengaluru,Whitefield Hope Farm Junction,2,1090,4632000,4249.54128440367,2 BHK
Bengaluru,Whitefield Hope Farm Junction,2,1200,5100000,4250.0,2 BHK
Bengaluru,KPC Layout,3,1800,13400000,7444.444444444444,3 BHK
Bengaluru,KPC Layout,3,2170,15600000,7188.940092165899,3 BHK
Bengaluru,KPC Layout,3,1691,12200000,7214.665878178593,3 BHK
Bengaluru,Hebbal,3,1800,15700000,8722.222222222223,3 BHK
Bengaluru,Hebbal,3,1682,14100000,8382.877526753864,3 BHK
Bengaluru,Kannur on Thanisandra Main Road,2,1239,7500000,6053.268765133172,2 BHK
Bengaluru,Harlur,2,1270,9200000,7244.094488188976,2 BHK
Bengaluru,Harlur,3,1880,13200000,7021.276595744681,3 BHK
Bengaluru,Kumaraswamy Layout,2,1395,7300000,5232.974910394265,2 BHK
Bengaluru,Kumaraswamy Layout,2,1305,6655000,5099.616858237548,2 BHK
Bengaluru,Kumaraswamy Layout,1,1395,7100000,5089.605734767025,1 BHK
Bengaluru,Kumaraswamy Layout,2,1305,6700000,5134.099616858238,2 BHK
Bengaluru,Subramanyapura,2,1395,7100000,5089.605734767025,2 BHK
Bengaluru,Kumaraswamy Layout,2,1395,7100000,5089.605734767025,2 BHK
Bengaluru,Kumaraswamy Layout,1,1290,6798999,5270.541860465116,1 BHK
Bengaluru,Kumaraswamy Layout,1,1395,7298000,5231.541218637993,1 BHK
Bengaluru,JP Nagar Phase 6,3,3103,32000000,10312.600708991298,3 BHK
Bengaluru,RR Nagar,2,1000,4160000,4160.0,2 BHK
Bengaluru,RR Nagar,3,1275,5228000,4100.392156862745,3 BHK
Bengaluru,RR Nagar,2,1055,4373000,4145.023696682464,2 BHK
Bengaluru,RR Nagar,3,1295,5306000,4097.2972972972975,3 BHK
Bengaluru,RR Nagar,2,1070,4431000,4141.121495327103,2 BHK
Bengaluru,Talaghattapura,2,1296,9300000,7175.925925925926,2 BHK
Bengaluru,Talaghattapura,3,1706,12400000,7268.464243845252,3 BHK
Bengaluru,Talaghattapura,3,1592,11500000,7223.618090452262,3 BHK
Bengaluru,R.K. Hegde Nagar,3,1785,14800000,8291.316526610644,3 BHK
Bengaluru,R.K. Hegde Nagar,3,1245,7500000,6024.096385542169,3 BHK
Bengaluru,Kannur on Thanisandra Main Road,2,1239,7500000,6053.268765133172,2 BHK
Bengaluru,Hebbal,3,1800,14500000,8055.555555555556,3 BHK
Bengaluru,Hebbal,2,1309,10200000,7792.207792207792,2 BHK
Bengaluru,Narayanapura on Hennur Main Road,3,1682,11500000,6837.098692033293,3 BHK
Bengaluru,Narayanapura on Hennur Main Road,2,1232,9200000,7467.532467532467,2 BHK
Bengaluru,Narayanapura on Hennur Main Road,3,1482,11000000,7422.402159244264,3 BHK
Bengaluru,KPC Layout,3,1917,12700000,6624.934793948879,3 BHK
Bengaluru,KPC Layout,3,1917,12700000,6624.934793948879,3 BHK
Bengaluru,KPC Layout,3,2170,14700000,6774.193548387097,3 BHK
Bengaluru,KPC Layout,3,2035,13400000,6584.766584766585,3 BHK
Bengaluru,KPC Layout,3,2313,13000000,5620.406398616516,3 BHK
Bengaluru,Begur,3,1438,69000000,47983.31015299026,3 BHK
Bengaluru,Begur,3,1337,6417000,4799.551234106208,3 BHK
Bengaluru,Begur,2,952,4569000,4799.36974789916,2 BHK
Bengaluru,Begur,3,1346,6459999,4799.404903417533,3 BHK
Bengaluru,Begur,3,1387,6656999,4799.566690699351,3 BHK
Bengaluru,Begur,3,1359,6523000,4799.8528329654155,3 BHK
Bengaluru,Begur,3,1298,6230000,4799.691833590138,3 BHK
Bengaluru,Begur,2,1036,4972000,4799.2277992278,2 BHK
Bengaluru,Begur,2,997,4785000,4799.398194583751,2 BHK
Bengaluru,Begur,3,1400,6720000,4800.0,3 BHK
Bengaluru,Begur,4,2424,13700000,5651.815181518152,4 BHK
Bengaluru,Begur,3,1653,9240000,5589.83666061706,3 BHK
Bengaluru,Begur,2,1235,7180000,5813.765182186235,2 BHK
Bengaluru,Begur,1,644,3940000,6118.012422360249,1 BHK
Bengaluru,Krishnarajapura,3,1600,6878000,4298.75,3 BHK
Bengaluru,Krishnarajapura,2,1070,4599000,4298.130841121495,2 BHK
Bengaluru,Varthur,3,2134,15000000,7029.053420805998,3 BHK
Bengaluru,Varthur,2,1110,6533000,5885.585585585585,2 BHK
Bengaluru,Krishnarajapura,2,1320,5674000,4298.484848484848,2 BHK
Bengaluru,Varthur,2,1345,7467000,5551.672862453532,2 BHK
Bengaluru,Varthur,3,1655,11000000,6646.525679758308,3 BHK
Bengaluru,Krishnarajapura,2,1000,3800000,3800.0,2 BHK
Bengaluru,Krishnarajapura,2,940,3572000,3800.0,2 BHK
Bengaluru,Krishnarajapura,2,1020,3876000,3800.0,2 BHK
Bengaluru,Bommasandra,2,1015,4099000,4038.423645320197,2 BHK
Bengaluru,Attibele,3,1180,3304000,2800.0,3 BHK
Bengaluru,Sahakar Nagar,2,1795,15000000,8356.545961002785,2 BHK
Bengaluru,JP Nagar Phase 6,4,5249,58099999,11068.774814250333,4 BHK
Bengaluru,RR Nagar,3,1500,5600000,3733.3333333333335,3 BHK
Bengaluru,RR Nagar,3,1608,5451000,3389.9253731343283,3 BHK
Bengaluru,RR Nagar,3,1580,5356000,3389.8734177215188,3 BHK
Bengaluru,RR Nagar,2,1200,4440000,3700.0,2 BHK
Bengaluru,RR Nagar,2,1300,4500000,3461.5384615384614,2 BHK
Bengaluru,RR Nagar,3,1570,5322000,3389.808917197452,3 BHK
Bengaluru,RR Nagar,3,1580,5530000,3500.0,3 BHK
Bengaluru,RR Nagar,2,1304,5148000,3947.852760736196,2 BHK
Bengaluru,RR Nagar,2,1200,5200000,4333.333333333333,2 BHK
Bengaluru,RR Nagar,2,1303,5381000,4129.7006907137375,2 BHK
Bengaluru,RR Nagar,2,1196,5148000,4304.347826086957,2 BHK
Bengaluru,RR Nagar,2,1304,4433000,3399.5398773006136,2 BHK
Bengaluru,Sahakar Nagar,3,1490,12700000,8523.489932885906,3 BHK
Bengaluru,CV Raman Nagar,4,2742,35500000,12946.754194018964,4 BHK
Bengaluru,Uttarahalli,4,4689,50000000,10663.254425250587,4 BHK
Bengaluru,Begur,1,677,2920000,4313.14623338257,1 BHK
Bengaluru,Begur,1,525,2157000,4108.571428571428,1 BHK
Bengaluru,CV Raman Nagar,3,2672,35200000,13173.652694610779,3 BHK
Bengaluru,Thanisandra,3,1380,9500000,6884.057971014493,3 BHK
Bengaluru,Thanisandra,2,985,6800000,6903.553299492386,2 BHK
Bengaluru,Devanahalli,3,1533,6798000,4434.442270058708,3 BHK
Bengaluru,Devanahalli,3,1384,6172000,4459.537572254335,3 BHK
Bengaluru,Devanahalli,2,1186,5341000,4503.3726812816185,2 BHK
Bengaluru,Devanahalli,2,1090,4938000,4530.275229357798,2 BHK
Bengaluru,Devanahalli,1,776,3619000,4663.659793814433,1 BHK
Bengaluru,Devanahalli,1,711,3372999,4744.021097046413,1 BHK
Bengaluru,Yelahanka,3,1599,8673000,5424.015009380863,3 BHK
Bengaluru,Yelahanka,3,1365,7456000,5462.271062271062,3 BHK
Bengaluru,Yelahanka,2,1217,6687000,5494.658997534922,2 BHK
Bengaluru,Yelahanka,2,1171,6448000,5506.404782237404,2 BHK
Bengaluru,Hosa Road,3,1726,9458000,5479.721900347625,3 BHK
Bengaluru,Electronics City,2,1005,4000000,3980.0995024875624,2 BHK
Bengaluru,Kannamangala,3,1536,10700000,6966.145833333333,3 BHK
Bengaluru,Varthur,3,1535,8434000,5494.462540716612,3 BHK
Bengaluru,Varthur,3,1485,8509000,5729.96632996633,3 BHK
Bengaluru,Begur,2,1080,5426000,5024.074074074074,2 BHK
Bengaluru,Brookefield,2,1047,8400000,8022.9226361031515,2 BHK
Bengaluru,Whitefield Hope Farm Junction,3,1970,16200000,8223.350253807106,3 BHK
Bengaluru,Whitefield Hope Farm Junction,4,2860,23200000,8111.888111888112,4 BHK
Bengaluru,ITPL,3,1695,13500000,7964.601769911505,3 BHK
Bengaluru,ITPL,3,1330,11800000,8872.180451127819,3 BHK
Bengaluru,Whitefield Hope Farm Junction,3,1815,15000000,8264.462809917355,3 BHK
Bengaluru,ITPL,3,1763,13799999,7827.566080544527,3 BHK
Bengaluru,Brookefield,3,1397,11100000,7945.597709377237,3 BHK
Bengaluru,Varthur,3,2321,17100000,7367.514002585092,3 BHK
Bengaluru,Varthur,2,1216,9100000,7483.5526315789475,2 BHK
Bengaluru,Varthur,4,2830,20000000,7067.137809187279,4 BHK
Bengaluru,KPC Layout,3,1917,13400000,6990.088680229525,3 BHK
Bengaluru,Chikkagubbi on Hennur Main Road,3,1560,9700000,6217.948717948718,3 BHK
Bengaluru,Chikkagubbi on Hennur Main Road,3,1450,9100000,6275.862068965517,3 BHK
Bengaluru,Chikkagubbi on Hennur Main Road,2,1200,7500000,6250.0,2 BHK
Bengaluru,Narayanapura on Hennur Main Road,3,1650,11399999,6909.090303030303,3 BHK
Bengaluru,Narayanapura on Hennur Main Road,3,1490,9800000,6577.181208053691,3 BHK
Bengaluru,Narayanapura on Hennur Main Road,2,1240,8100000,6532.258064516129,2 BHK
Bengaluru,Whitefield Hope Farm Junction,2,1325,4505000,3400.0,2 BHK
Bengaluru,Whitefield Hope Farm Junction,3,1480,5032000,3400.0,3 BHK
Bengaluru,Whitefield Hope Farm Junction,2,1155,3927000,3400.0,2 BHK
Bengaluru,Whitefield Hope Farm Junction,2,1285,4369000,3400.0,2 BHK
Bengaluru,Whitefield Hope Farm Junction,3,1515,5151000,3400.0,3 BHK
Bengaluru,Whitefield Hope Farm Junction,2,1280,4352000,3400.0,2 BHK
Bengaluru,Whitefield Hope Farm Junction,2,1290,4386000,3400.0,2 BHK
Bengaluru,Whitefield Hope Farm Junction,2,1190,4046000,3400.0,2 BHK
Bengaluru,Harlur,3,1460,10600000,7260.273972602739,3 BHK
Bengaluru,Konanakunte,2,1230,9800000,7967.4796747967475,2 BHK
Bengaluru,Yerthiganahalli,2,1274,9799000,7691.522762951335,2 BHK
Bengaluru,Harlur,2,1220,8863000,7264.754098360656,2 BHK
Bengaluru,Konanakunte,3,1591,13799999,8673.789440603394,3 BHK
Bengaluru,JP Nagar Phase 8,2,1230,8500000,6910.569105691057,2 BHK
Bengaluru,KPC Layout,3,1445,10600000,7335.640138408305,3 BHK
Bengaluru,Badamanavarthekaval,2,1419,6584999,4640.5912614517265,2 BHK
Bengaluru,KPC Layout,3,1787,12700000,7106.88304420817,3 BHK
Bengaluru,Gottigere,3,1709,9050000,5295.49444119368,3 BHK
Bengaluru,Talaghattapura,3,1590,8500000,5345.911949685535,3 BHK
Bengaluru,Gottigere,2,1330,7000000,5263.1578947368425,2 BHK
Bengaluru,Gottigere,3,1709,9050000,5295.49444119368,3 BHK
Bengaluru,J. P. Nagar,2,1104,6698999,6067.933876811594,2 BHK
Bengaluru,Konanakunte,2,1220,5499000,4507.377049180328,2 BHK
Bengaluru,Kanakapura,3,1489,9000000,6044.325050369375,3 BHK
Bengaluru,Gottigere,2,1299,6800000,5234.795996920709,2 BHK
Bengaluru,Kanakapura,3,1843,8499000,4611.5029842647855,3 BHK
Bengaluru,Talaghattapura,2,1270,6498999,5117.322047244094,2 BHK
Bengaluru,Kanakapura,2,1257,6498999,5170.245823389021,2 BHK
Bengaluru,Subramanyapura,2,1195,6800000,5690.376569037657,2 BHK
Bengaluru,Subramanyapura,2,1165,7800000,6695.278969957081,2 BHK
Bengaluru,Kanakapura,2,1340,7800000,5820.895522388059,2 BHK
Bengaluru,Kanakapura,2,1339,7800000,5825.242718446602,2 BHK
Bengaluru,Uttarahalli,3,2220,22500000,10135.135135135135,3 BHK
Bengaluru,Uttarahalli,3,2243,24000000,10699.95541685243,3 BHK
Bengaluru,Bannerughatta,3,1776,17200000,9684.684684684684,3 BHK
Bengaluru,Bilekahalli,3,2370,22500000,9493.67088607595,3 BHK
Bengaluru,Subramanyapura,3,1603,9000000,5614.47286338116,3 BHK
Bengaluru,Varthur,3,1410,6133000,4349.645390070922,3 BHK
Bengaluru,Varthur,3,1475,6416000,4349.830508474576,3 BHK
Bengaluru,Varthur,2,990,4306000,4349.49494949495,2 BHK
Bengaluru,Varthur,2,1120,4872000,4350.0,2 BHK
Bengaluru,Varthur,2,1150,5002000,4349.565217391304,2 BHK
Bengaluru,Varthur,3,1690,7351000,4349.704142011834,3 BHK
Bengaluru,Varthur,2,1060,4611000,4350.0,2 BHK
Bengaluru,Varthur,3,1595,6938000,4349.843260188088,3 BHK
Bengaluru,Hennur,2,1471,5972000,4059.8232494901426,2 BHK
Bengaluru,Banashankari,3,1340,5100000,3805.9701492537315,3 BHK
Bengaluru,Banashankari,3,1340,4600000,3432.8358208955224,3 BHK
Bengaluru,Kogilu,3,1773,12000000,6768.18950930626,3 BHK
Bengaluru,Kogilu,3,1811,12200000,6736.609607951408,3 BHK
Bengaluru,Kogilu,2,1483,10200000,6877.950101146325,2 BHK
Bengaluru,Kogilu,3,1816,12400000,6828.193832599119,3 BHK
Bengaluru,Kogilu,2,1389,9595000,6907.8473722102235,2 BHK
Bengaluru,Kogilu,3,1761,11900000,6757.524134014764,3 BHK
Bengaluru,Electronics City,2,1260,5050000,4007.936507936508,2 BHK
Bengaluru,Electronics City,1,920,3735000,4059.782608695652,1 BHK
Bengaluru,Bommasandra,3,1295,5180000,4000.0,3 BHK
Bengaluru,Bommasandra,2,920,3700000,4021.7391304347825,2 BHK
Bengaluru,Electronics City,3,1260,5050000,4007.936507936508,3 BHK
Bengaluru,Jigani,2,920,3735000,4059.782608695652,2 BHK
Bengaluru,Bommasandra,2,920,3735000,4059.782608695652,2 BHK
Bengaluru,Jigani,2,920,3735000,4059.782608695652,2 BHK
Bengaluru,Electronics City,2,920,3734000,4058.695652173913,2 BHK
Bengaluru,Electronics City,2,1015,4099000,4038.423645320197,2 BHK
Bengaluru,Jigani,2,1015,4099000,4038.423645320197,2 BHK
Bengaluru,RR Nagar,2,1143,4800000,4199.475065616798,2 BHK
Bengaluru,RR Nagar,3,1551,6514000,4199.871050934881,3 BHK
Bengaluru,RR Nagar,2,1196,5000000,4180.602006688963,2 BHK
Bengaluru,RR Nagar,3,1530,5202000,3400.0,3 BHK
Bengaluru,RR Nagar,2,1306,4440000,3399.6937212863704,2 BHK
Bengaluru,RR Nagar,3,1693,5739000,3389.84051978736,3 BHK
Bengaluru,RR Nagar,3,1530,6426000,4200.0,3 BHK
Bengaluru,RR Nagar,3,1540,5800000,3766.2337662337663,3 BHK
Bengaluru,RR Nagar,2,1419,6028000,4248.062015503876,2 BHK
Bengaluru,RR Nagar,2,1200,4400000,3666.6666666666665,2 BHK
Bengaluru,RR Nagar,3,1530,6400000,4183.006535947712,3 BHK
Bengaluru,RR Nagar,2,1267,5380000,4246.250986582479,2 BHK
Bengaluru,RR Nagar,3,1530,6466000,4226.143790849673,3 BHK
Bengaluru,RR Nagar,3,1551,5257000,3389.4261766602194,3 BHK
Bengaluru,RR Nagar,3,1527,6413000,4199.738048461035,3 BHK
Bengaluru,RR Nagar,2,1200,5040000,4200.0,2 BHK
Bengaluru,RR Nagar,2,1306,5485000,4199.846860643185,2 BHK
Bengaluru,RR Nagar,3,1530,6459999,4222.221568627451,3 BHK
Bengaluru,RR Nagar,2,1187,4440000,3740.5223251895536,2 BHK
Bengaluru,RR Nagar,2,1419,5959000,4199.436222692037,2 BHK
Bengaluru,RR Nagar,2,1530,6400000,4183.006535947712,2 BHK
Bengaluru,RR Nagar,2,1196,5023000,4199.832775919733,2 BHK
Bengaluru,RR Nagar,2,1295,5400000,4169.88416988417,2 BHK
Bengaluru,RR Nagar,2,1303,5400000,4144.282425172679,2 BHK
Bengaluru,RR Nagar,2,1196,4784000,4000.0,2 BHK
Bengaluru,RR Nagar,2,1143,4800000,4199.475065616798,2 BHK
Bengaluru,Electronic City Phase 2,2,1068,3897999,3649.811797752809,2 BHK
Bengaluru,Bommasandra,2,920,3761999,4089.129347826087,2 BHK
Bengaluru,Bommasandra,2,1005,4110000,4089.5522388059703,2 BHK
Bengaluru,Bommasandra,2,1005,4000000,3980.0995024875624,2 BHK
Bengaluru,Bommasandra,2,975,3958000,4059.4871794871797,2 BHK
Bengaluru,Bommasandra,2,920,3735000,4059.782608695652,2 BHK
Bengaluru,Bommasandra,2,1005,4079999,4059.700497512438,2 BHK
Bengaluru,Bommasandra,2,975,3929000,4029.74358974359,2 BHK
Bengaluru,Bommasandra,2,955,3820000,4000.0,2 BHK
Bengaluru,Bommasandra,2,1055,4220000,4000.0,2 BHK
Bengaluru,Bommasandra,2,1005,4020000,4000.0,2 BHK
Bengaluru,Bommasandra,3,1260,5077000,4029.3650793650795,3 BHK
Bengaluru,Devanahalli,2,1000,4500000,4500.0,2 BHK
Bengaluru,Devanahalli,2,1000,4400000,4400.0,2 BHK
Bengaluru,Bilekahalli,3,1792,15200000,8482.142857142857,3 BHK
Bengaluru,Bilekahalli,4,3012,25600000,8499.33598937583,4 BHK
Bengaluru,Bilekahalli,3,2370,20099999,8481.01223628692,3 BHK
Bengaluru,Kudlu,3,1850,11900000,6432.4324324324325,3 BHK
Bengaluru,Kudlu,3,1850,12100000,6540.540540540541,3 BHK
Bengaluru,Kudlu,3,1850,12300000,6648.648648648648,3 BHK
Bengaluru,Kudlu,3,1850,12300000,6648.648648648648,3 BHK
Bengaluru,Horamavu,2,1100,4100000,3727.2727272727275,2 BHK
Bengaluru,Begur,2,1198,6830000,5701.168614357262,2 BHK
Bengaluru,Begur,2,1198,6750000,5634.390651085142,2 BHK
Bengaluru,Begur,2,1197,6800000,5680.868838763576,2 BHK
Bengaluru,Narayanapura on Hennur Main Road,3,1482,10000000,6747.638326585695,3 BHK
Bengaluru,Narayanapura on Hennur Main Road,2,1232,8250000,6696.428571428572,2 BHK
Bengaluru,Devanahalli,2,1000,3840000,3840.0,2 BHK
Bengaluru,Narayanapura on Hennur Main Road,3,1691,11600000,6859.846244825547,3 BHK
Bengaluru,Devanahalli,2,1000,3800000,3800.0,2 BHK
Bengaluru,Narayanapura on Hennur Main Road,2,1232,8200000,6655.8441558441555,2 BHK
Bengaluru,Narayanapura on Hennur Main Road,3,1691,11500000,6800.709639266706,3 BHK
Bengaluru,Devanahalli,2,1000,4000000,4000.0,2 BHK
Bengaluru,Devanahalli,2,1000,3847999,3847.999,2 BHK
Bengaluru,Narayanapura on Hennur Main Road,2,1232,8300000,6737.012987012987,2 BHK
Bengaluru,Narayanapura on Hennur Main Road,3,1691,12000000,7096.392667060911,3 BHK
Bengaluru,Devanahalli,2,1000,3835000,3835.0,2 BHK
Bengaluru,Narayanapura on Hennur Main Road,2,1232,8100000,6574.675324675325,2 BHK
Bengaluru,Devanahalli,2,1000,3825000,3825.0,2 BHK
Bengaluru,Devanahalli,2,1000,3865000,3865.0,2 BHK
Bengaluru,Bommasandra,2,1005,3900000,3880.597014925373,2 BHK
Bengaluru,Bommasandra,2,1055,4100000,3886.2559241706163,2 BHK
Bengaluru,Bommasandra,2,1000,4000000,4000.0,2 BHK
Bengaluru,Bommasandra,3,1365,5300000,3882.7838827838827,3 BHK
Bengaluru,Bommasandra,2,1050,4100000,3904.7619047619046,2 BHK
Bengaluru,Narayanapura on Hennur Main Road,3,1600,13400000,8375.0,3 BHK
Bengaluru,Narayanapura on Hennur Main Road,3,1600,13500000,8437.5,3 BHK
Bengaluru,Narayanapura on Hennur Main Road,3,1500,13500000,9000.0,3 BHK
Bengaluru,Muneshwara Nagar,3,1300,8450000,6500.0,3 BHK
Bengaluru,Muneshwara Nagar,3,1230,7995000,6500.0,3 BHK
Bengaluru,Muneshwara Nagar,3,1305,8874000,6800.0,3 BHK
Bengaluru,Muneshwara Nagar,3,1195,7767000,6499.581589958159,3 BHK
Bengaluru,BTM Layout,3,1545,13899999,8996.763106796116,3 BHK
Bengaluru,BTM Layout,3,2240,20099999,8973.213839285714,3 BHK
Bengaluru,BTM Layout,3,1750,15700000,8971.42857142857,3 BHK
Bengaluru,Nayandahalli,3,1520,9800000,6447.368421052632,3 BHK
Bengaluru,Nayandahalli,2,1180,7650000,6483.050847457627,2 BHK
Bengaluru,Nayandahalli,2,1180,7200000,6101.6949152542375,2 BHK
Bengaluru,Nayandahalli,3,1520,10200000,6710.526315789473,3 BHK
Bengaluru,Nayandahalli,3,1933,12800000,6621.831350232799,3 BHK
Bengaluru,Nayandahalli,3,1826,12600000,6900.328587075575,3 BHK
Bengaluru,Nayandahalli,3,1749,13600000,7775.871926815323,3 BHK
Bengaluru,Nayandahalli,3,1749,12600000,7204.116638078902,3 BHK
Bengaluru,Nayandahalli,3,1739,12400000,7130.534790109258,3 BHK
Bengaluru,Whitefield Hope Farm Junction,2,1145,4751000,4149.344978165939,2 BHK
Bengaluru,Whitefield Hope Farm Junction,2,1100,4565000,4150.0,2 BHK
Bengaluru,RR Nagar,3,1590,9222000,5800.0,3 BHK
Bengaluru,Muneshwara Nagar,3,1305,8874000,6800.0,3 BHK
Bengaluru,Muneshwara Nagar,3,1300,8450000,6500.0,3 BHK
Bengaluru,BTM Layout,3,1730,15500000,8959.537572254336,3 BHK
Bengaluru,R T  Nagar,3,1480,9000000,6081.081081081081,3 BHK
Bengaluru,Kuvempu Layout on Hennur Main Road,3,1865,11399999,6112.6,3 BHK
Bengaluru,Kuvempu Layout on Hennur Main Road,3,1865,11200000,6005.361930294906,3 BHK
Bengaluru,Kuvempu Layout on Hennur Main Road,3,1865,11500000,6166.219839142092,3 BHK
Bengaluru,Begur,2,1241,7600000,6124.093473005641,2 BHK
Bengaluru,Begur,2,1232,7300000,5925.324675324675,2 BHK
Bengaluru,Begur,2,1221,7450000,6101.556101556102,2 BHK
Bengaluru,Begur,2,1220,7300000,5983.606557377049,2 BHK
Bengaluru,Begur,2,1210,7000000,5785.123966942148,2 BHK
Bengaluru,Begur,3,1375,7950000,5781.818181818182,3 BHK
Bengaluru,Begur,3,1368,8350000,6103.801169590643,3 BHK
Bengaluru,Begur,3,1375,8250000,6000.0,3 BHK
Bengaluru,Begur,3,1368,8050000,5884.502923976608,3 BHK
Bengaluru,Begur,3,1366,7800000,5710.102489019034,3 BHK
Bengaluru,Begur,3,1358,7800000,5743.740795287187,3 BHK
Bengaluru,Begur,2,1241,7800000,6285.25382755842,2 BHK
Bengaluru,Begur,2,1232,7450000,6047.077922077922,2 BHK
Bengaluru,Bommasandra,2,1055,4000000,3791.4691943127964,2 BHK
Bengaluru,Bommasandra,4,1055,4100000,3886.2559241706163,4 BHK
Bengaluru,Bommasandra,2,1020,4100000,4019.607843137255,2 BHK
Bengaluru,Bommasandra,2,1055,4200000,3981.042654028436,2 BHK
Bengaluru,Bommasandra,1,920,3735000,4059.782608695652,1 BHK
Bengaluru,Jigani,1,920,3735000,4059.782608695652,1 BHK
Bengaluru,Bommasandra,1,920,3735000,4059.782608695652,1 BHK
Bengaluru,Bommasandra,2,1260,5050000,4007.936507936508,2 BHK
Bengaluru,Bommasandra,3,1260,5100000,4047.6190476190477,3 BHK
Bengaluru,Bommasandra,2,1015,4000000,3940.886699507389,2 BHK
Bengaluru,Bommasandra,2,1055,4200000,3981.042654028436,2 BHK
Bengaluru,Bommasandra,3,1280,5075000,3964.84375,3 BHK
Bengaluru,Bommasandra,2,1005,3975000,3955.223880597015,2 BHK
Bengaluru,Bommasandra,2,1005,4000000,3980.0995024875624,2 BHK
Bengaluru,Bommasandra,2,1055,4100000,3886.2559241706163,2 BHK
Bengaluru,Bommasandra,3,1280,5100000,3984.375,3 BHK
Bengaluru,Bommasandra,2,1053,4100000,3893.6372269705603,2 BHK
Bengaluru,Bommasandra,2,1054,4100000,3889.943074003795,2 BHK
Bengaluru,Bommasandra,3,1361,5300000,3894.195444526084,3 BHK
Bengaluru,BTM Layout,3,1750,15700000,8971.42857142857,3 BHK
Bengaluru,Electronic City Phase 2,2,788,2876000,3649.746192893401,2 BHK
Bengaluru,Electronic City Phase 2,2,718,2620000,3649.025069637883,2 BHK
Bengaluru,Electronic City Phase 2,2,1005,3668000,3649.7512437810947,2 BHK
Bengaluru,Electronic City Phase 2,3,1332,4861000,3649.3993993993995,3 BHK
Bengaluru,Kadugodi Industrial Area,2,1215,4900000,4032.9218106995886,2 BHK
Bengaluru,Narayanapura on Hennur Main Road,3,1482,10500000,7085.0202429149795,3 BHK
Bengaluru,Narayanapura on Hennur Main Road,2,1346,9614000,7142.644873699852,2 BHK
Bengaluru,Narayanapura on Hennur Main Road,2,1232,8800000,7142.857142857143,2 BHK
Bengaluru,Whitefield Hope Farm Junction,3,1745,5933000,3400.0,3 BHK
Bengaluru,Whitefield Hope Farm Junction,3,1660,5644000,3400.0,3 BHK
Bengaluru,Kudlu,3,1850,11800000,6378.378378378378,3 BHK
Bengaluru,Kudlu,3,1850,12200000,6594.594594594595,3 BHK
Bengaluru,Kudlu,3,1850,12500000,6756.756756756757,3 BHK
Bengaluru,Kudlu,3,1850,11500000,6216.216216216216,3 BHK
Bengaluru,Kannur on Thanisandra Main Road,2,1209,5561000,4599.669148056245,2 BHK
Bengaluru,Kannur on Thanisandra Main Road,2,1238,5694000,4599.35379644588,2 BHK
Bengaluru,Kannur on Thanisandra Main Road,2,1250,5750000,4600.0,2 BHK
Bengaluru,Kannur on Thanisandra Main Road,2,1195,5497000,4600.0,2 BHK
Bengaluru,Kannur on Thanisandra Main Road,2,1223,5625000,4599.345870809485,2 BHK
Bengaluru,Kannur on Thanisandra Main Road,2,1113,7356000,6609.1644204851755,2 BHK
Bengaluru,Kannur on Thanisandra Main Road,2,1040,6916000,6650.0,2 BHK
Bengaluru,Kannur on Thanisandra Main Road,2,1183,7778000,6574.809805579036,2 BHK
Bengaluru,Kannur on Thanisandra Main Road,2,1129,7452000,6600.531443755536,2 BHK
Bengaluru,Kannur on Thanisandra Main Road,2,1125,7428000,6602.666666666667,2 BHK
Bengaluru,Kannur on Thanisandra Main Road,2,1199,7873999,6567.138448707256,2 BHK
Bengaluru,Sahakar Nagar,4,4450,44900000,10089.887640449439,4 BHK
Bengaluru,Sahakar Nagar,4,4310,43400000,10069.605568445475,4 BHK
Bengaluru,Sahakar Nagar,4,4000,40300000,10075.0,4 BHK
Bengaluru,Marathahalli,3,1901,19300000,10152.55128879537,3 BHK
Bengaluru,Marathahalli,3,3029,30900000,10201.386596236382,3 BHK
Bengaluru,ITPL,3,1447,17500000,12093.987560469937,3 BHK
Bengaluru,ITPL,4,2293,25000000,10902.747492368077,4 BHK
Bengaluru,Kothanur,2,1170,5500000,4700.854700854701,2 BHK
Bengaluru,Sarjapur Road Wipro To Railway Crossing,3,1685,9267000,5499.703264094956,3 BHK
Bengaluru,Sarjapur Road Wipro To Railway Crossing,3,1585,8717000,5499.6845425867505,3 BHK
Bengaluru,Sarjapur Road Wipro To Railway Crossing,3,1463,8045999,5499.657552973343,3 BHK
Bengaluru,Thanisandra,2,1047,5339000,5099.331423113658,2 BHK
Bengaluru,Thanisandra,2,1030,5253000,5100.0,2 BHK
Bengaluru,Thanisandra,3,1586,8088000,5099.621689785624,3 BHK
Bengaluru,Thanisandra,3,1387,7073000,5099.495313626532,3 BHK
Bengaluru,Thanisandra,2,1254,6395000,5099.681020733652,2 BHK
Bengaluru,Thanisandra,3,1426,7272000,5099.579242636746,3 BHK
Bengaluru,Thanisandra,3,1394,7109000,5099.713055954089,3 BHK
Bengaluru,Thanisandra,3,1430,7293000,5100.0,3 BHK
Bengaluru,Thanisandra,3,1501,7655000,5099.933377748168,3 BHK
Bengaluru,Thanisandra,3,1335,6808000,5099.625468164794,3 BHK
Bengaluru,Whitefield Hope Farm Junction,3,1835,11600000,6321.5258855585835,3 BHK
Bengaluru,Whitefield Hope Farm Junction,3,1850,11700000,6324.324324324324,3 BHK
Bengaluru,Whitefield Hope Farm Junction,3,1860,11700000,6290.322580645161,3 BHK
Bengaluru,Whitefield Hope Farm Junction,3,1765,11200000,6345.609065155807,3 BHK
Bengaluru,Whitefield Hope Farm Junction,3,1830,11500000,6284.153005464481,3 BHK
Bengaluru,Whitefield Hope Farm Junction,3,1730,11000000,6358.381502890174,3 BHK
Bengaluru,RR Nagar,3,1393,7900000,5671.213208901651,3 BHK
Bengaluru,RMV Extension Stage 2,3,1800,16500000,9166.666666666666,3 BHK
Bengaluru,Kudlu,1,720,3024000,4200.0,1 BHK
Bengaluru,Kudlu,2,1250,5250000,4200.0,2 BHK
Bengaluru,Kudlu,2,1225,5145000,4200.0,2 BHK
Bengaluru,Kudlu,2,1190,4998000,4200.0,2 BHK
Bengaluru,Kudlu,2,1200,5040000,4200.0,2 BHK
Bengaluru,Kudlu,2,1100,4620000,4200.0,2 BHK
Bengaluru,Electronic City Phase 2,2,1140,3420000,3000.0,2 BHK
Bengaluru,Electronic City Phase 2,2,940,2820000,3000.0,2 BHK
Bengaluru,Electronic City Phase 2,3,1320,3960000,3000.0,3 BHK
Bengaluru,Electronic City Phase 2,2,1160,3479999,2999.9991379310345,2 BHK
Bengaluru,Electronic City Phase 2,2,960,2880000,3000.0,2 BHK
Bengaluru,Electronic City Phase 2,2,1060,3180000,3000.0,2 BHK
Bengaluru,Horamavu,2,1140,5100000,4473.684210526316,2 BHK
Bengaluru,Krishnarajapura,2,1080,5250000,4861.111111111111,2 BHK
Bengaluru,Kadugodi,3,1555,8230000,5292.604501607717,3 BHK
Bengaluru,Varthur,2,960,5400000,5625.0,2 BHK
Bengaluru,Krishnarajapura,2,1225,5400000,4408.163265306122,2 BHK
Bengaluru,Kadugodi,3,1555,8500000,5466.237942122187,3 BHK
Bengaluru,Kadugodi,3,1555,8600000,5530.546623794212,3 BHK
Bengaluru,Sarjapur Road Wipro To Railway Crossing,3,1576,10200000,6472.081218274112,3 BHK
Bengaluru,Sarjapur Road Wipro To Railway Crossing,3,1709,11100000,6495.026331187829,3 BHK
Bengaluru,Sarjapur Road Wipro To Railway Crossing,3,1550,10000000,6451.612903225807,3 BHK
Bengaluru,Sarjapur Road Wipro To Railway Crossing,3,1813,11700000,6453.392167677882,3 BHK
Bengaluru,Sarjapur Road Wipro To Railway Crossing,3,1746,11299999,6471.935280641466,3 BHK
Bengaluru,Sarjapur Road Wipro To Railway Crossing,3,1717,11100000,6464.764123471171,3 BHK
Bengaluru,Sarjapur Road Wipro To Railway Crossing,3,1665,10800000,6486.486486486487,3 BHK
Bengaluru,Sarjapur Road Wipro To Railway Crossing,3,1657,10700000,6457.453228726615,3 BHK
Bengaluru,Sarjapur Road Wipro To Railway Crossing,3,1773,11500000,6486.181613085167,3 BHK
Bengaluru,Marathahalli,4,2600,26200000,10076.923076923076,4 BHK
Bengaluru,Marathahalli,4,3590,36200000,10083.565459610028,4 BHK
Bengaluru,Marathahalli,4,3701,37500000,10132.396649554175,4 BHK
Bengaluru,Marathahalli,4,3170,31700000,10000.0,4 BHK
Bengaluru,Marathahalli,4,2807,28400000,10117.563234770218,4 BHK
Bengaluru,Kanakapura Road Beyond Nice Ring Road,3,1462,7262000,4967.168262653899,3 BHK
Bengaluru,Kanakapura Road Beyond Nice Ring Road,2,1172,6659999,5682.59300341297,2 BHK
Bengaluru,Kanakapura Road Beyond Nice Ring Road,3,1478,8087000,5471.5832205683355,3 BHK
Bengaluru,Kanakapura Road Beyond Nice Ring Road,2,1251,6213000,4966.4268585131895,2 BHK
Bengaluru,Kanakapura Road Beyond Nice Ring Road,3,1589,7840000,4933.920704845815,3 BHK
Bengaluru,Kanakapura Road Beyond Nice Ring Road,3,1629,8897000,5461.632903621854,3 BHK
Bengaluru,JP Nagar Phase 7,4,3012,29300000,9727.755644090306,4 BHK
Bengaluru,RR Nagar,3,1901,9999000,5259.863229879011,3 BHK
Bengaluru,ITPL,1,1011,4550000,4500.494559841741,1 BHK
Bengaluru,Konanakunte,4,3517,40400000,11487.06283764572,4 BHK
Bengaluru,Konanakunte,3,2883,33100000,11481.09608047173,3 BHK
Bengaluru,Konanakunte,4,3498,40199999,11492.281017724414,4 BHK
Bengaluru,Konanakunte,4,3621,41600000,11488.539077602873,4 BHK
Bengaluru,Konanakunte,3,2929,33600000,11471.491976783886,3 BHK
Bengaluru,Konanakunte,3,2791,32000000,11465.42457900394,3 BHK
Bengaluru,Kanakapura Road Beyond Nice Ring Road,2,1178,5771000,4898.9813242784385,2 BHK
Bengaluru,Kanakapura Road Beyond Nice Ring Road,2,1309,6412000,4898.395721925133,2 BHK
Bengaluru,Kanakapura Road Beyond Nice Ring Road,3,1707,8362000,4898.652606912712,3 BHK
Bengaluru,Kanakapura Road Beyond Nice Ring Road,2,1304,6388000,4898.773006134969,2 BHK
Bengaluru,Kanakapura Road Beyond Nice Ring Road,1,765,3747000,4898.0392156862745,1 BHK
Bengaluru,Kanakapura Road Beyond Nice Ring Road,3,1492,7309000,4898.793565683646,3 BHK
Bengaluru,Kanakapura Road Beyond Nice Ring Road,2,1093,5354000,4898.444647758463,2 BHK
Bengaluru,Kanakapura Road Beyond Nice Ring Road,1,938,4595000,4898.720682302772,1 BHK
Bengaluru,Kanakapura Road Beyond Nice Ring Road,3,1699,8323000,4898.7639788110655,3 BHK
Bengaluru,Kanakapura Road Beyond Nice Ring Road,3,1500,7348000,4898.666666666667,3 BHK
Bengaluru,Kanakapura Road Beyond Nice Ring Road,3,1938,9494000,4898.864809081528,3 BHK
Bengaluru,Kanakapura Road Beyond Nice Ring Road,3,1477,7234999,4898.44211238998,3 BHK
Bengaluru,Kanakapura Road Beyond Nice Ring Road,2,1274,6241000,4898.7441130298275,2 BHK
Bengaluru,Kanakapura Road Beyond Nice Ring Road,2,1075,5266000,4898.604651162791,2 BHK
Bengaluru,Kanakapura Road Beyond Nice Ring Road,2,1017,4982000,4898.721730580138,2 BHK
Bengaluru,Kanakapura Road Beyond Nice Ring Road,3,1738,8514000,4898.734177215189,3 BHK
Bengaluru,Kanakapura Road Beyond Nice Ring Road,2,1283,6285000,4898.674980514419,2 BHK
Bengaluru,Kanakapura Road Beyond Nice Ring Road,2,1257,6158000,4898.965791567223,2 BHK
Bengaluru,Kanakapura Road Beyond Nice Ring Road,1,712,3488000,4898.876404494382,1 BHK
Bengaluru,Kanakapura Road Beyond Nice Ring Road,2,1120,8234999,7352.677678571428,2 BHK
Bengaluru,Kanakapura Road Beyond Nice Ring Road,3,1450,10600000,7310.3448275862065,3 BHK
Bengaluru,Kanakapura Road Beyond Nice Ring Road,2,1180,8676000,7352.542372881356,2 BHK
Bengaluru,Kanakapura Road Beyond Nice Ring Road,1,770,5661000,7351.948051948052,1 BHK
Bengaluru,Kanakapura Road Beyond Nice Ring Road,3,1430,10500000,7342.657342657342,3 BHK
Bengaluru,Kanakapura Road Beyond Nice Ring Road,2,1300,9558000,7352.307692307692,2 BHK
Bengaluru,Kanakapura Road Beyond Nice Ring Road,3,1630,11900000,7300.613496932516,3 BHK
Bengaluru,Kanakapura Road Beyond Nice Ring Road,2,1210,8897000,7352.892561983471,2 BHK
Bengaluru,Kanakapura Road Beyond Nice Ring Road,2,950,6984999,7352.630526315789,2 BHK
Bengaluru,Kanakapura Road Beyond Nice Ring Road,3,1480,10800000,7297.2972972972975,3 BHK
Bengaluru,Kanakapura Road Beyond Nice Ring Road,2,1260,9264000,7352.380952380952,2 BHK
Bengaluru,Kanakapura Road Beyond Nice Ring Road,2,1010,7426000,7352.475247524752,2 BHK
Bengaluru,Kanakapura Road Beyond Nice Ring Road,3,1530,11200000,7320.261437908497,3 BHK
Bengaluru,Kanakapura Road Beyond Nice Ring Road,3,1600,11700000,7312.5,3 BHK
Bengaluru,Kanakapura Road Beyond Nice Ring Road,1,680,5000000,7352.941176470588,1 BHK
Bengaluru,Kanakapura Road Beyond Nice Ring Road,1,910,6691000,7352.747252747253,1 BHK
Bengaluru,Electronic City Phase 2,3,1310,4800000,3664.1221374045804,3 BHK
Bengaluru,RR Nagar,3,2350,13500000,5744.68085106383,3 BHK
Bengaluru,Rajajinagar,4,4053,68700000,16950.40710584752,4 BHK
Bengaluru,Nelamangala,2,814,4359000,5355.036855036855,2 BHK
Bengaluru,Jalahalli,3,1405,8570000,6099.644128113879,3 BHK
Bengaluru,Whitefield,4,3613,23500000,6504.290063659009,4 BHK
Bengaluru,Yelahanka,3,1545,9900000,6407.766990291262,3 BHK
Bengaluru,Rajajinagar,3,2678,46100000,17214.339058999252,3 BHK
Bengaluru,Nelamangala,3,966,5055000,5232.919254658385,3 BHK
Bengaluru,Nelamangala,3,1286,6819000,5302.48833592535,3 BHK
Bengaluru,Nelamangala,2,708,3872999,5470.337570621469,2 BHK
Bengaluru,Horamavu,1,930,4371000,4700.0,1 BHK
Bengaluru,Horamavu,1,930,4371000,4700.0,1 BHK
Bengaluru,Horamavu,1,1040,4888000,4700.0,1 BHK
Bengaluru,Horamavu,2,975,4582000,4699.48717948718,2 BHK
Bengaluru,Horamavu,2,1028,4831000,4699.416342412452,2 BHK
Bengaluru,Horamavu,2,1031,4845000,4699.321047526673,2 BHK
Bengaluru,Horamavu,2,1033,4855000,4699.903194578897,2 BHK
Bengaluru,Horamavu,1,1407,5200000,3695.806680881308,1 BHK
Bengaluru,Ramamurthy Nagar,1,905,4163000,4600.0,1 BHK
Bengaluru,ITPL,1,1107,4950000,4471.544715447155,1 BHK
Bengaluru,Ramamurthy Nagar,1,1030,4738000,4600.0,1 BHK
Bengaluru,Jakkur,2,1151,6655000,5781.928757602085,2 BHK
Bengaluru,Jakkur,2,1295,7476000,5772.972972972973,2 BHK
Bengaluru,Jakkur,3,1696,9762000,5755.896226415094,3 BHK
Bengaluru,Jakkur,3,1700,9785000,5755.882352941177,3 BHK
Bengaluru,RMV,3,2700,17900000,6629.62962962963,3 BHK
Bengaluru,Sahakar Nagar,3,1900,16000000,8421.052631578947,3 BHK
Bengaluru,Hebbal,3,2000,16500000,8250.0,3 BHK
Bengaluru,Hebbal,2,2700,28000000,10370.37037037037,2 BHK
Bengaluru,Sanjaynagar,3,2200,18500000,8409.09090909091,3 BHK
Bengaluru,Narayanapura on Hennur Main Road,2,1178,5301000,4500.0,2 BHK
Bengaluru,Jalahalli,3,1500,8900000,5933.333333333333,3 BHK
Bengaluru,Doddanekundi,2,1350,6061000,4489.62962962963,2 BHK
Bengaluru,Doddanekundi,3,1650,7408000,4489.69696969697,3 BHK
Bengaluru,Doddanekundi,3,1355,6083000,4489.29889298893,3 BHK
Bengaluru,Doddanekundi,2,1325,5949000,4489.811320754717,2 BHK
Bengaluru,Doddanekundi,2,1260,5657000,4489.68253968254,2 BHK
Bengaluru,Doddanekundi,2,1225,5500000,4489.7959183673465,2 BHK
Bengaluru,Doddanekundi,2,1300,5837000,4490.0,2 BHK
Bengaluru,Kumbalgodu,3,1082,5848000,5404.805914972274,3 BHK
Bengaluru,Kumbalgodu,2,883,5089000,5763.306908267271,2 BHK
Bengaluru,Kumbalgodu,2,800,4789000,5986.25,2 BHK
Bengaluru,JP Nagar Phase 4,4,4622,50100000,10839.463435742104,4 BHK
Bengaluru,Begur,2,1097,4600000,4193.254329990884,2 BHK
Bengaluru,Begur,2,1076,4500000,4182.156133828997,2 BHK
Bengaluru,Begur,2,1235,5150000,4170.04048582996,2 BHK
Bengaluru,Nelamangala,2,1163,6233000,5359.415305245056,2 BHK
Bengaluru,Yelahanka,3,1560,10100000,6474.358974358975,3 BHK
Bengaluru,Krishnarajapura,1,538,3500000,6505.576208178439,1 BHK
Bengaluru,Krishnarajapura,3,1873,11600000,6193.272824345969,3 BHK
Bengaluru,Begur,3,1476,9335000,6324.525745257452,3 BHK
Bengaluru,Begur,3,1265,8001000,6324.901185770751,3 BHK
Bengaluru,Begur,3,1527,9658000,6324.819908316961,3 BHK
Bengaluru,Krishnarajapura,1,538,3500000,6505.576208178439,1 BHK
Bengaluru,Junnasandra,3,1891,11600000,6134.320465362242,3 BHK
Bengaluru,Junnasandra,3,1877,11399999,6073.521044219499,3 BHK
Bengaluru,Junnasandra,3,1845,11000000,5962.059620596206,3 BHK
Bengaluru,Junnasandra,3,1888,11500000,6091.1016949152545,3 BHK
Bengaluru,Junnasandra,3,1892,11700000,6183.932346723044,3 BHK
Bengaluru,Junnasandra,3,1798,10800000,6006.6740823136815,3 BHK
Bengaluru,Junnasandra,3,1862,11200000,6015.037593984963,3 BHK
Bengaluru,Jalahalli,2,1216,5900000,4851.973684210527,2 BHK
Bengaluru,Jalahalli,3,1340,8500000,6343.2835820895525,3 BHK
Bengaluru,Whitefield,4,3628,23600000,6504.961411245866,4 BHK
Bengaluru,Devanahalli,2,1000,3800000,3800.0,2 BHK
Bengaluru,Begur,2,1076,4500000,4182.156133828997,2 BHK
Bengaluru,Begur,2,1097,4600000,4193.254329990884,2 BHK
Bengaluru,Begur,2,1076,4550000,4228.624535315985,2 BHK
Bengaluru,Begur,2,1235,5150000,4170.04048582996,2 BHK
Bengaluru,Begur,1,1124,4700000,4181.494661921708,1 BHK
Bengaluru,Begur,2,1076,4560000,4237.918215613383,2 BHK
Bengaluru,Begur,2,1097,4635000,4225.159525979945,2 BHK
Bengaluru,Yelahanka,3,1635,10600000,6483.180428134557,3 BHK
Bengaluru,JP Nagar Phase 4,4,4332,46500000,10734.072022160664,4 BHK
Bengaluru,Narayanapura on Hennur Main Road,2,1260,5670000,4500.0,2 BHK
Bengaluru,Jalahalli,2,1272,6000000,4716.981132075472,2 BHK
Bengaluru,Bellandur,4,3596,30500000,8481.646273637374,4 BHK
Bengaluru,Bellandur,5,4239,36000000,8492.569002123142,5+ BHK
Bengaluru,Bellandur,3,2666,22599999,8477.118904726181,3 BHK
Bengaluru,Muneshwara Nagar,3,1195,8365000,7000.0,3 BHK
Bengaluru,Muneshwara Nagar,3,1205,7831999,6499.584232365145,3 BHK
Bengaluru,Muneshwara Nagar,3,1044,9174000,8787.356321839081,3 BHK
Bengaluru,Muneshwara Nagar,3,1230,8662000,7042.276422764227,3 BHK
Bengaluru,Muneshwara Nagar,3,1300,9100000,7000.0,3 BHK
Bengaluru,Muneshwara Nagar,3,1205,7831999,6499.584232365145,3 BHK
Bengaluru,Muneshwara Nagar,3,1305,8874000,6800.0,3 BHK
Bengaluru,Muneshwara Nagar,3,1205,8492000,7047.302904564315,3 BHK
Bengaluru,Muneshwara Nagar,3,1195,7767000,6499.581589958159,3 BHK
Bengaluru,Narayanapura on Hennur Main Road,3,1375,7000000,5090.909090909091,3 BHK
Bengaluru,BTM Layout,3,1545,14700000,9514.563106796117,3 BHK
Bengaluru,Muneshwara Nagar,3,1205,8435000,7000.0,3 BHK
Bengaluru,RR Nagar,3,1901,10800000,5681.220410310363,3 BHK
Bengaluru,RR Nagar,3,1901,10800000,5681.220410310363,3 BHK
Bengaluru,RR Nagar,3,1337,7900000,5908.750934928946,3 BHK
Bengaluru,RR Nagar,3,1337,7900000,5908.750934928946,3 BHK
Bengaluru,Kumaraswamy Layout,3,1978,13799999,6976.743680485339,3 BHK
Bengaluru,Jalahalli,3,1505,9436000,6269.767441860465,3 BHK
Bengaluru,Electronic City Phase 2,3,1535,8700000,5667.7524429967425,3 BHK
Bengaluru,Electronic City Phase 2,2,1110,6400000,5765.7657657657655,2 BHK
Bengaluru,JP Nagar Phase 7,3,1455,9200000,6323.024054982818,3 BHK
Bengaluru,JP Nagar Phase 8,2,1105,7000000,6334.841628959276,2 BHK
Bengaluru,Kannur on Thanisandra Main Road,3,1271,8200000,6451.612903225807,3 BHK
Bengaluru,Kannur on Thanisandra Main Road,2,1078,6300000,5844.1558441558445,2 BHK
Bengaluru,Bellandur,3,3273,27799999,8493.736327528262,3 BHK
Bengaluru,Bellandur,3,2697,22900000,8490.915832406377,3 BHK
Bengaluru,Bellandur,5,5300,45000000,8490.566037735849,5+ BHK
Bengaluru,Bellandur,4,3633,30800000,8477.842003853564,4 BHK
Bengaluru,Bellandur,5,5384,45700000,8488.11292719168,5+ BHK
Bengaluru,Bellandur,5,4289,36400000,8486.826766145954,5+ BHK
Bengaluru,Richmond Town,4,4977,113400000,22784.810126582277,4 BHK
Bengaluru,Yelahanka,3,1635,10600000,6483.180428134557,3 BHK
Bengaluru,Yelahanka,3,1475,9200000,6237.28813559322,3 BHK
Bengaluru,Jalahalli,3,1360,8700000,6397.058823529412,3 BHK
Bengaluru,Jalahalli,3,1405,8570000,6099.644128113879,3 BHK
Bengaluru,RR Nagar,3,1408,8025000,5699.573863636364,3 BHK
Bengaluru,Begur,2,1076,4300000,3996.282527881041,2 BHK
Bengaluru,Ramamurthy Nagar,3,1841,11399999,6192.286257468767,3 BHK
Bengaluru,Jalahalli,2,1183,6300000,5325.443786982249,2 BHK
Bengaluru,Yelahanka,3,1620,10300000,6358.024691358025,3 BHK
Bengaluru,Ramamurthy Nagar,3,1869,11500000,6153.023006955591,3 BHK
Bengaluru,Jalahalli,3,1360,8700000,6397.058823529412,3 BHK
Bengaluru,Hosa Road,3,1470,10100000,6870.748299319728,3 BHK
Bengaluru,Hosa Road,3,1575,10800000,6857.142857142857,3 BHK
Bengaluru,Hosa Road,2,1360,9446000,6945.588235294118,2 BHK
Bengaluru,Hosa Road,3,1715,11700000,6822.157434402332,3 BHK
Bengaluru,Hosa Road,2,1184,8306999,7016.0464527027025,2 BHK
Bengaluru,Hosa Road,1,655,4883000,7454.961832061069,1 BHK
Bengaluru,Hosa Road,3,1680,11500000,6845.238095238095,3 BHK
Bengaluru,Hosa Road,2,1195,8378000,7010.878661087866,2 BHK
Bengaluru,Hosa Road,1,820,5951000,7257.317073170731,1 BHK
Bengaluru,Varthur,2,1215,6884999,5666.665843621399,2 BHK
Bengaluru,Electronic City Phase 2,2,1290,7959999,6170.541860465116,2 BHK
Bengaluru,Electronic City Phase 2,3,1505,7975000,5299.003322259136,3 BHK
Bengaluru,Electronic City Phase 2,3,1535,7625000,4967.4267100977195,3 BHK
Bengaluru,Electronic City Phase 2,3,1465,5760000,3931.740614334471,3 BHK
Bengaluru,Electronic City Phase 2,2,1075,6884999,6404.65023255814,2 BHK
Bengaluru,Electronic City Phase 2,3,1290,6331000,4907.751937984496,3 BHK
Bengaluru,Electronic City Phase 2,2,1045,15700000,15023.923444976077,2 BHK
Bengaluru,Narayanapura on Hennur Main Road,3,1846,14500000,7854.821235102925,3 BHK
Bengaluru,Narayanapura on Hennur Main Road,3,1630,13700000,8404.907975460123,3 BHK
Bengaluru,Narayanapura on Hennur Main Road,3,1482,10800000,7287.44939271255,3 BHK
Bengaluru,Narayanapura on Hennur Main Road,2,1232,10500000,8522.727272727272,2 BHK
Bengaluru,Bileshivale,3,2305,8200000,3557.4837310195226,3 BHK
Bengaluru,Brookefield,2,1047,7800000,7449.856733524355,2 BHK
Bengaluru,Brookefield,2,1047,9990000,9541.547277936963,2 BHK
Bengaluru,Brookefield,3,1397,12400000,8876.163206871868,3 BHK
Bengaluru,Brookefield,3,1724,20000000,11600.92807424594,3 BHK
Bengaluru,Nagawara,3,2278,5100000,2238.805970149254,3 BHK
Bengaluru,Electronic City Phase 1,2,1145,6400000,5589.519650655022,2 BHK
Bengaluru,JP Nagar Phase 9,2,1073,5400000,5032.618825722274,2 BHK
Bengaluru,Budigere Cross,2,935,8900000,9518.716577540106,2 BHK
Bengaluru,Jalahalli,3,1500,8900000,5933.333333333333,3 BHK
Bengaluru,Jalahalli,3,1500,23500000,15666.666666666666,3 BHK
Bengaluru,Whitefield,4,3613,9200000,2546.360365347357,4 BHK
Bengaluru,Yelahanka,3,1475,6600000,4474.576271186441,3 BHK
Bengaluru,Begur,3,1576,4940000,3134.5177664974617,3 BHK
Bengaluru,Begur,2,1235,6600000,5344.12955465587,2 BHK
Bengaluru,Begur,3,1576,4670000,2963.1979695431473,3 BHK
Bengaluru,Singasandra,2,1184,4340000,3665.5405405405404,2 BHK
Bengaluru,Singasandra,2,1099,6690000,6087.352138307552,2 BHK
Bengaluru,Begur,3,1610,5690000,3534.1614906832297,3 BHK
Bengaluru,Singasandra,2,1442,6650000,4611.650485436893,2 BHK
Bengaluru,Begur,3,1610,6650000,4130.434782608696,3 BHK
Bengaluru,Begur,3,1610,7540000,4683.229813664596,3 BHK
Bengaluru,Banaswadi,2,1160,9685000,8349.137931034482,2 BHK
Bengaluru,Banaswadi,3,1490,7150000,4798.657718120805,3 BHK
Bengaluru,Banaswadi,2,1100,5150000,4681.818181818182,2 BHK
Bengaluru,Begur,2,1235,6555000,5307.692307692308,2 BHK
Bengaluru,Begur,3,1576,7500000,4758.883248730965,3 BHK
Bengaluru,Harlur,2,1060,9500000,8962.264150943396,2 BHK
Bengaluru,Harlur,3,1264,9810000,7761.0759493670885,3 BHK
Bengaluru,Begur,3,1759,9640000,5480.386583285958,3 BHK
Bengaluru,Begur,3,1728,9240000,5347.222222222223,3 BHK
Bengaluru,Begur,3,1653,9140000,5529.340592861464,3 BHK
Bengaluru,Begur,3,1634,9120000,5581.395348837209,3 BHK
Bengaluru,Begur,3,1631,9020000,5530.349478847333,3 BHK
Bengaluru,Begur,3,1614,8940000,5539.033457249071,3 BHK
Bengaluru,Begur,3,1598,7950000,4974.968710888611,3 BHK
Bengaluru,Begur,2,1376,7940000,5770.3488372093025,2 BHK
Bengaluru,Begur,2,1375,7930000,5767.272727272727,2 BHK
Bengaluru,Begur,2,1372,7900000,5758.01749271137,2 BHK
Bengaluru,Begur,2,1368,7850000,5738.304093567252,2 BHK
Bengaluru,Begur,2,1358,7050000,5191.458026509573,2 BHK
Bengaluru,Begur,2,1210,7180000,5933.884297520661,2 BHK
Bengaluru,Begur,2,1235,7220000,5846.153846153846,2 BHK
Bengaluru,Begur,2,1241,7140000,5753.424657534247,2 BHK
Bengaluru,Begur,2,1227,3940000,3211.083944580277,2 BHK
Bengaluru,Begur,1,644,7900000,12267.080745341615,1 BHK
Bengaluru,Begur,2,1368,7100000,5190.058479532164,2 BHK
Bengaluru,Begur,2,1220,6980000,5721.311475409836,2 BHK
Bengaluru,Begur,2,1197,3940000,3291.56223893066,2 BHK
Bengaluru,Begur,1,644,12600000,19565.217391304348,1 BHK
Bengaluru,Brookefield,3,1204,7845999,6516.610465116279,3 BHK
Bengaluru,Brookefield,2,721,10300000,14285.714285714286,2 BHK
Bengaluru,Brookefield,3,956,11900000,12447.698744769874,3 BHK
Bengaluru,Junnasandra,3,2170,9300000,4285.714285714285,3 BHK
Bengaluru,Junnasandra,3,1691,7040000,4163.217031342401,3 BHK
Bengaluru,Budigere Cross,2,1225,18100000,14775.510204081633,2 BHK
Bengaluru,HSR Layout,3,1253,6169000,4923.383878691141,3 BHK
Bengaluru,HSR Layout,4,1746,12300000,7044.673539518901,4 BHK
Bengaluru,HSR Layout,2,810,20600000,25432.0987654321,2 BHK
Bengaluru,HSR Layout,3,1433,8025000,5600.139567341243,3 BHK
Bengaluru,RR Nagar,2,1408,17300000,12286.931818181818,2 BHK
Bengaluru,Whitefield Hope Farm Junction,4,2494,4671000,1872.8949478748998,4 BHK
Bengaluru,Narayanapura on Hennur Main Road,2,1038,8672000,8354.527938342968,2 BHK
Bengaluru,Harlur,2,910,5229000,5746.153846153846,2 BHK
Bengaluru,Kasavanahalli,2,1162,5780000,4974.182444061962,2 BHK
Bengaluru,Carmelaram,2,1144,8545000,7469.4055944055945,2 BHK
Bengaluru,Kasavanahalli,3,1899,6381000,3360.1895734597156,3 BHK
Bengaluru,Carmelaram,2,1271,5364000,4220.29897718332,2 BHK
Bengaluru,Kasavanahalli,2,1192,6201000,5202.181208053691,2 BHK
Bengaluru,Carmelaram,2,1233,8716000,7068.937550689376,2 BHK
Bengaluru,Kasavanahalli,3,1937,8100000,4181.724315952504,3 BHK
Bengaluru,Varthur,3,1675,5970000,3564.179104477612,3 BHK
Bengaluru,Varthur,2,1205,5964000,4949.377593360996,2 BHK
Bengaluru,Harlur,2,1269,5503000,4336.485421591805,2 BHK
Bengaluru,Harlur,2,1171,5625000,4803.586678052946,2 BHK
Bengaluru,Harlur,2,1197,5329000,4451.963241436925,2 BHK
Bengaluru,Sarjapur Road Wipro To Railway Crossing,2,969,9267000,9563.467492260062,2 BHK
Bengaluru,Sarjapur Road Wipro To Railway Crossing,3,1685,8717000,5173.293768545994,3 BHK
Bengaluru,Sarjapur Road Wipro To Railway Crossing,3,1585,8045999,5076.340063091483,3 BHK
Bengaluru,Sarjapur Road Wipro To Railway Crossing,3,1463,6986000,4775.11961722488,3 BHK
Bengaluru,Carmelaram,2,1277,6081000,4761.9420516836335,2 BHK
Bengaluru,Carmelaram,2,1111,7891000,7102.610261026102,2 BHK
Bengaluru,Carmelaram,3,1443,6070000,4206.514206514206,3 BHK
Bengaluru,Carmelaram,2,1109,5961000,5375.112714156898,2 BHK
Bengaluru,Carmelaram,2,1089,8442000,7752.06611570248,2 BHK
Bengaluru,Carmelaram,3,1544,9003000,5830.958549222798,3 BHK
Bengaluru,Carmelaram,3,1647,5923000,3596.235579842137,3 BHK
Bengaluru,Carmelaram,2,1082,6174000,5706.099815157117,2 BHK
Bengaluru,Carmelaram,2,1128,5994000,5313.829787234043,2 BHK
Bengaluru,Carmelaram,2,1095,8180000,7470.319634703196,2 BHK
Bengaluru,Carmelaram,3,1496,7662000,5121.6577540106955,3 BHK
Bengaluru,Carmelaram,3,1401,5000000,3568.8793718772304,3 BHK
Bengaluru,Harlur,1,486,5780000,11893.004115226337,1 BHK
Bengaluru,Carmelaram,2,1144,6201000,5420.454545454545,2 BHK
Bengaluru,Carmelaram,2,1233,8441000,6845.904298459043,2 BHK
Bengaluru,Harlur,2,891,5143000,5772.166105499439,2 BHK
Bengaluru,Kasavanahalli,2,1143,12100000,10586.17672790901,2 BHK
Bengaluru,Harlur,3,1213,8672000,7149.21681780709,3 BHK
Bengaluru,Kasavanahalli,2,1162,8545000,7353.7005163511185,2 BHK
Bengaluru,Kasavanahalli,2,1192,8716000,7312.080536912752,2 BHK
Bengaluru,Varthur,2,1205,6187000,5134.439834024896,2 BHK
Bengaluru,Varthur,2,1250,6780000,5424.0,2 BHK
Bengaluru,Varthur,2,1375,8070000,5869.090909090909,2 BHK
Bengaluru,Varthur,3,1665,8954000,5377.777777777777,3 BHK
Bengaluru,Varthur,2,1216,8800000,7236.8421052631575,2 BHK
Bengaluru,Varthur,2,1195,15400000,12887.029288702928,2 BHK
Bengaluru,Varthur,3,2321,11000000,4739.336492890995,3 BHK
Bengaluru,Varthur,3,1655,7595999,4589.72749244713,3 BHK
Bengaluru,Varthur,2,1310,7281000,5558.015267175572,2 BHK
Bengaluru,Varthur,2,1251,7995999,6391.6858513189445,2 BHK
Bengaluru,Varthur,3,1385,10100000,7292.418772563177,3 BHK
Bengaluru,Hosa Road,3,1470,7329000,4985.714285714285,3 BHK
Bengaluru,Varthur,2,1260,10800000,8571.42857142857,2 BHK
Bengaluru,Hosa Road,3,1575,4076000,2587.936507936508,3 BHK
Bengaluru,Varthur,1,651,9446000,14509.984639016897,1 BHK
Bengaluru,Hosa Road,2,1360,11700000,8602.941176470587,2 BHK
Bengaluru,Hosa Road,3,1715,9118000,5316.618075801749,3 BHK
Bengaluru,Varthur,3,1595,8306999,5208.149843260188,3 BHK
Bengaluru,Hosa Road,2,1184,8958000,7565.878378378378,2 BHK
Bengaluru,Varthur,3,1565,4883000,3120.1277955271566,3 BHK
Bengaluru,Hosa Road,1,655,7703000,11760.30534351145,1 BHK
Bengaluru,Varthur,2,1330,11500000,8646.616541353384,2 BHK
Bengaluru,Hosa Road,3,1680,8378000,4986.9047619047615,3 BHK
Bengaluru,Hosa Road,2,1195,5951000,4979.916317991632,2 BHK
Bengaluru,Hosa Road,1,820,8216000,10019.512195121952,1 BHK
Bengaluru,Hosa Road,2,1170,19500000,16666.666666666668,2 BHK
Bengaluru,Harlur,4,2597,18500000,7123.60415864459,4 BHK
Bengaluru,Harlur,4,2569,12500000,4865.706500583885,4 BHK
Bengaluru,Whitefield Hope Farm Junction,3,1775,18000000,10140.845070422536,3 BHK
Bengaluru,Whitefield Hope Farm Junction,4,2591,12200000,4708.60671555384,4 BHK
Bengaluru,Whitefield Hope Farm Junction,3,1730,11700000,6763.005780346821,3 BHK
Bengaluru,Kannamangala,3,1597,3915999,2452.097056981841,3 BHK
Bengaluru,Narayanaghatta,3,1310,2691000,2054.1984732824426,3 BHK
Bengaluru,Narayanaghatta,2,900,3946000,4384.444444444444,2 BHK
Bengaluru,Narayanaghatta,3,1320,3528000,2672.7272727272725,3 BHK
Bengaluru,Narayanaghatta,2,1180,3677000,3116.101694915254,2 BHK
Bengaluru,Narayanaghatta,3,1230,3094000,2515.4471544715448,3 BHK
Bengaluru,Narayanaghatta,2,1035,3886999,3755.5545893719805,2 BHK
Bengaluru,Narayanaghatta,3,1300,4006000,3081.5384615384614,3 BHK
Bengaluru,Narayanaghatta,3,1340,3229000,2409.7014925373132,3 BHK
Bengaluru,Narayanaghatta,2,1080,3217000,2978.703703703704,2 BHK
Bengaluru,Gottigere,2,1154,3217000,2787.694974003466,2 BHK
Bengaluru,Gottigere,2,1154,5500000,4766.031195840555,2 BHK
Bengaluru,Anjanapura Township,3,692,5500000,7947.976878612717,3 BHK
Bengaluru,Anjanapura Township,3,692,4600000,6647.398843930636,3 BHK
Bengaluru,Subramanyapura,3,1389,4000000,2879.7696184305255,3 BHK
Bengaluru,Horamavu,2,1114,4000000,3590.664272890485,2 BHK
Bengaluru,Yelahanka,2,1140,2800000,2456.1403508771928,2 BHK
Bengaluru,Hurulichikanahalli,3,1075,38200000,35534.88372093023,3 BHK
Bengaluru,Hebbal,4,3800,30299999,7973.683947368421,4 BHK
Bengaluru,Hebbal,4,3335,7600000,2278.8605697151424,4 BHK
Bengaluru,Marathahalli,3,1527,7600000,4977.079240340537,3 BHK
Bengaluru,Marathahalli,3,1527,9400000,6155.861165684349,3 BHK
Bengaluru,Ramamurthy Nagar,2,1485,32599999,21952.861279461278,2 BHK
Bengaluru,Rajajinagar,3,2415,32799999,13581.780124223602,3 BHK
Bengaluru,Rajajinagar,3,2436,32200000,13218.3908045977,3 BHK
Bengaluru,Rajajinagar,3,2390,48600000,20334.728033472802,3 BHK
Bengaluru,Rajajinagar,4,3600,26400000,7333.333333333333,4 BHK
Bengaluru,Rajajinagar,2,1760,49100000,27897.727272727272,2 BHK
Bengaluru,Rajajinagar,4,3643,34800000,9552.56656601702,4 BHK
Bengaluru,Rajajinagar,3,2578,33200000,12878.200155159038,3 BHK
Bengaluru,Rajajinagar,3,2461,35100000,14262.494920763917,3 BHK
Bengaluru,Rajajinagar,3,2601,13400000,5151.864667435601,3 BHK
Bengaluru,Begur,3,1510,16900000,11192.05298013245,3 BHK
Bengaluru,Begur,3,1903,3900000,2049.3956910141883,3 BHK
Bengaluru,Attibele,3,1573,2400000,1525.7469802924347,3 BHK
Bengaluru,Attibele,2,994,3900000,3923.5412474849095,2 BHK
Bengaluru,Attibele,3,1573,2900000,1843.6109345200255,3 BHK
Bengaluru,Attibele,2,1174,2400000,2044.2930153321977,2 BHK
Bengaluru,Attibele,2,995,3700000,3718.592964824121,2 BHK
Bengaluru,Attibele,3,1473,3200000,2172.437202987101,3 BHK
Bengaluru,Attibele,2,1281,5000000,3903.2006245121,2 BHK
Bengaluru,Electronic City Phase 2,1,1000,6200000,6200.0,1 BHK
Bengaluru,Electronic City Phase 2,2,1075,4000000,3720.9302325581393,2 BHK
Bengaluru,Attibele,3,1639,3900000,2379.4996949359365,3 BHK
Bengaluru,Attibele,3,1574,2400000,1524.7776365946634,3 BHK
Bengaluru,Attibele,2,994,4600000,4627.766599597586,2 BHK
Bengaluru,Chikkalasandra,2,1075,4600000,4279.069767441861,2 BHK
Bengaluru,Chikkalasandra,2,1075,4000000,3720.9302325581393,2 BHK
Bengaluru,Attibele,3,1640,3800000,2317.0731707317073,3 BHK
Bengaluru,Attibele,3,1529,3600000,2354.480052321779,3 BHK
Bengaluru,Attibele,3,1473,3400000,2308.214528173795,3 BHK
Bengaluru,Attibele,3,1371,3200000,2334.062727935813,3 BHK
Bengaluru,Attibele,2,1281,3200000,2498.0483996877438,2 BHK
Bengaluru,Attibele,2,1281,2400000,1873.536299765808,2 BHK
Bengaluru,Attibele,2,995,2900000,2914.572864321608,2 BHK
Bengaluru,Attibele,2,994,2500000,2515.0905432595573,2 BHK
Bengaluru,Attibele,2,995,2500000,2512.5628140703516,2 BHK
Bengaluru,Attibele,2,994,6200000,6237.424547283702,2 BHK
Bengaluru,Electronic City Phase 2,2,1075,6200000,5767.441860465116,2 BHK
Bengaluru,Electronic City Phase 2,2,1075,7400000,6883.720930232558,2 BHK
Bengaluru,Electronic City Phase 2,3,1290,6100000,4728.6821705426355,3 BHK
Bengaluru,Electronic City Phase 2,2,1045,2400000,2296.650717703349,2 BHK
Bengaluru,Attibele,2,994,7500000,7545.271629778672,2 BHK
Bengaluru,Electronic City Phase 2,3,1290,4100000,3178.294573643411,3 BHK
Bengaluru,Attibele,3,1573,3800000,2415.7660521296884,3 BHK
Bengaluru,Attibele,2,1529,2900000,1896.664486592544,2 BHK
Bengaluru,Attibele,2,995,3200000,3216.0804020100504,2 BHK
Bengaluru,Attibele,2,1281,34500000,26932.08430913349,2 BHK
Bengaluru,Rajajinagar,3,2557,32200000,12592.882283926476,3 BHK
Bengaluru,Rajajinagar,3,2391,32200000,13467.168548724383,3 BHK
Bengaluru,Rajajinagar,3,2386,32500000,13621.123218776194,3 BHK
Bengaluru,Rajajinagar,3,2409,47600000,19759.236197592363,3 BHK
Bengaluru,Rajajinagar,4,3526,31900000,9047.078842881452,4 BHK
Bengaluru,Rajajinagar,3,2367,25700000,10857.625686523024,3 BHK
Bengaluru,Rajajinagar,2,1718,46300000,26949.941792782305,2 BHK
Bengaluru,Rajajinagar,4,3436,47600000,13853.317811408615,4 BHK
Bengaluru,Rajajinagar,4,3533,16299999,4613.6425134446645,4 BHK
Bengaluru,Begur,3,1906,7972000,4182.581322140609,3 BHK
Bengaluru,Yelahanka,2,1362,7145999,5246.6953010279,2 BHK
Bengaluru,Yelahanka,2,1273,9899000,7776.119402985075,2 BHK
Bengaluru,Yelahanka,3,1705,7320000,4293.255131964809,3 BHK
Bengaluru,Yelahanka,2,1304,8954000,6866.564417177914,2 BHK
Bengaluru,Varthur,3,1655,6998000,4228.398791540785,3 BHK
Bengaluru,Yelahanka,3,1505,6695999,4449.1687707641195,3 BHK
Bengaluru,Yelahanka,3,1440,8737000,6067.361111111111,3 BHK
Bengaluru,Yelahanka,3,1879,7816000,4159.659393294305,3 BHK
Bengaluru,Yelahanka,3,1681,6742000,4010.7079119571686,3 BHK
Bengaluru,Yelahanka,3,1450,8760000,6041.379310344828,3 BHK
Bengaluru,Yelahanka,3,1884,8002000,4247.346072186837,3 BHK
Bengaluru,Yelahanka,3,1721,4000000,2324.2300987797794,3 BHK
Bengaluru,Attibele,3,1529,4600000,3008.5022890778287,3 BHK
Bengaluru,Budigere Cross,1,465,4800000,10322.58064516129,1 BHK
Bengaluru,Budigere Cross,1,488,7600000,15573.77049180328,1 BHK
Bengaluru,Budigere Cross,2,815,2750000,3374.2331288343557,2 BHK
Bengaluru,Kengeri,2,850,12000000,14117.64705882353,2 BHK
Bengaluru,Banashankari,4,2814,2100000,746.2686567164179,4 BHK
Bengaluru,Devarachikkana Halli,2,1022,23500000,22994.129158512722,2 BHK
Bengaluru,Banashankari,3,2560,22500000,8789.0625,3 BHK
Bengaluru,Sampangiram Nagar,3,2000,12500000,6250.0,3 BHK
Bengaluru,Sampangiram Nagar,2,1100,23500000,21363.636363636364,2 BHK
Bengaluru,Armane Nagar,3,1580,5900000,3734.1772151898736,3 BHK
Bengaluru,Dasarahalli on Tumkur Road,1,1086,9960000,9171.270718232045,1 BHK
Bengaluru,Krishnarajapura,2,1629,5900000,3621.853898096992,2 BHK
Bengaluru,Krishnarajapura,2,1629,7792000,4783.302639656231,2 BHK
Bengaluru,Krishnarajapura,1,1314,9960000,7579.908675799087,1 BHK
Bengaluru,Krishnarajapura,1,1314,6586000,5012.176560121766,1 BHK
Bengaluru,Talaghattapura,2,1198,11000000,9181.969949916527,2 BHK
Bengaluru,Basavanagudi,3,1500,5900000,3933.3333333333335,3 BHK
Bengaluru,Dasarahalli on Tumkur Road,1,1086,5900000,5432.780847145488,1 BHK
Bengaluru,Dasarahalli on Tumkur Road,1,1086,6200000,5709.02394106814,1 BHK
Bengaluru,Dasarahalli on Tumkur Road,1,1086,23200000,21362.79926335175,1 BHK
Bengaluru,Yeshwantpur,3,1940,58800000,30309.278350515466,3 BHK
Bengaluru,Yeshwantpur,5,4900,23700000,4836.734693877551,5+ BHK
Bengaluru,Yeshwantpur,3,1975,22900000,11594.93670886076,3 BHK
Bengaluru,Yeshwantpur,3,1910,46000000,24083.769633507854,3 BHK
Bengaluru,Yeshwantpur,4,3835,23400000,6101.6949152542375,4 BHK
Bengaluru,Yeshwantpur,3,1950,45000000,23076.923076923078,3 BHK
Bengaluru,Yeshwantpur,4,3755,48099999,12809.586950732357,4 BHK
Bengaluru,Yeshwantpur,4,4010,31200000,7780.548628428927,4 BHK
Bengaluru,Yeshwantpur,4,2600,25200000,9692.307692307691,4 BHK
Bengaluru,Yeshwantpur,3,2100,23200000,11047.619047619048,3 BHK
Bengaluru,Yeshwantpur,3,1940,63700000,32835.051546391755,3 BHK
Bengaluru,Yeshwantpur,5,5310,46800000,8813.559322033898,5+ BHK
Bengaluru,Yeshwantpur,4,3900,24600000,6307.692307692308,4 BHK
Bengaluru,Yeshwantpur,3,2050,49200000,24000.0,3 BHK
Bengaluru,Yeshwantpur,4,4105,31300000,7624.847746650426,4 BHK
Bengaluru,Yeshwantpur,4,2610,13500000,5172.413793103448,4 BHK
Bengaluru,Yeshwantpur,4,1760,13300000,7556.818181818182,4 BHK
Bengaluru,Yeshwantpur,4,1725,13100000,7594.202898550725,4 BHK
Bengaluru,Yeshwantpur,4,1693,11700000,6910.809214412286,4 BHK
Bengaluru,Yeshwantpur,3,1513,11500000,7600.793126239259,3 BHK
Bengaluru,Yeshwantpur,3,1479,10300000,6964.164976335362,3 BHK
Bengaluru,Yeshwantpur,2,1322,11600000,8774.583963691377,2 BHK
Bengaluru,Yeshwantpur,3,1455,13200000,9072.164948453608,3 BHK
Bengaluru,Yeshwantpur,4,1713,11399999,6654.990659661413,4 BHK
Bengaluru,Yeshwantpur,3,1427,4607000,3228.451296426069,3 BHK
Bengaluru,Nelamangala,2,966,13400000,13871.635610766045,2 BHK
Bengaluru,Yeshwantpur,4,1743,6000000,3442.340791738382,4 BHK
Bengaluru,Nelamangala,3,1286,5434000,4225.505443234837,3 BHK
Bengaluru,Nelamangala,2,1163,4000000,3439.3809114359415,2 BHK
Bengaluru,Nelamangala,2,814,3522999,4328.008599508599,2 BHK
Bengaluru,Nelamangala,2,708,6299000,8896.892655367232,2 BHK
Bengaluru,Talaghattapura,2,1142,7692000,6735.551663747811,2 BHK
Bengaluru,Talaghattapura,3,1414,8056000,5697.312588401697,3 BHK
Bengaluru,Talaghattapura,3,1485,8076000,5438.383838383838,3 BHK
Bengaluru,Talaghattapura,3,1489,6739000,4525.856279382136,3 BHK
Bengaluru,Talaghattapura,2,1228,8737000,7114.820846905537,2 BHK
Bengaluru,Talaghattapura,3,1618,6723999,4155.747218788628,3 BHK
Bengaluru,Talaghattapura,2,1225,6775000,5530.6122448979595,2 BHK
Bengaluru,Talaghattapura,2,1235,8640000,6995.951417004048,2 BHK
Bengaluru,Talaghattapura,3,1599,9311000,5823.014383989994,3 BHK
Bengaluru,Talaghattapura,3,1730,13200000,7630.0578034682085,3 BHK
Bengaluru,Hennur,3,2088,16299999,7806.512931034483,3 BHK
Bengaluru,Hennur,3,2574,8629000,3352.369852369852,3 BHK
Bengaluru,Hennur,2,1359,13000000,9565.857247976453,2 BHK
Bengaluru,Hennur,3,2061,13799999,6695.778262979136,3 BHK
Bengaluru,Hennur,3,2187,5556000,2540.4663923182443,3 BHK
Bengaluru,Yelahanka,3,1372,4507000,3284.985422740525,3 BHK
Bengaluru,Yelahanka,2,1113,5313000,4773.584905660377,2 BHK
Bengaluru,Yelahanka,3,1312,5593000,4262.957317073171,3 BHK
Bengaluru,Yelahanka,3,1381,4264000,3087.6176683562635,3 BHK
Bengaluru,Yelahanka,2,1053,5872000,5576.44824311491,2 BHK
Bengaluru,Yelahanka,3,1450,4511000,3111.0344827586205,3 BHK
Bengaluru,Yelahanka,2,1114,4463000,4006.283662477558,2 BHK
Bengaluru,Yelahanka,2,1102,5690000,5163.339382940109,2 BHK
Bengaluru,Yelahanka,3,1405,4637000,3300.355871886121,3 BHK
Bengaluru,Yelahanka,2,1145,4353000,3801.7467248908297,2 BHK
Bengaluru,Yelahanka,2,1075,4410000,4102.325581395349,2 BHK
Bengaluru,Yelahanka,2,1089,5475000,5027.548209366391,2 BHK
Bengaluru,Yelahanka,3,1352,4649000,3438.609467455621,3 BHK
Bengaluru,Yelahanka,2,1148,4382000,3817.0731707317073,2 BHK
Bengaluru,Yelahanka,2,1082,4305000,3978.743068391867,2 BHK
Bengaluru,Yelahanka,2,1063,5621000,5287.8645343367825,2 BHK
Bengaluru,Yelahanka,3,1388,4301000,3098.7031700288185,3 BHK
Bengaluru,Yelahanka,2,1062,5641000,5311.676082862524,2 BHK
Bengaluru,Yelahanka,3,1393,4280000,3072.505384063173,3 BHK
Bengaluru,Yelahanka,2,1057,4855000,4593.188268684958,2 BHK
Bengaluru,Yelahanka,2,1199,11200000,9341.117597998333,2 BHK
Bengaluru,Harlur,3,1620,8672000,5353.086419753086,3 BHK
Bengaluru,Harlur,2,1235,14000000,11336.032388663967,2 BHK
Bengaluru,Junnasandra,3,2170,14000000,6451.612903225807,3 BHK
Bengaluru,Junnasandra,3,2170,10900000,5023.041474654377,3 BHK
Bengaluru,Junnasandra,3,1691,10900000,6445.89000591366,3 BHK
Bengaluru,Junnasandra,3,1691,14000000,8279.124778237729,3 BHK
Bengaluru,Junnasandra,3,1691,63600000,37610.881135422824,3 BHK
Bengaluru,Richmond Town,3,2793,13300000,4761.9047619047615,3 BHK
Bengaluru,Kumaraswamy Layout,3,1900,11000000,5789.473684210527,3 BHK
Bengaluru,Dasarahalli on Tumkur Road,3,1446,4400000,3042.8769017980635,3 BHK
Bengaluru,Battarahalli,2,1119,4400000,3932.082216264522,2 BHK
Bengaluru,K C Krishna Reddy Layout,2,1119,4400000,3932.082216264522,2 BHK
Bengaluru,Krishnarajapura,2,1119,19000000,16979.445933869527,2 BHK
Bengaluru,Koramangala,2,1600,25000000,15625.0,2 BHK
Bengaluru,Koramangala,2,1900,9324000,4907.368421052632,2 BHK
Bengaluru,Banashankari,3,1332,6859999,5150.149399399399,3 BHK
Bengaluru,Banashankari,2,980,7165000,7311.224489795918,2 BHK
Bengaluru,Kumaraswamy Layout,3,1269,6130000,4830.575256107171,3 BHK
Bengaluru,Kumaraswamy Layout,2,1126,20400000,18117.229129662523,2 BHK
Bengaluru,Thanisandra,3,2360,17600000,7457.627118644068,3 BHK
Bengaluru,Thanisandra,3,2307,7200000,3120.936280884265,3 BHK
Bengaluru,Kumaraswamy Layout,3,1275,6300000,4941.176470588235,3 BHK
Bengaluru,Kumaraswamy Layout,2,1135,5200000,4581.497797356828,2 BHK
Bengaluru,Hennur,2,1250,7326000,5860.8,2 BHK
Bengaluru,Carmelaram,3,1404,5780000,4116.809116809117,3 BHK
Bengaluru,Carmelaram,2,1144,6381000,5577.797202797203,2 BHK
Bengaluru,Carmelaram,2,1271,6201000,4878.835562549174,2 BHK
Bengaluru,Carmelaram,2,1233,8954000,7261.962692619627,2 BHK
Bengaluru,Varthur,3,1655,9100000,5498.489425981873,3 BHK
Bengaluru,Banashankari,3,1400,16500000,11785.714285714286,3 BHK
Bengaluru,JP Nagar Phase 7,3,1792,7145000,3987.1651785714284,3 BHK
Bengaluru,Kumaraswamy Layout,3,1262,6185000,4900.95087163233,3 BHK
Bengaluru,Kumaraswamy Layout,2,1124,10900000,9697.508896797153,2 BHK
Bengaluru,Bommanahalli,3,1515,10900000,7194.7194719471945,3 BHK
Bengaluru,Bommanahalli,3,1515,10600000,6996.699669966997,3 BHK
Bengaluru,Electronic City Phase 2,3,1650,10600000,6424.242424242424,3 BHK
Bengaluru,Electronic City Phase 2,3,1650,8700000,5272.727272727273,3 BHK
Bengaluru,RR Nagar,3,1731,6100000,3523.9745811669554,3 BHK
Bengaluru,RR Nagar,2,1185,18100000,15274.261603375528,2 BHK
Bengaluru,Konanakunte,3,2104,9480000,4505.703422053232,3 BHK
Bengaluru,Adugodi,1,988,18900000,19129.554655870445,1 BHK
Bengaluru,Adugodi,3,1860,22599999,12150.537096774193,3 BHK
Bengaluru,Harlur,4,3265,22200000,6799.387442572741,4 BHK
Bengaluru,Harlur,4,3210,7631999,2377.569781931464,4 BHK
Bengaluru,Jakkur,3,1482,5443000,3672.739541160594,3 BHK
Bengaluru,Jakkur,2,1057,13600000,12866.603595080416,2 BHK
Bengaluru,Yelahanka,3,2661,9500000,3570.086433671552,3 BHK
Bengaluru,Yelahanka,3,1892,5200000,2748.414376321353,3 BHK
Bengaluru,Hennur,2,1251,14000000,11191.047162270184,2 BHK
Bengaluru,Kogilu,3,2300,14000000,6086.95652173913,3 BHK
Bengaluru,Kogilu,3,2300,8023000,3488.2608695652175,3 BHK
Bengaluru,Krishnarajapura,3,1605,11000000,6853.582554517134,3 BHK
Bengaluru,Krishnarajapura,3,2215,8523000,3847.8555304740407,3 BHK
Bengaluru,Krishnarajapura,3,1705,8198000,4808.2111436950145,3 BHK
Bengaluru,Krishnarajapura,3,1640,9898000,6035.365853658536,3 BHK
Bengaluru,Krishnarajapura,3,1980,8073000,4077.2727272727275,3 BHK
Bengaluru,Krishnarajapura,3,1615,8423000,5215.479876160991,3 BHK
Bengaluru,Krishnarajapura,3,1685,8773000,5206.52818991098,3 BHK
Bengaluru,Krishnarajapura,3,1755,7948000,4528.774928774928,3 BHK
Bengaluru,Krishnarajapura,3,1590,12800000,8050.314465408805,3 BHK
Bengaluru,Harlur,3,1875,5000000,2666.6666666666665,3 BHK
Bengaluru,Harlur,1,695,12100000,17410.071942446044,1 BHK
Bengaluru,Harlur,3,1760,10200000,5795.454545454545,3 BHK
Bengaluru,Harlur,2,1470,8441000,5742.1768707483,2 BHK
Bengaluru,Harlur,2,1200,11200000,9333.333333333334,2 BHK
Bengaluru,Harlur,3,1630,6000000,3680.9815950920247,3 BHK
Bengaluru,Hennur,3,1422,6000000,4219.4092827004215,3 BHK
Bengaluru,Hennur,3,1422,7800000,5485.232067510548,3 BHK
Bengaluru,Kammanahalli,2,1058,9900000,9357.27788279773,2 BHK
Bengaluru,Yelahanka,3,1545,9505000,6152.10355987055,3 BHK
Bengaluru,Kalyan Nagar,3,1422,4179999,2939.5210970464136,3 BHK
Bengaluru,Talaghattapura,2,1100,7200000,6545.454545454545,2 BHK
Bengaluru,Kumaraswamy Layout,3,1275,10200000,8000.0,3 BHK
Bengaluru,Sarjapur Road Wipro To Railway Crossing,3,1576,11100000,7043.147208121827,3 BHK
Bengaluru,Sarjapur Road Wipro To Railway Crossing,3,1709,8779000,5136.922176711527,3 BHK
Bengaluru,Kannur on Thanisandra Main Road,2,1245,7356000,5908.433734939759,2 BHK
Bengaluru,Kannur on Thanisandra Main Road,2,1113,6916000,6213.836477987421,2 BHK
Bengaluru,Kannur on Thanisandra Main Road,2,1040,7778000,7478.846153846154,2 BHK
Bengaluru,Kannur on Thanisandra Main Road,2,1183,7452000,6299.239222316145,2 BHK
Bengaluru,Kannur on Thanisandra Main Road,2,1129,7428000,6579.273693534101,2 BHK
Bengaluru,Kannur on Thanisandra Main Road,2,1125,7873999,6999.110222222223,2 BHK
Bengaluru,Kannur on Thanisandra Main Road,2,1199,4600000,3836.5304420350294,2 BHK
Bengaluru,Budigere Cross,2,815,7595999,9320.24417177914,2 BHK
Bengaluru,Varthur,3,1385,7329000,5291.696750902527,3 BHK
Bengaluru,Varthur,2,1260,4076000,3234.9206349206347,2 BHK
Bengaluru,Varthur,1,651,9118000,14006.144393241168,1 BHK
Bengaluru,Varthur,3,1595,8958000,5616.300940438871,3 BHK
Bengaluru,Varthur,3,1565,7703000,4922.044728434505,3 BHK
Bengaluru,Varthur,2,1330,8005000,6018.796992481203,2 BHK
Bengaluru,Kammanahalli,3,1420,6400000,4507.042253521126,3 BHK
Bengaluru,Kalyan Nagar,2,1208,7009999,5802.979304635762,2 BHK
Bengaluru,Kammanahalli,2,1307,10400000,7957.1537872991585,2 BHK
Bengaluru,Electronic City Phase 2,3,1605,10600000,6604.3613707165105,3 BHK
Bengaluru,Electronic City Phase 2,3,1640,12400000,7560.975609756098,3 BHK
Bengaluru,Electronic City Phase 2,3,1940,10400000,5360.8247422680415,3 BHK
Bengaluru,Electronic City Phase 2,3,1610,10300000,6397.515527950311,3 BHK
Bengaluru,Electronic City Phase 2,3,1590,14200000,8930.817610062893,3 BHK
Bengaluru,Electronic City Phase 2,4,2225,9117000,4097.528089887641,4 BHK
Bengaluru,Electronic City Phase 2,3,1395,13700000,9820.78853046595,3 BHK
Bengaluru,Electronic City Phase 2,4,2150,10600000,4930.232558139535,4 BHK
Bengaluru,Electronic City Phase 2,3,1650,11500000,6969.69696969697,3 BHK
Bengaluru,Electronic City Phase 2,3,1790,10900000,6089.385474860335,3 BHK
Bengaluru,Electronic City Phase 2,3,1700,16399999,9647.058235294118,3 BHK
Bengaluru,JP Nagar Phase 7,3,1776,21800000,12274.774774774774,3 BHK
Bengaluru,JP Nagar Phase 7,3,2370,27900000,11772.151898734177,3 BHK
Bengaluru,JP Nagar Phase 7,4,3012,6300000,2091.633466135458,4 BHK
Bengaluru,Banashankari,3,1300,7145000,5496.153846153846,3 BHK
Bengaluru,Kumaraswamy Layout,3,1272,6322000,4970.125786163522,3 BHK
Bengaluru,Kumaraswamy Layout,2,1132,5329000,4707.597173144876,2 BHK
Bengaluru,Sarjapur Road Wipro To Railway Crossing,3,1463,6612000,4519.480519480519,3 BHK
Bengaluru,Jakkur,2,1284,19500000,15186.915887850468,2 BHK
Bengaluru,Harlur,4,2805,13799999,4919.785739750446,4 BHK
Bengaluru,Yelahanka,3,2686,13899999,5174.981012658228,3 BHK
Bengaluru,Yelahanka,3,2796,14500000,5185.979971387696,3 BHK
Bengaluru,Yelahanka,3,2798,13700000,4896.354538956398,3 BHK
Bengaluru,Yelahanka,3,2671,5305000,1986.1475102957693,3 BHK
Bengaluru,Kasavanahalli,2,1179,5143000,4362.1713316369805,2 BHK
Bengaluru,Kasavanahalli,2,1143,7559999,6614.172353455818,2 BHK
Bengaluru,Kasavanahalli,3,1680,5229000,3112.5,3 BHK
Bengaluru,Kasavanahalli,3,1899,5364000,2824.644549763033,3 BHK
Bengaluru,Kasavanahalli,3,1937,7320000,3779.0397521941145,3 BHK
Bengaluru,Yelahanka,2,1304,8900000,6825.1533742331285,2 BHK
Bengaluru,Kudlu Gate,2,1195,4410000,3690.3765690376567,2 BHK
Bengaluru,Horamavu,2,1093,5605000,5128.087831655993,2 BHK
Bengaluru,RR Nagar,2,1419,6126000,4317.124735729387,2 BHK
Bengaluru,RR Nagar,3,1551,5115000,3297.872340425532,3 BHK
Bengaluru,RR Nagar,2,1295,4724000,3647.876447876448,2 BHK
Bengaluru,RR Nagar,2,1196,4957000,4144.648829431439,2 BHK
Bengaluru,RR Nagar,2,1255,6043000,4815.139442231076,2 BHK
Bengaluru,RR Nagar,3,1530,5004000,3270.5882352941176,3 BHK
Bengaluru,RR Nagar,2,1267,4483000,3538.279400157853,2 BHK
Bengaluru,RR Nagar,2,1135,11399999,10044.051982378855,2 BHK
Bengaluru,Begur,3,1880,13000000,6914.893617021276,3 BHK
Bengaluru,Begur,4,2180,11000000,5045.871559633028,4 BHK
Bengaluru,Begur,3,1805,11299999,6260.387257617728,3 BHK
Bengaluru,Begur,3,1850,5810000,3140.5405405405404,3 BHK
Bengaluru,Horamavu,2,1102,5810000,5272.232304900182,2 BHK
Bengaluru,Horamavu,2,1102,4400000,3992.7404718693283,2 BHK
Bengaluru,Horamavu,2,1092,6011000,5504.578754578754,2 BHK
Bengaluru,Hennur,3,1419,6011000,4236.081747709654,3 BHK
Bengaluru,Hennur,3,1419,7000000,4933.051444679351,3 BHK
Bengaluru,Kammanahalli,2,1306,6400000,4900.459418070444,2 BHK
Bengaluru,Kalyan Nagar,2,1206,7490000,6210.6135986733,2 BHK
Bengaluru,Kalyan Nagar,2,1205,3300000,2738.589211618257,2 BHK
Bengaluru,Kodipalya,2,900,5800000,6444.444444444444,2 BHK
Bengaluru,Horamavu,2,1100,5300000,4818.181818181818,2 BHK
Bengaluru,Horamavu,3,1315,5300000,4030.4182509505704,3 BHK
Bengaluru,Horamavu,3,1315,6400000,4866.920152091255,3 BHK
Bengaluru,Kalyan Nagar,2,1205,6400000,5311.203319502075,2 BHK
Bengaluru,Kalyan Nagar,2,1205,4300000,3568.4647302904564,2 BHK
Bengaluru,Krishnarajapura,2,1119,8105000,7243.074173369079,2 BHK
Bengaluru,Kalyan Nagar,3,1516,6705000,4422.823218997361,3 BHK
Bengaluru,Hennur,2,1137,9405000,8271.767810026386,2 BHK
Bengaluru,Kalyan Nagar,2,1345,5280000,3925.650557620818,2 BHK
Bengaluru,Varthur,2,1135,5404000,4761.233480176212,2 BHK
Bengaluru,Varthur,2,1165,5507000,4727.038626609442,2 BHK
Bengaluru,Varthur,2,1190,6916000,5811.764705882353,2 BHK
Bengaluru,Varthur,3,1530,5549000,3626.797385620915,3 BHK
Bengaluru,Varthur,2,1200,11500000,9583.333333333334,2 BHK
Bengaluru,Sarjapur Road Wipro To Railway Crossing,3,1773,10000000,5640.157924421884,3 BHK
Bengaluru,Sarjapur Road Wipro To Railway Crossing,3,1550,11700000,7548.387096774193,3 BHK
Bengaluru,Sarjapur Road Wipro To Railway Crossing,3,1813,11299999,6232.762824048538,3 BHK
Bengaluru,Sarjapur Road Wipro To Railway Crossing,3,1746,11100000,6357.388316151203,3 BHK
Bengaluru,Sarjapur Road Wipro To Railway Crossing,3,1717,10800000,6290.040768782761,3 BHK
Bengaluru,Sarjapur Road Wipro To Railway Crossing,3,1665,10700000,6426.426426426427,3 BHK
Bengaluru,Sarjapur Road Wipro To Railway Crossing,3,1657,5200000,3138.2015691007846,3 BHK
Bengaluru,Kannur on Thanisandra Main Road,2,980,5200000,5306.122448979592,2 BHK
Bengaluru,Kannur on Thanisandra Main Road,2,980,17200000,17551.020408163266,2 BHK
Bengaluru,JP Nagar Phase 7,3,1776,22799999,12837.837274774774,3 BHK
Bengaluru,JP Nagar Phase 7,3,2370,17300000,7299.5780590717295,3 BHK
Bengaluru,JP Nagar Phase 7,3,1792,29300000,16350.44642857143,3 BHK
Bengaluru,JP Nagar Phase 7,4,3012,7972000,2646.746347941567,4 BHK
Bengaluru,Yelahanka,3,1705,7134999,4184.750146627566,3 BHK
Bengaluru,Kumaraswamy Layout,3,1270,6310000,4968.503937007874,3 BHK
Bengaluru,Kumaraswamy Layout,2,1131,6310000,5579.133510167993,2 BHK
Bengaluru,Kumaraswamy Layout,2,1131,7534999,6662.244916003537,2 BHK
Bengaluru,Talaghattapura,2,1726,5200000,3012.7462340672073,2 BHK
Bengaluru,Hennur,2,1250,5200000,4160.0,2 BHK
Bengaluru,Hennur,2,1250,3888000,3110.4,2 BHK
Bengaluru,Horamavu,2,1080,3870000,3583.3333333333335,2 BHK
Bengaluru,Horamavu,2,1075,4032000,3750.6976744186045,2 BHK
Bengaluru,Horamavu,2,1120,3779999,3374.999107142857,2 BHK
Bengaluru,Horamavu,2,1050,4572000,4354.285714285715,2 BHK
Bengaluru,Horamavu,2,1270,4212000,3316.535433070866,2 BHK
Bengaluru,Horamavu,2,1170,4320000,3692.3076923076924,2 BHK
Bengaluru,Horamavu,2,1200,5008000,4173.333333333333,2 BHK
Bengaluru,Kaggadasapura,2,1102,4999000,4536.297640653357,2 BHK
Bengaluru,Kaggadasapura,2,1100,4659000,4235.454545454545,2 BHK
Bengaluru,Krishnarajapura,3,1412,4118000,2916.43059490085,3 BHK
Bengaluru,Krishnarajapura,2,1248,3940000,3157.051282051282,2 BHK
Bengaluru,Krishnarajapura,2,1194,3828000,3206.030150753769,2 BHK
Bengaluru,Krishnarajapura,2,1160,3927000,3385.344827586207,2 BHK
Bengaluru,Krishnarajapura,2,1190,3960000,3327.731092436975,2 BHK
Bengaluru,Krishnarajapura,2,1200,4659000,3882.5,2 BHK
Bengaluru,Krishnarajapura,2,1200,6148000,5123.333333333333,2 BHK
Bengaluru,Kumbalgodu,3,1083,5848000,5399.815327793167,3 BHK
Bengaluru,Kumbalgodu,3,1082,5089000,4703.327171903882,3 BHK
Bengaluru,Kumbalgodu,2,883,4789000,5423.556058890147,2 BHK
Bengaluru,Uttarahalli,4,4686,24000000,5121.638924455826,4 BHK
Bengaluru,Uttarahalli,3,2235,16100000,7203.579418344519,3 BHK
Bengaluru,Yelahanka,3,2686,16700000,6217.423678332092,3 BHK
Bengaluru,Yelahanka,3,2796,16700000,5972.818311874106,3 BHK
Bengaluru,Yelahanka,3,2798,20700000,7398.141529664046,3 BHK
Bengaluru,Yelahanka,4,3450,15900000,4608.695652173913,4 BHK
Bengaluru,Yelahanka,3,2661,11299999,4246.523487410748,3 BHK
Bengaluru,Yelahanka,3,1892,16000000,8456.659619450316,3 BHK
Bengaluru,Yelahanka,3,2671,9899000,3706.102583302134,3 BHK
Bengaluru,Yelahanka,3,1705,9899000,5805.865102639296,3 BHK
Bengaluru,Yelahanka,3,1705,8000000,4692.08211143695,3 BHK
Bengaluru,RR Nagar,3,1408,23600000,16761.363636363636,3 BHK
Bengaluru,Whitefield,4,3628,8500000,2342.8886438809263,4 BHK
Bengaluru,Jalahalli,3,1340,11500000,8582.089552238805,3 BHK
Bengaluru,Yeshwantpur,3,1940,7931999,4088.6592783505153,3 BHK
Bengaluru,Yeshwantpur,2,1316,32500000,24696.048632218844,2 BHK
Bengaluru,Malleswaram,4,2100,8295999,3950.4757142857143,4 BHK
Bengaluru,Jalahalli,3,1360,9000000,6617.64705882353,3 BHK
Bengaluru,Dasarahalli on Tumkur Road,2,1182,9639000,8154.822335025381,2 BHK
Bengaluru,Budigere Cross,3,1530,8900000,5816.993464052288,3 BHK
Bengaluru,Jalahalli,3,1500,25600000,17066.666666666668,3 BHK
Bengaluru,Whitefield,4,3949,9881000,2502.152443656622,4 BHK
Bengaluru,Yelahanka,3,1545,6310000,4084.1423948220063,3 BHK
Bengaluru,Kumaraswamy Layout,2,1135,7138000,6288.98678414097,2 BHK
Bengaluru,Kumaraswamy Layout,3,1271,6266000,4929.976396538159,3 BHK
Bengaluru,Kumaraswamy Layout,2,1129,4995000,4424.269264836138,2 BHK
Bengaluru,Banaswadi,2,1110,5175000,4662.1621621621625,2 BHK
Bengaluru,Banaswadi,3,1150,3195000,2778.2608695652175,3 BHK
Bengaluru,Banaswadi,2,710,4950000,6971.830985915493,2 BHK
Bengaluru,Banaswadi,2,1100,5107000,4642.727272727273,2 BHK
Bengaluru,Banaswadi,3,1135,22000000,19383.259911894274,3 BHK
Bengaluru,Bilekahalli,3,2368,22000000,9290.54054054054,3 BHK
Bengaluru,Bilekahalli,3,2368,17000000,7179.054054054054,3 BHK
Bengaluru,Kodigehalli,3,1810,14600000,8066.298342541437,3 BHK
Bengaluru,Kodigehalli,3,1665,12100000,7267.267267267267,3 BHK
Bengaluru,Kodigehalli,3,1420,10700000,7535.211267605634,3 BHK
Bengaluru,Kodigehalli,2,1245,7015000,5634.538152610442,2 BHK
Bengaluru,Uttarahalli Hobli,3,1352,4700000,3476.3313609467455,3 BHK
Bengaluru,Horamavu,2,1050,5179000,4932.380952380952,2 BHK
Bengaluru,Whitefield,2,1085,8000000,7373.271889400921,2 BHK
Bengaluru,Bellandur,3,1660,7900000,4759.036144578313,3 BHK
Bengaluru,Electronic City Phase 1,3,1600,8200000,5125.0,3 BHK
Bengaluru,Adugodi,2,1495,9000000,6020.066889632107,2 BHK
Bengaluru,Koramangala,2,1125,7122000,6330.666666666667,2 BHK
Bengaluru,Kumaraswamy Layout,3,1269,6222000,4903.073286052009,3 BHK
Bengaluru,Kumaraswamy Layout,2,1125,4500000,4000.0,2 BHK
Bengaluru,Battarahalli,2,1119,6500000,5808.75781948168,2 BHK
Bengaluru,Narayanapura on Hennur Main Road,2,1319,6900000,5231.235784685367,2 BHK
Bengaluru,Narayanapura on Hennur Main Road,1,1319,16900000,12812.736921910539,1 BHK
Bengaluru,Yelahanka,4,3450,9200000,2666.6666666666665,4 BHK
Bengaluru,Jalahalli,3,1475,8800000,5966.1016949152545,3 BHK
Bengaluru,Brookefield,2,1300,7015000,5396.153846153846,2 BHK
Bengaluru,Uttarahalli Hobli,2,1002,7678000,7662.674650698603,2 BHK
Bengaluru,Whitefield,3,1600,5179000,3236.875,3 BHK
Bengaluru,Whitefield,2,1085,7780000,7170.506912442396,2 BHK
Bengaluru,Electronic City Phase 2,3,1465,5652000,3858.0204778156995,3 BHK
Bengaluru,Electronic City Phase 2,2,1035,3186000,3078.2608695652175,2 BHK
Bengaluru,Narayanaghatta,2,1080,3271000,3028.703703703704,2 BHK
Bengaluru,Narayanaghatta,2,1109,2852000,2571.6862037871956,2 BHK
Bengaluru,Narayanaghatta,2,967,3206000,3315.40847983454,2 BHK
Bengaluru,Narayanaghatta,2,1087,3009000,2768.1692732290708,2 BHK
Bengaluru,Narayanaghatta,2,1020,2979000,2920.5882352941176,2 BHK
Bengaluru,Narayanaghatta,2,1010,3250000,3217.8217821782177,2 BHK
Bengaluru,Narayanaghatta,2,1102,8749000,7939.2014519056265,2 BHK
Bengaluru,Talaghattapura,3,1839,6870000,3735.725938009788,3 BHK
Bengaluru,Talaghattapura,2,1419,8243000,5809.020436927413,2 BHK
Bengaluru,Talaghattapura,3,1726,6210000,3597.914252607184,3 BHK
Bengaluru,Kumaraswamy Layout,2,1128,5311000,4708.333333333333,2 BHK
Bengaluru,Horamavu,3,1314,6300000,4794.520547945205,3 BHK
Bengaluru,Varthur,2,1010,5950000,5891.089108910891,2 BHK
Bengaluru,Talaghattapura,2,1002,19800000,19760.47904191617,2 BHK
Bengaluru,Thanisandra,4,2508,7150000,2850.877192982456,4 BHK
Bengaluru,Kumaraswamy Layout,3,1271,6175000,4858.3792289535795,3 BHK
Bengaluru,Kumaraswamy Layout,2,1129,2633000,2332.15234720992,2 BHK
Bengaluru,Electronics City,2,1075,2900000,2697.6744186046512,2 BHK
Bengaluru,Electronics City,2,1000,4900000,4900.0,2 BHK
Bengaluru,Akshayanagar,2,1380,5360000,3884.057971014493,2 BHK
Bengaluru,Akshayanagar,3,1375,6709999,4879.999272727273,3 BHK
Bengaluru,Hennur,2,1135,5703000,5024.669603524229,2 BHK
Bengaluru,Horamavu,2,1068,5000000,4681.647940074907,2 BHK
Bengaluru,Hennur,2,1208,9400000,7781.456953642384,2 BHK
Bengaluru,Kalyan Nagar,2,1347,7134999,5296.955456570156,2 BHK
Bengaluru,Kumaraswamy Layout,3,1271,6210000,4885.916601101495,3 BHK
Bengaluru,Kumaraswamy Layout,2,1129,8800000,7794.508414526129,2 BHK
Bengaluru,Talaghattapura,3,1411,10000000,7087.172218284904,3 BHK
Bengaluru,Whitefield,3,1777,5401000,3039.39223410242,3 BHK
Bengaluru,Kammmanhalli,2,1031,27500000,26673.13288069835,2 BHK
Bengaluru,Banashankari,3,2130,5710000,2680.7511737089203,3 BHK
Bengaluru,Horamavu,2,1066,6016000,5643.527204502814,2 BHK
Bengaluru,Hennur,3,1418,6534999,4608.6029619181945,3 BHK
Bengaluru,Lingarajapuram,3,1236,3888000,3145.631067961165,3 BHK
Bengaluru,Horamavu,2,919,9410000,10239.390642002176,2 BHK
Bengaluru,Kalyan Nagar,2,1348,8009999,5942.135756676558,2 BHK
Bengaluru,Kammanahalli,3,1427,6210000,4351.786965662229,3 BHK
Bengaluru,Kalyan Nagar,2,1007,7005000,6956.305858987091,2 BHK
Bengaluru,Kammanahalli,2,1308,3820000,2920.489296636086,2 BHK
Bengaluru,Horamavu,2,921,7150000,7763.300760043431,2 BHK
Bengaluru,Kumaraswamy Layout,3,1260,6534000,5185.714285714285,3 BHK
Bengaluru,Lingarajapuram,2,1237,3708000,2997.574777687955,2 BHK
Bengaluru,Horamavu,2,918,5700000,6209.150326797386,2 BHK
Bengaluru,Horamavu,2,1065,5600000,5258.215962441314,2 BHK
Bengaluru,Indira Nagar,2,1335,7200000,5393.258426966292,2 BHK
Bengaluru,Kumaraswamy Layout,3,1275,6225000,4882.35294117647,3 BHK
Bengaluru,Kumaraswamy Layout,2,1125,8600000,7644.444444444444,2 BHK
Bengaluru,HSR Layout,2,1340,5702000,4255.223880597015,2 BHK
Bengaluru,Horamavu,2,1067,6767000,6342.080599812559,2 BHK
Bengaluru,Sarjapur Road Wipro To Railway Crossing,3,1304,16500000,12653.374233128834,3 BHK
Bengaluru,Banashankari,3,1900,21500000,11315.78947368421,3 BHK
Bengaluru,Nagasandra,3,2200,8012000,3641.818181818182,3 BHK
Bengaluru,Kammanahalli,3,1425,3711999,2604.9115789473685,3 BHK
Bengaluru,Horamavu,2,917,6200000,6761.177753544166,2 BHK
Bengaluru,Hennur,2,1006,5000000,4970.178926441352,2 BHK
Bengaluru,Hennur,2,1200,9000000,7500.0,2 BHK
Bengaluru,Jalahalli,3,1584,8006999,5054.923611111111,3 BHK
Bengaluru,Kammanahalli,3,1425,8218000,5767.017543859649,3 BHK
Bengaluru,Electronic City Phase 2,3,1505,8370999,5562.1255813953485,3 BHK
Bengaluru,Electronic City Phase 2,3,1535,8039000,5237.133550488599,3 BHK
Bengaluru,Electronic City Phase 2,3,1470,5868000,3991.8367346938776,3 BHK
Bengaluru,Electronic City Phase 2,2,1045,6021000,5761.722488038277,2 BHK
Bengaluru,Electronic City Phase 2,2,1075,7194000,6692.093023255814,2 BHK
Bengaluru,Electronic City Phase 2,2,1290,7581000,5876.7441860465115,2 BHK
Bengaluru,Electronic City Phase 2,2,1380,8137000,5896.376811594203,2 BHK
Bengaluru,Electronic City Phase 2,3,1465,7500000,5119.453924914676,3 BHK
Bengaluru,Kalyan Nagar,2,1204,3710000,3081.3953488372094,2 BHK
Bengaluru,Horamavu,2,916,4500000,4912.663755458515,2 BHK
Bengaluru,Kaval Byrasandra,1,850,38000000,44705.882352941175,1 BHK
Bengaluru,RMV,4,3000,27000000,9000.0,4 BHK
Bengaluru,Sanjay Nagar,4,3250,13500000,4153.846153846154,4 BHK
Bengaluru,Sanjeevini Nagar,3,1800,5146000,2858.8888888888887,3 BHK
Bengaluru,Horamavu,2,971,8900000,9165.808444902163,2 BHK
Bengaluru,Yelahanka,3,1400,7150000,5107.142857142857,3 BHK
Bengaluru,Kumaraswamy Layout,3,1266,11700000,9241.706161137441,3 BHK
Bengaluru,Jayanagar,2,925,6400000,6918.918918918919,2 BHK
Bengaluru,Kannur on Thanisandra Main Road,2,1049,15900000,15157.292659675883,2 BHK
Bengaluru,Jayanagar,3,1285,7175000,5583.657587548638,3 BHK
Bengaluru,Kumaraswamy Layout,3,1265,15500000,12252.96442687747,3 BHK
Bengaluru,JP Nagar Phase 4,3,2026,21000000,10365.251727541954,3 BHK
Bengaluru,JP Nagar Phase 4,4,2731,7200000,2636.3969242035882,4 BHK
Bengaluru,Kumaraswamy Layout,3,1275,7400000,5803.921568627451,3 BHK
Bengaluru,Dasarahalli on Tumkur Road,2,1182,11800000,9983.079526226735,2 BHK
Bengaluru,Jayanagar,2,940,9900000,10531.91489361702,2 BHK
Bengaluru,Yelahanka,3,1530,21500000,14052.287581699346,3 BHK
Bengaluru,JP Nagar Phase 4,3,2437,6200000,2544.11161263849,3 BHK
Bengaluru,Hennur,2,1266,6017000,4752.764612954186,2 BHK
Bengaluru,Hennur,2,1417,4900000,3458.0098800282285,2 BHK
Bengaluru,Hennur,2,1204,9400000,7807.308970099668,2 BHK
Bengaluru,Kalyan Nagar,2,1347,8005000,5942.835931700074,2 BHK
Bengaluru,Kammanahalli,3,1423,6200000,4356.992269852424,3 BHK
Bengaluru,Hennur,2,1005,3704999,3686.5661691542286,2 BHK
Bengaluru,Horamavu,2,915,6356000,6946.448087431694,2 BHK
Bengaluru,Kumaraswamy Layout,2,1135,6533000,5755.9471365638765,2 BHK
Bengaluru,Lingarajapuram,2,1236,12800000,10355.987055016181,2 BHK
Bengaluru,Hebbal,3,1670,12700000,7604.790419161676,3 BHK
Bengaluru,Hebbal,3,1682,6220000,3697.9785969084423,3 BHK
Bengaluru,Kumaraswamy Layout,2,1125,16100000,14311.111111111111,2 BHK
Bengaluru,Cooke Town,3,1900,6175000,3250.0,3 BHK
Bengaluru,Kumaraswamy Layout,2,1120,6256000,5585.714285714285,2 BHK
Bengaluru,Kumaraswamy Layout,2,1130,6356000,5624.778761061947,2 BHK
Bengaluru,Kumaraswamy Layout,2,1135,10200000,8986.784140969163,2 BHK
Bengaluru,Adugodi,2,1083,9000000,8310.249307479224,2 BHK
Bengaluru,Dasarahalli on Tumkur Road,3,1446,7000000,4840.940525587828,3 BHK
Bengaluru,Yelahanka,2,1040,8100000,7788.461538461538,2 BHK
Bengaluru,Avalahalli Off Sarjapur Road,3,1618,17100000,10568.603213844252,3 BHK
Bengaluru,Frazer Town,3,1717,26000000,15142.690739662201,3 BHK
Bengaluru,Konanakunte,4,2689,15800000,5875.790256600967,4 BHK
Bengaluru,Jayanagar,3,1270,6325000,4980.314960629921,3 BHK
Bengaluru,Kumaraswamy Layout,2,1130,21000000,18584.070796460175,2 BHK
Bengaluru,Indira Nagar,3,1836,7500000,4084.967320261438,3 BHK
Bengaluru,Marathahalli,3,1263,22500000,17814.726840855106,3 BHK
Bengaluru,Sampangiram Nagar,3,2000,4999000,2499.5,3 BHK
Bengaluru,Hennur,2,1143,4318000,3777.777777777778,2 BHK
Bengaluru,Nelamangala,2,814,6310000,7751.842751842752,2 BHK
Bengaluru,Kalyan Nagar,2,1104,6519000,5904.891304347826,2 BHK
Bengaluru,Lingarajapuram,2,1230,11399999,9268.2918699187,2 BHK
Bengaluru,Narayanapura on Hennur Main Road,3,2000,5509000,2754.5,3 BHK
Bengaluru,Hennur,2,1205,11399999,9460.580082987552,2 BHK
Bengaluru,Narayanapura on Hennur Main Road,3,2000,5046000,2523.0,3 BHK
Bengaluru,Nelamangala,2,966,4262000,4412.008281573499,2 BHK
Bengaluru,Horamavu,2,1075,7843000,7295.813953488372,2 BHK
Bengaluru,Chikkagubbi on Hennur Main Road,2,1180,6356000,5386.440677966101,2 BHK
Bengaluru,Kumaraswamy Layout,2,1135,7200000,6343.612334801762,2 BHK
Bengaluru,Kumaraswamy Layout,3,1275,6500000,5098.0392156862745,3 BHK
Bengaluru,Richmond Town,4,3282,78700000,23979.280926264473,4 BHK
Bengaluru,Richmond Town,3,2826,74300000,26291.57820240623,3 BHK
Bengaluru,Richmond Town,3,2779,23500000,8456.27923713566,3 BHK
Bengaluru,Armane Nagar,3,1580,6626000,4193.670886075949,3 BHK
Bengaluru,Electronic City Phase 1,2,1300,3759000,2891.5384615384614,2 BHK
Bengaluru,Electronic City Phase 1,1,690,5921000,8581.159420289856,1 BHK
Bengaluru,Electronic City Phase 1,2,1150,7331000,6374.782608695652,2 BHK
Bengaluru,Electronic City Phase 1,3,1450,5968000,4115.862068965517,3 BHK
Bengaluru,Electronic City Phase 1,2,1160,6015000,5185.3448275862065,2 BHK
Bengaluru,Electronic City Phase 1,2,1170,23500000,20085.470085470086,2 BHK
Bengaluru,Vasanth Nagar,3,1580,6000000,3797.46835443038,3 BHK
Bengaluru,Hennur,3,1143,8000000,6999.12510936133,3 BHK
Bengaluru,Kammanahalli,3,1419,8400000,5919.661733615222,3 BHK
Bengaluru,Brookefield,2,1047,4500000,4297.994269340974,2 BHK
Bengaluru,Krishnarajapura,2,1119,4700000,4200.17873100983,2 BHK
Bengaluru,Anjanapura,2,1140,4500000,3947.3684210526317,2 BHK
Bengaluru,Battarahalli,2,1119,13700000,12243.07417336908,2 BHK
Bengaluru,Brookefield,3,1724,4060000,2354.988399071926,3 BHK
Bengaluru,Kumbalgodu,2,883,9501000,10759.9093997735,2 BHK
Bengaluru,Chikkagubbi on Hennur Main Road,3,1450,7200000,4965.517241379311,3 BHK
Bengaluru,Kumaraswamy Layout,3,1275,3600000,2823.529411764706,3 BHK
Bengaluru,Horamavu,2,910,3864000,4246.153846153846,2 BHK
Bengaluru,Nelamangala,2,708,4349000,6142.655367231639,2 BHK
Bengaluru,Nelamangala,2,814,4349000,5342.751842751843,2 BHK
Bengaluru,Nelamangala,2,814,6522000,8012.285012285012,2 BHK
Bengaluru,Lingarajapuram,2,1233,50000000,40551.500405515006,2 BHK
Bengaluru,Rajajinagar,4,4053,47500000,11719.713792252653,4 BHK
Bengaluru,Rajajinagar,4,3766,49800000,13223.579394583112,4 BHK
Bengaluru,Basavanagudi,4,3357,74300000,22132.85671730712,4 BHK
Bengaluru,Richmond Town,3,2779,6626000,2384.310903202591,3 BHK
Bengaluru,Electronic City Phase 1,2,1300,5592000,4301.538461538462,2 BHK
Bengaluru,Electronic City Phase 1,2,1080,4840000,4481.481481481482,2 BHK
Bengaluru,Electronic City Phase 1,2,920,5921000,6435.869565217391,2 BHK
Bengaluru,Electronic City Phase 1,2,1150,5498000,4780.869565217391,2 BHK
Bengaluru,Electronic City Phase 1,2,1060,6015000,5674.528301886792,2 BHK
Bengaluru,Electronic City Phase 1,2,1170,5545000,4739.316239316239,2 BHK
Bengaluru,Electronic City Phase 1,2,1070,6600000,6168.22429906542,2 BHK
Bengaluru,Nagarbhavi,2,1116,6000000,5376.344086021505,2 BHK
Bengaluru,Nagarbhavi,2,1005,5400000,5373.134328358209,2 BHK
Bengaluru,Nagarbhavi,2,903,5300000,5869.3244739756365,2 BHK
Bengaluru,Nagarbhavi,2,884,23600000,26696.83257918552,2 BHK
Bengaluru,Jayanagar,2,1759,22000000,12507.106310403638,2 BHK
Bengaluru,Hebbal,3,2600,21000000,8076.923076923077,3 BHK
Bengaluru,Thanisandra,3,2440,115000000,47131.147540983606,3 BHK
Bengaluru,Hebbal,3,4150,7800000,1879.5180722891566,3 BHK
Bengaluru,Nagarbhavi,3,1318,5592000,4242.792109256449,3 BHK
Bengaluru,Electronic City Phase 1,2,1070,6950000,6495.327102803738,2 BHK
Bengaluru,Avalahalli Off Sarjapur Road,2,1392,6711000,4821.120689655172,2 BHK
Bengaluru,Avalahalli Off Sarjapur Road,3,1320,4209000,3188.6363636363635,3 BHK
Bengaluru,Avalahalli Off Sarjapur Road,1,771,5478000,7105.058365758755,1 BHK
Bengaluru,Avalahalli Off Sarjapur Road,2,1128,3267000,2896.276595744681,2 BHK
Bengaluru,Avalahalli Off Sarjapur Road,1,568,11100000,19542.25352112676,1 BHK
Bengaluru,Avalahalli Off Sarjapur Road,4,2221,6731000,3030.6168392615937,4 BHK
Bengaluru,Avalahalli Off Sarjapur Road,2,1268,6385000,5035.488958990536,2 BHK
Bengaluru,Avalahalli Off Sarjapur Road,2,1272,10800000,8490.566037735849,2 BHK
Bengaluru,Avalahalli Off Sarjapur Road,4,2147,6023000,2805.309734513274,4 BHK
Bengaluru,Sarjapur,3,1372,5039000,3672.7405247813413,3 BHK
Bengaluru,Sarjapur,2,1148,4943000,4305.749128919861,2 BHK
Bengaluru,Sarjapur,2,1126,4938000,4385.435168738899,2 BHK
Bengaluru,Sarjapur,2,1125,9025000,8022.222222222223,2 BHK
Bengaluru,Sarjapur,3,2056,4987000,2425.5836575875487,3 BHK
Bengaluru,Sarjapur,2,1136,6299000,5544.894366197183,2 BHK
Bengaluru,Sarjapur,3,1435,7175000,5000.0,3 BHK
Bengaluru,Kumaraswamy Layout,3,1275,15800000,12392.156862745098,3 BHK
Bengaluru,Jayanagar,3,1282,11800000,9204.36817472699,3 BHK
Bengaluru,JP Nagar Phase 4,2,1541,14000000,9085.009733939001,2 BHK
Bengaluru,Narayanapura on Hennur Main Road,3,3500,3800000,1085.7142857142858,3 BHK
Bengaluru,Badamanavarthekaval,2,1100,6300000,5727.272727272727,2 BHK
Bengaluru,Marathahalli,2,1096,6300000,5748.175182481752,2 BHK
Bengaluru,Marathahalli,2,1096,5754000,5250.0,2 BHK
Bengaluru,Harlur,3,1370,3465000,2529.197080291971,3 BHK
Bengaluru,Harlur,1,825,4158000,5040.0,1 BHK
Bengaluru,Harlur,2,990,4704000,4751.515151515152,2 BHK
Bengaluru,Harlur,2,1120,6000000,5357.142857142857,2 BHK
Bengaluru,NRI Layout,3,1200,6000000,5000.0,3 BHK
Bengaluru,NRI Layout,3,1200,3978000,3315.0,3 BHK
Bengaluru,Bommanahalli,2,920,3776000,4104.347826086957,2 BHK
Bengaluru,Bommanahalli,2,870,3836999,4410.34367816092,2 BHK
Bengaluru,Bommanahalli,2,885,4686000,5294.9152542372885,2 BHK
Bengaluru,Bommanahalli,2,1040,3232000,3107.6923076923076,2 BHK
Bengaluru,Bommanahalli,2,735,2768000,3765.986394557823,2 BHK
Bengaluru,Bommanahalli,1,620,3917000,6317.741935483871,1 BHK
Bengaluru,Bommanahalli,2,905,3877000,4283.977900552486,2 BHK
Bengaluru,Bommanahalli,2,895,2558000,2858.1005586592178,2 BHK
Bengaluru,Bommanahalli,1,568,3554000,6257.042253521126,1 BHK
Bengaluru,Bommanahalli,2,815,4699000,5765.644171779141,2 BHK
Bengaluru,Anjanapura,2,1140,4399000,3858.7719298245615,2 BHK
Bengaluru,Krishnarajapura,2,1119,5999000,5361.036639857015,2 BHK
Bengaluru,Anjanapura,3,1390,7500000,5395.6834532374105,3 BHK
Bengaluru,Kalyan Nagar,2,1200,6998000,5831.666666666667,2 BHK
Bengaluru,Kammanahalli,2,1306,6523000,4994.640122511485,2 BHK
Bengaluru,Lingarajapuram,2,1234,6313000,5115.883306320908,2 BHK
Bengaluru,Kalyan Nagar,2,1106,3619000,3272.1518987341774,2 BHK
Bengaluru,Horamavu,2,912,6000000,6578.9473684210525,2 BHK
Bengaluru,Krishnarajapura,3,1304,6709999,5145.704754601227,3 BHK
Bengaluru,Hennur,2,1131,7509999,6640.1405835543765,2 BHK
Bengaluru,Kalyan Nagar,2,1201,7800000,6494.58784346378,2 BHK
Bengaluru,Kammanahalli,2,1050,8000000,7619.047619047619,2 BHK
Bengaluru,Kammanahalli,3,1421,6313000,4442.646023926812,3 BHK
Bengaluru,Kalyan Nagar,2,1106,3700000,3345.3887884267633,2 BHK
Bengaluru,Horamavu,2,913,4400000,4819.277108433735,2 BHK
Bengaluru,Battarahalli,2,1119,4948000,4421.805183199285,2 BHK
Bengaluru,Bommanahalli,3,1105,4928000,4459.72850678733,3 BHK
Bengaluru,Bommanahalli,2,1100,10300000,9363.636363636364,2 BHK
Bengaluru,Electronic City Phase 2,3,1590,10300000,6477.987421383647,3 BHK
Bengaluru,Electronic City Phase 2,3,1590,10400000,6540.8805031446545,3 BHK
Bengaluru,Electronic City Phase 2,3,1640,10400000,6341.463414634146,3 BHK
Bengaluru,Electronic City Phase 2,3,1605,12400000,7725.856697819315,3 BHK
Bengaluru,Electronic City Phase 2,3,1940,10600000,5463.917525773196,3 BHK
Bengaluru,Electronic City Phase 2,3,1610,10400000,6459.627329192546,3 BHK
Bengaluru,Electronic City Phase 2,3,1610,11500000,7142.857142857143,3 BHK
Bengaluru,Electronic City Phase 2,3,1790,11500000,6424.581005586592,3 BHK
Bengaluru,Electronic City Phase 2,3,1790,14200000,7932.960893854749,3 BHK
Bengaluru,Electronic City Phase 2,4,2225,14200000,6382.0224719101125,4 BHK
Bengaluru,Electronic City Phase 2,3,1395,9117000,6535.4838709677415,3 BHK
Bengaluru,Electronic City Phase 2,4,2150,4400000,2046.5116279069769,4 BHK
Bengaluru,Bommanahalli,2,1100,6498000,5907.272727272727,2 BHK
Bengaluru,Kaggadasapura,3,1400,6311000,4507.857142857143,3 BHK
Bengaluru,Kalyan Nagar,2,1105,6300000,5701.3574660633485,2 BHK
Bengaluru,Dasarahalli,3,1400,6300000,4500.0,3 BHK
Bengaluru,Dasarahalli,3,1400,4809000,3435.0,3 BHK
Bengaluru,Lingarajapuram,2,904,6700000,7411.504424778761,2 BHK
Bengaluru,Begur,3,1770,29900000,16892.655367231637,3 BHK
Bengaluru,Whitefield Hope Farm Junction,4,3729,28600000,7669.616519174041,4 BHK
Bengaluru,Whitefield Hope Farm Junction,4,3660,44700000,12213.11475409836,4 BHK
Bengaluru,Whitefield Hope Farm Junction,5,5366,3611000,672.9407379798732,5+ BHK
Bengaluru,Horamavu,2,911,5500000,6037.321624588364,2 BHK
Bengaluru,Richmond Town,3,3049,69900000,22925.549360446046,3 BHK
Bengaluru,Richmond Town,3,3067,62800000,20476.035213563744,3 BHK
Bengaluru,Richmond Town,3,2755,69000000,25045.372050816695,3 BHK
Bengaluru,Richmond Town,3,3027,63000000,20812.68582755203,3 BHK
Bengaluru,Richmond Town,3,2764,62900000,22756.874095513747,3 BHK
Bengaluru,Richmond Town,3,2760,63000000,22826.08695652174,3 BHK
Bengaluru,Richmond Town,3,2760,75200000,27246.376811594204,3 BHK
Bengaluru,Richmond Town,3,3300,69200000,20969.696969696968,3 BHK
Bengaluru,Richmond Town,3,3036,69100000,22760.210803689064,3 BHK
Bengaluru,Richmond Town,3,3035,67800000,22339.373970345965,3 BHK
Bengaluru,Richmond Town,3,2975,68100000,22890.756302521007,3 BHK
Bengaluru,Richmond Town,3,2991,68400000,22868.605817452357,3 BHK
Bengaluru,Richmond Town,3,3000,73100000,24366.666666666668,3 BHK
Bengaluru,Richmond Town,3,3210,61400000,19127.72585669782,3 BHK
Bengaluru,Richmond Town,3,2695,67700000,25120.593692022263,3 BHK
Bengaluru,Richmond Town,3,2970,66400000,22356.902356902356,3 BHK
Bengaluru,Richmond Town,3,2915,113200000,38833.619210977704,3 BHK
Bengaluru,Richmond Town,4,4969,72700000,14630.710404507949,4 BHK
Bengaluru,Richmond Town,3,3189,66600000,20884.289746001883,3 BHK
Bengaluru,Richmond Town,3,2922,66900000,22895.2772073922,3 BHK
Bengaluru,Richmond Town,3,2937,66900000,22778.345250255363,3 BHK
Bengaluru,Richmond Town,3,2935,72800000,24804.088586030666,3 BHK
Bengaluru,Richmond Town,3,3194,66800000,20914.214151534128,3 BHK
Bengaluru,Richmond Town,3,2931,71600000,24428.522688502217,3 BHK
Bengaluru,Richmond Town,3,3144,65700000,20896.946564885497,3 BHK
Bengaluru,Richmond Town,3,2885,72100000,24991.334488734836,3 BHK
Bengaluru,Richmond Town,3,3165,72000000,22748.81516587678,3 BHK
Bengaluru,Richmond Town,3,3161,71100000,22492.881999367288,3 BHK
Bengaluru,Richmond Town,3,3120,5250000,1682.6923076923076,3 BHK
Bengaluru,Kumaraswamy Layout,2,1050,6800000,6476.190476190476,2 BHK
Bengaluru,Kumaraswamy Layout,3,1350,9410000,6970.37037037037,3 BHK
Bengaluru,Kammanahalli,2,1344,8500000,6324.4047619047615,2 BHK
Bengaluru,Kartik Nagar,3,1669,9324000,5586.5787896944275,3 BHK
Bengaluru,Banashankari,2,1335,9324000,6984.269662921349,2 BHK
Bengaluru,Banashankari,2,1332,9324000,7000.0,2 BHK
Bengaluru,Banashankari,2,1331,9324000,7005.259203606311,2 BHK
Bengaluru,Banashankari,2,1334,4806000,3602.6986506746625,2 BHK
Bengaluru,Horamavu,2,1154,5009000,4340.5545927209705,2 BHK
Bengaluru,Kammanahalli,2,1024,7504000,7328.125,2 BHK
Bengaluru,Kalyan Nagar,2,1204,7504000,6232.558139534884,2 BHK
Bengaluru,Kalyan Nagar,2,1204,5200000,4318.936877076412,2 BHK
Bengaluru,Chikkalasandra,2,1150,8209000,7138.260869565217,2 BHK
Bengaluru,Kalyan Nagar,3,1404,6183000,4403.846153846154,3 BHK
Bengaluru,Budigere Cross,3,1350,5070000,3755.5555555555557,3 BHK
Bengaluru,Budigere Cross,2,935,5610000,6000.0,2 BHK
Bengaluru,Budigere Cross,2,1225,4809000,3925.714285714286,2 BHK
Bengaluru,Lingarajapuram,2,904,11200000,12389.38053097345,2 BHK
Bengaluru,Harlur,2,1235,11700000,9473.684210526315,2 BHK
Bengaluru,Hosa Road,3,1715,14600000,8513.119533527697,3 BHK
Bengaluru,Sarjapur Road Till Wipro,3,2024,17000000,8399.209486166008,3 BHK
Bengaluru,Sarjapur Road Till Wipro,4,2359,7698999,3263.6706231454004,4 BHK
Bengaluru,Kannamangala,3,1604,6556000,4087.281795511222,3 BHK
Bengaluru,Kannamangala,3,1366,13899999,10175.694729136165,3 BHK
Bengaluru,Sarjapur Road Till Wipro,3,1936,7938000,4100.206611570248,3 BHK
Bengaluru,Sarjapur Road Wipro To Railway Crossing,2,1323,9576000,7238.0952380952385,2 BHK
Bengaluru,Sarjapur Road Wipro To Railway Crossing,3,1596,7200000,4511.278195488721,3 BHK
Bengaluru,Sarjapur Road Wipro To Railway Crossing,2,1200,7890000,6575.0,2 BHK
Bengaluru,Sarjapur Road Wipro To Railway Crossing,2,1315,7884000,5995.4372623574145,2 BHK
Bengaluru,Sarjapur Road Wipro To Railway Crossing,2,1314,7656000,5826.48401826484,2 BHK
Bengaluru,Sarjapur Road Wipro To Railway Crossing,2,1276,6816000,5341.692789968652,2 BHK
Bengaluru,Sarjapur Road Wipro To Railway Crossing,2,1136,7343000,6463.908450704225,2 BHK
Bengaluru,Kasavanahalli,3,1546,7434000,4808.5381630012935,3 BHK
Bengaluru,Sarjapur Road Wipro To Railway Crossing,2,1239,7488000,6043.583535108959,2 BHK
Bengaluru,Sarjapur Road Wipro To Railway Crossing,2,1248,4956000,3971.153846153846,2 BHK
Bengaluru,Sarjapur Road Wipro To Railway Crossing,1,826,7781999,9421.306295399516,1 BHK
Bengaluru,Sarjapur Road Wipro To Railway Crossing,2,1297,7776000,5995.373939861218,2 BHK
Bengaluru,Sarjapur Road Wipro To Railway Crossing,2,1296,7692000,5935.185185185185,2 BHK
Bengaluru,Sarjapur Road Wipro To Railway Crossing,2,1282,9288000,7244.929797191888,2 BHK
Bengaluru,Sarjapur Road Wipro To Railway Crossing,3,1548,7420000,4793.28165374677,3 BHK
Bengaluru,hebbal kempapura,2,1060,7250000,6839.622641509434,2 BHK
Bengaluru,Cox Town,3,1518,9410000,6198.945981554677,3 BHK
Bengaluru,Kammanahalli,2,1344,9410000,7001.488095238095,2 BHK
Bengaluru,Kammanahalli,2,1344,11500000,8556.547619047618,2 BHK
Bengaluru,Banaswadi,3,1800,7505000,4169.444444444444,3 BHK
Bengaluru,Kalyan Nagar,2,1203,9494000,7891.936824605154,2 BHK
Bengaluru,Kammanahalli,2,1342,8206000,6114.754098360656,2 BHK
Bengaluru,Kalyan Nagar,3,1404,5008000,3566.9515669515667,3 BHK
Bengaluru,Kammanahalli,2,1025,4700000,4585.365853658536,2 BHK
Bengaluru,Anjanapura,2,1140,4700000,4122.80701754386,2 BHK
Bengaluru,Anjanapura,2,1140,6000000,5263.1578947368425,2 BHK
Bengaluru,Anjanapura,3,1360,4700000,3455.8823529411766,3 BHK
Bengaluru,Anjanapura,2,1140,4400000,3859.6491228070176,2 BHK
Bengaluru,Krishnarajapura,2,1119,3500000,3127.792672028597,2 BHK
Bengaluru,Gottigere,2,950,4700000,4947.368421052632,2 BHK
Bengaluru,J. P. Nagar,2,1140,6900000,6052.631578947368,2 BHK
Bengaluru,Krishnarajapura,2,1200,4400000,3666.6666666666665,2 BHK
Bengaluru,Battarahalli,2,1119,5200000,4647.006255585344,2 BHK
Bengaluru,Chikkalasandra,2,1150,9324000,8107.826086956522,2 BHK
Bengaluru,Banashankari,2,1333,6700000,5026.256564141036,2 BHK
Bengaluru,Banashankari,2,979,6859999,7007.149131767109,2 BHK
Bengaluru,Banashankari,2,982,5900000,6008.146639511202,2 BHK
Bengaluru,Chikkalasandra,2,1400,6859999,4899.999285714286,2 BHK
Bengaluru,Banashankari,2,981,5900000,6014.2711518858305,2 BHK
Bengaluru,Banashankari,2,978,5900000,6032.719836400818,2 BHK
Bengaluru,Banashankari,2,980,9300000,9489.795918367347,2 BHK
Bengaluru,Banashankari,3,1335,9324000,6984.269662921349,3 BHK
Bengaluru,Banashankari,2,1336,6859999,5134.729790419162,2 BHK
Bengaluru,Banashankari,2,980,9324000,9514.285714285714,2 BHK
Bengaluru,Banashankari,2,1338,5900000,4409.566517189835,2 BHK
Bengaluru,Chikkalasandra,2,1325,6859999,5177.357735849057,2 BHK
Bengaluru,Banashankari,2,981,9324000,9504.587155963303,2 BHK
Bengaluru,Banashankari,3,1326,6859999,5173.453242835596,3 BHK
Bengaluru,Banashankari,2,982,6859999,6985.742362525459,2 BHK
Bengaluru,Banashankari,2,979,9324000,9524.004085801838,2 BHK
Bengaluru,Banashankari,3,1333,6859999,5146.2858214553635,3 BHK
Bengaluru,Banashankari,2,985,9345000,9487.309644670051,2 BHK
Bengaluru,Banashankari,2,1339,6859999,5123.225541448843,2 BHK
Bengaluru,Banashankari,2,982,9324000,9494.908350305499,2 BHK
Bengaluru,Banashankari,3,1335,6859999,5138.576029962547,3 BHK
Bengaluru,Banashankari,2,1333,5500000,4126.031507876969,2 BHK
Bengaluru,Bendre Nagar,2,1050,6250000,5952.380952380952,2 BHK
Bengaluru,Hosakerehalli,2,1145,15000000,13100.436681222707,2 BHK
Bengaluru,Vasanth Nagar,2,1550,15000000,9677.41935483871,2 BHK
Bengaluru,Vasanth Nagar,1,1200,5325000,4437.5,1 BHK
Bengaluru,Kammanahalli,2,998,15000000,15030.060120240481,2 BHK
Bengaluru,Vasanth Nagar,2,1550,10500000,6774.193548387097,2 BHK
Bengaluru,Brookefield,3,1600,15000000,9375.0,3 BHK
Bengaluru,Vasanth Nagar,1,1200,11500000,9583.333333333334,1 BHK
Bengaluru,Banaswadi,3,1800,5200000,2888.8888888888887,3 BHK
Bengaluru,Chikkalasandra,2,1150,4700000,4086.9565217391305,2 BHK
Bengaluru,Anjanapura,2,1140,9401000,8246.491228070176,2 BHK
Bengaluru,Kammanahalli,2,1343,5500000,4095.3090096798214,2 BHK
Bengaluru,Hosakerehalli,2,1145,8000000,6986.899563318777,2 BHK
Bengaluru,Kodigehalli,2,1600,5150000,3218.75,2 BHK
Bengaluru,Kammanahalli,2,1032,9482000,9187.98449612403,2 BHK
Bengaluru,Kammanahalli,2,1342,6498999,4842.771236959761,2 BHK
Bengaluru,Kothanur,2,1304,7550000,5789.877300613497,2 BHK
Bengaluru,Kothanur,1,1250,8550000,6840.0,1 BHK
Bengaluru,Kothanur,2,1450,3200000,2206.896551724138,2 BHK
Bengaluru,Hennur,1,550,4300000,7818.181818181818,1 BHK
Bengaluru,Horamavu,2,1036,9518000,9187.258687258687,2 BHK
Bengaluru,Horamavu,3,1676,4297000,2563.8424821002386,3 BHK
Bengaluru,Horamavu,1,1035,3150000,3043.478260869565,1 BHK
Bengaluru,Hennur,1,551,9796000,17778.58439201452,1 BHK
Bengaluru,Horamavu,2,1606,4350000,2708.592777085928,2 BHK
Bengaluru,Hennur,1,1039,7798999,7506.255052935515,1 BHK
Bengaluru,Kammanahalli,2,1056,4299000,4071.0227272727275,2 BHK
Bengaluru,Horamavu,1,1035,8006000,7735.265700483092,1 BHK
Bengaluru,Byrathi,1,1217,7995999,6570.253903040263,1 BHK
Bengaluru,Kammanahalli,1,1058,4398000,4156.899810964083,1 BHK
Bengaluru,Horamavu,1,1039,9498000,9141.48219441771,1 BHK
Bengaluru,Kalyan Nagar,3,1421,7508000,5283.603096410978,3 BHK
Bengaluru,Kalyan Nagar,2,1205,6504000,5397.510373443984,2 BHK
Bengaluru,Hennur,2,1304,13400000,10276.073619631901,2 BHK
Bengaluru,RR Nagar,3,2165,4809000,2221.2471131639722,3 BHK
Bengaluru,Lingarajapuram,2,904,4809000,5319.690265486725,2 BHK
Bengaluru,Lingarajapuram,2,904,4806000,5316.371681415929,2 BHK
Bengaluru,Horamavu,2,1154,4806000,4164.644714038128,2 BHK
Bengaluru,Kammanahalli,2,1024,5009000,4891.6015625,2 BHK
Bengaluru,Kalyan Nagar,2,1204,12000000,9966.777408637874,2 BHK
Bengaluru,Bellandur,4,2814,14000000,4975.124378109453,4 BHK
Bengaluru,Vasanth Nagar,2,1300,7400000,5692.307692307692,2 BHK
Bengaluru,Narayanapura,2,1273,8206999,6446.974862529458,2 BHK
Bengaluru,Banaswadi,2,1252,7456000,5955.271565495208,2 BHK
Bengaluru,Banaswadi,2,1312,4700000,3582.317073170732,2 BHK
Bengaluru,J. P. Nagar,2,1390,3500000,2517.9856115107914,2 BHK
Bengaluru,Anjanapura,2,1140,8209000,7200.877192982456,2 BHK
Bengaluru,Kalyan Nagar,3,1404,8209000,5846.866096866097,3 BHK
Bengaluru,Kalyan Nagar,3,1404,10200000,7264.957264957265,3 BHK
Bengaluru,Sarjapur Road Wipro To Railway Crossing,3,1709,4209000,2462.843768285547,3 BHK
Bengaluru,Avalahalli Off Sarjapur Road,1,568,6731000,11850.352112676057,1 BHK
Bengaluru,Avalahalli Off Sarjapur Road,2,1268,8378000,6607.255520504732,2 BHK
Bengaluru,Hosa Road,2,1170,12800000,10940.17094017094,2 BHK
Bengaluru,Harlur,3,1630,10100000,6196.319018404908,3 BHK
Bengaluru,Hosa Road,3,1470,10800000,7346.938775510204,3 BHK
Bengaluru,Hosa Road,3,1575,9446000,5997.460317460317,3 BHK
Bengaluru,Hosa Road,2,1360,8306999,6108.0875,2 BHK
Bengaluru,Hosa Road,2,1184,4883000,4124.155405405405,2 BHK
Bengaluru,Hosa Road,1,655,6731000,10276.335877862595,1 BHK
Bengaluru,Avalahalli Off Sarjapur Road,2,1268,16399999,12933.753154574133,2 BHK
Bengaluru,Sarjapur Road Till Wipro,4,2275,14200000,6241.758241758242,4 BHK
Bengaluru,Sarjapur Road Till Wipro,3,1973,16200000,8210.846426761278,3 BHK
Bengaluru,Sarjapur Road Till Wipro,4,2252,14300000,6349.911190053286,4 BHK
Bengaluru,Sarjapur Road Till Wipro,3,1980,14500000,7323.232323232323,3 BHK
Bengaluru,Sarjapur Road Till Wipro,3,2018,14000000,6937.561942517344,3 BHK
Bengaluru,Sarjapur Road Till Wipro,3,1948,17500000,8983.572895277208,3 BHK
Bengaluru,Sarjapur Road Till Wipro,4,2425,14600000,6020.618556701031,4 BHK
Bengaluru,Sarjapur Road Till Wipro,3,2023,13500000,6673.257538309442,3 BHK
Bengaluru,Sarjapur Road Till Wipro,3,1877,16700000,8897.176345231754,3 BHK
Bengaluru,Sarjapur Road Till Wipro,4,2322,14500000,6244.616709732989,4 BHK
Bengaluru,Sarjapur Road Till Wipro,3,2007,14300000,7125.062282012955,3 BHK
Bengaluru,Sarjapur Road Till Wipro,3,1984,10900000,5493.951612903225,3 BHK
Bengaluru,Konanakunte,3,1105,9451000,8552.941176470587,3 BHK
Bengaluru,Konanakunte,2,948,9423000,9939.87341772152,2 BHK
Bengaluru,Konanakunte,2,949,12800000,13487.881981032666,2 BHK
Bengaluru,Konanakunte,3,1287,9513000,7391.608391608392,3 BHK
Bengaluru,Konanakunte,2,957,12700000,13270.637408568444,2 BHK
Bengaluru,Konanakunte,3,1262,8485000,6723.454833597464,3 BHK
Bengaluru,Konanakunte,2,842,14900000,17695.961995249407,2 BHK
Bengaluru,Konanakunte,3,1494,8403000,5624.497991967872,3 BHK
Bengaluru,Konanakunte,2,832,10900000,13100.961538461539,2 BHK
Bengaluru,Konanakunte,3,1104,9148000,8286.231884057972,3 BHK
Bengaluru,Kannamangala,3,1906,6863000,3600.734522560336,3 BHK
Bengaluru,Kasavanahalli,3,1445,5296000,3665.0519031141866,3 BHK
Bengaluru,Kasavanahalli,2,1115,8312000,7454.7085201793725,2 BHK
Bengaluru,Kasavanahalli,3,1750,8051000,4600.571428571428,3 BHK
Bengaluru,Kasavanahalli,3,1695,7756000,4575.811209439528,3 BHK
Bengaluru,Kasavanahalli,3,1633,7329000,4488.058787507654,3 BHK
Bengaluru,Kasavanahalli,3,1543,8602000,5574.854180168503,3 BHK
Bengaluru,Kasavanahalli,3,1811,10300000,5687.465488680287,3 BHK
Bengaluru,Kasavanahalli,3,2179,15000000,6883.8916934373565,3 BHK
Bengaluru,Kasavanahalli,3,3167,5685000,1795.0742027155036,3 BHK
Bengaluru,Kasavanahalli,2,1197,11100000,9273.182957393483,2 BHK
Bengaluru,Avalahalli Off Sarjapur Road,4,2221,9732000,4381.809995497523,4 BHK
Bengaluru,Sarjapur Road Wipro To Railway Crossing,3,1622,6385000,3936.498150431566,3 BHK
Bengaluru,Avalahalli Off Sarjapur Road,4,2147,7062000,3289.240801117839,4 BHK
Bengaluru,Sarjapur Road Wipro To Railway Crossing,2,1177,7895999,6708.580288870008,2 BHK
Bengaluru,Sarjapur Road Wipro To Railway Crossing,2,1316,7062000,5366.261398176292,2 BHK
Bengaluru,Sarjapur Road Wipro To Railway Crossing,2,1177,7842000,6662.701784197111,2 BHK
Bengaluru,Sarjapur Road Wipro To Railway Crossing,2,1307,7895999,6041.315225707727,2 BHK
Bengaluru,Sarjapur Road Wipro To Railway Crossing,2,1316,7854000,5968.085106382979,2 BHK
Bengaluru,Sarjapur Road Wipro To Railway Crossing,2,1309,8406000,6421.695951107716,2 BHK
Bengaluru,Sarjapur Road Wipro To Railway Crossing,2,1401,5070000,3618.8436830835117,2 BHK
Bengaluru,Budigere Cross,2,935,6183000,6612.834224598931,2 BHK
Bengaluru,Budigere Cross,3,1350,6863000,5083.7037037037035,3 BHK
Bengaluru,Kasavanahalli,2,1197,6950000,5806.182121971596,2 BHK
Bengaluru,Avalahalli Off Sarjapur Road,2,1392,7368000,5293.103448275862,2 BHK
Bengaluru,Sarjapur Road Wipro To Railway Crossing,2,1228,6711000,5464.983713355049,2 BHK
Bengaluru,Avalahalli Off Sarjapur Road,3,1320,7368000,5581.818181818182,3 BHK
Bengaluru,Avalahalli Off Sarjapur Road,3,1320,8148000,6172.727272727273,3 BHK
Bengaluru,Sarjapur Road Wipro To Railway Crossing,2,1358,8904000,6556.701030927835,2 BHK
Bengaluru,Sarjapur Road Wipro To Railway Crossing,3,1484,7170000,4831.536388140162,3 BHK
Bengaluru,Sarjapur Road Wipro To Railway Crossing,2,1195,7944000,6647.698744769875,2 BHK
Bengaluru,Sarjapur Road Wipro To Railway Crossing,2,1324,7842000,5922.960725075529,2 BHK
Bengaluru,Sarjapur Road Wipro To Railway Crossing,2,1307,7014000,5366.488140780413,2 BHK
Bengaluru,Sarjapur Road Wipro To Railway Crossing,2,1169,6912000,5912.745936698033,2 BHK
Bengaluru,Sarjapur Road Wipro To Railway Crossing,2,1152,10700000,9288.194444444445,2 BHK
Bengaluru,Sarjapur Road Wipro To Railway Crossing,3,1657,11500000,6940.253470126735,3 BHK
Bengaluru,Sarjapur Road Wipro To Railway Crossing,3,1665,8800000,5285.285285285286,3 BHK
Bengaluru,Varthur,3,1655,8954000,5410.271903323262,3 BHK
Bengaluru,Varthur,2,1216,8954000,7363.486842105263,2 BHK
Bengaluru,Varthur,3,1655,14000000,8459.214501510574,3 BHK
Bengaluru,Bommanahalli,3,1885,5700000,3023.872679045093,3 BHK
Bengaluru,Gottigere,2,1200,3700000,3083.3333333333335,2 BHK
Bengaluru,Nagarbhavi,1,605,6400000,10578.512396694216,1 BHK
Bengaluru,JP Nagar Phase 8,2,1200,9500000,7916.666666666667,2 BHK
Bengaluru,Dasarahalli on Tumkur Road,3,1486,16800000,11305.518169582772,3 BHK
Bengaluru,Narayanapura on Hennur Main Road,3,3500,27300000,7800.0,3 BHK
Bengaluru,Banashankari,4,3033,28900000,9528.519617540389,4 BHK
Bengaluru,Banashankari,4,3205,21400000,6677.0670826833075,4 BHK
Bengaluru,Banashankari,3,2376,12500000,5260.942760942761,3 BHK
Bengaluru,Kogilu,3,2215,27300000,12325.056433408578,3 BHK
Bengaluru,Banashankari,4,3024,21400000,7076.719576719577,4 BHK
Bengaluru,Banashankari,3,2376,21400000,9006.734006734006,3 BHK
Bengaluru,Banashankari,3,2376,22700000,9553.872053872054,3 BHK
Bengaluru,Banashankari,3,2522,22400000,8881.83980967486,3 BHK
Bengaluru,Banashankari,3,2480,61700000,24879.032258064515,3 BHK
Bengaluru,J. P. Nagar,4,4932,22400000,4541.768045417681,4 BHK
Bengaluru,Banashankari,3,2480,27300000,11008.064516129032,3 BHK
Bengaluru,Banashankari,4,3024,61700000,20403.439153439154,4 BHK
Bengaluru,J. P. Nagar,4,4932,22700000,4602.595296025953,4 BHK
Bengaluru,Banashankari,3,2522,21400000,8485.329103885804,3 BHK
Bengaluru,Banashankari,3,2376,21500000,9048.821548821548,3 BHK
Bengaluru,Banashankari,3,2378,7600000,3195.9629941126996,3 BHK
Bengaluru,Kanakapura Road Beyond Nice Ring Road,3,1550,50500000,32580.645161290322,3 BHK
Bengaluru,Sarjapur,3,2442,8300000,3398.8533988533986,3 BHK
Bengaluru,Narayanapura on Hennur Main Road,2,1240,6550000,5282.258064516129,2 BHK
Bengaluru,Thanisandra,2,1071,4600000,4295.051353874884,2 BHK
Bengaluru,Budigere Cross,2,815,12800000,15705.521472392638,2 BHK
Bengaluru,Chamrajpet,2,1365,17900000,13113.553113553113,2 BHK
Bengaluru,Koramangala,2,1249,35300000,28262.610088070458,2 BHK
Bengaluru,Koramangala,4,2461,11000000,4469.727752945957,4 BHK
Bengaluru,Whitefield Hope Farm Junction,3,1730,8699000,5028.323699421965,3 BHK
Bengaluru,Kadugodi,3,1550,13000000,8387.09677419355,3 BHK
Bengaluru,Harlur,3,2176,9300000,4273.89705882353,3 BHK
Bengaluru,Harlur,3,1485,8863000,5968.350168350168,3 BHK
Bengaluru,Harlur,2,1225,22200000,18122.448979591838,2 BHK
Bengaluru,Harlur,4,3210,12900000,4018.691588785047,4 BHK
Bengaluru,Harlur,3,1830,8896000,4861.20218579235,3 BHK
Bengaluru,Harlur,2,1230,22599999,18373.982926829267,2 BHK
Bengaluru,Harlur,4,3265,12800000,3920.3675344563553,4 BHK
Bengaluru,Harlur,3,1810,9098000,5026.519337016574,3 BHK
Bengaluru,Harlur,2,1260,10400000,8253.968253968254,2 BHK
Bengaluru,Harlur,3,1460,9165000,6277.397260273972,3 BHK
Bengaluru,Harlur,2,1270,6900000,5433.070866141732,2 BHK
Bengaluru,JP Nagar Phase 8,3,1350,3850000,2851.8518518518517,3 BHK
Bengaluru,Horamavu,2,1080,4100000,3796.296296296296,2 BHK
Bengaluru,Horamavu,2,1170,6483000,5541.025641025641,2 BHK
Bengaluru,Yelahanka,3,1365,7125000,5219.780219780219,3 BHK
Bengaluru,Yelahanka,3,1500,6412000,4274.666666666667,3 BHK
Bengaluru,Yelahanka,3,1350,8791000,6511.851851851852,3 BHK
Bengaluru,Hebbal,2,1290,3779999,2930.2317829457365,2 BHK
Bengaluru,Rajajinagar,6,7500,13400000,1786.6666666666667,5+ BHK
Bengaluru,Begur,3,1903,16900000,8880.714661061482,3 BHK
Bengaluru,Begur,3,1903,13400000,7041.513399894903,3 BHK
Bengaluru,Begur,3,1903,39500000,20756.699947451394,3 BHK
Bengaluru,Rajajinagar,3,2500,4690000,1876.0,3 BHK
Bengaluru,Kumbalgodu,2,940,13899999,14787.232978723405,2 BHK
Bengaluru,ITPL,3,2090,5573000,2666.507177033493,3 BHK
Bengaluru,Kumbalgodu,2,1117,7934999,7103.848701880036,2 BHK
Bengaluru,Kumbalgodu,3,1500,37800000,25200.0,3 BHK
Bengaluru,Talaghattapura,4,4498,22000000,4891.062694530902,4 BHK
Bengaluru,Talaghattapura,3,2753,22599999,8209.225935343262,3 BHK
Bengaluru,Budigere Cross,4,3840,8940000,2328.125,4 BHK
Bengaluru,Kumbalgodu,3,1690,13400000,7928.994082840237,3 BHK
Bengaluru,Begur,3,1510,7020000,4649.0066225165565,3 BHK
Bengaluru,Kumbalgodu,3,1407,9574000,6804.5486851457,3 BHK
Bengaluru,Kumbalgodu,3,1810,16900000,9337.016574585636,3 BHK
Bengaluru,Begur,3,1903,4700000,2469.784550709406,3 BHK
Bengaluru,Kumbalgodu,2,942,18600000,19745.222929936306,2 BHK
Bengaluru,ITPL,3,2790,11100000,3978.494623655914,3 BHK
Bengaluru,ITPL,3,1660,7698999,4637.951204819277,3 BHK
Bengaluru,Kannamangala,3,1604,3638000,2268.0798004987532,3 BHK
Bengaluru,Avalahalli Off Sarjapur Road,2,1070,3621000,3384.11214953271,2 BHK
Bengaluru,Avalahalli Off Sarjapur Road,2,1065,7698999,7229.107042253521,2 BHK
Bengaluru,Rajajinagar,7,8200,8791000,1072.0731707317073,5+ BHK
Bengaluru,Horamavu,2,1075,5475000,5093.023255813953,2 BHK
Bengaluru,Varthur,2,1007,8940000,8877.85501489573,2 BHK
Bengaluru,Kannamangala,3,1366,37800000,27672.03513909224,3 BHK
Bengaluru,Talaghattapura,3,2753,6556000,2381.40210679259,3 BHK
Bengaluru,Kannamangala,3,1366,5800000,4245.97364568082,3 BHK
Bengaluru,JP Nagar Phase 8,3,1320,4600000,3484.848484848485,3 BHK
Bengaluru,JP Nagar Phase 8,2,1010,10200000,10099.009900990099,2 BHK
Bengaluru,Sarjapur Road Wipro To Railway Crossing,3,1709,11600000,6787.595084844938,3 BHK
Bengaluru,Whitefield Hope Farm Junction,3,1835,11700000,6376.021798365123,3 BHK
Bengaluru,Whitefield Hope Farm Junction,3,1850,11700000,6324.324324324324,3 BHK
Bengaluru,Whitefield Hope Farm Junction,3,1860,11200000,6021.5053763440865,3 BHK
Bengaluru,Whitefield Hope Farm Junction,3,1765,11500000,6515.58073654391,3 BHK
Bengaluru,Whitefield Hope Farm Junction,3,1830,11900000,6502.732240437159,3 BHK
Bengaluru,Junnasandra,3,1691,7262000,4294.500295683028,3 BHK
Bengaluru,Kadugodi,2,1275,11200000,8784.313725490196,2 BHK
Bengaluru,Kadugodi,3,2040,9534000,4673.529411764706,3 BHK
Bengaluru,Kadugodi,3,1710,6792000,3971.9298245614036,3 BHK
Bengaluru,Kadugodi,2,1185,9221000,7781.434599156119,2 BHK
Bengaluru,Kadugodi,3,1650,7131000,4321.818181818182,3 BHK
Bengaluru,Kadugodi,2,1250,8725000,6980.0,2 BHK
Bengaluru,Kadugodi,3,1555,8411000,5409.003215434083,3 BHK
Bengaluru,Kadugodi,3,1495,8777000,5870.903010033445,3 BHK
Bengaluru,Kadugodi,3,1565,19500000,12460.063897763579,3 BHK
Bengaluru,Harlur,4,2805,10700000,3814.6167557932263,4 BHK
Bengaluru,Harlur,3,1510,13200000,8741.721854304637,3 BHK
Bengaluru,Harlur,3,1880,13000000,6914.893617021276,3 BHK
Bengaluru,Harlur,3,1850,10800000,5837.8378378378375,3 BHK
Bengaluru,Harlur,3,1520,5000000,3289.4736842105262,3 BHK
Bengaluru,JP Nagar Phase 8,2,980,6114000,6238.775510204082,2 BHK
Bengaluru,Jakkur,2,1219,7665000,6287.940935192781,2 BHK
Bengaluru,Jakkur,3,1549,6405000,4134.925758553905,3 BHK
Bengaluru,Jakkur,2,1281,7068000,5517.564402810304,2 BHK
Bengaluru,Jakkur,3,1422,6316000,4441.631504922644,3 BHK
Bengaluru,Jakkur,2,1262,6349000,5030.903328050713,2 BHK
Bengaluru,Jakkur,2,1269,5874000,4628.841607565012,2 BHK
Bengaluru,Jakkur,2,1168,7909000,6771.404109589041,2 BHK
Bengaluru,Jakkur,3,1601,7580000,4734.540911930044,3 BHK
Bengaluru,Jakkur,3,1531,16299999,10646.63553233181,3 BHK
Bengaluru,Begur,3,1906,16299999,8551.940713536202,3 BHK
Bengaluru,Begur,3,1906,9551000,5011.017838405037,3 BHK
Bengaluru,Bellandur,2,997,9100000,9127.382146439319,2 BHK
Bengaluru,Bellandur,2,931,7718000,8290.010741138562,2 BHK
Bengaluru,Yelahanka,3,1625,5566000,3425.230769230769,3 BHK
Bengaluru,Kengeri,2,1043,7611000,7297.219558964525,2 BHK
Bengaluru,Kengeri,3,1450,7433000,5126.206896551724,3 BHK
Bengaluru,Yelahanka,3,1565,5365000,3428.115015974441,3 BHK
Bengaluru,Kengeri,2,1003,5462000,5445.663010967099,2 BHK
Bengaluru,Yelahanka,3,1150,6154000,5351.304347826087,3 BHK
Bengaluru,Kengeri,2,1160,4702000,4053.448275862069,2 BHK
Bengaluru,Yelahanka,2,990,7822000,7901.010101010101,2 BHK
Bengaluru,Kengeri,3,1492,16299999,10924.932305630027,3 BHK
Bengaluru,Bellandur,2,931,9529000,10235.230934479056,2 BHK
Bengaluru,Bellandur,2,998,9579000,9598.19639278557,2 BHK
Bengaluru,Bellandur,2,995,8240000,8281.40703517588,2 BHK
Bengaluru,Bellandur,2,835,4469000,5352.095808383234,2 BHK
Bengaluru,Bellandur,1,445,8173000,18366.29213483146,1 BHK
Bengaluru,Kumbalgodu,3,1638,9565000,5839.438339438339,3 BHK
Bengaluru,Bellandur,2,992,8183000,8248.991935483871,2 BHK
Bengaluru,Kumbalgodu,3,1640,8169000,4981.09756097561,3 BHK
Bengaluru,Bellandur,2,838,15700000,18735.08353221957,2 BHK
Bengaluru,ITPL,3,2350,5588000,2377.872340425532,3 BHK
Bengaluru,Kumbalgodu,2,1120,14400000,12857.142857142857,2 BHK
Bengaluru,ITPL,3,2160,8451000,3912.5,3 BHK
Bengaluru,Bellandur,2,828,9340000,11280.193236714977,2 BHK
Bengaluru,Bellandur,2,968,15500000,16012.396694214876,2 BHK
Bengaluru,ITPL,3,2330,8353000,3584.978540772532,3 BHK
Bengaluru,Bellandur,2,866,13600000,15704.387990762125,2 BHK
Bengaluru,ITPL,3,2040,7929000,3886.764705882353,3 BHK
Bengaluru,Kumbalgodu,3,1499,8120000,5416.944629753169,3 BHK
Bengaluru,Bellandur,2,833,14500000,17406.962785114047,2 BHK
Bengaluru,ITPL,3,2170,9204000,4241.47465437788,3 BHK
Bengaluru,Kumbalgodu,3,1740,9551000,5489.080459770115,3 BHK
Bengaluru,Bellandur,2,1002,22400000,22355.289421157686,2 BHK
Bengaluru,ITPL,4,3360,5359000,1594.9404761904761,4 BHK
Bengaluru,Kumbalgodu,2,1074,9323000,8680.633147113595,2 BHK
Bengaluru,Bellandur,3,1075,15100000,14046.511627906977,3 BHK
Bengaluru,ITPL,3,2260,6856999,3034.0703539823007,3 BHK
Bengaluru,Kengeri,3,1300,7716000,5935.384615384615,3 BHK
Bengaluru,Kengeri,3,1471,7058000,4798.096532970768,3 BHK
Bengaluru,Kengeri,3,1340,6317000,4714.179104477612,3 BHK
Bengaluru,Yelahanka,3,1330,8217000,6178.195488721804,3 BHK
Bengaluru,Yelahanka,3,1730,7409999,4283.236416184971,3 BHK
Bengaluru,Kengeri,3,1410,6650000,4716.312056737589,3 BHK
Bengaluru,Yelahanka,3,1400,6053000,4323.571428571428,3 BHK
Bengaluru,Kengeri,2,1140,6128000,5375.438596491228,2 BHK
Bengaluru,Kengeri,2,1155,7993000,6920.346320346321,2 BHK
Bengaluru,Kengeri,3,1526,7645999,5010.484272608126,3 BHK
Bengaluru,Kengeri,3,1457,9435000,6475.634866163349,3 BHK
Bengaluru,Chikkagubbi on Hennur Main Road,3,1450,5848000,4033.103448275862,3 BHK
Bengaluru,Kumbalgodu,3,1082,5681000,5250.462107208872,3 BHK
Bengaluru,Kengeri,2,1066,7845000,7359.287054409006,2 BHK
Bengaluru,Chikkagubbi on Hennur Main Road,2,1180,5089000,4312.71186440678,2 BHK
Bengaluru,Kumbalgodu,2,883,9865000,11172.140430351075,2 BHK
Bengaluru,Chikkagubbi on Hennur Main Road,3,1561,6776000,4340.807174887892,3 BHK
Bengaluru,Avalahalli Off Sarjapur Road,3,967,5447000,5632.885211995864,3 BHK
Bengaluru,Avalahalli Off Sarjapur Road,2,742,5612000,7563.342318059299,2 BHK
Bengaluru,Avalahalli Off Sarjapur Road,2,758,6913000,9120.052770448548,2 BHK
Bengaluru,Avalahalli Off Sarjapur Road,3,982,6519000,6638.492871690428,3 BHK
Bengaluru,Avalahalli Off Sarjapur Road,3,916,9148000,9986.899563318777,3 BHK
Bengaluru,Kannamangala,3,1906,8607000,4515.739769150053,3 BHK
Bengaluru,Bellandur,2,851,5339000,6273.7955346651,2 BHK
Bengaluru,Kumbalgodu,2,1070,12900000,12056.074766355141,2 BHK
Bengaluru,ITPL,3,1930,11700000,6062.176165803109,3 BHK
Bengaluru,Kodigehalli,2,1420,10100000,7112.6760563380285,2 BHK
Bengaluru,Bellandur,3,1150,4890000,4252.173913043478,3 BHK
Bengaluru,Kumbalgodu,2,980,14300000,14591.836734693878,2 BHK
Bengaluru,Kodigehalli,3,1665,9551000,5736.336336336336,3 BHK
Bengaluru,Bellandur,2,990,7884000,7963.636363636364,2 BHK
Bengaluru,Kumbalgodu,3,1580,13799999,8734.176582278482,3 BHK
Bengaluru,Kodigehalli,3,1630,8532000,5234.355828220859,3 BHK
Bengaluru,Kumbalgodu,3,1710,8247000,4822.80701754386,3 BHK
Bengaluru,Bellandur,2,844,8379000,9927.725118483413,2 BHK
Bengaluru,Kumbalgodu,3,1584,4335000,2736.742424242424,3 BHK
Bengaluru,Bellandur,1,415,7234999,17433.732530120484,1 BHK
Bengaluru,Kumbalgodu,3,1450,9523000,6567.586206896552,3 BHK
Bengaluru,Bellandur,2,988,8950000,9058.704453441296,2 BHK
Bengaluru,Kumbalgodu,3,1692,8345000,4932.033096926714,3 BHK
Bengaluru,Bellandur,2,849,7645999,9005.888103651354,2 BHK
Bengaluru,Chikkagubbi on Hennur Main Road,3,1561,9025000,5781.550288276746,3 BHK
Bengaluru,Yelahanka,3,1900,6906999,3635.2626315789475,3 BHK
Bengaluru,Kengeri,3,1310,4987000,3806.8702290076335,3 BHK
Bengaluru,Yelahanka,2,1050,5892000,5611.428571428572,2 BHK
Bengaluru,Kengeri,2,1108,7718000,6965.703971119134,2 BHK
Bengaluru,Kengeri,3,1492,6776000,4541.554959785522,3 BHK
Bengaluru,Kannamangala,3,1906,13100000,6873.0325288562435,3 BHK
Bengaluru,Narayanapura on Hennur Main Road,3,1846,10500000,5687.973997833153,3 BHK
Bengaluru,Narayanapura on Hennur Main Road,3,1482,9614000,6487.179487179487,3 BHK
Bengaluru,Narayanapura on Hennur Main Road,2,1346,8800000,6537.890044576523,2 BHK
Bengaluru,Narayanapura on Hennur Main Road,2,1232,10700000,8685.064935064935,2 BHK
Bengaluru,Sarjapur Road Wipro To Railway Crossing,3,1665,13100000,7867.867867867868,3 BHK
Bengaluru,Narayanapura on Hennur Main Road,2,1232,13100000,10633.116883116883,2 BHK
Bengaluru,Narayanapura on Hennur Main Road,2,1232,6900000,5600.649350649351,2 BHK
Bengaluru,JP Nagar Phase 7,2,1200,6200000,5166.666666666667,2 BHK
Bengaluru,Uttarahalli Hobli,2,1000,7250000,7250.0,2 BHK
Bengaluru,Uttarahalli Hobli,3,1300,12200000,9384.615384615385,3 BHK
Bengaluru,Bommanahalli,3,1735,9400000,5417.867435158501,3 BHK
Bengaluru,Bommanahalli,3,1360,12000000,8823.529411764706,3 BHK
Bengaluru,Bellandur,2,1146,18600000,16230.366492146597,2 BHK
Bengaluru,Narayanapura on Hennur Main Road,3,1485,18500000,12457.912457912458,3 BHK
Bengaluru,Chamrajpet,3,2005,9600000,4788.029925187033,3 BHK
Bengaluru,Harlur,4,2569,72100000,28065.395095367847,4 BHK
Bengaluru,Hosa Road,3,1725,26400000,15304.347826086956,3 BHK
Bengaluru,Kodihalli on Old Airport Road,4,3039,20000000,6581.112207963146,4 BHK
Bengaluru,Koramangala,3,1839,11900000,6470.908102229472,3 BHK
Bengaluru,Harlur,4,2805,25400000,9055.258467023174,4 BHK
Bengaluru,Harlur,3,1510,26200000,17350.993377483443,3 BHK
Bengaluru,Harlur,4,3490,26000000,7449.856733524355,4 BHK
Bengaluru,Bommanahalli,4,2870,140000000,48780.48780487805,4 BHK
Bengaluru,Bommanahalli,4,2800,8600000,3071.4285714285716,4 BHK
Bengaluru,Kodihalli on Old Airport Road,5,5913,6300000,1065.4490106544902,5+ BHK
Bengaluru,RR Nagar,3,1530,10000000,6535.9477124183,3 BHK
Bengaluru,RR Nagar,2,1120,6700000,5982.142857142857,2 BHK
Bengaluru,Electronic City Phase 2,3,1650,6700000,4060.6060606060605,3 BHK
Bengaluru,Electronic City Phase 2,2,1205,14000000,11618.257261410788,2 BHK
Bengaluru,Gottigere,3,1360,9500000,6985.294117647059,3 BHK
Bengaluru,Gottigere,4,2200,6800000,3090.909090909091,4 BHK
Bengaluru,Gottigere,3,1500,19800000,13200.0,3 BHK
Bengaluru,Gottigere,2,1200,16000000,13333.333333333334,2 BHK
Bengaluru,Yelahanka,4,3450,15300000,4434.782608695652,4 BHK
Bengaluru,Yelahanka,3,2796,10800000,3862.6609442060085,3 BHK
Bengaluru,Yelahanka,3,2661,17500000,6576.475009394964,3 BHK
Bengaluru,Yelahanka,3,1892,3400000,1797.0401691331924,3 BHK
Bengaluru,Nandini Layout,2,1650,12000000,7272.727272727273,2 BHK
Bengaluru,Jigani,2,921,11200000,12160.694896851248,2 BHK
Bengaluru,Narayanapura on Hennur Main Road,3,1846,8600000,4658.72156013001,3 BHK
Bengaluru,Narayanapura on Hennur Main Road,3,1675,3600000,2149.2537313432836,3 BHK
Bengaluru,Nandini Layout,1,1170,3650000,3119.6581196581196,1 BHK
Bengaluru,JP Nagar Phase 8,1,600,6000000,10000.0,1 BHK
Bengaluru,JP Nagar Phase 8,1,650,6600000,10153.846153846154,1 BHK
Bengaluru,JP Nagar Phase 7,2,1100,6000000,5454.545454545455,2 BHK
Bengaluru,Ullal Uppanagar,2,1250,6959999,5567.9992,2 BHK
Bengaluru,Doddaballapur,2,1690,17500000,10355.029585798817,2 BHK
Bengaluru,JP Nagar Phase 8,2,1200,4751000,3959.1666666666665,2 BHK
Bengaluru,Murugesh Palya,2,1780,5200000,2921.3483146067415,2 BHK
Bengaluru,Kumbalgodu,2,883,4950000,5605.889014722537,2 BHK
Bengaluru,JP Nagar Phase 8,2,1150,21000000,18260.869565217392,2 BHK
Bengaluru,JP Nagar Phase 8,2,1150,13500000,11739.130434782608,2 BHK
Bengaluru,Indira Nagar,3,2070,18800000,9082.125603864733,3 BHK
Bengaluru,Kodigehalli,3,1820,19400000,10659.34065934066,3 BHK
Bengaluru,Sahakar Nagar,3,1985,17500000,8816.120906801008,3 BHK
Bengaluru,Banaswadi,3,2330,12100000,5193.1330472103,3 BHK
Bengaluru,Nandini Layout,3,1650,5200000,3151.5151515151515,3 BHK
Bengaluru,Nagarbhavi,3,2400,8120000,3383.3333333333335,3 BHK
Bengaluru,JP Nagar Phase 8,2,1150,8500000,7391.304347826087,2 BHK
Bengaluru,JP Nagar Phase 8,3,1400,7100000,5071.428571428572,3 BHK
Bengaluru,Begur,2,1195,6959999,5824.266945606694,2 BHK
Bengaluru,Annapurneshwari Nagar,1,1150,7100000,6173.913043478261,1 BHK
Bengaluru,JP Nagar Phase 8,2,1200,5700000,4750.0,2 BHK
Bengaluru,Nagarbhavi,3,1150,9300000,8086.95652173913,3 BHK
Bengaluru,Lingadheeranahalli,2,1260,7400000,5873.015873015873,2 BHK
Bengaluru,Dasarahalli on Tumkur Road,3,1464,4972000,3396.1748633879783,3 BHK
Bengaluru,Dasarahalli on Tumkur Road,2,1098,5700000,5191.256830601093,2 BHK
Bengaluru,Harlur,2,1243,17500000,14078.841512469831,2 BHK
Bengaluru,Harlur,3,1425,29000000,20350.877192982458,3 BHK
Bengaluru,Nandini Layout,2,1500,25000000,16666.666666666668,2 BHK
Bengaluru,Hebbal,4,3860,6800000,1761.658031088083,4 BHK
Bengaluru,Hebbal,3,3450,5100000,1478.2608695652175,3 BHK
Bengaluru,Lingadheeranahalli,3,1350,5600000,4148.148148148148,3 BHK
Bengaluru,JP Nagar Phase 8,2,1020,7400000,7254.901960784314,2 BHK
Bengaluru,Lingadheeranahalli,2,1260,6600000,5238.0952380952385,2 BHK
Bengaluru,Narayanapura on Hennur Main Road,2,1308,6800000,5198.7767584097855,2 BHK
Bengaluru,Annapurneshwari Nagar,1,1100,10000000,9090.90909090909,1 BHK
Bengaluru,JP Nagar Phase 8,2,1200,47000000,39166.666666666664,2 BHK
Bengaluru,Begur,3,1412,4900000,3470.254957507082,3 BHK
Bengaluru,Rajajinagar,4,2901,6800000,2344.0193036883834,4 BHK
Bengaluru,JP Nagar Phase 8,2,1150,17500000,15217.391304347826,2 BHK
Bengaluru,JP Nagar Phase 8,2,1200,3650000,3041.6666666666665,2 BHK
Bengaluru,Nandini Layout,3,1650,8120000,4921.212121212121,3 BHK
Bengaluru,JP Nagar Phase 8,1,650,7100000,10923.076923076924,1 BHK
Bengaluru,JP Nagar Phase 8,3,1400,9000000,6428.571428571428,3 BHK
Bengaluru,JP Nagar Phase 8,3,1350,7500000,5555.555555555556,3 BHK
Bengaluru,JP Nagar Phase 7,2,1350,4972000,3682.962962962963,2 BHK
Bengaluru,JP Nagar Phase 8,3,1460,5700000,3904.109589041096,3 BHK
Bengaluru,Hebbal,4,3860,24000000,6217.616580310881,4 BHK
Bengaluru,Hebbal,3,3450,6800000,1971.0144927536232,3 BHK
Bengaluru,Hebbal,3,3100,5100000,1645.1612903225807,3 BHK
Bengaluru,Lingadheeranahalli,2,1260,9500000,7539.68253968254,2 BHK
Bengaluru,Narayanapura on Hennur Main Road,2,1308,4300000,3287.461773700306,2 BHK
Bengaluru,Chandra Layout Extension,3,1400,21000000,15000.0,3 BHK
Bengaluru,BTM Layout 2nd Stage,2,982,29000000,29531.568228105905,2 BHK
Bengaluru,Indira Nagar,3,2070,25000000,12077.294685990339,3 BHK
Bengaluru,Hebbal,3,3450,5600000,1623.1884057971015,3 BHK
Bengaluru,Hebbal,3,3100,12100000,3903.2258064516127,3 BHK
Bengaluru,8th Phase JP Nagar,2,1150,4900000,4260.869565217391,2 BHK
Bengaluru,Nagarbhavi,3,2400,9500000,3958.3333333333335,3 BHK
Bengaluru,JP Nagar Phase 8,2,1150,6400000,5565.217391304348,2 BHK
Bengaluru,Chandra Layout Extension,3,1400,5500000,3928.5714285714284,3 BHK
Bengaluru,Lingadheeranahalli,2,1000,28000000,28000.0,2 BHK
Bengaluru,Yelahanka,2,1311,29000000,22120.518688024407,2 BHK
Bengaluru,Rajajinagar,3,1761,9500000,5394.6621237932995,3 BHK
Bengaluru,Rajajinagar,3,1943,48300000,24858.46628924344,3 BHK
Bengaluru,Narayanapura on Hennur Main Road,2,1292,33000000,25541.795665634676,2 BHK
Bengaluru,J. P. Nagar,3,3860,21400000,5544.041450777202,3 BHK
Bengaluru,Rajajinagar,3,1950,14500000,7435.897435897436,3 BHK
Bengaluru,Banashankari,3,2376,5045000,2123.3164983164984,3 BHK
Bengaluru,Kalyan Nagar,2,1850,7300000,3945.945945945946,2 BHK
Bengaluru,Nelamangala,2,966,3700000,3830.2277432712217,2 BHK
Bengaluru,Uttarahalli Hobli,3,1300,3650000,2807.6923076923076,3 BHK
Bengaluru,Kalkere,2,1050,41000000,39047.619047619046,2 BHK
Bengaluru,Rajajinagar,4,3600,4350000,1208.3333333333333,4 BHK
Bengaluru,Rajajinagar,3,2580,17500000,6782.945736434109,3 BHK
Bengaluru,Horamavu,2,1200,17500000,14583.333333333334,2 BHK
Bengaluru,Koramangala,2,1249,4920000,3939.1513210568455,2 BHK
Bengaluru,Koramangala,2,1249,10000000,8006.405124099279,2 BHK
Bengaluru,Begur,3,1412,41000000,29036.827195467424,3 BHK
Bengaluru,Rajajinagar,4,2901,8500000,2930.024129610479,4 BHK
Bengaluru,Rajajinagar,3,2580,8000000,3100.7751937984494,3 BHK
Bengaluru,Banaswadi,3,1360,5800000,4264.705882352941,3 BHK
Bengaluru,Dodda Banaswadi,3,1640,28000000,17073.170731707316,3 BHK
Bengaluru,Kumbalgodu,2,940,29000000,30851.063829787236,2 BHK
Bengaluru,J. P. Nagar,3,3860,6200000,1606.217616580311,3 BHK
Bengaluru,Rajajinagar,3,1950,4246000,2177.4358974358975,3 BHK
Bengaluru,Kanakapura Road Beyond Nice Ring Road,2,1290,14500000,11240.31007751938,2 BHK
Bengaluru,Bommasandra,2,910,13500000,14835.164835164835,2 BHK
Bengaluru,Varthur,4,2280,4000000,1754.3859649122808,4 BHK
Bengaluru,Varthur,4,1697,18500000,10901.59104301709,4 BHK
Bengaluru,Sidedahalli,2,1080,19800000,18333.333333333332,2 BHK
Bengaluru,Kannur on Thanisandra Main Road,4,3783,8790000,2323.55273592387,4 BHK
Bengaluru,Banaswadi,3,2500,8000000,3200.0,3 BHK
Bengaluru,Thanisandra,3,1430,15000000,10489.510489510489,3 BHK
Bengaluru,Thanisandra,3,1330,4500000,3383.4586466165415,3 BHK
Bengaluru,Yelahanka,3,3500,8200000,2342.8571428571427,3 BHK
Bengaluru,Doddaballapur,3,1075,4255000,3958.139534883721,3 BHK
Bengaluru,Avalahalli Off Sarjapur Road,2,1616,7040000,4356.435643564357,2 BHK
Bengaluru,Harlur,1,545,6909999,12678.897247706422,1 BHK
Bengaluru,Electronic City Phase 2,3,1521,7080000,4654.832347140039,3 BHK
Bengaluru,Electronic City Phase 2,3,1491,7100000,4761.9047619047615,3 BHK
Bengaluru,Electronic City Phase 2,3,1518,20000000,13175.230566534914,3 BHK
Bengaluru,Electronic City Phase 2,3,1501,9579000,6381.745502998001,3 BHK
Bengaluru,Electronic City Phase 2,4,3245,17700000,5454.545454545455,4 BHK
Bengaluru,Bellandur,2,1359,12900000,9492.273730684326,2 BHK
Bengaluru,Bellandur,3,2120,8345999,3936.7919811320753,3 BHK
Bengaluru,ITPL,3,1930,8247000,4273.056994818653,3 BHK
Bengaluru,Bellandur,2,1184,21700000,18327.702702702703,2 BHK
Bengaluru,Bellandur,2,1170,19300000,16495.726495726496,2 BHK
Bengaluru,Harlur,4,2990,14400000,4816.053511705685,4 BHK
Bengaluru,Harlur,4,2650,13600000,5132.075471698113,4 BHK
Bengaluru,ITPL,3,2160,12900000,5972.222222222223,3 BHK
Bengaluru,ITPL,3,2040,8128000,3984.3137254901962,3 BHK
Bengaluru,ITPL,3,1930,9000000,4663.21243523316,3 BHK
Bengaluru,Harlur,2,1303,9000000,6907.137375287797,2 BHK
Bengaluru,Narayanapura on Hennur Main Road,2,1232,6959999,5649.349837662337,2 BHK
Bengaluru,Narayanapura on Hennur Main Road,3,1798,9822000,5462.736373748609,3 BHK
Bengaluru,Narayanapura on Hennur Main Road,3,1804,10700000,5931.263858093126,3 BHK
Bengaluru,Narayanapura on Hennur Main Road,3,1679,10500000,6253.722453841572,3 BHK
Bengaluru,Narayanapura on Hennur Main Road,3,1804,10100000,5598.669623059867,3 BHK
Bengaluru,Narayanapura on Hennur Main Road,3,1679,10100000,6015.485407980941,3 BHK
Bengaluru,Narayanapura on Hennur Main Road,3,1804,10400000,5764.966740576497,3 BHK
Bengaluru,Narayanapura on Hennur Main Road,3,1798,9535000,5303.114571746385,3 BHK
Bengaluru,Narayanapura on Hennur Main Road,3,1846,8693000,4709.100758396533,3 BHK
Bengaluru,Narayanapura on Hennur Main Road,3,1630,10500000,6441.7177914110425,3 BHK
Bengaluru,Narayanapura on Hennur Main Road,3,1486,9000000,6056.527590847913,3 BHK
Bengaluru,Narayanapura on Hennur Main Road,3,1482,9535000,6433.87314439946,3 BHK
Bengaluru,Narayanapura on Hennur Main Road,2,1232,8693000,7056.006493506494,2 BHK
Bengaluru,Narayanapura on Hennur Main Road,3,1486,9535000,6416.554508748318,3 BHK
Bengaluru,Narayanapura on Hennur Main Road,3,1482,8693000,5865.721997300945,3 BHK
Bengaluru,Narayanapura on Hennur Main Road,3,1486,8395000,5649.3943472409155,3 BHK
Bengaluru,Narayanapura on Hennur Main Road,3,1482,9486000,6400.80971659919,3 BHK
Bengaluru,Narayanapura on Hennur Main Road,3,1486,9209000,6197.173620457605,3 BHK
Bengaluru,Narayanapura on Hennur Main Road,3,1679,8373000,4986.8969624776655,3 BHK
Bengaluru,Narayanapura on Hennur Main Road,3,1630,9551000,5859.509202453988,3 BHK
Bengaluru,Narayanapura on Hennur Main Road,3,1482,9551000,6444.669365721998,3 BHK
Bengaluru,Bellandur,2,1355,10100000,7453.874538745387,2 BHK
Bengaluru,Bellandur,2,1355,9551000,7048.708487084871,2 BHK
Bengaluru,Bellandur,3,1604,9523000,5937.032418952618,3 BHK
Bengaluru,Bellandur,2,1351,9361000,6928.941524796447,2 BHK
Bengaluru,Bellandur,3,1595,9339000,5855.172413793103,3 BHK
Bengaluru,Bellandur,3,1475,8451000,5729.4915254237285,3 BHK
Bengaluru,Bellandur,2,1325,9565000,7218.867924528302,2 BHK
Bengaluru,Bellandur,2,1199,9530000,7948.290241868223,2 BHK
Bengaluru,Bellandur,2,1357,8606000,6341.930729550479,2 BHK
Bengaluru,Bellandur,2,1352,9579000,7085.059171597633,2 BHK
Bengaluru,Bellandur,2,1221,10100000,8271.908271908273,2 BHK
Bengaluru,Bellandur,2,1359,9323000,6860.19131714496,2 BHK
Bengaluru,Bellandur,3,1607,9100000,5662.725575606721,3 BHK
Bengaluru,Bellandur,3,1469,9719000,6616.065350578625,3 BHK
Bengaluru,Bellandur,2,1291,8345999,6464.755228505035,2 BHK
Bengaluru,Bellandur,2,1185,8247000,6959.493670886076,2 BHK
Bengaluru,Bellandur,2,1184,8169000,6899.493243243243,2 BHK
Bengaluru,Bellandur,2,1170,8240000,7042.735042735043,2 BHK
Bengaluru,Bellandur,2,1159,8219000,7091.458153580673,2 BHK
Bengaluru,Bellandur,2,1169,8120000,6946.107784431138,2 BHK
Bengaluru,Bellandur,2,1166,9399000,8060.891938250429,2 BHK
Bengaluru,Bellandur,2,1152,4469000,3879.340277777778,2 BHK
Bengaluru,Bellandur,2,1146,4335000,3782.722513089005,2 BHK
Bengaluru,Bellandur,1,634,6648999,10487.380126182965,1 BHK
Bengaluru,Bellandur,1,615,5987000,9734.959349593495,1 BHK
Bengaluru,Krishnarajapura,3,1415,7470999,5279.857950530035,3 BHK
Bengaluru,Krishnarajapura,2,1085,8596000,7922.580645161291,2 BHK
Bengaluru,Krishnarajapura,3,1590,4980000,3132.0754716981132,3 BHK
Bengaluru,Krishnarajapura,3,1600,27100000,16937.5,3 BHK
Bengaluru,Krishnarajapura,2,1060,26900000,25377.35849056604,2 BHK
Bengaluru,Bellandur,4,3250,26800000,8246.153846153846,4 BHK
Bengaluru,Bellandur,4,3230,26300000,8142.414860681115,4 BHK
Bengaluru,Bellandur,4,3210,14300000,4454.828660436137,4 BHK
Bengaluru,Bellandur,4,3160,17700000,5601.265822784811,4 BHK
Bengaluru,Bellandur,3,2180,17500000,8027.522935779816,3 BHK
Bengaluru,Bellandur,3,2120,16600000,7830.188679245283,3 BHK
Bengaluru,Bellandur,3,2100,16000000,7619.047619047619,3 BHK
Bengaluru,Bellandur,3,1995,14100000,7067.669172932331,3 BHK
Bengaluru,Bellandur,3,1920,21200000,11041.666666666666,3 BHK
Bengaluru,Bellandur,3,2150,14600000,6790.697674418605,3 BHK
Bengaluru,Bellandur,4,3220,11299999,3509.316459627329,4 BHK
Bengaluru,Electronic City Phase 2,4,2870,10900000,3797.909407665505,4 BHK
Bengaluru,Electronic City Phase 2,4,2225,9894000,4446.741573033708,4 BHK
Bengaluru,Electronic City Phase 2,4,2150,9129000,4246.046511627907,4 BHK
Bengaluru,Electronic City Phase 2,3,1940,8670000,4469.072164948454,3 BHK
Bengaluru,Electronic City Phase 2,3,1790,11299999,6312.848603351956,3 BHK
Bengaluru,Electronic City Phase 2,3,1700,10900000,6411.764705882353,3 BHK
Bengaluru,Electronic City Phase 2,3,1940,15000000,7731.958762886598,3 BHK
Bengaluru,Electronic City Phase 2,3,1790,9567000,5344.692737430168,3 BHK
Bengaluru,Electronic City Phase 2,4,3510,9245000,2633.903133903134,4 BHK
Bengaluru,Electronic City Phase 2,4,2225,7697000,3459.325842696629,4 BHK
Bengaluru,Electronic City Phase 2,4,2150,8342000,3880.0,4 BHK
Bengaluru,Electronic City Phase 2,3,1790,8134000,4544.134078212291,3 BHK
Bengaluru,Electronic City Phase 2,3,1940,6145000,3167.5257731958764,3 BHK
Bengaluru,Electronic City Phase 2,3,1595,8134000,5099.686520376175,3 BHK
Bengaluru,Electronic City Phase 2,2,1205,6145000,5099.585062240664,2 BHK
Bengaluru,Electronic City Phase 2,3,1595,8568000,5371.786833855799,3 BHK
Bengaluru,Electronic City Phase 2,2,1205,15800000,13112.033195020747,2 BHK
Bengaluru,Electronic City Phase 2,3,1680,15000000,8928.57142857143,3 BHK
Bengaluru,Electronic City Phase 2,4,3115,14600000,4686.998394863564,4 BHK
Bengaluru,Electronic City Phase 2,4,2950,15900000,5389.830508474576,4 BHK
Bengaluru,Electronic City Phase 2,4,2870,15800000,5505.226480836237,4 BHK
Bengaluru,Electronic City Phase 2,4,3125,15000000,4800.0,4 BHK
Bengaluru,Electronic City Phase 2,4,2950,11299999,3830.5081355932202,4 BHK
Bengaluru,Electronic City Phase 2,2,1205,8415000,6983.402489626556,2 BHK
Bengaluru,Electronic City Phase 2,3,1680,8364000,4978.571428571428,3 BHK
Bengaluru,Electronic City Phase 2,3,1650,8211000,4976.363636363636,3 BHK
Bengaluru,Electronic City Phase 2,3,1640,8184999,4990.853048780487,3 BHK
Bengaluru,Electronic City Phase 2,3,1610,8109000,5036.6459627329195,3 BHK
Bengaluru,Electronic City Phase 2,3,1605,7216000,4495.95015576324,3 BHK
Bengaluru,Electronic City Phase 2,3,1590,6018000,3784.9056603773583,3 BHK
Bengaluru,Electronic City Phase 2,3,1415,8568000,6055.123674911661,3 BHK
Bengaluru,Electronic City Phase 2,2,1180,8415000,7131.35593220339,2 BHK
Bengaluru,Electronic City Phase 2,3,1590,7114000,4474.213836477988,3 BHK
Bengaluru,Electronic City Phase 2,3,1415,7114000,5027.561837455831,3 BHK
Bengaluru,Electronic City Phase 2,3,1395,7309999,5240.142652329749,3 BHK
Bengaluru,Electronic City Phase 2,3,1395,5998000,4299.641577060932,3 BHK
Bengaluru,Electronic City Phase 2,3,1700,6018000,3540.0,3 BHK
Bengaluru,Electronic City Phase 2,3,1395,5916000,4240.860215053764,3 BHK
Bengaluru,Electronic City Phase 2,2,1180,3213000,2722.8813559322034,2 BHK
Bengaluru,Electronic City Phase 2,2,1160,5916000,5100.0,2 BHK
Bengaluru,Electronic City Phase 2,1,630,3213000,5100.0,1 BHK
Bengaluru,Electronic City Phase 2,2,1160,4988000,4300.0,2 BHK
Bengaluru,Electronic City Phase 2,1,630,2709000,4300.0,1 BHK
Bengaluru,Electronic City Phase 2,2,1160,7675000,6616.379310344828,2 BHK
Bengaluru,Electronic City Phase 2,1,630,8670000,13761.904761904761,1 BHK
Bengaluru,Jakkur,2,1230,23100000,18780.48780487805,2 BHK
Bengaluru,Electronic City Phase 2,3,1700,18600000,10941.176470588236,3 BHK
Bengaluru,Harlur,4,3565,10900000,3057.5035063113605,4 BHK
Bengaluru,ITPL,3,2790,26200000,9390.68100358423,3 BHK
Bengaluru,Harlur,3,1760,8190000,4653.409090909091,3 BHK
Bengaluru,Harlur,5,3600,11399999,3166.666388888889,5+ BHK
Bengaluru,Narayanapura on Hennur Main Road,2,1400,11399999,8142.856428571428,2 BHK
Bengaluru,Narayanapura on Hennur Main Road,3,1962,6088000,3102.956167176351,3 BHK
Bengaluru,Narayanapura on Hennur Main Road,3,1962,5443000,2774.20998980632,3 BHK
Bengaluru,Jakkur,2,1100,26200000,23818.18181818182,2 BHK
Bengaluru,Jakkur,2,1057,16500000,15610.217596972563,2 BHK
Bengaluru,Harlur,5,3600,15500000,4305.555555555556,5+ BHK
Bengaluru,Electronic City Phase 2,4,3245,22400000,6902.927580893683,4 BHK
Bengaluru,ITPL,3,2330,22400000,9613.7339055794,3 BHK
Bengaluru,ITPL,4,3361,15100000,4492.71050282654,4 BHK
Bengaluru,ITPL,4,3361,14500000,4314.192204700982,4 BHK
Bengaluru,ITPL,3,2260,18600000,8230.08849557522,3 BHK
Bengaluru,ITPL,3,2170,15700000,7235.023041474655,3 BHK
Bengaluru,ITPL,3,2790,12400000,4444.444444444444,3 BHK
Bengaluru,ITPL,3,2350,13899999,5914.893191489362,3 BHK
Bengaluru,ITPL,3,1860,11100000,5967.741935483871,3 BHK
Bengaluru,ITPL,3,2090,10900000,5215.311004784689,3 BHK
Bengaluru,ITPL,3,1660,8190000,4933.734939759036,3 BHK
Bengaluru,Harlur,3,1760,11399999,6477.272159090909,3 BHK
Bengaluru,Narayanapura on Hennur Main Road,3,1962,11399999,5810.397043832823,3 BHK
Bengaluru,Narayanapura on Hennur Main Road,3,1962,11000000,5606.523955147808,3 BHK
Bengaluru,Narayanapura on Hennur Main Road,3,1962,10400000,5300.713557594291,3 BHK
Bengaluru,Narayanapura on Hennur Main Road,3,1962,8823000,4496.941896024465,3 BHK
Bengaluru,Kannamangala,3,1828,9040000,4945.2954048140045,3 BHK
Bengaluru,Kannamangala,3,1548,6619000,4275.839793281653,3 BHK
Bengaluru,Kannamangala,3,1586,10200000,6431.273644388399,3 BHK
Bengaluru,Dasarahalli on Tumkur Road,2,1182,9412000,7962.774957698815,2 BHK
Bengaluru,Dasarahalli on Tumkur Road,3,1433,4637000,3235.868806699232,3 BHK
Bengaluru,Dasarahalli on Tumkur Road,2,1247,8550000,6856.455493183641,2 BHK
Bengaluru,Dasarahalli on Tumkur Road,1,615,4600000,7479.674796747968,1 BHK
Bengaluru,Kannamangala,3,1500,15500000,10333.333333333334,3 BHK
Bengaluru,Dasarahalli on Tumkur Road,1,610,22400000,36721.311475409835,1 BHK
Bengaluru,ITPL,3,2090,8190000,3918.66028708134,3 BHK
Bengaluru,ITPL,3,1660,10500000,6325.301204819277,3 BHK
Bengaluru,Narayanapura on Hennur Main Road,2,1400,5610000,4007.1428571428573,2 BHK
Bengaluru,Dasarahalli on Tumkur Road,3,1486,5335000,3590.1749663526243,3 BHK
Bengaluru,Budigere Cross,3,1225,6091000,4972.244897959184,3 BHK
Bengaluru,Budigere Cross,3,1165,7040000,6042.918454935622,3 BHK
Bengaluru,Budigere Cross,3,1330,7709999,5796.991729323308,3 BHK
Bengaluru,Budigere Cross,2,1225,5335000,4355.102040816327,2 BHK
Bengaluru,Budigere Cross,3,1350,4250000,3148.1481481481483,3 BHK
Bengaluru,Budigere Cross,2,1165,4877000,4186.266094420601,2 BHK
Bengaluru,Budigere Cross,2,928,4845000,5220.9051724137935,2 BHK
Bengaluru,Budigere Cross,2,1065,5070000,4760.56338028169,2 BHK
Bengaluru,Budigere Cross,2,1058,3544000,3349.7164461247635,2 BHK
Bengaluru,Budigere Cross,2,935,5070000,5422.459893048128,2 BHK
Bengaluru,Budigere Cross,2,1058,3902000,3688.0907372400757,2 BHK
Bengaluru,Budigere Cross,2,935,13000000,13903.743315508022,2 BHK
Bengaluru,Budigere Cross,2,1165,13000000,11158.798283261802,2 BHK
Bengaluru,Narayanapura on Hennur Main Road,3,1800,13000000,7222.222222222223,3 BHK
Bengaluru,Narayanapura on Hennur Main Road,3,1800,14300000,7944.444444444444,3 BHK
Bengaluru,Electronic City Phase 2,4,2820,12100000,4290.780141843971,4 BHK
Bengaluru,Electronic City Phase 2,4,2820,6091000,2159.9290780141846,4 BHK
Bengaluru,Electronic City Phase 2,4,2820,7040000,2496.45390070922,4 BHK
Bengaluru,Electronic City Phase 2,4,2820,7114000,2522.695035460993,4 BHK
Bengaluru,Electronic City Phase 2,2,1395,6069000,4350.537634408603,2 BHK
Bengaluru,Electronic City Phase 2,2,1395,8550000,6129.032258064516,2 BHK
Bengaluru,Electronic City Phase 2,2,1190,4600000,3865.546218487395,2 BHK
Bengaluru,Kannamangala,3,1500,5243000,3495.3333333333335,3 BHK
Bengaluru,Dasarahalli on Tumkur Road,1,610,3100000,5081.9672131147545,1 BHK
Bengaluru,Hallehalli,2,1070,3800000,3551.4018691588785,2 BHK
Bengaluru,Yelahanka,2,672,3900000,5803.571428571428,2 BHK
Bengaluru,HBR Layout,2,1250,4500000,3600.0,2 BHK
Bengaluru,Thanisandra,2,1150,9400000,8173.913043478261,2 BHK
Bengaluru,Thanisandra,2,1200,8597000,7164.166666666667,2 BHK
Bengaluru,HBR Layout,4,2300,7600000,3304.3478260869565,4 BHK
Bengaluru,Jakkur,3,1004,6401000,6375.498007968127,3 BHK
Bengaluru,Jakkur,2,846,15400000,18203.309692671395,2 BHK
Bengaluru,Jakkur,2,708,15200000,21468.926553672318,2 BHK
Bengaluru,ITPL,3,1546,14400000,9314.359637774904,3 BHK
Bengaluru,ITPL,3,1532,13899999,9073.10639686684,3 BHK
Bengaluru,ITPL,3,1447,12000000,8293.0200414651,3 BHK
Bengaluru,ITPL,3,1403,11700000,8339.27298645759,3 BHK
Bengaluru,ITPL,3,1208,11100000,9188.741721854305,3 BHK
Bengaluru,ITPL,3,1180,10800000,9152.542372881357,3 BHK
Bengaluru,ITPL,3,1115,21500000,19282.51121076233,3 BHK
Bengaluru,ITPL,3,1092,26300000,24084.249084249084,3 BHK
Bengaluru,Bellandur,4,1910,22599999,11832.460209424084,4 BHK
Bengaluru,Bellandur,4,2234,25299999,11324.977170993734,4 BHK
Bengaluru,Bellandur,4,1938,25700000,13261.09391124871,4 BHK
Bengaluru,Bellandur,4,2238,17300000,7730.1161751563895,4 BHK
Bengaluru,Bellandur,4,2184,17500000,8012.820512820513,4 BHK
Bengaluru,Bellandur,3,1452,16299999,11225.894628099173,3 BHK
Bengaluru,Bellandur,3,1498,15600000,10413.88518024032,3 BHK
Bengaluru,Bellandur,3,1438,15000000,10431.15438108484,3 BHK
Bengaluru,Bellandur,3,1395,15000000,10752.68817204301,3 BHK
Bengaluru,Bellandur,3,1321,15300000,11582.13474640424,3 BHK
Bengaluru,Bellandur,3,1349,15300000,11341.73461823573,3 BHK
Bengaluru,Bellandur,3,1320,7208000,5460.606060606061,3 BHK
Bengaluru,Bellandur,3,1314,8400000,6392.6940639269405,3 BHK
Bengaluru,Rajarajeshwari nagar,3,1360,8400000,6176.470588235294,3 BHK
Bengaluru,Uttarahalli Main Road,3,1500,8120000,5413.333333333333,3 BHK
Bengaluru,Uttarahalli Main Road,3,1500,7840000,5226.666666666667,3 BHK
Bengaluru,Uttarahalli Main Road,3,1450,8400000,5793.103448275862,3 BHK
Bengaluru,Uttarahalli Main Road,3,1400,7840000,5600.0,3 BHK
Bengaluru,Uttarahalli Main Road,3,1500,8400000,5600.0,3 BHK
Bengaluru,Uttarahalli Main Road,3,1400,8400000,6000.0,3 BHK
Bengaluru,Uttarahalli Main Road,3,1500,7498999,4999.332666666666,3 BHK
Bengaluru,Poornapragna Housing Society Layout,3,1500,7840000,5226.666666666667,3 BHK
Bengaluru,Rajarajeshwari nagar,3,1415,8081999,5711.660070671378,3 BHK
Bengaluru,Poornapragna Housing Society Layout,3,1400,8400000,6000.0,3 BHK
Bengaluru,Rajarajeshwari nagar,3,1525,8400000,5508.196721311476,3 BHK
Bengaluru,Poornapragna Housing Society Layout,3,1500,8400000,5600.0,3 BHK
Bengaluru,Poornapragna Housing Society Layout,3,1500,4950000,3300.0,3 BHK
Bengaluru,Poornapragna Housing Society Layout,3,1500,4505000,3003.3333333333335,3 BHK
Bengaluru,Doddaballapur,3,1411,6360000,4507.441530829199,3 BHK
Bengaluru,RR Nagar,2,850,5202000,6120.0,2 BHK
Bengaluru,RR Nagar,2,1200,6936000,5780.0,2 BHK
Bengaluru,Kengeri,2,1020,7777000,7624.509803921569,2 BHK
Bengaluru,Kengeri,3,1360,6375000,4687.5,3 BHK
Bengaluru,Kengeri,3,1525,5584000,3661.6393442622953,3 BHK
Bengaluru,Kengeri,3,1250,6528000,5222.4,3 BHK
Bengaluru,Kengeri,2,1095,8400000,7671.232876712329,2 BHK
Bengaluru,RR Nagar,3,1360,8120000,5970.588235294118,3 BHK
Bengaluru,5th Stage Raja Rajeshwari Nagar,3,1500,5661000,3774.0,3 BHK
Bengaluru,RR Nagar Main Road,3,1450,7840000,5406.896551724138,3 BHK
Bengaluru,Rajarajeshwari nagar,2,1110,8400000,7567.5675675675675,2 BHK
Bengaluru,DrVishnuvardhan Road,3,1400,6188000,4420.0,3 BHK
Bengaluru,RR Nagar,3,1500,5750000,3833.3333333333335,3 BHK
Bengaluru,Poornapragna Housing Society Layout,2,1104,7840000,7101.449275362319,2 BHK
Bengaluru,Rajarajeshwari nagar,2,1085,5202000,4794.470046082949,2 BHK
Bengaluru,Bharath Housing Society Layout,3,1400,5277000,3769.285714285714,3 BHK
Bengaluru,Rajarajeshwari nagar,2,1020,6128000,6007.843137254902,2 BHK
Bengaluru,Kaggadasapura,2,1100,5731000,5210.0,2 BHK
Bengaluru,Kaggadasapura,3,1300,3300000,2538.4615384615386,3 BHK
Bengaluru,Hennur Main Road,3,1170,4100000,3504.2735042735044,3 BHK
Bengaluru,Yelahanka,2,725,3500000,4827.586206896552,2 BHK
Bengaluru,Yelahanka,2,1177,3490000,2965.165675446049,2 BHK
Bengaluru,Yelahanka,2,725,12000000,16551.724137931036,2 BHK
Bengaluru,Kannamangala,3,1597,17000000,10644.959298685035,3 BHK
Bengaluru,Yelahanka,2,725,6340000,8744.827586206897,2 BHK
Bengaluru,JP Nagar Phase 7,4,2700,13000000,4814.814814814815,4 BHK
Bengaluru,Kaggadasapura,2,1350,4500000,3333.3333333333335,2 BHK
Bengaluru,Ramamurthy Nagar,3,1763,6150000,3488.3720930232557,3 BHK
Bengaluru,Talaghattapura,2,1000,6150000,6150.0,2 BHK
Bengaluru,JP Nagar Phase 5,2,1180,6150000,5211.864406779661,2 BHK
Bengaluru,JP Nagar Phase 5,2,1180,8120000,6881.35593220339,2 BHK
Bengaluru,Bharath Housing Society Layout,3,1450,6250000,4310.3448275862065,3 BHK
Bengaluru,JP Nagar Phase 5,2,1180,7745000,6563.559322033899,2 BHK
Bengaluru,JP Nagar Phase 5,2,1225,9122000,7446.530612244898,2 BHK
Bengaluru,Chikkagubbi on Hennur Main Road,2,1165,9408000,8075.5364806866955,2 BHK
Bengaluru,Chikkagubbi on Hennur Main Road,3,1402,10500000,7489.300998573466,3 BHK
Bengaluru,Chikkagubbi on Hennur Main Road,3,1446,8106999,5606.5,3 BHK
Bengaluru,Chikkagubbi on Hennur Main Road,3,1561,9828000,6295.964125560538,3 BHK
Bengaluru,Chikkagubbi on Hennur Main Road,2,1180,13200000,11186.440677966102,2 BHK
Bengaluru,Chikkagubbi on Hennur Main Road,3,1450,3105000,2141.3793103448274,3 BHK
Bengaluru,Krishnarajapura,3,2015,3990000,1980.1488833746898,3 BHK
Bengaluru,Yelahanka,2,655,10600000,16183.20610687023,2 BHK
Bengaluru,Electronic City Phase 1,2,1131,4635000,4098.14323607427,2 BHK
Bengaluru,Varthur,3,1655,6150000,3716.012084592145,3 BHK
Bengaluru,Talaghattapura,2,1030,10700000,10388.349514563106,2 BHK
Bengaluru,5th Phase,2,1180,6700000,5677.966101694915,2 BHK
Bengaluru,Marathahalli,2,1336,31000000,23203.59281437126,2 BHK
Bengaluru,Talaghattapura,3,1375,8200000,5963.636363636364,3 BHK
Bengaluru,JP Nagar Phase 7,4,3012,13200000,4382.470119521912,4 BHK
Bengaluru,Frazer Town,2,1100,10500000,9545.454545454546,2 BHK
Bengaluru,Varthur,3,1655,80000000,48338.36858006042,3 BHK
Bengaluru,Frazer Town,4,4850,9500000,1958.7628865979382,4 BHK
Bengaluru,Frazer Town,4,4850,21500000,4432.98969072165,4 BHK
Bengaluru,Konanakunte,2,1230,5850000,4756.09756097561,2 BHK
Bengaluru,Nagawara,3,2430,6150000,2530.864197530864,3 BHK
Bengaluru,JP Nagar Phase 5,2,1150,6200000,5391.304347826087,2 BHK
Bengaluru,5th Phase,2,1185,5800000,4894.514767932489,2 BHK
Bengaluru,Horamavu,2,1300,5045000,3880.769230769231,2 BHK
Bengaluru,Hennur,2,1180,3864000,3274.576271186441,2 BHK
Bengaluru,Nelamangala,2,966,6150000,6366.459627329193,2 BHK
Bengaluru,Nelamangala,2,708,6171000,8716.101694915254,2 BHK
Bengaluru,JP Nagar Phase 5,2,1185,5748000,4850.632911392405,2 BHK
Bengaluru,JP Nagar Phase 5,2,1225,5500000,4489.7959183673465,2 BHK
Bengaluru,JP Nagar Phase 5,3,1430,5200000,3636.3636363636365,3 BHK
Bengaluru,JP Nagar Phase 5,2,1180,8500000,7203.389830508475,2 BHK
Bengaluru,Jakkur,2,1313,12200000,9291.698400609292,2 BHK
Bengaluru,Jakkur,2,1223,10100000,8258.381030253475,2 BHK
Bengaluru,Kadugondanahalli,2,1110,10000000,9009.009009009009,2 BHK
Bengaluru,Kadugondanahalli,2,1050,5800000,5523.809523809524,2 BHK
Bengaluru,Kadugondanahalli,3,1400,7350000,5250.0,3 BHK
Bengaluru,Jakkur,4,2604,7450000,2860.9831029185866,4 BHK
Bengaluru,Jakkur,3,2167,7500000,3461.005999077065,3 BHK
Bengaluru,Jakkur,3,2140,8000000,3738.3177570093458,3 BHK
Bengaluru,JP Nagar Phase 5,2,1150,8250000,7173.913043478261,2 BHK
Bengaluru,JP Nagar Phase 8,2,1750,6200000,3542.8571428571427,2 BHK
Bengaluru,J. P. Nagar,3,1430,6113000,4274.825174825175,3 BHK
Bengaluru,Marathahalli,2,1774,4277000,2410.9357384441937,2 BHK
Bengaluru,Varthur,2,1216,4277000,3517.2697368421054,2 BHK
Bengaluru,Varthur,2,1216,41300000,33963.81578947369,2 BHK
Bengaluru,Horamavu,2,1300,4958000,3813.846153846154,2 BHK
Bengaluru,Nelamangala,3,1163,32799999,28202.92261392949,3 BHK
Bengaluru,Nelamangala,2,814,4450000,5466.830466830467,2 BHK
Bengaluru,Marathahalli,4,3523,8500000,2412.716434856656,4 BHK
Bengaluru,Nelamangala,2,966,7000000,7246.376811594203,2 BHK
Bengaluru,Richmond Town,3,2529,4100000,1621.1941478845392,3 BHK
Bengaluru,Richmond Town,3,3836,30400000,7924.9217935349325,3 BHK
Bengaluru,Hosa Road Junction,3,1220,24000000,19672.131147540982,3 BHK
Bengaluru,Kanakapura,3,1657,19300000,11647.555823777911,3 BHK
Bengaluru,Electronic City Phase 1,2,1128,3759000,3332.446808510638,2 BHK
Bengaluru,AGS Layout Arehalli,2,1080,9200000,8518.518518518518,2 BHK
Bengaluru,Whitefield Hope Farm Junction,4,3660,8500000,2322.4043715846997,4 BHK
Bengaluru,Whitefield Hope Farm Junction,4,2903,8300000,2859.1112642094386,4 BHK
Bengaluru,Whitefield Hope Farm Junction,3,2468,8100000,3282.009724473258,3 BHK
Bengaluru,Hosur Main Road,2,1030,9800000,9514.563106796117,2 BHK
Bengaluru,Varthur,2,1346,9550000,7095.096582466567,2 BHK
Bengaluru,Varthur,2,1216,9400000,7730.263157894737,2 BHK
Bengaluru,Varthur,2,1216,8100000,6661.184210526316,2 BHK
Bengaluru,Varthur,2,1216,8250000,6784.539473684211,2 BHK
Bengaluru,Varthur,2,1346,7800000,5794.947994056463,2 BHK
Bengaluru,Varthur,2,1346,8100000,6017.830609212481,2 BHK
Bengaluru,Varthur,2,1346,12000000,8915.304606240714,2 BHK
Bengaluru,Varthur,2,1216,11900000,9786.184210526315,2 BHK
Bengaluru,Varthur,2,1216,10500000,8634.868421052632,2 BHK
Bengaluru,Varthur,2,1216,15900000,13075.657894736842,2 BHK
Bengaluru,Varthur,2,1216,3425000,2816.6118421052633,2 BHK
Bengaluru,Varthur,3,1655,7000000,4229.607250755287,3 BHK
Bengaluru,Varthur,3,1655,6500000,3927.4924471299096,3 BHK
Bengaluru,Varthur,3,1655,22799999,13776.434441087613,3 BHK
Bengaluru,Kannur on Thanisandra Main Road,3,2107,3045000,1445.1827242524917,3 BHK
Bengaluru,Electronic City Phase 1,2,1030,6000000,5825.242718446602,2 BHK
Bengaluru,Nelamangala,3,1420,6600000,4647.887323943662,3 BHK
Bengaluru,Nelamangala,3,1350,4700000,3481.4814814814813,3 BHK
Bengaluru,Nelamangala,3,2460,25600000,10406.50406504065,3 BHK
Bengaluru,Sarjapur,2,1017,6188000,6084.562438544739,2 BHK
Bengaluru,Nelamangala,3,1286,8400000,6531.881804043546,3 BHK
Bengaluru,Nelamangala,3,1286,6188000,4811.819595645412,3 BHK
Bengaluru,Nelamangala,2,966,8400000,8695.652173913044,2 BHK
Bengaluru,Whitefield Hope Farm Junction,4,3138,8400000,2676.864244741874,4 BHK
Bengaluru,Uttarahalli Road,2,1105,6188000,5600.0,2 BHK
Bengaluru,Poornaprajna Layout,3,1500,6188000,4125.333333333333,3 BHK
Bengaluru,5th Stage Raja Rajeshwari Nagar,2,1105,8400000,7601.809954751131,2 BHK
Bengaluru,Poorna Pragna Layout,3,1500,7840000,5226.666666666667,3 BHK
Bengaluru,Banashankari 5th stage,3,1500,35500000,23666.666666666668,3 BHK
Bengaluru,Uttarahalli Main Road,2,1105,12000000,10859.72850678733,2 BHK
Bengaluru,Poorna Pragna Layout,2,1100,9600000,8727.272727272728,2 BHK
Bengaluru,DrVishnuvardhan Road,3,1500,9400000,6266.666666666667,3 BHK
Bengaluru,Banashankari 5th stage,3,1400,3900000,2785.714285714286,3 BHK
Bengaluru,Thanisandra,4,3873,3500000,903.6922282468371,4 BHK
Bengaluru,Talaghattapura,3,1713,3500000,2043.1990659661412,3 BHK
Bengaluru,Whitefield Hope Farm Junction,3,1755,4400000,2507.122507122507,3 BHK
Bengaluru,Varthur,2,1346,8500000,6315.007429420505,2 BHK
Bengaluru,Channasandra Layout,2,920,3320000,3608.695652173913,2 BHK
Bengaluru,Nelamangala,2,708,29800000,42090.39548022599,2 BHK
Bengaluru,Nelamangala,2,708,6200000,8757.062146892655,2 BHK
Bengaluru,JP Nagar 8th Phase,2,1170,8300000,7094.017094017094,2 BHK
Bengaluru,Kannamangala,2,1277,7950000,6225.528582615505,2 BHK
Bengaluru,Volagerekallahalli,2,868,9350000,10771.889400921658,2 BHK
Bengaluru,Varthur,3,3117,9250000,2967.5970484440168,3 BHK
Bengaluru,JP Nagar Phase 5,2,1150,5700000,4956.521739130435,2 BHK
Bengaluru,Varthur,2,1216,7000000,5756.578947368421,2 BHK
Bengaluru,Varthur,2,1216,7400000,6085.526315789473,2 BHK
Bengaluru,Varthur,2,1346,6250000,4643.387815750371,2 BHK
Bengaluru,Varthur,2,1346,9300000,6909.361069836553,2 BHK
Bengaluru,Mysore Road,3,1082,8000000,7393.715341959334,3 BHK
Bengaluru,Kadugodi,2,1185,8500000,7172.995780590717,2 BHK
Bengaluru,5th Phase,3,1430,8500000,5944.055944055944,3 BHK
Bengaluru,5th Phase,2,1180,8400000,7118.64406779661,2 BHK
Bengaluru,Varthur,2,1346,6150000,4569.093610698365,2 BHK
Bengaluru,Varthur,2,1216,6150000,5057.565789473684,2 BHK
Bengaluru,Kannamangala,2,1277,5700000,4463.5865309318715,2 BHK
Bengaluru,RR Nagar,2,1373,23500000,17115.80480699199,2 BHK
Bengaluru,Kannamangala,2,1245,2800000,2248.995983935743,2 BHK
Bengaluru,5th Phase,2,1185,4876000,4114.767932489452,2 BHK
Bengaluru,5th Phase,2,1185,36500000,30801.687763713082,2 BHK
Bengaluru,Thanisandra Main Road,2,1080,7000000,6481.481481481482,2 BHK
Bengaluru,Cooke Town,3,2125,7400000,3482.3529411764707,3 BHK
Bengaluru,Koppa Begur Road,2,875,7400000,8457.142857142857,2 BHK
Bengaluru,Yelahanka,2,937,19000000,20277.481323372464,2 BHK
Bengaluru,Frazer Town,3,2797,3950000,1412.2273864855201,3 BHK
Bengaluru,Kalyan Nagar,2,1170,7380000,6307.692307692308,2 BHK
Bengaluru,Kalyan Nagar,2,1235,9900000,8016.194331983806,2 BHK
Bengaluru,Kalyan Nagar,2,1235,8000000,6477.7327935222675,2 BHK
Bengaluru,Harlur,4,2805,2300000,819.9643493761141,4 BHK
Bengaluru,Chikkalasandra,2,1025,3647999,3559.0234146341463,2 BHK
Bengaluru,Narayanapura on Hennur Main Road,2,1232,3332000,2704.5454545454545,2 BHK
Bengaluru,JP Nagar Phase 9,3,1525,2800000,1836.0655737704917,3 BHK
Bengaluru,JP Nagar Phase 9,2,1265,36000000,28458.498023715416,2 BHK
Bengaluru,Sarjapur Road,2,1140,6000000,5263.1578947368425,2 BHK
Bengaluru,Marsur,3,1075,7500000,6976.7441860465115,3 BHK
Bengaluru,Bommasandra,2,780,7400000,9487.179487179486,2 BHK
Bengaluru,Frazer Town,3,2775,6950000,2504.5045045045044,3 BHK
Bengaluru,Ulsoor,4,7000,6950000,992.8571428571429,4 BHK
Bengaluru,Kalyan Nagar,2,1000,6900000,6900.0,2 BHK
Bengaluru,Kalyan Nagar,2,1240,7000000,5645.1612903225805,2 BHK
Bengaluru,Kalyan Nagar,2,1235,7500000,6072.8744939271255,2 BHK
Bengaluru,Kalyan Nagar,2,1158,7500000,6476.683937823835,2 BHK
Bengaluru,Kalyan Nagar,2,1158,6200000,5354.05872193437,2 BHK
Bengaluru,Kalyan Nagar,2,1150,6000000,5217.391304347826,2 BHK
Bengaluru,Kalyan Nagar,2,1170,7000000,5982.9059829059825,2 BHK
Bengaluru,Kalyan Nagar,2,1235,6900000,5587.044534412956,2 BHK
Bengaluru,Kalyan Nagar,2,1240,7208000,5812.903225806452,2 BHK
Bengaluru,Kalyan Nagar,2,1000,7500000,7500.0,2 BHK
Bengaluru,Kalyan Nagar,2,1000,7208000,7208.0,2 BHK
Bengaluru,Kalyan Nagar,2,1170,3400000,2905.982905982906,2 BHK
Bengaluru,Kalyan Nagar,2,1150,3400000,2956.521739130435,2 BHK
Bengaluru,Rajarajeshwari nagar,3,1360,8081999,5942.646323529411,3 BHK
Bengaluru,Kathriguppe,2,1150,6603000,5741.739130434783,2 BHK
Bengaluru,Uttarahalli Main Road,3,1360,6015000,4422.794117647059,3 BHK
Bengaluru,Electronics City,2,1030,7498999,7280.5815533980585,2 BHK
Bengaluru,Electronic City Phase 1,2,1030,8081999,7846.6009708737865,2 BHK
Bengaluru,Rajarajeshwari nagar,3,1525,10500000,6885.245901639344,3 BHK
Bengaluru,Kaggadasapura,3,1170,2800000,2393.162393162393,3 BHK
Bengaluru,RR Nagar,2,1135,4789000,4219.383259911894,2 BHK
Bengaluru,RR Nagar,3,1415,13200000,9328.621908127208,3 BHK
Bengaluru,RR Nagar,3,1525,7840000,5140.983606557377,3 BHK
Bengaluru,Kannur on Thanisandra Main Road,3,1917,8120000,4235.785080855503,3 BHK
Bengaluru,Koppa Begur Road,2,850,8400000,9882.35294117647,2 BHK
Bengaluru,Babusabpalya,2,1209,4190000,3465.6741108354013,2 BHK
Bengaluru,Chikkalasandra,3,2043,7840000,3837.493881546745,3 BHK
Bengaluru,Poornaprajna Layout,3,1400,49000000,35000.0,3 BHK
Bengaluru,Banashankari 5th stage,3,1450,38500000,26551.724137931036,3 BHK
Bengaluru,Bharath Housing Society Layout,3,1500,30000000,20000.0,3 BHK
Bengaluru,Electronic City Phase 1,2,1135,7731999,6812.333920704846,2 BHK
Bengaluru,DrVishnuvardhan Road,3,1400,27000000,19285.714285714286,3 BHK
Bengaluru,Hebbal,4,4450,4800000,1078.6516853932585,4 BHK
Bengaluru,Hebbal,3,3714,4300000,1157.781367797523,3 BHK
Bengaluru,JP Nagar Phase 7,3,2289,5200000,2271.734381826125,3 BHK
Bengaluru,Yelahanka,3,1459,40599999,27827.278272789583,3 BHK
Bengaluru,BTM Layout,3,2500,23600000,9440.0,3 BHK
Bengaluru,Uttarahalli Hobli,2,1025,21000000,20487.80487804878,2 BHK
Bengaluru,Talaghattapura,2,1185,55400000,46751.054852320674,2 BHK
Bengaluru,Jayanagar,4,3038,26000000,8558.262014483213,4 BHK
Bengaluru,Jayanagar,2,1759,42100000,23934.053439454234,2 BHK
Bengaluru,Rajajinagar,6,7500,62900000,8386.666666666666,5+ BHK
Bengaluru,Hebbal,3,2440,40100000,16434.426229508197,3 BHK
Bengaluru,Basavanagudi,4,3558,97600000,27431.14109050028,4 BHK
Bengaluru,Jayanagar,3,1940,14000000,7216.494845360825,3 BHK
Bengaluru,Uttarahalli,4,4686,50199999,10712.761203585147,4 BHK
Bengaluru,Rajajinagar,4,3608,21200000,5875.831485587583,4 BHK
Bengaluru,Rajajinagar,3,2390,54600000,22845.18828451883,3 BHK
Bengaluru,Rajajinagar,4,6116,57500000,9401.569653368215,4 BHK
Bengaluru,Thanisandra,3,1795,30400000,16935.933147632313,3 BHK
Bengaluru,Basavanagudi,4,3381,28000000,8281.573498964803,4 BHK
Bengaluru,Uttarahalli,3,2353,40000000,16999.575010624736,3 BHK
Bengaluru,Basavanagudi,4,3505,47500000,13552.06847360913,4 BHK
Bengaluru,Rajajinagar,4,3302,32000000,9691.096305269533,4 BHK
Bengaluru,Rajajinagar,2,1943,22000000,11322.696860524962,2 BHK
Bengaluru,Hebbal,3,2975,15000000,5042.016806722689,3 BHK
Bengaluru,Rajajinagar,3,2678,4200000,1568.334578043316,3 BHK
Bengaluru,Rajajinagar,4,3766,6500000,1725.969198088157,4 BHK
Bengaluru,Hebbal,3,3125,4600000,1472.0,3 BHK
Bengaluru,Thanisandra,3,2444,9800000,4009.8199672667756,3 BHK
Bengaluru,Thanisandra,3,2050,6528000,3184.390243902439,3 BHK
Bengaluru,Uttarahalli,3,1350,4600000,3407.4074074074074,3 BHK
Bengaluru,Devanahalli,2,1174,18600000,15843.270868824531,2 BHK
Bengaluru,AECS Layout A Block Singasandra,2,1175,5500000,4680.851063829788,2 BHK
Bengaluru,Sarjapur Road Wipro To Railway Crossing,3,1484,4400000,2964.9595687331534,3 BHK
Bengaluru,Rajarajeshwari nagar,3,1360,8120000,5970.588235294118,3 BHK
Bengaluru,AECS Layout A Block Singasandra,2,1160,8400000,7241.379310344828,2 BHK
Bengaluru,Cooke Town,3,1775,12400000,6985.915492957746,3 BHK
Bengaluru,Yelahanka,2,1170,7840000,6700.854700854701,2 BHK
Bengaluru,KR Puram Bhattarahalli,2,953,8120000,8520.461699895068,2 BHK
Bengaluru,Raja Rajeshwari Nagar 5th Stage,3,1450,8400000,5793.103448275862,3 BHK
Bengaluru,Raja Rajeshwari Nagar 5th Stage,3,1500,8400000,5600.0,3 BHK
Bengaluru,Jakkur,3,2249,8400000,3734.9933303690527,3 BHK
Bengaluru,Poorna Pragna Layout,3,1400,8400000,6000.0,3 BHK
Bengaluru,Poorna Pragna Layout,3,1450,4225000,2913.793103448276,3 BHK
Bengaluru,Poorna Pragna Layout,3,1500,4300000,2866.6666666666665,3 BHK
Bengaluru,Raja Rajeshwari Nagar 5th Stage,3,1500,3390000,2260.0,3 BHK
Bengaluru,Poorna Pragna Layout,3,1500,8400000,5600.0,3 BHK
Bengaluru,Electronic City Phase 1,2,1131,8400000,7427.055702917772,2 BHK
Bengaluru,Electronic City Phase 1,2,1131,3888000,3437.6657824933686,2 BHK
Bengaluru,Electronic City Phase 1,2,1030,3869000,3756.3106796116504,2 BHK
Bengaluru,Raja Rajeshwari Nagar 5th Stage,3,1400,12500000,8928.57142857143,3 BHK
Bengaluru,Raja Rajeshwari Nagar 5th Stage,3,1500,26000000,17333.333333333332,3 BHK
Bengaluru,Rajarajeshwari nagar,3,1500,19000000,12666.666666666666,3 BHK
Bengaluru,Hosa Road Junction,2,1065,16500000,15492.957746478873,2 BHK
Bengaluru,Kudlu Gate,2,1065,42300000,39718.30985915493,2 BHK
Bengaluru,Hebbal,3,2850,7450000,2614.035087719298,3 BHK
Bengaluru,Thanisandra,4,2695,6150000,2282.003710575139,4 BHK
Bengaluru,Sampangiram Nagar,3,1500,6600000,4400.0,3 BHK
Bengaluru,Uttarahalli,4,4690,4750000,1012.7931769722815,4 BHK
Bengaluru,Rajajinagar,7,8200,6015000,733.5365853658536,5+ BHK
Bengaluru,5th Phase,3,1430,6360000,4447.552447552447,3 BHK
Bengaluru,5th Phase,2,1180,7498999,6355.083898305084,2 BHK
Bengaluru,KR Puram Bhattarahalli,3,1370,7155000,5222.6277372262775,3 BHK
Bengaluru,KR Puram Bhattarahalli,2,982,6015000,6125.254582484725,2 BHK
Bengaluru,RR Nagar,2,1135,5750000,5066.079295154185,2 BHK
Bengaluru,RR Nagar,2,1200,8081999,6734.9991666666665,2 BHK
Bengaluru,RR Nagar,3,1415,3400000,2402.8268551236747,3 BHK
Bengaluru,RR Nagar,3,1350,6200000,4592.592592592592,3 BHK
Bengaluru,RR Nagar,2,1135,23500000,20704.845814977973,2 BHK
Bengaluru,RR Nagar,2,1085,22500000,20737.327188940093,2 BHK
Bengaluru,RR Nagar,3,1525,6150000,4032.7868852459014,3 BHK
Bengaluru,Chandapura,2,975,6150000,6307.692307692308,2 BHK
Bengaluru,Poorna Pragna Layout,3,1340,6150000,4589.55223880597,3 BHK
Bengaluru,Armane Nagar,3,1580,11500000,7278.481012658228,3 BHK
Bengaluru,Sampangiram Nagar,3,2000,3030000,1515.0,3 BHK
Bengaluru,5th Phase,2,1180,4800000,4067.7966101694915,2 BHK
Bengaluru,5th Phase,2,1180,13200000,11186.440677966102,2 BHK
Bengaluru,5th Phase,2,1185,16000000,13502.10970464135,2 BHK
Bengaluru,Talaghattapura,3,1523,6300000,4136.572554169403,3 BHK
Bengaluru,KR Puram Bhattarahalli,2,995,4300000,4321.608040201005,2 BHK
Bengaluru,Cooke Town,2,1256,8900000,7085.987261146497,2 BHK
Bengaluru,Yeshwantpur,3,1535,9700000,6319.218241042346,3 BHK
Bengaluru,KR Puram Bhattarahalli,3,1370,7840000,5722.6277372262775,3 BHK
Bengaluru,Hebbal,5,4800,7840000,1633.3333333333333,5+ BHK
Bengaluru,Talaghattapura,2,1100,8400000,7636.363636363636,2 BHK
Bengaluru,Budigere Cross,3,1636,7840000,4792.176039119804,3 BHK
Bengaluru,Budigere Cross,3,1820,8400000,4615.384615384615,3 BHK
Bengaluru,Rajarajeshwari nagar,3,1400,8400000,6000.0,3 BHK
Bengaluru,Rajarajeshwari nagar,3,1500,8400000,5600.0,3 BHK
Bengaluru,Rajarajeshwari nagar,3,1400,8120000,5800.0,3 BHK
Bengaluru,Rajarajeshwari nagar,3,1500,23000000,15333.333333333334,3 BHK
Bengaluru,Rajarajeshwari nagar,3,1500,8050000,5366.666666666667,3 BHK
Bengaluru,Rajarajeshwari nagar,3,1500,8100000,5400.0,3 BHK
Bengaluru,Rajarajeshwari nagar,3,1450,8350000,5758.620689655172,3 BHK
Bengaluru,Rajarajeshwari nagar,3,1500,8200000,5466.666666666667,3 BHK
Bengaluru,Sarjapur Road,4,2730,9600000,3516.4835164835163,4 BHK
Bengaluru,Varthur,2,1216,9450000,7771.381578947368,2 BHK
Bengaluru,Varthur,2,1216,9300000,7648.026315789473,2 BHK
Bengaluru,Varthur,2,1216,8400000,6907.894736842105,2 BHK
Bengaluru,Varthur,2,1216,9200000,7565.789473684211,2 BHK
Bengaluru,Varthur,2,1346,5914000,4393.759286775631,2 BHK
Bengaluru,Varthur,2,1346,4500000,3343.2392273402675,2 BHK
Bengaluru,Varthur,2,1346,5586000,4150.074294205052,2 BHK
Bengaluru,Varthur,2,1216,6000000,4934.210526315789,2 BHK
Bengaluru,Varthur,2,1346,6200000,4606.240713224369,2 BHK
Bengaluru,Rajarajeshwari nagar,2,1116,23000000,20609.318996415772,2 BHK
Bengaluru,Bannerughatta,2,1212,31000000,25577.55775577558,2 BHK
Bengaluru,Ramamurthy Nagar,2,1140,3180000,2789.4736842105262,2 BHK
Bengaluru,Marathahalli,2,1002,4499000,4490.0199600798405,2 BHK
Bengaluru,Poorna Pragna Layout,3,1340,5290000,3947.7611940298507,3 BHK
Bengaluru,Sarjapur Road,3,2730,13000000,4761.9047619047615,3 BHK
Bengaluru,RMV 2nd Stage,3,2770,32599999,11768.952707581228,3 BHK
Bengaluru,Sarjapur,2,1068,5300000,4962.546816479401,2 BHK
Bengaluru,Avalahalli Off Sarjapur Road,2,941,5800000,6163.65568544102,2 BHK
Bengaluru,Hallehalli,2,1150,8081999,7027.825217391304,2 BHK
Bengaluru,Chikkalasandra,3,2009,3045000,1515.6794425087107,3 BHK
Bengaluru,Sarjapur,2,1099,3482000,3168.3348498635123,2 BHK
Bengaluru,Jakkur,2,1059,22599999,21340.886685552407,2 BHK
Bengaluru,Kambipura,3,1110,4163000,3750.4504504504503,3 BHK
Bengaluru,Pattanagere Main Road,3,1525,13100000,8590.16393442623,3 BHK
Bengaluru,Sarjapur,2,1017,4500000,4424.778761061947,2 BHK
Bengaluru,Sarjapur,2,1182,6405000,5418.781725888325,2 BHK
Bengaluru,Frazer Town,3,1989,40500000,20361.990950226245,3 BHK
Bengaluru,Hallehalli,2,905,12900000,14254.14364640884,2 BHK
Bengaluru,Ashwathkatte Road,3,2043,10800000,5286.343612334802,3 BHK
Bengaluru,Poornapragna Housing Society Layout,2,1000,8050000,8050.0,2 BHK
Bengaluru,BEML Layout 5th Stage,3,1256,2848000,2267.515923566879,3 BHK
Bengaluru,Ulsoor,4,3500,26500000,7571.428571428572,4 BHK
Bengaluru,Talaghattapura,3,1893,3828000,2022.1870047543582,3 BHK
Bengaluru,Varthur,3,1655,6580000,3975.83081570997,3 BHK
Bengaluru,Varthur,2,1216,23000000,18914.473684210527,2 BHK
Bengaluru,Sarjapur,2,943,16000000,16967.12619300106,2 BHK
Bengaluru,Shivaji Nagar,3,2511,14000000,5575.467941059339,3 BHK
Bengaluru,Marsur,2,1235,4054000,3282.591093117409,2 BHK
Bengaluru,Nagawara,2,1316,3400000,2583.586626139818,2 BHK
Bengaluru,Sarjapur Road,4,2730,3347999,1226.37326007326,4 BHK
Bengaluru,Yelahanka,3,2190,6656000,3039.2694063926942,3 BHK
Bengaluru,Sarjapur,3,1398,4505000,3222.460658082976,3 BHK
Bengaluru,Chandapura,3,974,3261999,3349.0749486652976,3 BHK
Bengaluru,Marsur,2,1080,4864000,4503.7037037037035,2 BHK
Bengaluru,Thanisandra,4,6300,4054000,643.4920634920635,4 BHK
Bengaluru,Raja Rajeshwari Nagar 5th Stage,3,1256,4905000,3905.2547770700635,3 BHK
Bengaluru,Uttarahalli Main Road,2,850,4054000,4769.411764705882,2 BHK
Bengaluru,Sarjapur,2,1099,35000000,31847.133757961783,2 BHK
Bengaluru,Anekal City,3,1225,4237000,3458.7755102040815,3 BHK
Bengaluru,Sarjapur,3,1398,3750000,2682.4034334763946,3 BHK
Bengaluru,Bagalur,2,1090,4450000,4082.5688073394494,2 BHK
Bengaluru,Sarjapur Attibele,3,1398,2899000,2073.6766809728183,3 BHK
Bengaluru,Hebbal,4,3895,4054000,1040.821566110398,4 BHK
Bengaluru,Sarjapur Attibele,3,1467,7800000,5316.973415132924,3 BHK
Bengaluru,Kudlu,2,1030,18600000,18058.252427184467,2 BHK
Bengaluru,Hosur Main Road,2,1220,6900000,5655.737704918033,2 BHK
Bengaluru,Attibele,2,779,9000000,11553.273427471117,2 BHK
Bengaluru,Sarjapur,3,1398,3536999,2530.0422031473536,3 BHK
Bengaluru,Narayanapura on Hennur Main Road,2,1341,3927000,2928.4116331096197,2 BHK
Bengaluru,Bellandur,4,2519,3236999,1285.0333465660976,4 BHK
Bengaluru,Hosa Road,2,1170,3429000,2930.769230769231,2 BHK
Bengaluru,Hosa Road,3,1575,3267000,2074.285714285714,3 BHK
Bengaluru,Avalahalli Off Sarjapur Road,2,1179,4239000,3595.4198473282445,2 BHK
Bengaluru,Avalahalli Off Sarjapur Road,3,1309,3456000,2640.183346065699,3 BHK
Bengaluru,Avalahalli Off Sarjapur Road,2,1079,3447000,3194.624652455978,2 BHK
Bengaluru,Avalahalli Off Sarjapur Road,2,1143,3440999,3010.4978127734034,2 BHK
Bengaluru,Avalahalli Off Sarjapur Road,2,1089,3585000,3292.0110192837465,2 BHK
Bengaluru,Avalahalli Off Sarjapur Road,3,1413,3189000,2256.900212314225,3 BHK
Bengaluru,Avalahalli Off Sarjapur Road,2,1152,3768000,3270.8333333333335,2 BHK
Bengaluru,Avalahalli Off Sarjapur Road,2,1149,4995000,4347.258485639687,2 BHK
Bengaluru,Avalahalli Off Sarjapur Road,2,1147,9000000,7846.556233653007,2 BHK
Bengaluru,Avalahalli Off Sarjapur Road,2,1195,4057000,3394.979079497908,2 BHK
Bengaluru,Avalahalli Off Sarjapur Road,2,1063,23000000,21636.87676387582,2 BHK
Bengaluru,Avalahalli Off Sarjapur Road,2,1256,32000000,25477.707006369426,2 BHK
Bengaluru,Avalahalli Off Sarjapur Road,3,1665,2999000,1801.2012012012012,3 BHK
Bengaluru,Hosa Road,3,1575,2288000,1452.6984126984128,3 BHK
Bengaluru,Sarjapur,3,1399,3859000,2758.3988563259472,3 BHK
Bengaluru,Domlur Layout,3,2200,2288000,1040.0,3 BHK
Bengaluru,Indira Nagar,4,2464,27500000,11160.714285714286,4 BHK
Bengaluru,Bommasandra,2,1060,4500000,4245.2830188679245,2 BHK
Bengaluru,Anekal City,1,520,5243000,10082.692307692309,1 BHK
Bengaluru,Anekal City,2,950,21000000,22105.263157894737,2 BHK
Bengaluru,Anekal City,1,520,4237000,8148.076923076923,1 BHK
Bengaluru,Frazer Town,3,2400,2800000,1166.6666666666667,3 BHK
Bengaluru,Bagalur,2,1000,3180000,3180.0,2 BHK
Bengaluru,Ramamurthy Nagar,2,1070,4057000,3791.588785046729,2 BHK
Bengaluru,CV Raman Nagar,3,1980,7359999,3717.171212121212,3 BHK
Bengaluru,sarjapura attibele road,3,1465,4133000,2821.160409556314,3 BHK
Bengaluru,sarjapura attibele road,2,940,4057000,4315.95744680851,2 BHK
Bengaluru,sarjapura attibele road,2,1068,2745000,2570.224719101124,2 BHK
Bengaluru,Sarjapur,3,1399,8400000,6004.288777698356,3 BHK
Bengaluru,Bagalur,3,1480,8400000,5675.675675675676,3 BHK
Bengaluru,Anekal City,2,1025,8400000,8195.121951219513,2 BHK
Bengaluru,Sarjapur,3,1399,8120000,5804.145818441744,3 BHK
Bengaluru,Anekal City,1,645,7840000,12155.038759689922,1 BHK
Bengaluru,Poornapragna Housing Society Layout,3,1500,6188000,4125.333333333333,3 BHK
Bengaluru,Poornapragna Housing Society Layout,3,1500,9200000,6133.333333333333,3 BHK
Bengaluru,Poornapragna Housing Society Layout,3,1450,5480000,3779.310344827586,3 BHK
Bengaluru,Uttarahalli Main Road,3,1400,3045000,2175.0,3 BHK
Bengaluru,Uttarahalli Main Road,3,1500,44900000,29933.333333333332,3 BHK
Bengaluru,Uttarahalli Main Road,2,1105,4237000,3834.389140271493,2 BHK
Bengaluru,Talaghattapura,3,1725,3106000,1800.5797101449275,3 BHK
Bengaluru,Ramamurthy Nagar,2,1055,7359999,6976.302369668247,2 BHK
Bengaluru,Sarjapur,2,1017,3399000,3342.182890855457,2 BHK
Bengaluru,JP Nagar Phase 1,4,3145,2899000,921.7806041335454,4 BHK
Bengaluru,Sarjapur,3,1467,2899000,1976.1417859577368,3 BHK
Bengaluru,Sarjapur Attibele,3,926,2899000,3130.669546436285,3 BHK
Bengaluru,Bagalur,3,1480,2899000,1958.7837837837837,3 BHK
Bengaluru,Attibele,3,924,2899000,3137.4458874458874,3 BHK
Bengaluru,Attibele,2,779,2899000,3721.4377406931962,2 BHK
Bengaluru,Attibele,2,779,4146000,5322.207958921695,2 BHK
Bengaluru,Attibele,2,779,7840000,10064.18485237484,2 BHK
Bengaluru,Attibele,2,779,2288000,2937.0988446726574,2 BHK
Bengaluru,Attibele,2,779,5070000,6508.344030808729,2 BHK
Bengaluru,Attibele,2,779,3045000,3908.8575096277277,2 BHK
Bengaluru,Chandapura,3,1197,3100000,2589.8078529657478,3 BHK
Bengaluru,Poornapragna Housing Society Layout,3,1400,2745000,1960.7142857142858,3 BHK
Bengaluru,Anekal City,1,520,3100000,5961.538461538462,1 BHK
Bengaluru,TC Palya Road,2,975,3180000,3261.5384615384614,2 BHK
Bengaluru,Sarjapur,2,1017,5897000,5798.426745329401,2 BHK
Bengaluru,Attibele,3,924,5947000,6436.147186147186,3 BHK
Bengaluru,Anekal City,1,645,3261999,5057.362790697674,1 BHK
Bengaluru,Attibele,3,924,3482000,3768.3982683982686,3 BHK
Bengaluru,Sarjapur,2,1068,6900000,6460.6741573033705,2 BHK
Bengaluru,Bagalur,2,1155,6000000,5194.805194805195,2 BHK
Bengaluru,Bagalur,2,1260,5848000,4641.269841269841,2 BHK
Bengaluru,Sarjapur,2,1099,5000000,4549.590536851683,2 BHK
Bengaluru,Sarjapur,2,1182,7800000,6598.984771573604,2 BHK
Bengaluru,Electronic City Phase 1,2,1250,2745000,2196.0,2 BHK
Bengaluru,ISRO Layout,3,1250,3100000,2480.0,3 BHK
Bengaluru,Bagalur,2,1144,3080000,2692.3076923076924,2 BHK
Bengaluru,Kannur on Thanisandra Main Road,1,760,5947000,7825.0,1 BHK
Bengaluru,Narayanapura on Hennur Main Road,2,1232,3100000,2516.2337662337663,2 BHK
Bengaluru,Anekal City,1,645,6700000,10387.596899224805,1 BHK
Bengaluru,Attibele,3,924,25000000,27056.277056277057,3 BHK
Bengaluru,sarjapura attibele road,2,1067,4133000,3873.477038425492,2 BHK
Bengaluru,Bagalur,2,1166,3045000,2611.492281303602,2 BHK
Bengaluru,Attibele,3,924,7998999,8656.925324675325,3 BHK
Bengaluru,Avalahalli Off Sarjapur Road,2,1284,6998999,5450.933800623053,2 BHK
Bengaluru,ITPL,3,2892,6998999,2420.124135546335,3 BHK
Bengaluru,Anekal City,2,1025,6000000,5853.658536585366,2 BHK
Bengaluru,Sarjapur,2,1017,2899000,2850.5408062930187,2 BHK
Bengaluru,Munnekollal,3,1263,3399000,2691.2114014251783,3 BHK
Bengaluru,Marathahalli,2,1113,3100000,2785.265049415993,2 BHK
Bengaluru,Munnekollal,2,1113,4237000,3806.8283917340523,2 BHK
Bengaluru,Marathahalli,2,1002,4054000,4045.9081836327346,2 BHK
Bengaluru,Attibele,2,779,3859000,4953.786906290115,2 BHK
Bengaluru,Attibele,3,924,4237000,4585.497835497836,3 BHK
Bengaluru,Attibele,3,926,3100000,3347.732181425486,3 BHK
Bengaluru,Sarjapur,3,1467,6200000,4226.312201772324,3 BHK
Bengaluru,Sarjapur Road,2,1396,3261999,2336.6755014326645,2 BHK
Bengaluru,Anekal City,2,950,3482000,3665.2631578947367,2 BHK
Bengaluru,sarjapura attibele road,3,1468,4057000,2763.623978201635,3 BHK
Bengaluru,Attibele,3,928,2848000,3068.9655172413795,3 BHK
Bengaluru,Ramamurthy Nagar,2,1198,4237000,3536.727879799666,2 BHK
Bengaluru,sarjapura attibele road,2,1099,16000000,14558.689717925387,2 BHK
Bengaluru,sarjapura attibele road,2,1182,23000000,19458.5448392555,2 BHK
Bengaluru,sarjapura attibele road,3,1399,2848000,2035.7398141529663,3 BHK
Bengaluru,sarjapura attibele road,2,943,3675000,3897.136797454931,2 BHK
Bengaluru,Sarjapur,3,1467,3180000,2167.689161554192,3 BHK
Bengaluru,Adugodi,2,1460,23000000,15753.424657534246,2 BHK
Bengaluru,Sarjapur,4,2730,7900000,2893.772893772894,4 BHK
Bengaluru,Sarjapur,2,943,13500000,14316.012725344644,2 BHK
Bengaluru,Hosa Road Junction,2,1015,18500000,18226.600985221674,2 BHK
Bengaluru,Sarjapur,2,1068,5256000,4921.348314606742,2 BHK
Bengaluru,Infantry Road,3,1949,5256000,2696.7675731144177,3 BHK
Bengaluru,Richards Town,2,980,5256000,5363.265306122449,2 BHK
Bengaluru,Hennur,3,2061,6528000,3167.3944687045123,3 BHK
Bengaluru,Bellandur,4,2513,6528000,2597.692001591723,4 BHK
Bengaluru,Pattanagere,2,1095,6800000,6210.045662100457,2 BHK
Bengaluru,Raja Rajeshwari Nagar 5th Stage,2,1095,5700000,5205.479452054795,2 BHK
Bengaluru,Pattanagere Main Road,2,1095,6500000,5936.07305936073,2 BHK
Bengaluru,Raja Rajeshwari Nagar 5th Stage,3,1360,8400000,6176.470588235294,3 BHK
Bengaluru,Raja Rajeshwari Nagar 5th Stage,3,1360,5750000,4227.941176470588,3 BHK
Bengaluru,Jakkur,2,1270,8081999,6363.778740157481,2 BHK
Bengaluru,R.K. Hegde Nagar,2,1214,8120000,6688.632619439868,2 BHK
Bengaluru,Benson Town,1,760,4237000,5575.0,1 BHK
Bengaluru,Uttarahalli Main Road,3,1500,3261999,2174.666,3 BHK
Bengaluru,Rajarajeshwari nagar,2,1085,6360000,5861.751152073733,2 BHK
Bengaluru,Raja Rajeshwari Nagar 5th Stage,3,1525,4054000,2658.3606557377047,3 BHK
Bengaluru,Uttarahalli Main Road,3,1450,4058000,2798.6206896551726,3 BHK
Bengaluru,Sarjapur,3,1467,7208000,4913.428766189502,3 BHK
Bengaluru,Sarjapur,2,1099,5883000,5353.048225659691,2 BHK
Bengaluru,RR Nagar Main Road,2,1200,8400000,7000.0,2 BHK
Bengaluru,Sarjapur,3,1398,8120000,5808.2975679542205,3 BHK
Bengaluru,sarjapura attibele road,3,1400,8120000,5800.0,3 BHK
Bengaluru,Sri Krishna Garden Layout,3,1360,7840000,5764.705882352941,3 BHK
Bengaluru,Poornapragna Housing Society Layout,3,1450,7840000,5406.896551724138,3 BHK
Bengaluru,Uttarahalli Main Road,3,1450,6188000,4267.586206896552,3 BHK
Bengaluru,Uttarahalli Main Road,2,1105,8120000,7348.41628959276,2 BHK
Bengaluru,Uttarahalli Main Road,3,1400,8120000,5800.0,3 BHK
Bengaluru,Uttarahalli Main Road,3,1450,7840000,5406.896551724138,3 BHK
Bengaluru,Uttarahalli Main Road,2,1105,6188000,5600.0,2 BHK
Bengaluru,Uttarahalli Main Road,2,1105,8400000,7601.809954751131,2 BHK
Bengaluru,Rajarajeshwari nagar,3,1500,8120000,5413.333333333333,3 BHK
Bengaluru,BEML Layout 5th Stage,3,1400,8120000,5800.0,3 BHK
Bengaluru,BEML Layout 5th Stage,3,1500,7840000,5226.666666666667,3 BHK
Bengaluru,Kenchena Halli Road,3,1500,8400000,5600.0,3 BHK
Bengaluru,Kenchena Halli Road,3,1400,8400000,6000.0,3 BHK
Bengaluru,Kenchena Halli Road,3,1450,8400000,5793.103448275862,3 BHK
Bengaluru,Poornapragna Housing Society Layout,3,1450,8400000,5793.103448275862,3 BHK
Bengaluru,Poornapragna Housing Society Layout,3,1400,6360000,4542.857142857143,3 BHK
Bengaluru,Poornapragna Housing Society Layout,3,1400,7840000,5600.0,3 BHK
Bengaluru,Poornapragna Housing Society Layout,3,1500,2848000,1898.6666666666667,3 BHK
Bengaluru,BEML Layout 5th Stage,3,1500,6015000,4010.0,3 BHK
Bengaluru,Raja Rajeshwari Nagar 5th Stage,2,1200,8400000,7000.0,2 BHK
Bengaluru,Rajarajeshwari nagar,3,1500,5750000,3833.3333333333335,3 BHK
Bengaluru,Uttarahalli Main Road,3,1400,3200000,2285.714285714286,3 BHK
Bengaluru,Sarjapur Attibele,2,940,3100000,3297.872340425532,2 BHK
Bengaluru,Rajarajeshwari nagar,2,1135,4057000,3574.4493392070485,2 BHK
Bengaluru,Uttarahalli Main Road,3,1400,8081999,5772.856428571428,3 BHK
Bengaluru,Rajarajeswari Nagar,2,1085,7840000,7225.806451612903,2 BHK
Bengaluru,Bommasandra,2,1010,7840000,7762.376237623763,2 BHK
Bengaluru,Attibele,3,924,7208000,7800.865800865801,3 BHK
Bengaluru,Sarjapur Attibele,3,1399,5803000,4147.962830593281,3 BHK
Bengaluru,Sri Krishna Garden Layout,3,1525,2848000,1867.5409836065573,3 BHK
Bengaluru,Rajarajeshwari nagar,3,1400,4505000,3217.8571428571427,3 BHK
Bengaluru,Uttarahalli Main Road,3,1400,13500000,9642.857142857143,3 BHK
Bengaluru,Rajarajeswari Nagar,3,1360,4057000,2983.0882352941176,3 BHK
Bengaluru,Raja Rajeshwari Nagar 5th Stage,2,1095,3859000,3524.200913242009,2 BHK
Bengaluru,sarjapura attibele road,2,943,5750000,6097.5609756097565,2 BHK
Bengaluru,Raja Rajeshwari Nagar 5th Stage,2,850,4505000,5300.0,2 BHK
Bengaluru,Hennur,3,2061,4505000,2185.832120329937,3 BHK
Bengaluru,Sarjapur,3,1399,8081999,5776.982844889207,3 BHK
Bengaluru,Anekal City,2,950,4505000,4742.105263157895,2 BHK
Bengaluru,Sri Krishna Garden Layout,2,1085,6625000,6105.990783410139,2 BHK
Bengaluru,Sri Krishna Garden Layout,2,850,3100000,3647.0588235294117,2 BHK
Bengaluru,Raja Rajeshwari Nagar 5th Stage,2,850,3482000,4096.470588235294,2 BHK
Bengaluru,Raja Rajeshwari Nagar 5th Stage,3,1525,2899000,1900.983606557377,3 BHK
Bengaluru,Raja Rajeshwari Nagar 5th Stage,2,850,8400000,9882.35294117647,2 BHK
Bengaluru,Raja Rajeshwari Nagar 5th Stage,3,1250,6360000,5088.0,3 BHK
Bengaluru,Attibele,3,924,8400000,9090.90909090909,3 BHK
Bengaluru,Sarjapur,2,1182,7840000,6632.825719120136,2 BHK
Bengaluru,Attibele,2,779,8400000,10783.055198973043,2 BHK
Bengaluru,Sri Krishna Garden Layout,2,1200,7840000,6533.333333333333,2 BHK
Bengaluru,Rajarajeshwari nagar,3,1500,6188000,4125.333333333333,3 BHK
Bengaluru,BEML Layout 5th Stage,3,1400,8400000,6000.0,3 BHK
Bengaluru,Poornapragna Housing Society Layout,2,1105,8120000,7348.41628959276,2 BHK
Bengaluru,Poornapragna Housing Society Layout,3,1500,4054000,2702.6666666666665,3 BHK
Bengaluru,Poornapragna Housing Society Layout,3,1500,4240000,2826.6666666666665,3 BHK
Bengaluru,BEML Layout 5th Stage,3,1400,2288000,1634.2857142857142,3 BHK
Bengaluru,BEML Layout 5th Stage,3,1450,6188000,4267.586206896552,3 BHK
Bengaluru,sarjapura attibele road,3,1397,8400000,6012.884753042234,3 BHK
Bengaluru,sarjapura attibele road,3,1468,8120000,5531.33514986376,3 BHK
Bengaluru,Anekal City,1,520,5750000,11057.692307692309,1 BHK
Bengaluru,Uttarahalli Main Road,2,1105,7208000,6523.076923076923,2 BHK
Bengaluru,Uttarahalli Main Road,3,1400,2900000,2071.4285714285716,3 BHK
Bengaluru,Kenchena Halli Road,3,1500,2900000,1933.3333333333333,3 BHK
Bengaluru,Rajarajeshwari nagar,3,1450,2288000,1577.9310344827586,3 BHK
Bengaluru,Raja Rajeshwari Nagar 5th Stage,2,1085,5750000,5299.539170506912,2 BHK
Bengaluru,Raja Rajeshwari Nagar 5th Stage,3,1360,6015000,4422.794117647059,3 BHK
Bengaluru,Koppa Begur Road,2,875,3433000,3923.4285714285716,2 BHK
Bengaluru,Koppa Begur Road,2,875,3719000,4250.285714285715,2 BHK
Bengaluru,Anekal City,1,520,4933000,9486.538461538461,1 BHK
Bengaluru,Raja Rajeshwari Nagar 5th Stage,2,1085,4254000,3920.73732718894,2 BHK
Bengaluru,RR Nagar,2,1135,5350000,4713.656387665198,2 BHK
Bengaluru,Electronic City Phase 1,1,660,33000000,50000.0,1 BHK
Bengaluru,Electronic City Phase 1,1,715,7000000,9790.20979020979,1 BHK
Bengaluru,Electronic City Phase 1,2,910,8500000,9340.65934065934,2 BHK
Bengaluru,Kengeri,2,967,8900000,9203.72285418821,2 BHK
Bengaluru,Kengeri,3,1216,9100000,7483.5526315789475,3 BHK
Bengaluru,Bilekahalli,4,5000,8700000,1740.0,4 BHK
Bengaluru,Talaghattapura,2,1538,9300000,6046.814044213264,2 BHK
Bengaluru,Talaghattapura,3,1877,7100000,3782.631859350027,3 BHK
Bengaluru,Talaghattapura,3,1973,6200000,3142.4227065382665,3 BHK
Bengaluru,Talaghattapura,3,2016,13300000,6597.222222222223,3 BHK
Bengaluru,Talaghattapura,3,1922,11000000,5723.204994797086,3 BHK
Bengaluru,Talaghattapura,3,2078,8400000,4042.3484119345526,3 BHK
Bengaluru,Talaghattapura,2,1561,6188000,3964.1255605381166,2 BHK
Bengaluru,Talaghattapura,2,1362,8120000,5961.820851688693,2 BHK
Bengaluru,Kudlu Gate,3,1766,39000000,22083.805209513022,3 BHK
Bengaluru,Whitefield Hope Farm Junction,3,1730,2840000,1641.6184971098266,3 BHK
Bengaluru,Uttarahalli Main Road,3,1500,4000000,2666.6666666666665,3 BHK
Bengaluru,Uttarahalli Main Road,2,1105,3100000,2805.4298642533936,2 BHK
Bengaluru,Uttarahalli Main Road,3,1450,3859000,2661.3793103448274,3 BHK
Bengaluru,Hebbal,4,3900,23500000,6025.641025641025,4 BHK
Bengaluru,Sarjapur Attibele,2,941,23000000,24442.082890541977,2 BHK
Bengaluru,AGS Layout Arehalli,2,1040,7208000,6930.7692307692305,2 BHK
Bengaluru,Attibele,3,924,6625000,7169.91341991342,3 BHK
Bengaluru,Anekal City,2,950,3800000,4000.0,2 BHK
Bengaluru,ITPL,4,3613,3100000,858.0127318018267,4 BHK
Bengaluru,Sarjapur Road,4,2730,3096000,1134.065934065934,4 BHK
Bengaluru,RR Nagar,3,1360,3249000,2388.970588235294,3 BHK
Bengaluru,RR Nagar,3,1250,3400000,2720.0,3 BHK
Bengaluru,Bommasandra,2,955,3100000,3246.0732984293195,2 BHK
Bengaluru,Attibele,3,924,3475000,3760.822510822511,3 BHK
Bengaluru,sarjapura attibele road,3,923,5750000,6229.685807150596,3 BHK
Bengaluru,Bommasandra,2,1010,3100000,3069.3069306930693,2 BHK
Bengaluru,Chandapura,3,943,2745000,2910.9225874867443,3 BHK
Bengaluru,Attibele,3,924,4057000,4390.69264069264,3 BHK
Bengaluru,Chandapura,2,875,2975000,3400.0,2 BHK
Bengaluru,RR Nagar,2,1085,2975000,2741.935483870968,2 BHK
Bengaluru,Attibele,3,924,3100000,3354.978354978355,3 BHK
Bengaluru,Anekal City,1,645,4500000,6976.7441860465115,1 BHK
Bengaluru,sarjapura attibele road,3,1401,15500000,11063.526052819414,3 BHK
Bengaluru,Koppa Begur Road,2,850,9400000,11058.823529411764,2 BHK
Bengaluru,Koppa Begur Road,2,850,7500000,8823.529411764706,2 BHK
Bengaluru,Attibele,3,924,7000000,7575.757575757576,3 BHK
Bengaluru,Bannerghatta Main Road,2,1000,4320000,4320.0,2 BHK
Bengaluru,Mahadevapura,4,2268,5700000,2513.227513227513,4 BHK
Bengaluru,Electronic City Phase 1,3,1555,2745000,1765.2733118971062,3 BHK
Bengaluru,Electronic City Phase 1,2,1248,3045000,2439.903846153846,2 BHK
Bengaluru,Budigere Cross,3,1660,13000000,7831.325301204819,3 BHK
Bengaluru,AGS Layout Arehalli,2,1110,3180000,2864.864864864865,2 BHK
Bengaluru,Budigere Cross,2,1240,3045000,2455.6451612903224,2 BHK
Bengaluru,Anekal City,1,645,4054000,6285.271317829457,1 BHK
Bengaluru,sarjapura attibele road,2,1017,2900000,2851.5240904621437,2 BHK
Bengaluru,Sarjapur Road,3,1500,2975000,1983.3333333333333,3 BHK
Bengaluru,sarjapura attibele road,2,1069,3100000,2899.906454630496,2 BHK
Bengaluru,sarjapura attibele road,2,1019,4864000,4773.307163886163,2 BHK
Bengaluru,sarjapura attibele road,3,1397,7300000,5225.483178239084,3 BHK
Bengaluru,Koppa Begur Road,2,850,2856000,3360.0,2 BHK
Bengaluru,Koppa Begur Road,2,875,8400000,9600.0,2 BHK
Bengaluru,Attibele,3,924,2848000,3082.251082251082,3 BHK
Bengaluru,Anekal City,3,1225,3180000,2595.918367346939,3 BHK
Bengaluru,Yelahanka,2,1322,30000000,22692.8895612708,2 BHK
Bengaluru,Chandapura,2,835,20000000,23952.095808383234,2 BHK
Bengaluru,BEML Layout 5th Stage,3,1500,7356000,4904.0,3 BHK
Bengaluru,sarjapura attibele road,2,944,3100000,3283.898305084746,2 BHK
Bengaluru,sarjapura attibele road,2,1067,2848000,2669.165885660731,2 BHK
Bengaluru,JP Nagar Phase 7,3,2289,6500000,2839.667977282656,3 BHK
Bengaluru,Adugodi,3,1860,4060000,2182.7956989247314,3 BHK
Bengaluru,Ramamurthy Nagar,3,1415,3045000,2151.9434628975264,3 BHK
Bengaluru,Attibele,3,924,3261999,3530.301948051948,3 BHK
Bengaluru,sarjapura attibele road,2,943,6188000,6562.03605514316,2 BHK
Bengaluru,Babusa Palya,2,1535,3100000,2019.543973941368,2 BHK
Bengaluru,sarjapura attibele road,3,1402,4100000,2924.3937232524963,3 BHK
Bengaluru,sarjapura attibele road,2,1018,5610000,5510.805500982318,2 BHK
Bengaluru,sarjapura attibele road,2,1100,8400000,7636.363636363636,2 BHK
Bengaluru,Uttarahalli Road,2,1105,5472000,4952.036199095022,2 BHK
Bengaluru,Bagalur,1,551,6528000,11847.549909255898,1 BHK
Bengaluru,Electronics City,2,1020,6528000,6400.0,2 BHK
Bengaluru,Kumaraswamy Layout Vittal Nagar,2,1020,2848000,2792.156862745098,2 BHK
Bengaluru,Raja Rajeshwari Nagar 5th Stage,3,1500,4057000,2704.6666666666665,3 BHK
Bengaluru,Pattanagere,2,1140,6000000,5263.1578947368425,2 BHK
Bengaluru,Pattanagere Main Road,3,1360,4133000,3038.970588235294,3 BHK
Bengaluru,5th Stage Raja Rajeshwari Nagar,3,1360,5160000,3794.1176470588234,3 BHK
Bengaluru,Sarjapur,2,943,6528000,6922.587486744433,2 BHK
Bengaluru,Sarjapur Road,3,1400,5256000,3754.285714285714,3 BHK
Bengaluru,Budigere Cross,2,1240,3050000,2459.6774193548385,2 BHK
Bengaluru,Anekal City,2,1025,2288000,2232.1951219512193,2 BHK
Bengaluru,Ideal Homes Co Operative Housing Society,2,1074,2800000,2607.07635009311,2 BHK
Bengaluru,Poorna Pragna Layout,3,1360,8400000,6176.470588235294,3 BHK
Bengaluru,Poorna Pragna Layout,2,1095,8400000,7671.232876712329,2 BHK
Bengaluru,sarjapura attibele road,2,1020,8400000,8235.29411764706,2 BHK
Bengaluru,Anekal City,1,520,8400000,16153.846153846154,1 BHK
Bengaluru,Koppa Begur Road,2,850,7840000,9223.529411764706,2 BHK
Bengaluru,Uttarahalli Main Road,3,1500,6188000,4125.333333333333,3 BHK
Bengaluru,5th Stage BEML Layout,3,1450,6528000,4502.068965517241,3 BHK
Bengaluru,5th Stage BEML Layout,3,1500,8120000,5413.333333333333,3 BHK
Bengaluru,RR Nagar Main Road,3,1500,7840000,5226.666666666667,3 BHK
Bengaluru,Dwaraka Nagar,3,1400,8400000,6000.0,3 BHK
Bengaluru,Poorna Pragna Layout,2,1105,4505000,4076.923076923077,2 BHK
Bengaluru,Krishna Garden Road,3,1360,2288000,1682.3529411764705,3 BHK
Bengaluru,Uttarahalli Road,3,1450,8200000,5655.172413793103,3 BHK
Bengaluru,5th Stage BEML Layout,3,1400,2800000,2000.0,3 BHK
Bengaluru,RR Nagar,2,850,8400000,9882.35294117647,2 BHK
Bengaluru,Ramamurthy Nagar,2,1200,8400000,7000.0,2 BHK
Bengaluru,Koppa Begur Road,2,850,6188000,7280.0,2 BHK
Bengaluru,Poorna Pragna Layout,3,1500,3859000,2572.6666666666665,3 BHK
Bengaluru,Uttarahalli Road,3,1500,12700000,8466.666666666666,3 BHK
Bengaluru,Gubbalala Main Road,3,1500,4133000,2755.3333333333335,3 BHK
Bengaluru,RR Nagar Main Road,3,1500,3261999,2174.666,3 BHK
Bengaluru,Uttarahalli Main Road,2,1105,6917000,6259.72850678733,2 BHK
Bengaluru,Anekal City,2,950,4133000,4350.526315789473,2 BHK
Bengaluru,RT Nager,2,1480,3100000,2094.5945945945946,2 BHK
Bengaluru,Anekal City,2,1025,3260000,3180.487804878049,2 BHK
Bengaluru,Sarjapur Road,2,1099,4300000,3912.647861692448,2 BHK
Bengaluru,Electronic City Phase 1,2,1250,3100000,2480.0,2 BHK
Bengaluru,Anekal City,2,1025,6500000,6341.463414634146,2 BHK
Bengaluru,Attibele,3,924,45000000,48701.2987012987,3 BHK
Bengaluru,Chandapura,2,924,2745000,2970.779220779221,2 BHK
Bengaluru,KR Puram Bhattarahalli,2,1140,4505000,3951.754385964912,2 BHK
Bengaluru,Attibele,3,925,8081999,8737.296216216217,3 BHK
Bengaluru,Babusa Palya,2,1535,4305000,2804.560260586319,2 BHK
Bengaluru,RMV 2nd Stage,4,3450,3100000,898.5507246376811,4 BHK
Bengaluru,Anekal City,1,645,4950000,7674.418604651163,1 BHK
Bengaluru,RR Nagar Main Road,2,850,2745000,3229.4117647058824,2 BHK
Bengaluru,BEML Layout 5th Stage,3,1525,3079000,2019.016393442623,3 BHK
Bengaluru,Chandapura,2,1230,8120000,6601.626016260163,2 BHK
Bengaluru,Attibele,3,924,6043000,6540.04329004329,3 BHK
Bengaluru,Kadathanamale,3,1411,3484000,2469.1708008504606,3 BHK
Bengaluru,Anekal City,1,645,23000000,35658.91472868217,1 BHK
Bengaluru,Attibele,3,918,4144000,4514.161220043573,3 BHK
Bengaluru,Rajarajeshwari nagar,3,1450,7000000,4827.586206896552,3 BHK
Bengaluru,Narayanapura on Hennur Main Road,2,1185,4133000,3487.7637130801686,2 BHK
Bengaluru,sarjapura attibele road,2,1183,3100000,2620.456466610313,2 BHK
Bengaluru,Sarjapur Road,4,2730,8400000,3076.923076923077,4 BHK
Bengaluru,Manyata Tech Park Nagawara,2,797,7840000,9836.888331242159,2 BHK
Bengaluru,Budigere Cross,3,1660,2849000,1716.2650602409637,3 BHK
Bengaluru,Anekal City,2,1025,3100000,3024.390243902439,2 BHK
Bengaluru,Attibele,3,924,23000000,24891.77489177489,3 BHK
Bengaluru,Raja Rajeshwari Nagar 5th Stage,3,1500,4237000,2824.6666666666665,3 BHK
Bengaluru,5th Stage Raja Rajeshwari Nagar,3,1400,2288000,1634.2857142857142,3 BHK
Bengaluru,Chandapura Anekal Road,2,944,8400000,8898.305084745763,2 BHK
Bengaluru,Sarjapur Attibele,3,924,6188000,6696.969696969697,3 BHK
Bengaluru,Sarjapur Road,4,2730,8120000,2974.358974358974,4 BHK
Bengaluru,sarjapura attibele road,3,1467,3099000,2112.4744376278118,3 BHK
Bengaluru,Anekal City,1,520,2288000,4400.0,1 BHK
Bengaluru,5th Stage BEML Layout,3,1500,10000000,6666.666666666667,3 BHK
Bengaluru,5th Stage Raja Rajeshwari Nagar,2,1105,4133000,3740.2714932126696,2 BHK
Bengaluru,Raja Rajeshwari Nagar 5th Stage,3,1450,2166000,1493.7931034482758,3 BHK
Bengaluru,Attibele,3,923,4057000,4395.4496208017335,3 BHK
Bengaluru,Anekal City,1,520,6500000,12500.0,1 BHK
Bengaluru,Begur,3,1412,3120000,2209.631728045326,3 BHK
Bengaluru,Anekal City,2,1025,5900000,5756.09756097561,2 BHK
Bengaluru,Chandapura,1,590,4000000,6779.661016949152,1 BHK
Bengaluru,sarjapura attibele road,3,1399,6360000,4546.104360257326,3 BHK
Bengaluru,BEML Layout,3,1300,3800000,2923.076923076923,3 BHK
Bengaluru,sarjapura attibele road,3,930,3100000,3333.3333333333335,3 BHK
Bengaluru,Anagalapura Near Hennur Main Road,3,1334,4500000,3373.313343328336,3 BHK
Bengaluru,Anagalapura Near Hennur Main Road,2,954,6500000,6813.417190775682,2 BHK
Bengaluru,Rajarajeshwari nagar,2,1200,3800000,3166.6666666666665,2 BHK
Bengaluru,Manyata Tech Park Nagawara,2,732,3800000,5191.256830601093,2 BHK
Bengaluru,Attibele,3,924,2288000,2476.190476190476,3 BHK
Bengaluru,8th Phase JP Nagar,2,1050,2288000,2179.0476190476193,2 BHK
Bengaluru,Nagavara,2,1535,6094000,3970.0325732899023,2 BHK
Bengaluru,Abbigere,2,910,4000000,4395.604395604396,2 BHK
Bengaluru,Anekal City,1,520,4000000,7692.307692307692,1 BHK
Bengaluru,Anekal City,1,520,3800000,7307.692307692308,1 BHK
Bengaluru,Manyata Tech Park Nagawara,3,1172,3800000,3242.3208191126278,3 BHK
Bengaluru,Abbigere,2,940,4000000,4255.31914893617,2 BHK
Bengaluru,Abbigere,2,940,3800000,4042.553191489362,2 BHK
Bengaluru,Abbigere,2,940,3100000,3297.872340425532,2 BHK
Bengaluru,Abbigere,2,910,3100000,3406.5934065934066,2 BHK
Bengaluru,Abbigere,2,910,4833000,5310.989010989011,2 BHK
Bengaluru,Attibele,3,924,3800000,4112.554112554112,3 BHK
Bengaluru,Attibele,3,924,3900000,4220.779220779221,3 BHK
Bengaluru,Begur,2,1076,3800000,3531.5985130111526,2 BHK
Bengaluru,Abbigere,2,910,3800000,4175.824175824176,2 BHK
Bengaluru,Abbigere,2,940,4860000,5170.212765957447,2 BHK
Bengaluru,Abbigere,2,910,2851000,3132.967032967033,2 BHK
Bengaluru,Abbigere,2,910,3180000,3494.5054945054944,2 BHK
Bengaluru,Abbigere,2,940,6200000,6595.744680851064,2 BHK
Bengaluru,Begur,2,1086,6700000,6169.429097605893,2 BHK
Bengaluru,Abbigere,2,940,4300000,4574.468085106383,2 BHK
Bengaluru,sarjapura attibele road,2,944,7000000,7415.254237288135,2 BHK
Bengaluru,sarjapura attibele road,2,1068,2975000,2785.5805243445693,2 BHK
Bengaluru,HBR Layout 4th Block,2,1215,2900000,2386.8312757201647,2 BHK
Bengaluru,Panathur Road,2,1007,7593000,7540.218470705065,2 BHK
Bengaluru,AGS Layout Arehalli,3,1300,8120000,6246.153846153846,3 BHK
Bengaluru,Begur,3,1375,3800000,2763.6363636363635,3 BHK
Bengaluru,Koppa Begur Road,2,875,7350000,8400.0,2 BHK
Bengaluru,Koppa Begur Road,2,875,2288000,2614.8571428571427,2 BHK
Bengaluru,Hennur Main Road,3,1550,6528000,4211.612903225807,3 BHK
Bengaluru,Poornapragna Housing Society L,3,1450,6528000,4502.068965517241,3 BHK
Bengaluru,Abbigere,2,910,6528000,7173.626373626374,2 BHK
Bengaluru,Yelahanka,2,1322,8400000,6354.009077155824,2 BHK
Bengaluru,Anekal City,1,520,7840000,15076.923076923076,1 BHK
Bengaluru,RR Nagar,3,1360,8400000,6176.470588235294,3 BHK
Bengaluru,Pattanagere Main Road,3,1360,8400000,6176.470588235294,3 BHK
Bengaluru,BEML Layout 5th Stage,3,1360,4133000,3038.970588235294,3 BHK
Bengaluru,Poorna Pragna Layout,3,1500,4800000,3200.0,3 BHK
Bengaluru,Poorna Pragna Layout,3,1500,8120000,5413.333333333333,3 BHK
Bengaluru,Uttarahalli,3,1500,8400000,5600.0,3 BHK
Bengaluru,Anekal City,2,1025,6528000,6368.780487804878,2 BHK
Bengaluru,Attibele,3,1573,5256000,3341.3858868404322,3 BHK
Bengaluru,Uttarahalli,3,1500,3100000,2066.6666666666665,3 BHK
Bengaluru,Uttarahalli,3,1450,3565000,2458.6206896551726,3 BHK
Bengaluru,Uttarahalli,3,1510,3100000,2052.980132450331,3 BHK
Bengaluru,Ideal Homes Co Operative Housing Society,3,1360,7900000,5808.823529411765,3 BHK
Bengaluru,RR Nagar Main Road,2,1095,5300000,4840.182648401827,2 BHK
Bengaluru,Attibele,3,924,7840000,8484.848484848484,3 BHK
Bengaluru,sarjapura attibele road,2,1100,17600000,16000.0,2 BHK
Bengaluru,sarjapura attibele road,3,926,6580000,7105.8315334773215,3 BHK
Bengaluru,Wheeler Road Extension,2,930,6500000,6989.247311827957,2 BHK
Bengaluru,Babusa Palya,2,1183,12000000,10143.70245139476,2 BHK
Bengaluru,Uttarahalli,3,1400,8600000,6142.857142857143,3 BHK
Bengaluru,Hegde Nagar,3,2162,4320000,1998.149861239593,3 BHK
Bengaluru,Vasanthapura Main Road,3,1400,3045000,2175.0,3 BHK
Bengaluru,Babusa Palya,3,1410,4133000,2931.205673758865,3 BHK
Bengaluru,Varthur,3,1655,3482000,2103.92749244713,3 BHK
Bengaluru,Varthur,2,1216,2288000,1881.578947368421,2 BHK
Bengaluru,AGS Layout Arehalli,2,1110,6400000,5765.7657657657655,2 BHK
Bengaluru,Sarjapur,2,1017,5320000,5231.071779744346,2 BHK
Bengaluru,Anekal City,2,1025,7038000,6866.341463414634,2 BHK
Bengaluru,sarjapura attibele road,2,1182,3101000,2623.5194585448394,2 BHK
Bengaluru,Babusa Palya,3,1406,6094000,4334.281650071124,3 BHK
Bengaluru,Babusabpalya,2,1193,7840000,6571.668063704946,2 BHK
Bengaluru,Hennur Road,3,1380,8400000,6086.95652173913,3 BHK
Bengaluru,Attibele,3,925,6858000,7414.054054054054,3 BHK
Bengaluru,Telecom Layout Thanisandra,3,1172,3180000,2713.310580204778,3 BHK
Bengaluru,Poornapragna Housing Society L,3,1400,4144000,2960.0,3 BHK
Bengaluru,BEML Layout 5th Stage,3,1500,3801000,2534.0,3 BHK
Bengaluru,Hennur Main Road,3,1400,3030000,2164.285714285714,3 BHK
Bengaluru,Anekal City,1,645,4146000,6427.906976744186,1 BHK
Bengaluru,Sarjapur,2,1068,3100000,2902.621722846442,2 BHK
Bengaluru,Manayata Tech Park,2,797,4237000,5316.185696361355,2 BHK
Bengaluru,Manayata Tech Park,2,731,4054000,5545.827633378933,2 BHK
Bengaluru,Bommasandra,2,1010,2899000,2870.29702970297,2 BHK
Bengaluru,Chandapura Anekal Road,3,1197,3045000,2543.8596491228072,3 BHK
Bengaluru,Attibele,3,924,3806000,4119.047619047619,3 BHK
Bengaluru,sarjapura attibele road,3,1467,3800000,2590.3203817314247,3 BHK
Bengaluru,sarjapura attibele road,3,1398,6100000,4363.376251788269,3 BHK
Bengaluru,Attibele,2,779,3650000,4685.494223363286,2 BHK
Bengaluru,sarjapura attibele road,2,1017,6090000,5988.200589970502,2 BHK
Bengaluru,Manyata Tech Park Nagawara,2,732,3946000,5390.710382513661,2 BHK
Bengaluru,MS Ramaiah North City Manayata Tech Park,2,728,3800000,5219.780219780219,2 BHK
Bengaluru,Thanisandra Main Road,3,1172,3261999,2783.2755972696245,3 BHK
Bengaluru,Thanisandra Main Road,2,703,2900000,4125.177809388336,2 BHK
Bengaluru,Thanisandra Main Road,3,1172,2900000,2474.4027303754265,3 BHK
Bengaluru,Thanisandra Main Road,2,759,6000000,7905.138339920949,2 BHK
Bengaluru,Thanisandra Main Road,2,732,4057000,5542.349726775957,2 BHK
Bengaluru,sarjapura attibele road,2,1099,4054000,3688.808007279345,2 BHK
Bengaluru,Koppa Begur Road,2,875,3261999,3727.998857142857,2 BHK
Bengaluru,Koppa Begur Road,2,850,3045000,3582.3529411764707,2 BHK
Bengaluru,BEML Layout,3,1350,3180000,2355.5555555555557,3 BHK
Bengaluru,sarjapura attibele road,3,1399,15000000,10721.944245889921,3 BHK
Bengaluru,sarjapura attibele road,3,1398,11200000,8011.444921316166,3 BHK
Bengaluru,sarjapura attibele road,2,1099,18400000,16742.493175614196,2 BHK
Bengaluru,sarjapura attibele road,2,1017,10000000,9832.84169124877,2 BHK
Bengaluru,sarjapura attibele road,2,1068,16500000,15449.438202247191,2 BHK
Bengaluru,Near Peenya Industrial Area,3,1768,9851000,5571.83257918552,3 BHK
Bengaluru,Near Peenya Industrial Area,2,1320,15400000,11666.666666666666,2 BHK
Bengaluru,Near Peenya Industrial Area,3,2176,16000000,7352.941176470588,3 BHK
Bengaluru,Near Peenya Industrial Area,2,1184,13799999,11655.40456081081,2 BHK
Bengaluru,Near Peenya Industrial Area,3,1948,10400000,5338.809034907597,3 BHK
Bengaluru,Near Peenya Industrial Area,2,1159,16900000,14581.53580672994,2 BHK
Bengaluru,Near Peenya Industrial Area,3,1821,21500000,11806.699615595826,3 BHK
Bengaluru,Near Peenya Industrial Area,3,1894,19000000,10031.67898627244,3 BHK
Bengaluru,Near Peenya Industrial Area,3,1633,16399999,10042.865278628291,3 BHK
Bengaluru,Near Peenya Industrial Area,2,1230,11200000,9105.69105691057,2 BHK
Bengaluru,Near Peenya Industrial Area,3,1999,9257000,4630.815407703852,3 BHK
Bengaluru,Near Peenya Industrial Area,3,2495,8990000,3603.206412825651,3 BHK
Bengaluru,Near Peenya Industrial Area,3,2239,7368000,3290.754801250558,3 BHK
Bengaluru,Near Peenya Industrial Area,4,1936,8650000,4467.975206611571,4 BHK
Bengaluru,Near Peenya Industrial Area,2,1329,8091000,6088.03611738149,2 BHK
Bengaluru,Nagarbhavi,3,1638,7794000,4758.241758241758,3 BHK
Bengaluru,Nagarbhavi,3,1584,17100000,10795.454545454546,3 BHK
Bengaluru,Nagarbhavi,2,1288,17500000,13586.95652173913,2 BHK
Bengaluru,Nagarbhavi,3,1521,17100000,11242.603550295858,3 BHK
Bengaluru,Nagarbhavi,3,1422,11500000,8087.201125175809,3 BHK
Bengaluru,Nagarbhavi,3,1367,5814000,4253.108997805413,3 BHK
Bengaluru,Rajajinagar,3,2018,6126000,3035.6788899900894,3 BHK
Bengaluru,Rajajinagar,3,2060,7738000,3756.3106796116504,3 BHK
Bengaluru,Rajajinagar,3,2020,5219000,2583.6633663366338,3 BHK
Bengaluru,Kannur on Thanisandra Main Road,3,1570,8103000,5161.146496815287,3 BHK
Bengaluru,JP Nagar Phase 4,2,1020,5840000,5725.490196078431,2 BHK
Bengaluru,Electronic City Phase 1,2,1120,4184000,3735.714285714286,2 BHK
Bengaluru,Electronic City Phase 1,3,1430,4078000,2851.7482517482517,3 BHK
Bengaluru,Electronic City Phase 1,2,965,5698000,5904.663212435233,2 BHK
Bengaluru,Electronic City Phase 1,3,1500,4510000,3006.6666666666665,3 BHK
Bengaluru,Electronic City Phase 1,2,1065,4989000,4684.507042253521,2 BHK
Bengaluru,Kengeri,2,951,4246000,4464.773922187172,2 BHK
Bengaluru,Kengeri,2,927,10300000,11111.111111111111,2 BHK
Bengaluru,Kengeri,3,1295,8275000,6389.96138996139,3 BHK
Bengaluru,Kengeri,2,1025,11600000,11317.073170731708,2 BHK
Bengaluru,Kengeri,3,1134,11700000,10317.460317460318,3 BHK
Bengaluru,Kengeri,2,964,11500000,11929.460580912862,2 BHK
Bengaluru,Bennigana Halli,3,1500,20000000,13333.333333333334,3 BHK
Bengaluru,Bennigana Halli,2,1200,6000000,5000.0,2 BHK
Bengaluru,Whitefield Hope Farm Junction,3,1835,18400000,10027.24795640327,3 BHK
Bengaluru,Whitefield Hope Farm Junction,3,1860,10200000,5483.870967741936,3 BHK
Bengaluru,Whitefield Hope Farm Junction,3,1830,10400000,5683.060109289618,3 BHK
Bengaluru,Thanisandra,4,2502,8484000,3390.8872901678656,4 BHK
Bengaluru,Talaghattapura,2,1314,8484000,6456.62100456621,2 BHK
Bengaluru,Narayanapura on Hennur Main Road,4,3068,10000000,3259.452411994785,4 BHK
Bengaluru,Narayanapura on Hennur Main Road,3,1703,12300000,7222.54844392249,3 BHK
Bengaluru,Narayanapura on Hennur Main Road,3,1748,9516000,5443.935926773455,3 BHK
Bengaluru,Narayanapura on Hennur Main Road,2,1414,16700000,11810.46676096181,2 BHK
Bengaluru,Narayanapura on Hennur Main Road,2,1414,20200000,14285.714285714286,2 BHK
Bengaluru,Narayanapura on Hennur Main Road,3,1680,18000000,10714.285714285714,3 BHK
Bengaluru,Narayanapura on Hennur Main Road,3,2050,17200000,8390.243902439024,3 BHK
Bengaluru,Narayanapura on Hennur Main Road,3,1586,11700000,7377.049180327869,3 BHK
Bengaluru,Narayanapura on Hennur Main Road,4,2790,11200000,4014.336917562724,4 BHK
Bengaluru,Narayanapura on Hennur Main Road,3,3378,20000000,5920.663114268798,3 BHK
Bengaluru,Narayanapura on Hennur Main Road,4,3015,6600000,2189.054726368159,4 BHK
Bengaluru,Narayanapura on Hennur Main Road,4,2880,3859000,1339.9305555555557,4 BHK
Bengaluru,Whitefield Hope Farm Junction,3,1850,2288000,1236.7567567567567,3 BHK
Bengaluru,Whitefield Hope Farm Junction,3,1765,2745000,1555.240793201133,3 BHK
Bengaluru,Thanisandra,4,2502,3859000,1542.3661071143085,4 BHK
Bengaluru,Jaibharath Nagar Bangalore,2,1105,2745000,2484.1628959276018,2 BHK
Bengaluru,Anekal City,2,950,8083000,8508.421052631578,2 BHK
Bengaluru,Anekal City,1,520,7900000,15192.307692307691,1 BHK
Bengaluru,Anekal City,2,950,3045000,3205.2631578947367,2 BHK
Bengaluru,Anekal City,1,645,3116000,4831.007751937985,1 BHK
Bengaluru,Babusa Palya,3,1585,3123000,1970.3470031545742,3 BHK
Bengaluru,Electronic City Phase 1,2,1248,3100000,2483.974358974359,2 BHK
Bengaluru,Sadashiva Nagar,3,2600,4020000,1546.1538461538462,3 BHK
Bengaluru,sarjapura attibele road,2,1017,4133000,4063.913470993117,2 BHK
Bengaluru,Attibele,3,929,3859000,4153.928955866523,3 BHK
Bengaluru,Attibele,3,931,3311999,3557.464017185822,3 BHK
Bengaluru,Attibele,3,924,2500000,2705.627705627706,3 BHK
Bengaluru,Bommasandra,2,1005,4144000,4123.3830845771145,2 BHK
Bengaluru,Anekal City,2,1025,3113000,3037.0731707317073,2 BHK
Bengaluru,Anekal City,2,950,3554000,3741.0526315789475,2 BHK
Bengaluru,Chandapura Anekal Road,2,940,3100000,3297.872340425532,2 BHK
Bengaluru,Bommasandra,1,785,2745000,3496.815286624204,1 BHK
Bengaluru,Thanisandra Main Road,2,797,6500000,8155.583437892095,2 BHK
Bengaluru,Attibele,3,928,3400000,3663.793103448276,3 BHK
Bengaluru,Devanahalli,2,930,2899000,3117.2043010752686,2 BHK
Bengaluru,Attibele,3,924,8000000,8658.008658008657,3 BHK
Bengaluru,Anekal City,1,645,6605000,10240.31007751938,1 BHK
Bengaluru,Chandapura,3,943,3100000,3287.3806998939554,3 BHK
Bengaluru,Chandapura,2,660,3859000,5846.969696969697,2 BHK
Bengaluru,Jalahalli,3,1415,2288000,1616.9611307420494,3 BHK
Bengaluru,JP Nagar Phase 7,2,1201,3045000,2535.3871773522064,2 BHK
Bengaluru,Attibele,3,924,28000000,30303.030303030304,3 BHK
Bengaluru,Attibele,3,924,2975000,3219.6969696969695,3 BHK
Bengaluru,Anekal City,2,950,2969000,3125.2631578947367,2 BHK
Bengaluru,Anekal City,1,520,8000000,15384.615384615385,1 BHK
Bengaluru,Sarjapur,2,1017,5000000,4916.420845624385,2 BHK
Bengaluru,Rajajinagar,3,1890,3300000,1746.031746031746,3 BHK
Bengaluru,Koppa Begur Road,2,850,4200000,4941.176470588235,2 BHK
Bengaluru,Chandapura,2,875,5467000,6248.0,2 BHK
Bengaluru,Electronic City Phase 1,3,1420,6743000,4748.591549295775,3 BHK
Bengaluru,Electronic City Phase 1,2,990,3172000,3204.040404040404,2 BHK
Bengaluru,Electronic City Phase 1,1,660,2500000,3787.878787878788,1 BHK
Bengaluru,Electronic City Phase 1,1,715,3046000,4260.1398601398605,1 BHK
Bengaluru,Thanisandra Main Road,2,1215,3100000,2551.440329218107,2 BHK
Bengaluru,Budigere Cross,3,1722,3100000,1800.2322880371662,3 BHK
Bengaluru,Budigere Cross,1,809,3100000,3831.8912237330037,1 BHK
Bengaluru,Budigere Cross,1,611,3100000,5073.649754500819,1 BHK
Bengaluru,Chandapura Anekal Road,2,1020,3800000,3725.4901960784314,2 BHK
Bengaluru,Attibele,3,924,2355000,2548.7012987012986,3 BHK
Bengaluru,sarjapura attibele road,3,926,3030000,3272.1382289416847,3 BHK
Bengaluru,sarjapura attibele road,3,923,3100000,3358.6132177681475,3 BHK
Bengaluru,Chandapura Anekal Road,3,921,9100000,9880.564603691639,3 BHK
Bengaluru,Bommasandra,2,1010,4057000,4016.831683168317,2 BHK
Bengaluru,Attibele,3,924,30000000,32467.532467532466,3 BHK
Bengaluru,Yelahanka,3,1614,3100000,1920.6939281288724,3 BHK
Bengaluru,Ashok Nagar,4,7000,4144000,592.0,4 BHK
Bengaluru,Ashok Nagar,4,7000,3692000,527.4285714285714,4 BHK
Bengaluru,Sarjapur,3,1399,3946000,2820.5861329521085,3 BHK
Bengaluru,RMV 2nd Stage,3,2770,3801000,1372.2021660649818,3 BHK
Bengaluru,Attibele,3,924,2700000,2922.0779220779223,3 BHK
Bengaluru,Manyata Tech Park Nagawara,2,797,3100000,3889.585947302384,2 BHK
Bengaluru,Manyata Tech Park Nagawara,2,710,4250000,5985.915492957746,2 BHK
Bengaluru,Manyata Tech Park Nagawara,2,759,3100000,4084.3214756258235,2 BHK
Bengaluru,Manyata Tech Park Nagawara,2,731,2745000,3755.129958960328,2 BHK
Bengaluru,Chandapura,2,854,3100000,3629.976580796253,2 BHK
Bengaluru,Attibele,3,924,4176000,4519.480519480519,3 BHK
Bengaluru,Uttarahalli,2,1045,3293000,3151.196172248804,2 BHK
Bengaluru,Attibele,3,924,5750000,6222.943722943723,3 BHK
Bengaluru,Anekal City,1,645,3859000,5982.945736434109,1 BHK
Bengaluru,Attibele,3,924,7020000,7597.402597402597,3 BHK
Bengaluru,Budigere Cross,3,1099,3859000,3511.373976342129,3 BHK
Bengaluru,Budigere Cross,2,814,2745000,3372.235872235872,2 BHK
Bengaluru,Budigere Cross,2,1260,3859000,3062.6984126984125,2 BHK
Bengaluru,Anekal City,2,950,2745000,2889.4736842105262,2 BHK
Bengaluru,Ramamurthy Nagar,3,1350,8138000,6028.148148148148,3 BHK
Bengaluru,Anekal City,2,950,6500000,6842.105263157895,2 BHK
Bengaluru,Anekal City,1,645,8000000,12403.100775193798,1 BHK
Bengaluru,Anekal City,2,950,3859000,4062.1052631578946,2 BHK
Bengaluru,Anekal City,1,645,3309000,5130.232558139535,1 BHK
Bengaluru,Budigere Cross,3,1710,6200000,3625.7309941520466,3 BHK
Bengaluru,Babusa Palya,2,1535,6500000,4234.527687296417,2 BHK
Bengaluru,Krishnarajapura,3,1785,8500000,4761.9047619047615,3 BHK
Bengaluru,Anekal City,2,950,7155000,7531.578947368421,2 BHK
Bengaluru,Chandapura Anekal Road,2,939,10200000,10862.619808306708,2 BHK
Bengaluru,Varthur,2,1000,5223000,5223.0,2 BHK
Bengaluru,Yelahanka,2,1304,4940000,3788.3435582822085,2 BHK
Bengaluru,Yelahanka,3,1705,6792000,3983.5777126099706,3 BHK
Bengaluru,RR Nagar Main Road,3,1350,5913000,4380.0,3 BHK
Bengaluru,ITPL,3,1452,2975000,2048.8980716253445,3 BHK
Bengaluru,HBR Layout,2,1045,11800000,11291.866028708135,2 BHK
Bengaluru,Kogilu Road Near Yelahanka,2,1040,19000000,18269.23076923077,2 BHK
Bengaluru,Kogilu Road Near Yelahanka,3,1430,3390000,2370.6293706293704,3 BHK
Bengaluru,Kogilu Road Near Yelahanka,2,1245,2499000,2007.2289156626507,2 BHK
Bengaluru,Chandapura,2,850,2800000,3294.1176470588234,2 BHK
Bengaluru,Yelahanka,3,1780,4237000,2380.3370786516853,3 BHK
Bengaluru,Yelahanka,3,1910,5814000,3043.979057591623,3 BHK
Bengaluru,Attibele,3,924,11800000,12770.56277056277,3 BHK
Bengaluru,Chandapura Anekal Road,2,3000,28000000,9333.333333333334,2 BHK
Bengaluru,Marsur,2,850,5400000,6352.941176470588,2 BHK
Bengaluru,sarjapura attibele road,3,1467,4237000,2888.2072256305387,3 BHK
Bengaluru,Babusa Palya,2,1140,3800000,3333.3333333333335,2 BHK
Bengaluru,Bilekahalli,3,1887,3950000,2093.269740328564,3 BHK
Bengaluru,JP Nagar Phase 4,4,3463,6100000,1761.4784868611032,4 BHK
Bengaluru,Babusabpalya,2,1188,3800000,3198.6531986531986,2 BHK
Bengaluru,Sompura Gate,3,1467,3946000,2689.8432174505792,3 BHK
Bengaluru,Manyata Tech Park Nagawara,2,732,6094000,8325.136612021857,2 BHK
Bengaluru,Manyata Tech Park Nagawara,2,759,3700000,4874.835309617918,2 BHK
Bengaluru,Manyata Tech Park Nagawara,3,1172,6043000,5156.143344709898,3 BHK
Bengaluru,Manyata Tech Park Nagawara,2,731,4674000,6393.9808481532145,2 BHK
Bengaluru,Manayata Tech Park,2,759,3482000,4587.615283267457,2 BHK
Bengaluru,Manyata Tech Park Nagawara,3,1172,3261999,2783.2755972696245,3 BHK
Bengaluru,Manyata Tech Park Nagawara,2,710,4057000,5714.084507042254,2 BHK
Bengaluru,Hennur Road,2,1185,2848000,2403.3755274261603,2 BHK
Bengaluru,Kogilu Road Near Yelahanka,2,984,2899000,2946.1382113821137,2 BHK
Bengaluru,Sarjapur,2,1182,13000000,10998.307952622674,2 BHK
Bengaluru,sarjapura attibele road,2,1099,4133000,3760.6915377616015,2 BHK
Bengaluru,sarjapura attibele road,3,1399,6100000,4360.257326661901,3 BHK
Bengaluru,sarjapura attibele road,2,943,6090000,6458.112407211029,2 BHK
Bengaluru,Attibele,2,779,4070000,5224.646983311938,2 BHK
Bengaluru,Yelahanka,3,1780,3800000,2134.8314606741574,3 BHK
Bengaluru,Anekal City,2,1025,3779999,3687.8039024390246,2 BHK
Bengaluru,Manyata Tech Park Nagawara,3,1172,4000000,3412.9692832764504,3 BHK
Bengaluru,Thanisandra Main Road,3,1172,2288000,1952.2184300341296,3 BHK
Bengaluru,Thanisandra Main Road,2,783,8820000,11264.367816091954,2 BHK
Bengaluru,Thanisandra Main Road,2,732,4000000,5464.48087431694,2 BHK
Bengaluru,Thanisandra Main Road,2,728,3725000,5116.758241758242,2 BHK
Bengaluru,Abbigere,2,940,6100000,6489.36170212766,2 BHK
Bengaluru,Kaggadasapura,3,2100,3090000,1471.4285714285713,3 BHK
Bengaluru,Bommasandra,2,1005,3199000,3183.0845771144277,2 BHK
Bengaluru,Bommasandra,2,920,2549000,2770.6521739130435,2 BHK
Bengaluru,Telecom Layout Thanisandra,3,1172,5263000,4490.61433447099,3 BHK
Bengaluru,Manyata Tech Park Nagawara,2,728,5238000,7195.054945054945,2 BHK
Bengaluru,Attibele,3,922,5248000,5691.973969631236,3 BHK
Bengaluru,Attibele,3,921,5301000,5755.700325732899,3 BHK
Bengaluru,Bagaluru,2,1030,4916000,4772.815533980583,2 BHK
Bengaluru,HBR Layout,2,1053,7077000,6720.797720797721,2 BHK
Bengaluru,HBR Layout,2,1048,7053000,6729.961832061069,2 BHK
Bengaluru,HBR Layout,2,1050,6768000,6445.714285714285,2 BHK
Bengaluru,Kogilu Road Near Yelahanka,2,1116,5937000,5319.89247311828,2 BHK
Bengaluru,Kogilu Road Near Yelahanka,2,1035,5320000,5140.096618357488,2 BHK
Bengaluru,Kogilu Road Near Yelahanka,3,1490,2848000,1911.4093959731545,3 BHK
Bengaluru,Kogilu Road Near Yelahanka,3,1485,2900000,1952.861952861953,3 BHK
Bengaluru,Kogilu Road Near Yelahanka,3,1425,4500000,3157.8947368421054,3 BHK
Bengaluru,Kogilu Road Near Yelahanka,2,1250,2288000,1830.4,2 BHK
Bengaluru,Kogilu Road Near Yelahanka,2,1120,5340000,4767.857142857143,2 BHK
Bengaluru,Sarjapur,2,943,5030000,5334.040296924708,2 BHK
Bengaluru,Koppa Begur Road,2,875,13400000,15314.285714285714,2 BHK
Bengaluru,Yelahanka,2,937,5322000,5679.82924226254,2 BHK
Bengaluru,Anekal City,1,520,3859000,7421.153846153846,1 BHK
Bengaluru,Babusa Palya,2,1200,5814000,4845.0,2 BHK
Bengaluru,Kogilu Road Near Yelahanka,2,1059,7000000,6610.0094428706325,2 BHK
Bengaluru,Cooke Town,3,1500,7000000,4666.666666666667,3 BHK
Bengaluru,Ramamurthy Nagar,2,1038,4813000,4636.801541425819,2 BHK
Bengaluru,Anekal City,2,950,3900000,4105.263157894737,2 BHK
Bengaluru,Babusa Palya,2,1140,4050000,3552.6315789473683,2 BHK
Bengaluru,Hebbal,3,1520,4700000,3092.1052631578946,3 BHK
Bengaluru,Hebbal,3,1520,9359000,6157.236842105263,3 BHK
Bengaluru,Bommasandra,2,1005,6300000,6268.6567164179105,2 BHK
Bengaluru,Bommasandra,2,1020,3110000,3049.0196078431372,2 BHK
Bengaluru,JP Nagar Phase 8,2,1000,3335000,3335.0,2 BHK
Bengaluru,Sarjapur Road Till Wipro,2,1370,4050000,2956.204379562044,2 BHK
Bengaluru,CV Raman Nagar,3,705,2288000,3245.3900709219856,3 BHK
Bengaluru,Attibele,3,927,3859000,4162.891046386192,3 BHK
Bengaluru,Chandapura Anekal Road,2,947,3261999,3444.5607180570223,2 BHK
Bengaluru,Bommasandra,2,1015,5106000,5030.541871921182,2 BHK
Bengaluru,Chandapura Anekal Road,2,924,5077000,5494.588744588745,2 BHK
Bengaluru,Anekal City,1,520,5058000,9726.923076923076,1 BHK
Bengaluru,Anekal City,2,950,4650000,4894.736842105263,2 BHK
Bengaluru,sarjapura attibele road,2,1099,3700000,3366.696997270246,2 BHK
Bengaluru,Kogilu Road Near Yelahanka,2,1075,3900000,3627.906976744186,2 BHK
Bengaluru,Kogilu Road Near Yelahanka,2,1069,3427000,3205.799812909261,2 BHK
Bengaluru,Kogilu Road Near Yelahanka,2,1065,4864000,4567.136150234742,2 BHK
Bengaluru,Kogilu Road Near Yelahanka,2,979,2745000,2803.88151174668,2 BHK
Bengaluru,Telecom Layout Thanisandra,2,710,5187000,7305.633802816901,2 BHK
Bengaluru,Telecom Layout Thanisandra,2,759,13000000,17127.799736495388,2 BHK
Bengaluru,HBR Layout,1,770,2536000,3293.5064935064934,1 BHK
Bengaluru,Anekal City,1,645,6425000,9961.24031007752,1 BHK
Bengaluru,Jakkur,2,1035,6917000,6683.091787439614,2 BHK
Bengaluru,Kadugodi,3,1762,9359000,5311.577752553916,3 BHK
Bengaluru,Bagaluru,2,1025,3086000,3010.731707317073,2 BHK
Bengaluru,Lavelle Road,4,6900,8500000,1231.8840579710145,4 BHK
Bengaluru,Electronic City Phase 1,2,1155,3859000,3341.125541125541,2 BHK
Bengaluru,Electronic City Phase 1,2,1250,2848000,2278.4,2 BHK
Bengaluru,Electronic City Phase 1,3,1720,3869000,2249.4186046511627,3 BHK
Bengaluru,Attibele,3,920,4864000,5286.95652173913,3 BHK
Bengaluru,Jakkur,2,1330,3106000,2335.3383458646617,2 BHK
Bengaluru,Anekal City,2,950,6014000,6330.526315789473,2 BHK
Bengaluru,Sarjapur,2,943,3100000,3287.3806998939554,2 BHK
Bengaluru,Hosa Road Junction,2,1060,3200000,3018.867924528302,2 BHK
Bengaluru,Attibele,3,926,6500000,7019.438444924406,3 BHK
Bengaluru,Horamavu Banjara Lyout,2,1280,3100000,2421.875,2 BHK
Bengaluru,Attibele,3,924,4492000,4861.471861471861,3 BHK
Bengaluru,Koppa Begur Road,2,1020,4455000,4367.64705882353,2 BHK
Bengaluru,Sarjapur Attibele,3,1467,4220000,2876.6189502385823,3 BHK
Bengaluru,Babusa Palya,2,1535,5000000,3257.328990228013,2 BHK
Bengaluru,Attibele,3,924,15200000,16450.21645021645,3 BHK
Bengaluru,Bagaluru,3,1815,9700000,5344.35261707989,3 BHK
Bengaluru,Bagaluru,3,1800,5803000,3223.8888888888887,3 BHK
Bengaluru,Bommasandra,2,1055,5803000,5500.473933649289,2 BHK
Bengaluru,Jigani,2,939,5883000,6265.17571884984,2 BHK
Bengaluru,Yelahanka,3,1875,5803000,3094.9333333333334,3 BHK
Bengaluru,Electronic City Phase 1,3,1555,5883000,3783.279742765273,3 BHK
Bengaluru,RR Nagar Main Road,2,1095,7498999,6848.400913242009,2 BHK
Bengaluru,RR Nagar,2,1095,5803000,5299.543378995434,2 BHK
Bengaluru,RR Nagar,2,1110,5883000,5300.0,2 BHK
Bengaluru,RR Nagar,2,1110,3800000,3423.4234234234236,2 BHK
Bengaluru,RR Nagar,3,1415,3100000,2190.8127208480564,3 BHK
Bengaluru,RR Nagar Main Road,2,1095,3100000,2831.0502283105025,2 BHK
Bengaluru,Ulsoor,4,7000,3946000,563.7142857142857,4 BHK
Bengaluru,Bommasandra,2,955,4144000,4339.267015706806,2 BHK
Bengaluru,sarjapura attibele road,3,925,3806000,4114.594594594595,3 BHK
Bengaluru,Attibele,3,924,6094000,6595.238095238095,3 BHK
Bengaluru,Telecom Layout Thanisandra,2,731,3950000,5403.556771545827,2 BHK
Bengaluru,Manyata Tech Park Nagawara,2,759,6100000,8036.890645586298,2 BHK
Bengaluru,Manyata Tech Park Nagawara,2,797,5700000,7151.819322459222,2 BHK
Bengaluru,Manyata Tech Park Nagawara,2,732,5400000,7377.049180327869,2 BHK
Bengaluru,Manyata Tech Park Nagawara,3,1172,31000000,26450.511945392493,3 BHK
Bengaluru,Telecom Layout Thanisandra,2,759,4864000,6408.432147562582,2 BHK
Bengaluru,Telecom Layout Thanisandra,3,1172,3100000,2645.051194539249,3 BHK
Bengaluru,Poornaprajna Layout,3,1355,8840000,6523.985239852398,3 BHK
Bengaluru,Channasandra Layout,3,1355,3859000,2847.970479704797,3 BHK
Bengaluru,Hebbal,3,3449,3100000,898.8112496375761,3 BHK
Bengaluru,Anekal City,3,1225,4950000,4040.816326530612,3 BHK
Bengaluru,Kudlu,3,1300,17300000,13307.692307692309,3 BHK
Bengaluru,Anekal City,2,950,15000000,15789.473684210527,2 BHK
Bengaluru,Attibele,3,924,2745000,2970.779220779221,3 BHK
Bengaluru,Doddaballapur,3,1411,3261999,2311.834868887314,3 BHK
Bengaluru,Sarjapur Attibele,3,924,5305000,5741.341991341991,3 BHK
Bengaluru,JP Nagar Phase 7,3,1792,6917000,3859.933035714286,3 BHK
Bengaluru,Kundalahalli,3,2625,3100000,1180.952380952381,3 BHK
Bengaluru,Anekal City,1,645,7545999,11699.223255813953,1 BHK
Bengaluru,Sarjapur,2,1099,3100000,2820.7461328480435,2 BHK
Bengaluru,Thanisandra Main Road,2,1179,3335000,2828.668363019508,2 BHK
Bengaluru,Electronic City Phase 1,2,1250,4864000,3891.2,2 BHK
Bengaluru,Attibele,3,924,3859000,4176.406926406927,3 BHK
Bengaluru,TC Palya Road,2,1372,12500000,9110.787172011662,2 BHK
Bengaluru,Attibele,3,924,7300000,7900.4329004329,3 BHK
Bengaluru,Chandapura,2,947,11900000,12565.997888067583,2 BHK
Bengaluru,Anekal City,3,1225,9300000,7591.836734693878,3 BHK
Bengaluru,Anekal City,2,950,3100000,3263.157894736842,2 BHK
Bengaluru,Ulsoor,3,1570,6800000,4331.210191082802,3 BHK
Bengaluru,Ulsoor,2,904,2975000,3290.929203539823,2 BHK
Bengaluru,Junnasandra,3,2170,4000000,1843.3179723502303,3 BHK
Bengaluru,Junnasandra,3,1691,2544000,1504.4352454169132,3 BHK
Bengaluru,RR Nagar,2,1157,7155000,6184.09680207433,2 BHK
Bengaluru,Koppa Begur Road,2,875,8358000,9552.0,2 BHK
Bengaluru,Bommasandra,2,1005,10900000,10845.771144278608,2 BHK
Bengaluru,Bagaluru,2,1028,39900000,38813.22957198443,2 BHK
Bengaluru,RR Nagar,2,1085,28300000,26082.94930875576,2 BHK
Bengaluru,RR Nagar,3,1350,39100000,28962.962962962964,3 BHK
Bengaluru,Talaghattapura,2,1306,30900000,23660.03062787136,2 BHK
Bengaluru,Talaghattapura,3,1706,41100000,24091.441969519343,3 BHK
Bengaluru,JP Nagar Phase 1,4,3200,25800000,8062.5,4 BHK
Bengaluru,JP Nagar Phase 1,3,2404,49100000,20424.292845257904,3 BHK
Bengaluru,JP Nagar Phase 1,4,3131,22200000,7090.386458000638,4 BHK
Bengaluru,JP Nagar Phase 1,3,2620,22300000,8511.45038167939,3 BHK
Bengaluru,JP Nagar Phase 1,4,3294,6075000,1844.2622950819673,4 BHK
Bengaluru,JP Nagar Phase 1,3,2190,5917000,2701.8264840182646,3 BHK
Bengaluru,JP Nagar Phase 1,4,3933,5040000,1281.4645308924485,4 BHK
Bengaluru,Uttarahalli,3,2235,6412000,2868.903803131991,3 BHK
Bengaluru,Uttarahalli,3,2243,4905000,2186.803388319215,3 BHK
Bengaluru,Yeshwantpur,3,1350,7020000,5200.0,3 BHK
Bengaluru,Basaveswarnagar,3,1315,5535000,4209.125475285171,3 BHK
Bengaluru,Basaveswarnagar,2,1120,5242000,4680.357142857143,2 BHK
Bengaluru,Basaveswarnagar,3,1425,5152000,3615.438596491228,3 BHK
Bengaluru,Basaveswarnagar,2,1090,5422000,4974.311926605505,2 BHK
Bengaluru,Basaveswarnagar,3,1560,5175000,3317.3076923076924,3 BHK
Bengaluru,Basaveswarnagar,2,1230,5062000,4115.447154471544,2 BHK
Bengaluru,Basaveswarnagar,2,1165,7155000,6141.630901287554,2 BHK
Bengaluru,Basaveswarnagar,2,1145,5107000,4460.2620087336245,2 BHK
Bengaluru,Basaveswarnagar,2,1205,5040000,4182.572614107884,2 BHK
Bengaluru,Basaveswarnagar,2,1150,6345000,5517.391304347826,2 BHK
Bengaluru,Basaveswarnagar,2,1125,3030000,2693.3333333333335,2 BHK
Bengaluru,Basaveswarnagar,3,1590,5989000,3766.6666666666665,3 BHK
Bengaluru,Basaveswarnagar,2,1135,29000000,25550.66079295154,2 BHK
Bengaluru,Yeshwantpur,2,1120,5298000,4730.357142857143,2 BHK
Bengaluru,Yeshwantpur,3,1410,5273000,3739.7163120567375,3 BHK
Bengaluru,Bommasandra,2,1010,7300000,7227.722772277228,2 BHK
Bengaluru,Horamavu,2,1215,3779999,3111.1102880658436,2 BHK
Bengaluru,White Field,4,3750,4237000,1129.8666666666666,4 BHK
Bengaluru,HBR Layout,2,1060,4054000,3824.5283018867926,2 BHK
Bengaluru,HBR Layout,2,1055,12000000,11374.40758293839,2 BHK
Bengaluru,Yelahanka New Town,2,1150,3182000,2766.9565217391305,2 BHK
Bengaluru,Thanisandra Main Road,2,728,2851000,3916.2087912087914,2 BHK
Bengaluru,Sarjapur,3,1467,9000000,6134.9693251533745,3 BHK
Bengaluru,sarjapura attibele road,3,1398,4237000,3030.758226037196,3 BHK
Bengaluru,Banaswadi,3,1875,4133000,2204.266666666667,3 BHK
Bengaluru,sarjapura attibele road,2,1069,3650000,3414.405986903648,2 BHK
Bengaluru,sarjapura attibele road,2,944,3650000,3866.5254237288136,2 BHK
Bengaluru,Hebbal,3,1480,4600000,3108.108108108108,3 BHK
Bengaluru,Sarjapur,3,1467,4950000,3374.2331288343557,3 BHK
Bengaluru,MS Ramaiah North City Manayata Tech Park,2,703,2524000,3590.3271692745375,2 BHK
Bengaluru,Thanisandra Main Road,2,703,2854000,4059.7439544807967,2 BHK
Bengaluru,Akshayanagar,2,1000,2800000,2800.0,2 BHK
Bengaluru,Begur,2,1230,2288000,1860.1626016260163,2 BHK
Bengaluru,Bagaluru,2,1020,4133000,4051.9607843137255,2 BHK
Bengaluru,sarjapura attibele road,2,945,7445999,7879.364021164021,2 BHK
Bengaluru,Sadashiva Nagar,3,3350,2300000,686.5671641791045,3 BHK
Bengaluru,Marsur,2,3000,3030000,1010.0,2 BHK
Bengaluru,Anekal City,1,520,3500000,6730.7692307692305,1 BHK
Bengaluru,Anekal City,2,1025,23000000,22439.024390243903,2 BHK
Bengaluru,Hennur Road,3,1460,3083000,2111.6438356164385,3 BHK
Bengaluru,Bommasandra,1,735,8009999,10897.957823129253,1 BHK
Bengaluru,Bommasandra,2,1010,3120000,3089.108910891089,2 BHK
Bengaluru,Jigani,2,918,3300000,3594.7712418300653,2 BHK
Bengaluru,Sarjapur Road,4,2730,2000000,732.6007326007326,4 BHK
Bengaluru,Attibele,3,919,2900000,3155.6039173014146,3 BHK
Bengaluru,Thanisandra Main Road,3,1733,5200000,3000.5770340450085,3 BHK
Bengaluru,Attibele,3,930,2288000,2460.2150537634407,3 BHK
Bengaluru,Hennagara,2,1010,17600000,17425.742574257427,2 BHK
Bengaluru,Koppa Begur Road,1,720,8400000,11666.666666666666,1 BHK
Bengaluru,Babusa Palya,2,1190,8120000,6823.529411764706,2 BHK
Bengaluru,Anekal City,1,520,9600000,18461.53846153846,1 BHK
Bengaluru,EPIP Zone,3,2585,7500000,2901.3539651837523,3 BHK
Bengaluru,BEML Layout 5th Stage,3,1500,4578000,3052.0,3 BHK
Bengaluru,RR Nagar,3,1500,8000000,5333.333333333333,3 BHK
Bengaluru,BEML Layout 5th Stage,3,1450,2288000,1577.9310344827586,3 BHK
Bengaluru,Begur,2,1223,3800000,3107.113654946852,2 BHK
Bengaluru,Banaswadi,2,1120,5520000,4928.571428571428,2 BHK
Bengaluru,T C Palya Main Road,2,1090,20600000,18899.08256880734,2 BHK
Bengaluru,CV Raman Nagar Kaggadasapura,3,2150,3800000,1767.4418604651162,3 BHK
Bengaluru,Anekal City,1,520,6000000,11538.461538461539,1 BHK
Bengaluru,Abbigere,2,910,5000000,5494.505494505494,2 BHK
Bengaluru,Ramamurthy Nagar,2,1070,6800000,6355.140186915888,2 BHK
Bengaluru,Adugodi,3,1945,4600000,2365.038560411311,3 BHK
Bengaluru,Chandapura Anekal Road,3,3500,3500000,1000.0,3 BHK
Bengaluru,BEML Layout,3,1280,6292000,4915.625,3 BHK
Bengaluru,BEML Layout,2,1130,6500000,5752.212389380531,2 BHK
Bengaluru,Ramanjaneyanagar,3,1492,3100000,2077.7479892761394,3 BHK
Bengaluru,Ramanjaneyanagar,2,1092,5950000,5448.717948717948,2 BHK
Bengaluru,Konanakunte,2,1000,10000000,10000.0,2 BHK
Bengaluru,Ramamurthy Nagar,2,1210,3850000,3181.818181818182,2 BHK
Bengaluru,Babusa Palya,2,1535,4000000,2605.8631921824103,2 BHK
Bengaluru,Attibele,3,924,4240000,4588.744588744588,3 BHK
Bengaluru,Electronic City Phase 2,2,1075,2848000,2649.3023255813955,2 BHK
Bengaluru,Hebbal,2,1450,3484000,2402.7586206896553,2 BHK
Bengaluru,Marsur,2,1115,3100000,2780.269058295964,2 BHK
Bengaluru,Kasavanahalli,2,1047,3806000,3635.1480420248326,2 BHK
Bengaluru,sarjapura attibele road,3,1468,3800000,2588.5558583106267,3 BHK
Bengaluru,sarjapura attibele road,2,943,8120000,8610.816542948038,2 BHK
Bengaluru,sarjapura attibele road,2,1183,3900000,3296.703296703297,2 BHK
Bengaluru,Sarjapur Attibele,3,920,3100000,3369.5652173913045,3 BHK
Bengaluru,Manyata Tech Park Nagawara,2,732,3180000,4344.262295081967,2 BHK
Bengaluru,Thanisandra Main Road,2,732,3045000,4159.836065573771,2 BHK
Bengaluru,Poorna Pragna Layout,3,1450,3484000,2402.7586206896553,3 BHK
Bengaluru,Poornapragna Housing Society Layout,2,920,13000000,14130.434782608696,2 BHK
Bengaluru,Attibele,3,924,5664000,6129.87012987013,3 BHK
Bengaluru,sarjapura attibele road,2,1068,6816000,6382.0224719101125,2 BHK
Bengaluru,sarjapura attibele road,2,1017,7800000,7669.616519174041,2 BHK
Bengaluru,sarjapura attibele road,2,1183,7823999,6613.693153000845,2 BHK
Bengaluru,Chikkanayakanahalli at Off Sarjapur,3,1500,5856000,3904.0,3 BHK
Bengaluru,Talaghattapura,2,1180,5112000,4332.203389830508,2 BHK
Bengaluru,Talaghattapura,3,1420,10800000,7605.633802816901,3 BHK
Bengaluru,Talaghattapura,3,1625,5856000,3603.6923076923076,3 BHK
Bengaluru,Talaghattapura,3,1630,5112000,3136.196319018405,3 BHK
Bengaluru,Talaghattapura,2,1220,10800000,8852.459016393443,2 BHK
Bengaluru,Talaghattapura,2,1065,7247000,6804.694835680752,2 BHK
Bengaluru,Subramanyapura,3,1770,2950000,1666.6666666666667,3 BHK
Bengaluru,Talaghattapura,2,1220,4467000,3661.4754098360654,2 BHK
Bengaluru,Talaghattapura,2,1065,8120000,7624.4131455399065,2 BHK
Bengaluru,Subramanyapura,3,1770,19000000,10734.463276836159,3 BHK
Bengaluru,JP Nagar Phase 8,2,1105,2900000,2624.4343891402714,2 BHK
Bengaluru,Koppa Begur Road,2,850,31000000,36470.58823529412,2 BHK
Bengaluru,Bagaluru,3,1805,39000000,21606.648199445983,3 BHK
Bengaluru,DrVishnuvardhan Road,3,1450,20600000,14206.896551724138,3 BHK
Bengaluru,Ashoka Road,3,1800,4600000,2555.5555555555557,3 BHK
Bengaluru,Koppa Begur Road,2,850,3900000,4588.235294117647,2 BHK
Bengaluru,Sahakar Nagar,4,2790,4850000,1738.3512544802868,4 BHK
Bengaluru,Nagawara,3,3771,9359000,2481.8350570140547,3 BHK
Bengaluru,Sindhi Colony,3,1963,28300000,14416.709118695873,3 BHK
Bengaluru,KR Puram Old Madras Road,2,953,23500000,24658.97166841553,2 BHK
Bengaluru,Poornapragna Housing Society Layout,2,920,29900000,32500.0,2 BHK
Bengaluru,Horamavu,2,1079,5224000,4841.519925857276,2 BHK
Bengaluru,Electronic City Phase 1,3,1720,4645000,2700.5813953488373,3 BHK
Bengaluru,Banashankari,4,3033,5258000,1733.5970985822619,4 BHK
Bengaluru,Banashankari,3,2522,4695000,1861.6177636796194,3 BHK
Bengaluru,Banashankari,4,3205,6363000,1985.3354134165368,4 BHK
Bengaluru,Krishnarajapura,2,1244,5157000,4145.498392282958,2 BHK
Bengaluru,Krishnarajapura,2,1106,4594000,4153.707052441229,2 BHK
Bengaluru,Krishnarajapura,2,1252,5145000,4109.424920127795,2 BHK
Bengaluru,Krishnarajapura,2,1118,4641000,4151.162790697675,2 BHK
Bengaluru,Krishnarajapura,3,1515,4636000,3060.06600660066,3 BHK
Bengaluru,Krishnarajapura,2,1228,5737000,4671.824104234528,2 BHK
Bengaluru,Krishnarajapura,2,1094,5733000,5240.402193784278,2 BHK
Bengaluru,Krishnarajapura,2,1225,6174000,5040.0,2 BHK
Bengaluru,Krishnarajapura,2,1105,5124000,4637.10407239819,2 BHK
Bengaluru,Krishnarajapura,2,1104,4569000,4138.586956521739,2 BHK
Bengaluru,Krishnarajapura,2,1366,5115000,3744.509516837482,2 BHK
Bengaluru,Krishnarajapura,2,1365,4540000,3326.007326007326,2 BHK
Bengaluru,Krishnarajapura,3,1470,5569000,3788.4353741496598,3 BHK
Bengaluru,Krishnarajapura,2,1220,4494000,3683.6065573770493,2 BHK
Bengaluru,Krishnarajapura,2,1088,4485000,4122.242647058823,2 BHK
Bengaluru,Krishnarajapura,2,1218,5493000,4509.852216748768,2 BHK
Bengaluru,Krishnarajapura,2,1081,4880000,4514.338575393154,2 BHK
Bengaluru,Krishnarajapura,3,1326,5409000,4079.185520361991,3 BHK
Bengaluru,Krishnarajapura,2,1070,4809000,4494.392523364486,2 BHK
Bengaluru,Krishnarajapura,2,1068,6476000,6063.670411985018,2 BHK
Bengaluru,Krishnarajapura,2,1308,5355000,4094.0366972477063,2 BHK
Bengaluru,Krishnarajapura,2,1162,4846000,4170.39586919105,2 BHK
Bengaluru,Krishnarajapura,2,1288,6489000,5038.04347826087,2 BHK
Bengaluru,Krishnarajapura,2,1145,4830000,4218.340611353712,2 BHK
Bengaluru,Krishnarajapura,3,1542,4737000,3071.9844357976654,3 BHK
Bengaluru,Krishnarajapura,3,1275,4725000,3705.8823529411766,3 BHK
Bengaluru,Krishnarajapura,2,1154,5271000,4567.590987868284,2 BHK
Bengaluru,Krishnarajapura,3,1545,5863000,3794.822006472492,3 BHK
Bengaluru,Krishnarajapura,2,1150,5888000,5120.0,2 BHK
Bengaluru,Krishnarajapura,2,1128,4762000,4221.631205673759,2 BHK
Bengaluru,Krishnarajapura,2,1125,4057000,3606.222222222222,2 BHK
Bengaluru,Krishnarajapura,2,1255,12000000,9561.752988047809,2 BHK
Bengaluru,Krishnarajapura,3,1396,9300000,6661.89111747851,3 BHK
Bengaluru,Krishnarajapura,3,1402,3600000,2567.7603423680457,3 BHK
Bengaluru,Krishnarajapura,2,1134,5800000,5114.638447971782,2 BHK
Bengaluru,sarjapura attibele road,3,1399,5800000,4145.8184417441025,3 BHK
Bengaluru,Banaswadi,3,1875,3600000,1920.0,3 BHK
Bengaluru,Hebbal,2,1417,4100000,2893.436838390967,2 BHK
Bengaluru,Bannerghatta,2,838,5200000,6205.250596658711,2 BHK
Bengaluru,Begur,2,1230,3600000,2926.829268292683,2 BHK
Bengaluru,Begur Road,2,1230,4479000,3641.4634146341464,2 BHK
Bengaluru,Begur Road,2,874,3496000,4000.0,2 BHK
Bengaluru,Begur Road,2,955,4050000,4240.837696335078,2 BHK
Bengaluru,Begur Road,3,1225,8700000,7102.040816326531,3 BHK
Bengaluru,Begur Road,2,838,4864000,5804.295942720763,2 BHK
Bengaluru,Bagaluru,3,1810,5400000,2983.425414364641,3 BHK
Bengaluru,HBR Layout,1,760,3613000,4753.9473684210525,1 BHK
Bengaluru,Telecom Layout Thanisandra,2,783,4133000,5278.416347381864,2 BHK
Bengaluru,Electronic City Phase 1,3,1655,7840000,4737.1601208459215,3 BHK
Bengaluru,Anekal City,3,1225,3217000,2626.122448979592,3 BHK
Bengaluru,Pattanagere,3,1375,42500000,30909.090909090908,3 BHK
Bengaluru,K P Main Road,2,1004,15000000,14940.239043824702,2 BHK
Bengaluru,Anekal City,2,1025,5400000,5268.292682926829,2 BHK
Bengaluru,RR Nagar,3,1400,4864000,3474.285714285714,3 BHK
Bengaluru,Residential Flat Uttarahalli Hobli,2,1154,6900000,5979.202772963605,2 BHK
Bengaluru,Ulsoor,4,3400,6900000,2029.4117647058824,4 BHK
Bengaluru,Kundalahalli,3,2625,6900000,2628.5714285714284,3 BHK
Bengaluru,Chandapura,3,1325,6900000,5207.547169811321,3 BHK
Bengaluru,Anekal City,3,1225,17300000,14122.448979591836,3 BHK
Bengaluru,8th Phase JP Nagar,2,1111,7900000,7110.711071107111,2 BHK
Bengaluru,8th Phase JP Nagar,2,1111,9318000,8387.038703870387,2 BHK
Bengaluru,8th Phase JP Nagar,2,1111,3800000,3420.3420342034206,2 BHK
Bengaluru,8th Phase JP Nagar,2,1111,4864000,4378.037803780378,2 BHK
Bengaluru,JP Nagar Phase 7,3,1792,6500000,3627.2321428571427,3 BHK
Bengaluru,Ramamurthy Nagar,2,1208,4160000,3443.708609271523,2 BHK
Bengaluru,Bagaluru Near Yelahanka,3,1792,26500000,14787.94642857143,3 BHK
Bengaluru,Singasandra,2,1040,11100000,10673.076923076924,2 BHK
Bengaluru,Anekal City,3,1225,3878000,3165.714285714286,3 BHK
Bengaluru,Jaibharath Nagar Bangalore,2,1100,7500000,6818.181818181818,2 BHK
Bengaluru,Talaghattapura,2,1040,3500000,3365.3846153846152,2 BHK
Bengaluru,Harlur,4,3565,3859000,1082.468443197756,4 BHK
Bengaluru,Bagaluru Near Yelahanka,3,2145,4900000,2284.3822843822845,3 BHK
Bengaluru,Kumbalgodu,1,888,3725000,4194.81981981982,1 BHK
Bengaluru,Bagaluru Near Yelahanka,3,1701,3859000,2268.665490887713,3 BHK
Bengaluru,Talaghattapura,2,1004,8200000,8167.330677290836,2 BHK
Bengaluru,Anekal City,2,950,5800000,6105.263157894737,2 BHK
Bengaluru,Bommasandra,3,1260,3030000,2404.7619047619046,3 BHK
Bengaluru,Jigani,2,920,2850000,3097.8260869565215,2 BHK
Bengaluru,Anekal City,2,950,9700000,10210.526315789473,2 BHK
Bengaluru,Ananth Nagar,3,1465,4100000,2798.6348122866893,3 BHK
Bengaluru,Begur,2,1230,5460000,4439.024390243902,2 BHK
Bengaluru,Chandapura,2,785,23000000,29299.36305732484,2 BHK
Bengaluru,Bommasandra,2,545,8083000,14831.19266055046,2 BHK
Bengaluru,Hebbal,2,1129,15000000,13286.093888396812,2 BHK
Bengaluru,Bommasandra,2,1020,3000000,2941.176470588235,2 BHK
Bengaluru,Bommasandra,3,1365,8358000,6123.076923076923,3 BHK
Bengaluru,Sarjapur Road,4,2730,10900000,3992.673992673993,4 BHK
Bengaluru,Byrathi,3,1585,18500000,11671.92429022082,3 BHK
Bengaluru,Budigere Cross,3,2640,18600000,7045.454545454545,3 BHK
Bengaluru,Bommasandra,2,1010,3600000,3564.3564356435645,2 BHK
Bengaluru,Talaghattapura,2,1306,5600000,4287.901990811639,2 BHK
Bengaluru,Talaghattapura,3,1706,3900000,2286.0492379835873,3 BHK
Bengaluru,Uttarahalli,3,2235,2975000,1331.096196868009,3 BHK
Bengaluru,Uttarahalli,3,2243,4800000,2139.9910833704857,3 BHK
Bengaluru,Hebbal,1,720,12900000,17916.666666666668,1 BHK
Bengaluru,Hennur Road,2,1095,7000000,6392.6940639269405,2 BHK
Bengaluru,Electronic City Phase I,2,1005,3859000,3839.8009950248756,2 BHK
Bengaluru,Chandapura,2,850,5200000,6117.64705882353,2 BHK
Bengaluru,Bommasandra,3,1260,4402000,3493.6507936507937,3 BHK
Bengaluru,HSR Layout,3,1695,27799999,16401.17935103245,3 BHK
Bengaluru,6th phase jp nagar,3,1500,7840000,5226.666666666667,3 BHK
Bengaluru,Chandapura Anekal Road,2,950,8120000,8547.368421052632,2 BHK
Bengaluru,Ramagondanahalli,2,1013,8400000,8292.201382033563,2 BHK
Bengaluru,Chikkanayakanahalli at Off Sarjapur,1,691,8400000,12156.295224312591,1 BHK
Bengaluru,ITPL,4,3360,8400000,2500.0,4 BHK
Bengaluru,Uttarahalli,3,1400,7840000,5600.0,3 BHK
Bengaluru,Uttarahalli,3,1450,8120000,5600.0,3 BHK
Bengaluru,Poornaprajna Layout,3,1400,4000000,2857.1428571428573,3 BHK
Bengaluru,Poornaprajna Layout,3,1450,5544000,3823.448275862069,3 BHK
Bengaluru,Poornaprajna Layout,3,1500,6148000,4098.666666666667,3 BHK
Bengaluru,Poornaprajna Layout,2,1500,7245999,4830.666,2 BHK
Bengaluru,Poornaprajna Layout,3,1500,5622000,3748.0,3 BHK
Bengaluru,Kasavanahalli,2,1047,5297000,5059.216809933142,2 BHK
Bengaluru,Jakkur,2,1113,5343000,4800.539083557952,2 BHK
Bengaluru,Jakkur,3,1245,5780000,4642.570281124498,3 BHK
Bengaluru,Jakkur,3,1485,4356000,2933.3333333333335,3 BHK
Bengaluru,Jakkur,2,1130,4547000,4023.8938053097345,2 BHK
Bengaluru,Jakkur,2,1059,6375000,6019.830028328612,2 BHK
Bengaluru,Jakkur,2,1069,8900000,8325.53788587465,2 BHK
Bengaluru,Electronic City Phase 1,3,1360,2310000,1698.5294117647059,3 BHK
Bengaluru,Electronic City Phase 1,2,1025,5580000,5443.90243902439,2 BHK
Bengaluru,Electronic City Phase 1,2,1070,23000000,21495.327102803738,2 BHK
Bengaluru,Electronic City Phase 1,3,1500,11000000,7333.333333333333,3 BHK
Bengaluru,Sarjapur Road,2,1350,5352000,3964.4444444444443,2 BHK
Bengaluru,Chandapura,2,660,9900000,15000.0,2 BHK
Bengaluru,Ramamurthy Nagar,2,1074,12600000,11731.843575418994,2 BHK
Bengaluru,Sarjapur Road,3,2730,3800000,1391.9413919413919,3 BHK
Bengaluru,Budigere Cross,3,1630,6200000,3803.680981595092,3 BHK
Bengaluru,Horamavu,2,1115,3850000,3452.914798206278,2 BHK
Bengaluru,Jalahalli West,3,1446,12800000,8852.005532503457,3 BHK
Bengaluru,Marathahalli,3,1693,21100000,12463.083284111046,3 BHK
Bengaluru,MS Ramaiah North City Manayata Tech Park,2,732,4328000,5912.568306010929,2 BHK
Bengaluru,Uttarahalli Hobli,2,1339,4500000,3360.7169529499624,2 BHK
Bengaluru,Marsur,2,1115,4500000,4035.8744394618834,2 BHK
Bengaluru,Hebbal,3,1914,3800000,1985.3709508881923,3 BHK
Bengaluru,Budigere Cross,3,3140,4500000,1433.1210191082803,3 BHK
Bengaluru,Babusabpalya,2,1076,5500000,5111.5241635687735,2 BHK
Bengaluru,Akshayanagar,2,1000,3400000,3400.0,2 BHK
Bengaluru,Off Bannerghatta Road,2,1000,5200000,5200.0,2 BHK
Bengaluru,Koppa Begur Road,2,874,2848000,3258.5812356979404,2 BHK
Bengaluru,Akshayanagar,2,1000,3265000,3265.0,2 BHK
Bengaluru,Sarjapur Road Wipro To Railway Crossing,2,1130,3047000,2696.4601769911505,2 BHK
Bengaluru,Bommasandra,2,955,19000000,19895.287958115183,2 BHK
Bengaluru,Ramagondanahalli,2,1154,5526000,4788.561525129982,2 BHK
Bengaluru,sarjapura attibele road,2,943,3761999,3989.394485683987,2 BHK
Bengaluru,sarjapura attibele road,2,1100,3564000,3240.0,2 BHK
Bengaluru,sarjapura attibele road,2,1018,3024000,2970.5304518664047,2 BHK
Bengaluru,Kanakapura,2,1296,3510000,2708.3333333333335,2 BHK
Bengaluru,Sarjapur,3,1535,3060000,1993.485342019544,3 BHK
Bengaluru,Sarjapur,2,1045,5634000,5391.387559808612,2 BHK
Bengaluru,Sarjapur,2,990,16100000,16262.626262626263,2 BHK
Bengaluru,Sarjapur,2,840,17200000,20476.190476190477,2 BHK
Bengaluru,Sarjapur,2,975,22799999,23384.61435897436,2 BHK
Bengaluru,Sarjapur,2,850,29300000,34470.58823529412,2 BHK
Bengaluru,Sarjapur,3,1565,23000000,14696.485623003195,3 BHK
Bengaluru,Budigere Cross,3,2990,23000000,7692.307692307692,3 BHK
Bengaluru,JP Nagar Phase 7,3,1776,7500000,4222.972972972973,3 BHK
Bengaluru,JP Nagar Phase 7,3,2370,8960000,3780.590717299578,3 BHK
Bengaluru,JP Nagar Phase 7,4,3012,6400000,2124.8339973439574,4 BHK
Bengaluru,Sarjapur,4,2730,3200000,1172.161172161172,4 BHK
Bengaluru,Sarjapur Road,4,2730,4300000,1575.0915750915751,4 BHK
Bengaluru,Sahakar Nagar,2,1290,13899999,10775.193023255813,2 BHK
Bengaluru,Bagaluru Near Yelahanka,3,1792,9500000,5301.339285714285,3 BHK
Bengaluru,8th Phase JP Nagar,2,1023,8400000,8211.143695014664,2 BHK
Bengaluru,Koppa Begur Road,2,1020,8120000,7960.78431372549,2 BHK
Bengaluru,JP Nagar,2,1100,7840000,7127.272727272727,2 BHK
Bengaluru,Konanakunte,3,1591,8400000,5279.698302954117,3 BHK
Bengaluru,Konanakunte,2,1218,13799999,11330.04844006568,2 BHK
Bengaluru,RR Nagar,3,1500,4133000,2755.3333333333335,3 BHK
Bengaluru,RR Nagar,3,1450,2745000,1893.103448275862,3 BHK
Bengaluru,BEML Layout 5th Stage,3,1400,14300000,10214.285714285714,3 BHK
Bengaluru,BEML Layout 5th Stage,3,1500,12000000,8000.0,3 BHK
Bengaluru,Bellandur,3,1808,4133000,2285.951327433628,3 BHK
Bengaluru,Anekal City,2,1025,2899000,2828.2926829268295,2 BHK
Bengaluru,Anekal City,1,645,2899000,4494.573643410853,1 BHK
Bengaluru,Kumaraswamy Layout,3,1783,23000000,12899.607403252945,3 BHK
Bengaluru,Bellandur,2,1330,23100000,17368.42105263158,2 BHK
Bengaluru,Anekal City,2,1025,9513000,9280.975609756097,2 BHK
Bengaluru,Attibele,2,779,23400000,30038.510911424903,2 BHK
Bengaluru,Attibele,2,779,10600000,13607.188703465981,2 BHK
Bengaluru,Sarjapur Road,4,2730,12700000,4652.014652014652,4 BHK
Bengaluru,Banashankari,3,2480,18800000,7580.645161290323,3 BHK
Bengaluru,Konanakunte,2,957,12300000,12852.664576802508,2 BHK
Bengaluru,Uttarahalli,3,2353,10800000,4589.885252868678,3 BHK
Bengaluru,Kumaraswamy Layout,2,1521,8499000,5587.7712031558185,2 BHK
Bengaluru,Konanakunte,3,1262,10100000,8003.169572107766,3 BHK
Bengaluru,Konanakunte,4,1935,32799999,16950.903875968994,4 BHK
Bengaluru,Konanakunte,3,1204,10100000,8388.704318936878,3 BHK
Bengaluru,Talaghattapura,3,1703,24300000,14268.937169700528,3 BHK
Bengaluru,Talaghattapura,2,1328,8256000,6216.8674698795185,2 BHK
Bengaluru,Talaghattapura,3,1585,33900000,21388.01261829653,3 BHK
Bengaluru,JP Nagar Phase 4,4,3463,23100000,6670.516892867456,4 BHK
Bengaluru,Talaghattapura,3,1592,8460000,5314.070351758794,3 BHK
Bengaluru,JP Nagar Phase 4,3,2563,23500000,9168.942645337494,3 BHK
Bengaluru,Talaghattapura,2,1290,40500000,31395.3488372093,2 BHK
Bengaluru,JP Nagar Phase 4,4,3571,41100000,11509.381125735088,4 BHK
Bengaluru,JP Nagar Phase 4,3,2437,20900000,8576.118178087812,3 BHK
Bengaluru,Talaghattapura,2,1322,28400000,21482.602118003026,2 BHK
Bengaluru,JP Nagar Phase 4,3,2482,25000000,10072.522159548751,3 BHK
Bengaluru,JP Nagar Phase 4,4,4273,28200000,6599.578750292534,4 BHK
Bengaluru,JP Nagar Phase 4,4,4336,30500000,7034.132841328414,4 BHK
Bengaluru,JP Nagar Phase 4,3,2200,25299999,11499.999545454546,3 BHK
Bengaluru,JP Nagar Phase 1,3,2411,90200000,37411.862297801745,3 BHK
Bengaluru,JP Nagar Phase 1,3,2124,43300000,20386.064030131827,3 BHK
Bengaluru,JP Nagar Phase 1,3,2399,89800000,37432.26344310129,3 BHK
Bengaluru,Hulimavu,4,3595,18600000,5173.852573018081,4 BHK
Bengaluru,JP Nagar Phase 1,3,2145,39000000,18181.81818181818,3 BHK
Bengaluru,Hulimavu,5,6355,20400000,3210.070810385523,5+ BHK
Bengaluru,JP Nagar Phase 1,4,3467,9513000,2743.8707816556102,4 BHK
Bengaluru,Hulimavu,4,6330,23400000,3696.6824644549765,4 BHK
Bengaluru,Hulimavu,3,2200,10600000,4818.181818181818,3 BHK
Bengaluru,JP Nagar Phase 1,4,3124,12700000,4065.3008962868116,4 BHK
Bengaluru,Hulimavu,3,2405,13400000,5571.725571725572,3 BHK
Bengaluru,Konanakunte,2,957,39000000,40752.35109717868,2 BHK
Bengaluru,Uttarahalli,3,2353,20400000,8669.783255418615,3 BHK
Bengaluru,Kumaraswamy Layout,2,1521,13400000,8809.993425378041,2 BHK
Bengaluru,Konanakunte,3,1262,12500000,9904.912836767036,3 BHK
Bengaluru,Kumaraswamy Layout,3,1921,8485000,4416.970327954191,3 BHK
Bengaluru,JP Nagar Phase 1,4,3124,12500000,4001.280409731114,4 BHK
Bengaluru,Hulimavu,3,2405,13300000,5530.14553014553,3 BHK
Bengaluru,Kumaraswamy Layout,3,1921,13300000,6923.477355543988,3 BHK
Bengaluru,Kumaraswamy Layout,3,1798,10600000,5895.43937708565,3 BHK
Bengaluru,Konanakunte,2,842,13300000,15795.724465558194,2 BHK
Bengaluru,Kumaraswamy Layout,3,1797,12400000,6900.389538119088,3 BHK
Bengaluru,Kumaraswamy Layout,3,1902,13100000,6887.486855941114,3 BHK
Bengaluru,Kumaraswamy Layout,3,1900,13200000,6947.368421052632,3 BHK
Bengaluru,Kumaraswamy Layout,2,1517,11399999,7514.8312458800265,2 BHK
Bengaluru,Kumaraswamy Layout,3,1914,13200000,6896.551724137931,3 BHK
Bengaluru,Kumaraswamy Layout,3,1780,13100000,7359.550561797752,3 BHK
Bengaluru,Kumaraswamy Layout,3,1882,12900000,6854.410201912859,3 BHK
Bengaluru,Kumaraswamy Layout,3,1890,13700000,7248.677248677249,3 BHK
Bengaluru,Kumaraswamy Layout,2,1634,12800000,7833.537331701346,2 BHK
Bengaluru,Kumaraswamy Layout,3,1895,12800000,6754.617414248021,3 BHK
Bengaluru,Kumaraswamy Layout,3,1874,10100000,5389.541088580576,3 BHK
Bengaluru,Kumaraswamy Layout,3,1851,10000000,5402.485143165856,3 BHK
Bengaluru,Kumaraswamy Layout,3,1967,12800000,6507.371631926792,3 BHK
Bengaluru,Kumaraswamy Layout,3,1836,11000000,5991.285403050109,3 BHK
Bengaluru,Kumaraswamy Layout,3,1835,12900000,7029.972752043596,3 BHK
Bengaluru,Kumaraswamy Layout,2,1444,12400000,8587.257617728532,2 BHK
Bengaluru,Kumaraswamy Layout,2,1441,11900000,8258.154059680777,2 BHK
Bengaluru,Kumaraswamy Layout,3,1839,8306000,4516.585100598151,3 BHK
Bengaluru,Konanakunte,3,1110,13799999,12432.43153153153,3 BHK
Bengaluru,Kumaraswamy Layout,3,1843,18500000,10037.98155181769,3 BHK
Bengaluru,Konanakunte,3,1250,9486000,7588.8,3 BHK
Bengaluru,Kumaraswamy Layout,3,1710,13600000,7953.216374269005,3 BHK
Bengaluru,Konanakunte,2,840,14500000,17261.904761904763,2 BHK
Bengaluru,Kumaraswamy Layout,3,1978,12700000,6420.626895854399,3 BHK
Bengaluru,Konanakunte,4,1884,12700000,6740.976645435244,4 BHK
Bengaluru,Kumaraswamy Layout,2,1425,14700000,10315.78947368421,2 BHK
Bengaluru,Konanakunte,2,958,9100000,9498.956158663883,2 BHK
Bengaluru,Kumaraswamy Layout,3,1956,10900000,5572.597137014315,3 BHK
Bengaluru,Konanakunte,3,1450,18600000,12827.586206896553,3 BHK
Bengaluru,Kumaraswamy Layout,3,1824,9996000,5480.263157894737,3 BHK
Bengaluru,Kumaraswamy Layout,3,1826,8789000,4813.253012048192,3 BHK
Bengaluru,Konanakunte,3,1489,12600000,8462.055070517126,3 BHK
Bengaluru,Kumaraswamy Layout,2,1300,12000000,9230.76923076923,2 BHK
Bengaluru,Kumaraswamy Layout,2,1561,13500000,8648.302370275464,2 BHK
Bengaluru,Konanakunte,4,1907,12600000,6607.236497115889,4 BHK
Bengaluru,Kumaraswamy Layout,2,1428,14900000,10434.173669467787,2 BHK
Bengaluru,Konanakunte,2,859,11600000,13504.07450523865,2 BHK
Bengaluru,Kumaraswamy Layout,3,1803,8403000,4660.5657237936775,3 BHK
Bengaluru,Konanakunte,3,1167,13500000,11568.123393316195,3 BHK
Bengaluru,Kumaraswamy Layout,3,1932,11600000,6004.140786749483,3 BHK
Bengaluru,Kumaraswamy Layout,3,1806,10900000,6035.437430786268,3 BHK
Bengaluru,Konanakunte,3,1494,9933000,6648.59437751004,3 BHK
Bengaluru,Kumaraswamy Layout,2,1671,10900000,6523.040095751047,2 BHK
Bengaluru,Konanakunte,2,832,13500000,16225.961538461539,2 BHK
Bengaluru,Kumaraswamy Layout,3,1936,9451000,4881.714876033057,3 BHK
Bengaluru,Kumaraswamy Layout,2,1668,9912000,5942.446043165468,2 BHK
Bengaluru,Konanakunte,3,1104,9423000,8535.326086956522,3 BHK
Bengaluru,Kumaraswamy Layout,2,1419,9758000,6876.673713883016,2 BHK
Bengaluru,Konanakunte,3,1105,12400000,11221.719457013574,3 BHK
Bengaluru,Kumaraswamy Layout,3,1941,12800000,6594.538897475528,3 BHK
Bengaluru,Konanakunte,2,948,9744000,10278.481012658227,2 BHK
Bengaluru,Kumaraswamy Layout,2,1416,4837000,3415.960451977401,2 BHK
Bengaluru,Konanakunte,2,949,5422000,5713.382507903056,2 BHK
Bengaluru,Kumaraswamy Layout,2,1394,4882000,3502.1520803443327,2 BHK
Bengaluru,Kumaraswamy Layout,3,1783,7559999,4240.044307347168,3 BHK
Bengaluru,Konanakunte,3,1287,5782000,4492.618492618492,3 BHK
Bengaluru,Kumaraswamy Layout,2,1392,5670000,4073.2758620689656,2 BHK
Bengaluru,Yeshwantpur,2,1075,4815000,4479.069767441861,2 BHK
Bengaluru,Yeshwantpur,2,1205,4792000,3976.7634854771786,2 BHK
Bengaluru,Yeshwantpur,2,1085,3329999,3069.1235023041477,2 BHK
Bengaluru,Yeshwantpur,3,1680,4995000,2973.214285714286,3 BHK
Bengaluru,Yeshwantpur,3,1285,4725000,3677.0428015564203,3 BHK
Bengaluru,Yeshwantpur,2,1260,7515000,5964.285714285715,2 BHK
Bengaluru,Yeshwantpur,2,1070,6906999,6455.139252336448,2 BHK
Bengaluru,Yeshwantpur,2,1065,4837000,4541.784037558686,2 BHK
Bengaluru,Basaveswarnagar,1,740,5782000,7813.513513513513,1 BHK
Bengaluru,Basaveswarnagar,2,1110,4995000,4500.0,2 BHK
Bengaluru,Basaveswarnagar,2,1050,4702000,4478.0952380952385,2 BHK
Bengaluru,Basaveswarnagar,3,1670,5805000,3476.047904191617,3 BHK
Bengaluru,Basaveswarnagar,3,1535,4635000,3019.543973941368,3 BHK
Bengaluru,Basaveswarnagar,2,1075,7581999,7053.022325581395,2 BHK
Bengaluru,Basaveswarnagar,2,1285,6120000,4762.645914396887,2 BHK
Bengaluru,Yeshwantpur,2,1110,4657000,4195.495495495496,2 BHK
Bengaluru,Yeshwantpur,2,1045,4860000,4650.717703349283,2 BHK
Bengaluru,Yeshwantpur,3,1290,6615000,5127.906976744186,3 BHK
Bengaluru,Yeshwantpur,2,1030,11900000,11553.398058252427,2 BHK
Bengaluru,Yeshwantpur,3,1685,11900000,7062.314540059348,3 BHK
Bengaluru,Yeshwantpur,3,1360,5200000,3823.529411764706,3 BHK
Bengaluru,Yeshwantpur,2,1035,3000000,2898.550724637681,2 BHK
Bengaluru,Yeshwantpur,2,1080,2300000,2129.6296296296296,2 BHK
Bengaluru,Yeshwantpur,3,1470,24800000,16870.748299319726,3 BHK
Bengaluru,Jayanagar,3,1505,5073000,3370.7641196013287,3 BHK
Bengaluru,Jayanagar,3,1495,5323000,3560.535117056856,3 BHK
Bengaluru,Banashankari,2,1040,5004000,4811.538461538462,2 BHK
Bengaluru,Hennagara,2,1010,4550000,4504.950495049505,2 BHK
Bengaluru,Hennagara,1,785,16000000,20382.165605095543,1 BHK
Bengaluru,Konanakunte,4,2689,5000000,1859.427296392711,4 BHK
Bengaluru,Begur,2,1015,9359000,9220.689655172413,2 BHK
Bengaluru,Begur,2,1065,3030000,2845.0704225352115,2 BHK
Bengaluru,Horamavu Banjara Lyout,2,1065,6200000,5821.596244131455,2 BHK
Bengaluru,Hosa Road,3,1220,4800000,3934.4262295081967,3 BHK
Bengaluru,RMV,3,1851,49200000,26580.226904376013,3 BHK
Bengaluru,Ramamurthy Nagar,2,1100,8218000,7470.909090909091,2 BHK
Bengaluru,Electronic City Phase 1,3,1720,8039000,4673.837209302325,3 BHK
Bengaluru,Bommasandra,2,1010,5868000,5809.9009900990095,2 BHK
Bengaluru,Mallasandra,2,1339,6021000,4496.63928304705,2 BHK
Bengaluru,Varthur,2,1050,8137000,7749.523809523809,2 BHK
Bengaluru,JP Nagar Phase 2,3,3240,35900000,11080.246913580248,3 BHK
Bengaluru,Electronic City Phase 2,3,1505,5222000,3469.767441860465,3 BHK
Bengaluru,Electronic City Phase 2,3,1470,5000000,3401.360544217687,3 BHK
Bengaluru,Electronic City Phase 2,2,1075,24500000,22790.697674418603,2 BHK
Bengaluru,Electronic City Phase 2,3,1465,2922000,1994.5392491467576,3 BHK
Bengaluru,Marathahalli,4,3145,10000000,3179.650238473768,4 BHK
Bengaluru,Ramamurthy Nagar,2,1004,4900000,4880.478087649402,2 BHK
Bengaluru,Hebbal,2,1096,5544000,5058.394160583942,2 BHK
Bengaluru,Sadashiva Nagar,3,3900,3200000,820.5128205128206,3 BHK
Bengaluru,JP Nagar Phase 7,3,2370,17500000,7383.966244725739,3 BHK
Bengaluru,Chandapura,2,835,10500000,12574.850299401198,2 BHK
Bengaluru,Jalahalli,2,1450,11000000,7586.206896551724,2 BHK
Bengaluru,Talaghattapura,2,1160,2899000,2499.137931034483,2 BHK
Bengaluru,Electronic City Phase 1,2,1155,2899000,2509.95670995671,2 BHK
Bengaluru,Maruthi Sevanagar,1,430,2899000,6741.860465116279,1 BHK
Bengaluru,Bilekahalli,3,2061,5814000,2820.960698689956,3 BHK
Bengaluru,Bagaluru Near Yelahanka,3,2003,5273000,2632.5511732401396,3 BHK
Bengaluru,Brookefield,3,1724,5612000,3255.2204176334108,3 BHK
Bengaluru,Attibele,2,779,6597000,8468.54942233633,2 BHK
Bengaluru,Attibele,2,779,5487000,7043.645699614891,2 BHK
Bengaluru,Attibele,2,779,5244000,6731.707317073171,2 BHK
Bengaluru,Babusa Palya,2,1140,7468000,6550.877192982456,2 BHK
Bengaluru,Varthur,2,1173,5424000,4624.040920716113,2 BHK
Bengaluru,Varthur,2,1254,7925000,6319.776714513557,2 BHK
Bengaluru,Varthur,3,1489,5181000,3479.5164539959706,3 BHK
Bengaluru,Varthur,2,1224,5177000,4229.575163398693,2 BHK
Bengaluru,Varthur,2,1166,5173000,4436.5351629502575,2 BHK
Bengaluru,Varthur,3,1697,5445000,3208.603417796111,3 BHK
Bengaluru,Varthur,2,1209,5064000,4188.585607940447,2 BHK
Bengaluru,Varthur,3,1806,5378000,2977.8516057585825,3 BHK
Bengaluru,Varthur,2,1151,3329999,2893.1355343179844,2 BHK
Bengaluru,Varthur,2,1150,3100000,2695.6521739130435,2 BHK
Bengaluru,Varthur,2,1149,2745000,2389.0339425587467,2 BHK
Bengaluru,Varthur,2,1214,2899000,2387.9736408566723,2 BHK
Bengaluru,Varthur,2,1123,11000000,9795.191451469278,2 BHK
Bengaluru,Varthur,2,1198,11000000,9181.969949916527,2 BHK
Bengaluru,Chandapura Anekal Road,2,900,3519000,3910.0,2 BHK
Bengaluru,sarjapura attibele road,3,926,17300000,18682.505399568036,3 BHK
Bengaluru,Chandapura Anekal Road,1,645,5080000,7875.968992248062,1 BHK
Bengaluru,Attibele,2,779,4948000,6351.732991014121,2 BHK
Bengaluru,Hennur Road,3,1482,3900000,2631.5789473684213,3 BHK
Bengaluru,Hennur Road,3,1482,2900000,1956.8151147098515,3 BHK
Bengaluru,HBR Layout,1,765,4240000,5542.483660130719,1 BHK
Bengaluru,JP Nagar Phase 7,3,1792,3030000,1690.8482142857142,3 BHK
Bengaluru,Talaghattapura,3,1452,9200000,6336.088154269973,3 BHK
Bengaluru,Kanakapura,3,1375,2899000,2108.3636363636365,3 BHK
Bengaluru,Hoskote,2,1223,11000000,8994.276369582993,2 BHK
Bengaluru,Koppa Begur Road,2,875,3500000,4000.0,2 BHK
Bengaluru,sarjapura attibele road,3,1468,3300000,2247.956403269755,3 BHK
Bengaluru,Bommasandra,2,1060,4577000,4317.924528301887,2 BHK
Bengaluru,Begur,2,1223,6043000,4941.128372853638,2 BHK
Bengaluru,Attibele,2,779,4198000,5388.960205391528,2 BHK
Bengaluru,Budigere Cross,3,1630,4346000,2666.2576687116566,3 BHK
Bengaluru,Konanakunte,2,1000,7748999,7748.999,2 BHK
Bengaluru,Bommasandra,2,1089,2899000,2662.0752984389346,2 BHK
Bengaluru,Hallehalli,2,995,2899000,2913.56783919598,2 BHK
Bengaluru,Hennur Road,2,1185,3900000,3291.1392405063293,2 BHK
Bengaluru,Uttarahalli,2,1050,12000000,11428.57142857143,2 BHK
Bengaluru,Bangalore Road,2,1159,5100000,4400.345125107851,2 BHK
Bengaluru,Budigere Cross,2,1182,36000000,30456.852791878173,2 BHK
Bengaluru,Attibele,2,779,11000000,14120.667522464699,2 BHK
Bengaluru,Hoskote,2,1223,36900000,30171.70891251022,2 BHK
Bengaluru,Hebbal,2,1294,3232000,2497.6816074188564,2 BHK
Bengaluru,Yelahanka,2,923,6605000,7156.013001083424,2 BHK
Bengaluru,Mahadevapura,4,4050,2899000,715.8024691358024,4 BHK
Bengaluru,Hennur Road,3,1482,19800000,13360.323886639677,3 BHK
Bengaluru,Hennur Road,3,1482,18300000,12348.178137651821,3 BHK
Bengaluru,Jayanagar,3,2500,20099999,8039.9996,3 BHK
Bengaluru,Bommasandra,2,1010,25200000,24950.49504950495,2 BHK
Bengaluru,Bangalore Road,2,1201,18100000,15070.774354704414,2 BHK
Bengaluru,Attibele,2,779,19100000,24518.613607188705,2 BHK
Bengaluru,Kasavanahalli,4,3315,19300000,5822.021116138763,4 BHK
Bengaluru,Kasavanahalli,4,3050,22500000,7377.049180327869,4 BHK
Bengaluru,Kasavanahalli,4,3362,8358000,2486.020226055919,4 BHK
Bengaluru,Kasavanahalli,4,4200,10900000,2595.2380952380954,4 BHK
Bengaluru,Kasavanahalli,4,3030,39900000,13168.316831683169,4 BHK
Bengaluru,Kasavanahalli,4,3195,8242000,2579.6557120500784,4 BHK
Bengaluru,Kasavanahalli,4,3230,28300000,8761.609907120743,4 BHK
Bengaluru,Kasavanahalli,4,3750,39100000,10426.666666666666,4 BHK
Bengaluru,Begur,2,1350,49100000,36370.37037037037,2 BHK
Bengaluru,JP Nagar Phase 1,3,2404,22200000,9234.60898502496,3 BHK
Bengaluru,JP Nagar Phase 1,4,3131,22300000,7122.32513573938,4 BHK
Bengaluru,JP Nagar Phase 1,3,2620,11200000,4274.8091603053435,3 BHK
Bengaluru,JP Nagar Phase 1,4,3294,8672000,2632.6654523375837,4 BHK
Bengaluru,JP Nagar Phase 1,3,2190,18000000,8219.17808219178,3 BHK
Bengaluru,JP Nagar Phase 1,4,3933,14700000,3737.6048817696415,4 BHK
Bengaluru,Uttarahalli,3,2235,8672000,3880.089485458613,3 BHK
Bengaluru,Uttarahalli,3,2243,22200000,9897.458760588497,3 BHK
Bengaluru,Harlur,3,1620,22300000,13765.432098765432,3 BHK
Bengaluru,Harlur,2,1235,8863000,7176.5182186234815,2 BHK
Bengaluru,Kasavanahalli,3,3010,22200000,7375.415282392027,3 BHK
Bengaluru,Kasavanahalli,3,2455,12900000,5254.582484725051,3 BHK
Bengaluru,Harlur,2,1235,8896000,7203.238866396761,2 BHK
Bengaluru,Uttarahalli,3,2235,22599999,10111.856375838926,3 BHK
Bengaluru,Uttarahalli,3,2243,12800000,5706.642888987963,3 BHK
Bengaluru,Harlur,2,1225,9098000,7426.938775510204,2 BHK
Bengaluru,Harlur,4,3210,10400000,3239.8753894080996,4 BHK
Bengaluru,Harlur,3,1830,9165000,5008.196721311476,3 BHK
Bengaluru,Harlur,2,1230,2899000,2356.910569105691,2 BHK
Bengaluru,Harlur,4,3265,7800000,2388.9739663093414,4 BHK
Bengaluru,Harlur,3,1810,18500000,10220.99447513812,3 BHK
Bengaluru,Harlur,2,1260,2899000,2300.7936507936506,2 BHK
Bengaluru,Harlur,3,1460,23500000,16095.890410958904,3 BHK
Bengaluru,Harlur,2,1270,10300000,8110.236220472441,2 BHK
Bengaluru,Attibele,2,779,16000000,20539.15275994865,2 BHK
Bengaluru,Kasavanahalli,2,1425,10300000,7228.070175438596,2 BHK
Bengaluru,Devanahalli,4,2835,14600000,5149.911816578483,4 BHK
Bengaluru,Attibele,2,779,11700000,15019.255455712451,2 BHK
Bengaluru,Cooke Town,3,2150,11700000,5441.860465116279,3 BHK
Bengaluru,Adugodi,1,988,14300000,14473.684210526315,1 BHK
Bengaluru,Adugodi,2,1445,13799999,9550.1723183391,2 BHK
Bengaluru,Kodigehalli,2,1245,8534000,6854.618473895583,2 BHK
Bengaluru,Kodigehalli,3,1740,7797000,4481.0344827586205,3 BHK
Bengaluru,Kodigehalli,2,1430,10100000,7062.937062937063,2 BHK
Bengaluru,Kodigehalli,2,1420,10600000,7464.788732394366,2 BHK
Bengaluru,Kodigehalli,3,1665,8166000,4904.504504504504,3 BHK
Bengaluru,Kodigehalli,3,1630,6912000,4240.490797546012,3 BHK
Bengaluru,Subramanyapura,2,1390,5702000,4102.158273381295,2 BHK
Bengaluru,Subramanyapura,2,1270,5280000,4157.48031496063,2 BHK
Bengaluru,Subramanyapura,3,1660,7728000,4655.421686746988,3 BHK
Bengaluru,Subramanyapura,3,1730,5520000,3190.751445086705,3 BHK
Bengaluru,Subramanyapura,2,1330,5712000,4294.736842105263,2 BHK
Bengaluru,Talaghattapura,3,1440,8043000,5585.416666666667,3 BHK
Bengaluru,Talaghattapura,2,1188,6845999,5762.625420875421,2 BHK
Bengaluru,Talaghattapura,2,1100,9173000,8339.09090909091,2 BHK
Bengaluru,Talaghattapura,3,1610,8411000,5224.223602484472,3 BHK
Bengaluru,Talaghattapura,2,1150,7797000,6780.0,2 BHK
Bengaluru,Talaghattapura,2,1190,10100000,8487.394957983193,2 BHK
Bengaluru,Subramanyapura,2,1310,10600000,8091.603053435115,2 BHK
Bengaluru,JP Nagar Phase 8,2,1042,8166000,7836.852207293666,2 BHK
Bengaluru,JP Nagar Phase 8,3,1408,6912000,4909.090909090909,3 BHK
Bengaluru,Subramanyapura,2,1370,5702000,4162.043795620438,2 BHK
Bengaluru,Talaghattapura,2,1150,8104000,7046.95652173913,2 BHK
Bengaluru,Talaghattapura,2,1190,9471000,7958.823529411765,2 BHK
Bengaluru,Subramanyapura,2,1310,10400000,7938.9312977099235,2 BHK
Bengaluru,JP Nagar Phase 8,2,1042,10100000,9692.898272552784,2 BHK
Bengaluru,JP Nagar Phase 8,3,1408,8473000,6017.755681818182,3 BHK
Bengaluru,Subramanyapura,2,1370,10700000,7810.21897810219,2 BHK
Bengaluru,Subramanyapura,2,1320,10300000,7803.030303030303,2 BHK
Bengaluru,JP Nagar Phase 8,3,1455,7920000,5443.298969072165,3 BHK
Bengaluru,Subramanyapura,3,1710,8780000,5134.502923976608,3 BHK
Bengaluru,Subramanyapura,3,1650,10400000,6303.030303030303,3 BHK
Bengaluru,Subramanyapura,2,1380,10200000,7391.304347826087,2 BHK
Bengaluru,Subramanyapura,3,1750,11000000,6285.714285714285,3 BHK
Bengaluru,Subramanyapura,3,1690,10500000,6213.01775147929,3 BHK
Bengaluru,Subramanyapura,2,1290,10900000,8449.612403100775,2 BHK
Bengaluru,Subramanyapura,3,1430,8600000,6013.986013986014,3 BHK
Bengaluru,Subramanyapura,3,1700,9700000,5705.882352941177,3 BHK
Bengaluru,Subramanyapura,3,1670,11399999,6826.346706586826,3 BHK
Bengaluru,Subramanyapura,3,1800,11000000,6111.111111111111,3 BHK
Bengaluru,Subramanyapura,3,1720,10000000,5813.953488372093,3 BHK
Bengaluru,JP Nagar Phase 9,3,1770,9700000,5480.225988700565,3 BHK
Bengaluru,JP Nagar Phase 9,2,1377,10800000,7843.137254901961,2 BHK
Bengaluru,JP Nagar Phase 9,3,1569,11200000,7138.304652644997,3 BHK
Bengaluru,JP Nagar Phase 9,3,1846,11000000,5958.829902491874,3 BHK
Bengaluru,JP Nagar Phase 9,3,1780,9900000,5561.797752808989,3 BHK
Bengaluru,JP Nagar Phase 9,3,1624,9200000,5665.024630541872,3 BHK
Bengaluru,JP Nagar Phase 9,3,1559,8400000,5388.069275176395,3 BHK
Bengaluru,JP Nagar Phase 9,3,1741,8649000,4967.834577828834,3 BHK
Bengaluru,JP Nagar Phase 9,3,1814,9709000,5352.26019845645,3 BHK
Bengaluru,JP Nagar Phase 9,3,1719,8665000,5040.721349621873,3 BHK
Bengaluru,JP Nagar Phase 9,3,1595,9385000,5884.012539184953,3 BHK
Bengaluru,JP Nagar Phase 9,2,1466,6953000,4742.837653478854,2 BHK
Bengaluru,JP Nagar Phase 9,2,1331,8691000,6529.676934635612,2 BHK
Bengaluru,Anjanapura,3,1657,6659999,4019.311406155703,3 BHK
Bengaluru,Anjanapura,3,1860,8087000,4347.8494623655915,3 BHK
Bengaluru,Anjanapura,3,1660,6213000,3742.7710843373493,3 BHK
Bengaluru,Anjanapura,3,1798,7840000,4360.400444938821,3 BHK
Bengaluru,Anjanapura,2,1332,8897000,6679.42942942943,2 BHK
Bengaluru,Anjanapura,3,1665,7262000,4361.561561561562,3 BHK
Bengaluru,Kanakapura Road Beyond Nice Ring Road,2,1172,16000000,13651.877133105801,2 BHK
Bengaluru,Kanakapura Road Beyond Nice Ring Road,3,1478,5000000,3382.9499323410014,3 BHK
Bengaluru,Kanakapura Road Beyond Nice Ring Road,2,1251,9000000,7194.244604316546,2 BHK
Bengaluru,Kanakapura Road Beyond Nice Ring Road,3,1589,3062000,1926.9981120201385,3 BHK
Bengaluru,Kanakapura Road Beyond Nice Ring Road,3,1629,28000000,17188.459177409455,3 BHK
Bengaluru,Kanakapura Road Beyond Nice Ring Road,3,1462,2975000,2034.8837209302326,3 BHK
Bengaluru,Bommanahalli,3,1590,3217000,2023.2704402515724,3 BHK
Bengaluru,Hebbal,2,1096,3217000,2935.21897810219,2 BHK
Bengaluru,Kasavanahalli,3,1500,17300000,11533.333333333334,3 BHK
Bengaluru,Chandapura,2,545,22599999,41467.8880733945,2 BHK
Bengaluru,Bilekahalli,4,3012,6200000,2058.4329349269588,4 BHK
Bengaluru,Chandapura,2,850,6175000,7264.705882352941,2 BHK
Bengaluru,Residential Flat Uttarahalli Hobli,2,1154,6125000,5307.625649913345,2 BHK
Bengaluru,Residential FlatUttarahalli Hobli,2,1154,5975000,5177.642980935875,2 BHK
Bengaluru,Bilekahalli,3,1792,5925000,3306.3616071428573,3 BHK
Bengaluru,Bilekahalli,3,2370,6150000,2594.9367088607596,3 BHK
Bengaluru,Narayanapura on Hennur Main Road,2,1240,5950000,4798.387096774193,2 BHK
Bengaluru,Narayanapura on Hennur Main Road,2,1235,3311999,2681.7805668016194,2 BHK
Bengaluru,Narayanapura on Hennur Main Road,2,1225,5408000,4414.693877551021,2 BHK
Bengaluru,Narayanapura on Hennur Main Road,2,1195,7000000,5857.740585774059,2 BHK
Bengaluru,Narayanapura on Hennur Main Road,2,1185,2288000,1930.801687763713,2 BHK
Bengaluru,Narayanapura on Hennur Main Road,2,1230,3859000,3137.39837398374,2 BHK
Bengaluru,Narayanapura on Hennur Main Road,2,1190,7900000,6638.655462184874,2 BHK
Bengaluru,Chandapura Anekal Road,2,940,7984999,8494.679787234043,2 BHK
Bengaluru,Ramamurthy Nagar,2,1040,24000000,23076.923076923078,2 BHK
Bengaluru,7th Phase JP Nagar,3,1500,18700000,12466.666666666666,3 BHK
Bengaluru,Anekal City,1,520,18700000,35961.53846153846,1 BHK
Bengaluru,Anekal City,2,950,29300000,30842.105263157893,2 BHK
Bengaluru,Padmanabha Nagar,3,1386,20600000,14862.914862914862,3 BHK
Bengaluru,Padmanabha Nagar,3,1401,19100000,13633.11920057102,3 BHK
Bengaluru,JP Nagar Phase 7,4,3200,17100000,5343.75,4 BHK
Bengaluru,JP Nagar Phase 7,4,2504,14800000,5910.543130990415,4 BHK
Bengaluru,JP Nagar Phase 7,4,2503,16200000,6472.233320015981,4 BHK
Bengaluru,JP Nagar Phase 7,4,3012,14900000,4946.879150066401,4 BHK
Bengaluru,JP Nagar Phase 7,3,2750,17200000,6254.545454545455,3 BHK
Bengaluru,JP Nagar Phase 7,3,2550,22799999,8941.176078431372,3 BHK
Bengaluru,JP Nagar Phase 7,3,2289,3357000,1466.5792922673656,3 BHK
Bengaluru,JP Nagar Phase 7,3,1975,11500000,5822.784810126583,3 BHK
Bengaluru,JP Nagar Phase 7,3,2172,24400000,11233.885819521178,3 BHK
Bengaluru,JP Nagar Phase 7,3,1987,24000000,12078.510317060896,3 BHK
Bengaluru,JP Nagar Phase 7,3,1776,64200000,36148.64864864865,3 BHK
Bengaluru,JP Nagar Phase 7,3,2370,23000000,9704.64135021097,3 BHK
Bengaluru,HBR Layout,1,763,3335000,4370.904325032765,1 BHK
Bengaluru,Kalyan Nagar,3,1600,4698000,2936.25,3 BHK
Bengaluru,Whitefield Road,4,3200,7263000,2269.6875,4 BHK
Bengaluru,White Field,3,2750,7533000,2739.2727272727275,3 BHK
Bengaluru,Malleswaram,4,4465,7965000,1783.8745800671893,4 BHK
Bengaluru,Sarjapur Road,4,2730,6993000,2561.5384615384614,4 BHK
Bengaluru,Chandapura Anekal Road,2,947,9261000,9779.303062302006,2 BHK
Bengaluru,Kasavanahalli,2,870,9612000,11048.275862068966,2 BHK
Bengaluru,Kasavanahalli,3,1345,8181000,6082.527881040892,3 BHK
Bengaluru,Kasavanahalli,2,1395,6939000,4974.193548387097,2 BHK
Bengaluru,Kasavanahalli,3,1475,7884000,5345.0847457627115,3 BHK
Bengaluru,Kasavanahalli,2,1295,8451000,6525.868725868726,2 BHK
Bengaluru,Kasavanahalli,3,1715,11000000,6413.99416909621,3 BHK
Bengaluru,Kasavanahalli,3,1780,14300000,8033.70786516854,3 BHK
Bengaluru,Kasavanahalli,3,1515,2940000,1940.5940594059407,3 BHK
Bengaluru,Kasavanahalli,3,1285,4500000,3501.9455252918287,3 BHK
Bengaluru,Kasavanahalli,3,1460,2351000,1610.2739726027398,3 BHK
Bengaluru,Kasavanahalli,3,1565,9666000,6176.357827476038,3 BHK
Bengaluru,Hennur Road,3,1482,6403000,4320.51282051282,3 BHK
Bengaluru,Bommanahalli,2,1345,5901000,4387.360594795539,2 BHK
Bengaluru,Nirman Layout,2,850,7500000,8823.529411764706,2 BHK
Bengaluru,Devanahalli,2,1080,3400000,3148.1481481481483,2 BHK
Bengaluru,Chandapura,2,618,4772000,7721.68284789644,2 BHK
Bengaluru,Bagaluru Near Yelahanka,3,1859,2922000,1571.8128025820333,3 BHK
Bengaluru,Ramagondanahalli,3,1441,10900000,7564.191533657183,3 BHK
Bengaluru,Ramagondanahalli,3,1318,10800000,8194.23368740516,3 BHK
Bengaluru,Electronic City Phase 1,2,1217,10800000,8874.281018898932,2 BHK
Bengaluru,Chandapura,3,943,10800000,11452.810180275716,3 BHK
Bengaluru,Krishnarajapura,2,1085,3400000,3133.6405529953918,2 BHK
Bengaluru,Chandapura Anekal Road,2,835,14500000,17365.269461077845,2 BHK
Bengaluru,Hennur,3,1820,6015000,3304.945054945055,3 BHK
Bengaluru,Hennur,3,1815,5750000,3168.0440771349863,3 BHK
Bengaluru,Hennur,3,1805,7498999,4154.570083102493,3 BHK
Bengaluru,Hennur,3,1800,6174000,3430.0,3 BHK
Bengaluru,Chandapura,3,943,5883000,6238.600212089077,3 BHK
Bengaluru,JP Nagar Phase 1,3,1622,7208000,4443.896424167694,3 BHK
Bengaluru,RR Nagar,2,1135,6360000,5603.52422907489,2 BHK
Bengaluru,RR Nagar,2,1085,8081999,7448.847004608295,2 BHK
Bengaluru,RR Nagar,3,1415,6015000,4250.883392226148,3 BHK
Bengaluru,RR Nagar,2,1165,5750000,4935.622317596567,2 BHK
Bengaluru,RR Nagar,2,1110,3399000,3062.162162162162,2 BHK
Bengaluru,RR Nagar,3,1360,7100000,5220.588235294118,3 BHK
Bengaluru,RR Nagar,2,1200,8159999,6799.9991666666665,2 BHK
Bengaluru,RR Nagar,3,1525,7489000,4910.819672131148,3 BHK
Bengaluru,RR Nagar,2,1135,3047000,2684.581497797357,2 BHK
Bengaluru,RR Nagar,2,1085,14000000,12903.225806451614,2 BHK
Bengaluru,Banaswadi,2,1100,4133000,3757.2727272727275,2 BHK
Bengaluru,Whitefield Hope Farm Junction,3,1540,4704000,3054.5454545454545,3 BHK
Bengaluru,Chikkanayakanahalli at Off Sarjapur,3,1157,4428000,3827.1391529818497,3 BHK
Bengaluru,sarjapura attibele road,2,1018,4852000,4766.2082514734775,2 BHK
Bengaluru,OMBR Layout,3,1840,5812000,3158.695652173913,3 BHK
Bengaluru,Anekal City,1,645,4372000,6778.294573643411,1 BHK
Bengaluru,Anekal City,2,1025,4664000,4550.243902439024,2 BHK
Bengaluru,Kalyan Nagar,3,1176,10800000,9183.673469387755,3 BHK
Bengaluru,Kalyan Nagar,2,1107,8499000,7677.506775067751,2 BHK
Bengaluru,Kalyan Nagar,3,1213,10100000,8326.46331409728,3 BHK
Bengaluru,Kalyan Nagar,3,1453,10100000,6951.1355815554025,3 BHK
Bengaluru,Kalyan Nagar,2,1093,8256000,7553.522415370539,2 BHK
Bengaluru,Kalyan Nagar,3,1166,8460000,7255.57461406518,3 BHK
Bengaluru,Talaghattapura,3,1703,10800000,6341.749853200235,3 BHK
Bengaluru,Talaghattapura,2,1328,8306999,6255.270331325301,2 BHK
Bengaluru,Talaghattapura,3,1585,8294000,5232.807570977918,3 BHK
Bengaluru,Talaghattapura,3,1592,20200000,12688.442211055277,3 BHK
Bengaluru,Talaghattapura,2,1290,9326000,7229.457364341085,2 BHK
Bengaluru,Talaghattapura,2,1322,40000000,30257.186081694403,2 BHK
Bengaluru,Talaghattapura,3,1695,6290000,3710.914454277286,3 BHK
Bengaluru,Talaghattapura,2,1298,10400000,8012.326656394453,2 BHK
Bengaluru,Talaghattapura,2,1296,8400000,6481.481481481482,2 BHK
Bengaluru,Uttarahalli,3,2353,6015000,2556.3110922226942,3 BHK
Bengaluru,Whitefield Hope Farm Junction,3,1760,5883000,3342.6136363636365,3 BHK
Bengaluru,Hebbal,3,2500,5750000,2300.0,3 BHK
Bengaluru,Chandapura Anekal Road,2,1700,7155000,4208.823529411765,2 BHK
Bengaluru,Bagaluru Near Yelahanka,3,2005,7498999,3740.149127182045,3 BHK
Bengaluru,RR Nagar,3,1500,22500000,15000.0,3 BHK
Bengaluru,RR Nagar,2,1135,29000000,25550.66079295154,2 BHK
Bengaluru,RR Nagar,2,1110,27200000,24504.504504504504,2 BHK
Bengaluru,RR Nagar,2,1085,26700000,24608.294930875578,2 BHK
Bengaluru,RR Nagar,3,1350,27200000,20148.14814814815,3 BHK
Bengaluru,RR Nagar,3,1415,4237000,2994.34628975265,3 BHK
Bengaluru,Jayanagar,3,2050,3735000,1821.9512195121952,3 BHK
Bengaluru,Malleswaram,3,2475,3488000,1409.2929292929293,3 BHK
Bengaluru,Rajajinagar,4,3340,3077000,921.2574850299401,4 BHK
Bengaluru,Yeshwantpur,4,3275,2800000,854.9618320610687,4 BHK
Bengaluru,Yeshwantpur,4,3340,3300000,988.0239520958083,4 BHK
Bengaluru,sarjapura attibele road,3,1467,6332000,4316.291751874574,3 BHK
Bengaluru,Bommasandra,2,920,6564000,7134.782608695652,2 BHK
Bengaluru,Sompura,2,1090,2600000,2385.321100917431,2 BHK
Bengaluru,Chandapura,2,905,4100000,4530.386740331492,2 BHK
Bengaluru,Chandapura,2,875,3900000,4457.142857142857,2 BHK
Bengaluru,Maruthi Sevanagar,1,435,3400000,7816.091954022989,1 BHK
Bengaluru,Whitefield Hope Farm Junction,2,1195,16000000,13389.121338912133,2 BHK
Bengaluru,HSR Layout,3,1240,18000000,14516.129032258064,3 BHK
Bengaluru,Electronic City Phase 1,2,875,7498999,8570.284571428572,2 BHK
Bengaluru,Akshayanagar,2,1045,6174000,5908.133971291866,2 BHK
Bengaluru,Akshayanagar,2,1000,5883000,5883.0,2 BHK
Bengaluru,Akshayanagar,2,874,7208000,8247.139588100687,2 BHK
Bengaluru,Jalahalli,3,2100,6360000,3028.5714285714284,3 BHK
Bengaluru,Hebbal,3,2028,7500000,3698.224852071006,3 BHK
Bengaluru,RR Nagar,3,1415,12000000,8480.565371024735,3 BHK
Bengaluru,RR Nagar,2,1165,6700000,5751.07296137339,2 BHK
Bengaluru,RR Nagar,2,1110,6917000,6231.531531531532,2 BHK
Bengaluru,RR Nagar,3,1360,22799999,16764.705147058823,3 BHK
Bengaluru,RR Nagar,2,1200,2288000,1906.6666666666667,2 BHK
Bengaluru,Sahakar Nagar,2,1293,5835000,4512.76102088167,2 BHK
Bengaluru,Bellandur,2,1330,6038000,4539.849624060151,2 BHK
Bengaluru,Medaralli,3,1200,10500000,8750.0,3 BHK
Bengaluru,Electronic City Phase 1,2,1250,8634000,6907.2,2 BHK
Bengaluru,Yelahanka,4,3978,6200000,1558.572146807441,4 BHK
Bengaluru,Chandapura Anekal Road,1,520,3087000,5936.538461538462,1 BHK
Bengaluru,Kaggadasapura,2,1025,2300000,2243.9024390243903,2 BHK
Bengaluru,Horamavu Banjara Lyout,2,1285,17300000,13463.035019455252,2 BHK
Bengaluru,Electronic City Phase 1,3,1575,6587000,4182.222222222223,3 BHK
Bengaluru,Electronic City Phase 1,2,1275,7797000,6115.294117647059,2 BHK
Bengaluru,Bengaluru Kanakapura Road,2,1339,10900000,8140.403286034354,2 BHK
Bengaluru,Chandapura Anekal Road,3,908,8302000,9143.1718061674,3 BHK
Bengaluru,Bommasandra,1,735,4810000,6544.21768707483,1 BHK
Bengaluru,JP Nagar Phase 7,3,1792,16200000,9040.17857142857,3 BHK
Bengaluru,Harlur,2,1056,20700000,19602.272727272728,2 BHK
Bengaluru,Harlur,2,1250,3869000,3095.2,2 BHK
Bengaluru,Harlur,3,1760,3869000,2198.2954545454545,3 BHK
Bengaluru,Harlur,2,1331,8000000,6010.518407212622,2 BHK
Bengaluru,Ramamurthy Nagar,2,910,4978000,5470.32967032967,2 BHK
Bengaluru,Devanahalli,4,2545,5184000,2036.935166994106,4 BHK
Bengaluru,Adugodi,3,1915,3744000,1955.0913838120105,3 BHK
Bengaluru,Kudlu Gate,2,1060,5004000,4720.754716981132,2 BHK
Bengaluru,Basapura Main Road,2,1060,3744000,3532.0754716981132,2 BHK
Bengaluru,Wheeler Road Extension,2,996,5004000,5024.096385542169,2 BHK
Bengaluru,AECS Layout A Block Singasandra,3,1310,4720000,3603.053435114504,3 BHK
Bengaluru,Sarjapur,3,1440,5822000,4043.0555555555557,3 BHK
Bengaluru,Sarjapur,2,1040,5289000,5085.576923076923,2 BHK
Bengaluru,Sarjapur,3,1390,5043000,3628.0575539568345,3 BHK
Bengaluru,Sarjapur,2,1040,4034000,3878.846153846154,2 BHK
Bengaluru,Sarjapur,3,1390,4944000,3556.834532374101,3 BHK
Bengaluru,Gunjur Balagere Road,2,1180,6879000,5829.661016949152,2 BHK
Bengaluru,Jakkur,3,1420,6502000,4578.87323943662,3 BHK
Bengaluru,Jakkur,2,1290,3900000,3023.2558139534885,2 BHK
Bengaluru,Jakkur,3,1230,7936000,6452.032520325203,3 BHK
Bengaluru,Jakkur,2,984,15500000,15752.032520325203,2 BHK
Bengaluru,Jakkur,2,1206,16900000,14013.266998341625,2 BHK
Bengaluru,Jakkur,3,1586,4200000,2648.171500630517,3 BHK
Bengaluru,Hoskote,2,1223,12000000,9811.937857726902,2 BHK
Bengaluru,Devanahalli,2,1320,4476000,3390.909090909091,2 BHK
Bengaluru,Devanahalli,4,2185,16000000,7322.654462242563,4 BHK
Bengaluru,Devanahalli,3,2730,30600000,11208.791208791208,3 BHK
Bengaluru,Doddaballapur,3,1075,8081999,7518.1386046511625,3 BHK
Bengaluru,Hebbal,2,1294,6015000,4648.377125193199,2 BHK
Bengaluru,Gottigere,2,995,5750000,5778.894472361809,2 BHK
Bengaluru,Kumaraswamy Layout,3,1978,40800000,20626.895854398383,3 BHK
Bengaluru,Hulimavu,3,3035,13500000,4448.105436573312,3 BHK
Bengaluru,Bommasandra,2,1010,4133000,4092.079207920792,2 BHK
Bengaluru,RR Nagar,3,1525,3700000,2426.2295081967213,3 BHK
Bengaluru,RR Nagar,2,1135,16500000,14537.444933920704,2 BHK
Bengaluru,Sahakar Nagar,4,4000,5891000,1472.75,4 BHK
Bengaluru,Harlur,3,1806,9722000,5383.167220376523,3 BHK
Bengaluru,Anekal City,2,1025,6498000,6339.512195121952,2 BHK
Bengaluru,Chandapura,3,1325,17700000,13358.490566037735,3 BHK
Bengaluru,JP Nagar Phase 1,3,2317,10200000,4402.24428139836,3 BHK
Bengaluru,Whitefield Hope Farm Junction,5,7350,3796000,516.4625850340136,5+ BHK
Bengaluru,Devanahalli,1,1080,7800000,7222.222222222223,1 BHK
Bengaluru,Devanahalli,3,1630,6500000,3987.730061349693,3 BHK
Bengaluru,Devanahalli,2,1205,4133000,3429.875518672199,2 BHK
Bengaluru,Devanahalli,3,2850,6043000,2120.3508771929824,3 BHK
Bengaluru,Devanahalli,3,1715,23000000,13411.078717201166,3 BHK
Bengaluru,Hosa Road Electronic City,2,1040,6554000,6301.923076923077,2 BHK
Bengaluru,Whitefield Hope Farm Junction,3,1470,7248000,4930.6122448979595,3 BHK
Bengaluru,Whitefield Hope Farm Junction,2,1200,7433000,6194.166666666667,2 BHK
Bengaluru,Anekal City,2,1025,5118000,4993.170731707317,2 BHK
Bengaluru,Banaswadi,2,1185,5383000,4542.616033755275,2 BHK
Bengaluru,Sarjapur Road,4,2730,6033000,2209.8901098901097,4 BHK
Bengaluru,Devanahalli,2,1080,7448000,6896.2962962962965,2 BHK
Bengaluru,Begur,3,1450,6813000,4698.620689655172,3 BHK
Bengaluru,Begur,3,1487,7838000,5271.015467383994,3 BHK
Bengaluru,Begur,2,1024,6513000,6360.3515625,2 BHK
Bengaluru,Begur,2,1077,4649000,4316.620241411328,2 BHK
Bengaluru,Begur,2,1207,6618000,5483.015741507871,2 BHK
Bengaluru,Begur,3,1490,6628000,4448.322147651007,3 BHK
Bengaluru,Begur,3,1363,5063000,3714.600146735143,3 BHK
Bengaluru,Begur,3,1568,3900000,2487.2448979591836,3 BHK
Bengaluru,Begur,3,1303,6600000,5065.234075211051,3 BHK
Bengaluru,Begur,2,930,3650000,3924.7311827956987,2 BHK
Bengaluru,Begur,3,1324,8700000,6570.996978851964,3 BHK
Bengaluru,Begur,3,1326,4900000,3695.3242835595775,3 BHK
Bengaluru,Begur,2,1013,2150000,2122.4086870681144,2 BHK
Bengaluru,Channasandra Layout,2,920,11000000,11956.521739130434,2 BHK
Bengaluru,Budigere,2,1225,11000000,8979.591836734693,2 BHK
Bengaluru,Kudlu Gate,2,1005,11000000,10945.273631840795,2 BHK
Bengaluru,8th Phase JP Nagar,3,1414,11000000,7779.349363507779,3 BHK
Bengaluru,Hennur Road,2,1090,3180000,2917.4311926605506,2 BHK
Bengaluru,Kengeri,1,540,2300000,4259.259259259259,1 BHK
Bengaluru,Hennur Road,3,1482,4260000,2874.493927125506,3 BHK
Bengaluru,Hennur Road,3,1482,68100000,45951.417004048584,3 BHK
Bengaluru,Hennur Road,3,1482,8126000,5483.130904183536,3 BHK
Bengaluru,Hennur Road,3,1482,7367000,4970.985155195682,3 BHK
Bengaluru,Hennagara Main Road,2,1060,6025000,5683.962264150943,2 BHK
Bengaluru,Hennagara Main Road,1,735,5782000,7866.666666666667,1 BHK
Bengaluru,Kogilu,2,1065,5592000,5250.704225352113,2 BHK
Bengaluru,Off Cunningham Road,4,2714,7687000,2832.3507737656596,4 BHK
Bengaluru,Kudlu,3,1195,23000000,19246.861924686193,3 BHK
Bengaluru,Devanahalli,2,1440,11500000,7986.111111111111,2 BHK
Bengaluru,Devanahalli,1,1090,17400000,15963.302752293577,1 BHK
Bengaluru,Devanahalli,1,1060,19000000,17924.528301886792,1 BHK
Bengaluru,Devanahalli,1,1030,5420000,5262.135922330097,1 BHK
Bengaluru,Devanahalli,2,1550,2600000,1677.4193548387098,2 BHK
Bengaluru,Sarjapur Road,4,2730,4061999,1487.9117216117215,4 BHK
Bengaluru,RR Nagar,3,1626,13200000,8118.081180811808,3 BHK
Bengaluru,Devanahalli,3,2685,4500000,1675.977653631285,3 BHK
Bengaluru,Harlur,4,2805,4500000,1604.2780748663101,4 BHK
Bengaluru,Ramamurthy Nagar,2,1050,3800000,3619.0476190476193,2 BHK
Bengaluru,Chandapura,2,780,23300000,29871.79487179487,2 BHK
Bengaluru,sarjapura attibele road,3,1401,5175000,3693.7901498929336,3 BHK
Bengaluru,CV Raman Nagar,3,1660,17200000,10361.44578313253,3 BHK
Bengaluru,Uttarahalli,2,1045,22799999,21818.180861244018,2 BHK
Bengaluru,AGS Layout Arehalli,2,1110,29300000,26396.396396396398,2 BHK
Bengaluru,Talaghattapura,2,1110,2500000,2252.252252252252,2 BHK
Bengaluru,JP Nagar Phase 1,3,2425,3135000,1292.7835051546392,3 BHK
Bengaluru,Varthur,2,1150,2585000,2247.8260869565215,2 BHK
Bengaluru,JP Nagar Phase 7,3,1776,3711999,2090.089527027027,3 BHK
Bengaluru,JP Nagar Phase 7,3,2370,3190000,1345.9915611814347,3 BHK
Bengaluru,JP Nagar Phase 7,4,3012,2640000,876.4940239043825,4 BHK
Bengaluru,Bommasandra,1,785,2915000,3713.375796178344,1 BHK
Bengaluru,Electronic City Phase 2,2,1140,4363000,3827.1929824561403,2 BHK
Bengaluru,Electronic City Phase 2,2,940,8500000,9042.553191489362,2 BHK
Bengaluru,Electronic City Phase 2,3,1320,9595000,7268.939393939394,3 BHK
Bengaluru,Electronic City Phase 2,2,1160,4772000,4113.793103448276,2 BHK
Bengaluru,Electronic City Phase 2,2,960,11700000,12187.5,2 BHK
Bengaluru,Electronic City Phase 2,2,1060,7648999,7216.03679245283,2 BHK
Bengaluru,Vijaya Bank Layout,2,1212,4100000,3382.838283828383,2 BHK
Bengaluru,Kanakapura,3,1657,16100000,9716.354858177428,3 BHK
Bengaluru,Kogilu,2,1389,3301000,2376.529877609791,2 BHK
Bengaluru,Krishnarajapura,2,1085,22000000,20276.497695852533,2 BHK
Bengaluru,Begur,3,1476,3030000,2052.8455284552847,3 BHK
Bengaluru,Ramamurthy Nagar,3,1471,11000000,7477.906186267845,3 BHK
Bengaluru,Kengeri,1,793,11000000,13871.374527112232,1 BHK
Bengaluru,Off Bannerghatta Road,3,1660,7227000,4353.614457831325,3 BHK
Bengaluru,Marsur,2,1065,4230000,3971.830985915493,2 BHK
Bengaluru,Geddalahalli,4,3525,4133000,1172.4822695035461,4 BHK
Bengaluru,Bommasandra,2,1010,3613000,3577.227722772277,2 BHK
Bengaluru,Hennur Road,3,1482,7545999,5091.7672064777325,3 BHK
Bengaluru,Hennur Road,3,1482,9298000,6273.954116059379,3 BHK
Bengaluru,Electronic City Phase 1,2,1310,9091000,6939.694656488549,2 BHK
Bengaluru,Bommasandra,3,1410,9115000,6464.5390070921985,3 BHK
Bengaluru,Anekal City,2,1025,7575000,7390.243902439024,2 BHK
Bengaluru,Kanakapura,2,1004,7569000,7538.844621513944,2 BHK
Bengaluru,Kadugodi,2,1279,7640000,5973.416731821736,2 BHK
Bengaluru,Kadugodi,3,1576,9162000,5813.4517766497465,3 BHK
Bengaluru,Kadugodi,3,1541,9156000,5941.596365996106,3 BHK
Bengaluru,Kadugodi,3,1545,9221000,5968.284789644013,3 BHK
Bengaluru,Kadugodi,2,1284,6700000,5218.068535825545,2 BHK
Bengaluru,Kadugodi,2,1283,24600000,19173.81137957911,2 BHK
Bengaluru,Kadugodi,2,1295,3232000,2495.7528957528957,2 BHK
Bengaluru,Kadugodi,3,1553,3650000,2350.2897617514486,3 BHK
Bengaluru,Kadugodi,3,1552,13300000,8569.58762886598,3 BHK
Bengaluru,Kadugodi,3,1563,13300000,8509.277031349968,3 BHK
Bengaluru,Panathur Road,2,1007,24700000,24528.30188679245,2 BHK
Bengaluru,Whitefield,4,3600,10600000,2944.4444444444443,4 BHK
Bengaluru,Bommasandra,2,1010,12400000,12277.227722772277,2 BHK
Bengaluru,Hosur Main Road,2,1002,13100000,13073.852295409182,2 BHK
Bengaluru,Kumaraswamy Layout,3,1902,20099999,10567.822818086224,3 BHK
Bengaluru,Kumaraswamy Layout,3,1900,11399999,5999.999473684211,3 BHK
Bengaluru,Kasavanahalli,4,4132,18400000,4453.049370764763,4 BHK
Bengaluru,Kumaraswamy Layout,2,1517,16800000,11074.489123269612,2 BHK
Bengaluru,Kumaraswamy Layout,3,1780,21600000,12134.831460674157,3 BHK
Bengaluru,Kumaraswamy Layout,3,1882,18000000,9564.293304994686,3 BHK
Bengaluru,Kasavanahalli,4,3350,12800000,3820.89552238806,4 BHK
Bengaluru,Kasavanahalli,4,3077,26400000,8579.785505362366,4 BHK
Bengaluru,Kasavanahalli,4,2813,10100000,3590.472804834696,4 BHK
Bengaluru,Kasavanahalli,4,3600,10000000,2777.777777777778,4 BHK
Bengaluru,Kasavanahalli,4,3000,12800000,4266.666666666667,4 BHK
Bengaluru,Kumaraswamy Layout,3,1836,12900000,7026.143790849673,3 BHK
Bengaluru,Kumaraswamy Layout,3,1835,11900000,6485.013623978201,3 BHK
Bengaluru,Kasavanahalli,4,4410,11900000,2698.4126984126983,4 BHK
Bengaluru,Kumaraswamy Layout,2,1444,30000000,20775.623268698062,2 BHK
Bengaluru,Kumaraswamy Layout,2,1441,13799999,9576.682165163082,2 BHK
Bengaluru,Kumaraswamy Layout,3,1839,9975000,5424.143556280587,3 BHK
Bengaluru,Kumaraswamy Layout,3,1843,13600000,7379.27292457949,3 BHK
Bengaluru,Kumaraswamy Layout,3,1712,17700000,10338.785046728972,3 BHK
Bengaluru,Kumaraswamy Layout,3,1710,12700000,7426.900584795321,3 BHK
Bengaluru,Kasavanahalli,4,5000,17200000,3440.0,4 BHK
Bengaluru,Kumaraswamy Layout,2,1425,32799999,23017.543157894735,2 BHK
Bengaluru,Kumaraswamy Layout,3,1956,24300000,12423.312883435583,3 BHK
Bengaluru,Kasavanahalli,4,2950,33900000,11491.525423728814,4 BHK
Bengaluru,Kumaraswamy Layout,3,1824,23100000,12664.473684210527,3 BHK
Bengaluru,Kasavanahalli,4,2870,25600000,8919.8606271777,4 BHK
Bengaluru,Kumaraswamy Layout,3,1826,24000000,13143.483023001096,3 BHK
Bengaluru,JP Nagar Phase 4,4,3463,40599999,11723.938492636442,4 BHK
Bengaluru,JP Nagar Phase 4,3,2563,40800000,15918.84510339446,3 BHK
Bengaluru,JP Nagar Phase 4,4,3571,28300000,7924.950994119295,4 BHK
Bengaluru,JP Nagar Phase 4,3,2437,23500000,9643.003693065244,3 BHK
Bengaluru,JP Nagar Phase 4,4,2700,40199999,14888.888518518519,4 BHK
Bengaluru,JP Nagar Phase 4,3,2536,9912000,3908.5173501577287,3 BHK
Bengaluru,JP Nagar Phase 4,4,4282,21400000,4997.664642690332,4 BHK
Bengaluru,JP Nagar Phase 4,3,4300,40500000,9418.60465116279,3 BHK
Bengaluru,Banashankari,4,3033,41600000,13715.79294427959,4 BHK
Bengaluru,JP Nagar Phase 4,3,2482,9758000,3931.5068493150684,3 BHK
Bengaluru,Konanakunte,4,3498,41100000,11749.571183533448,4 BHK
Bengaluru,Kumaraswamy Layout,2,1416,23500000,16596.045197740114,2 BHK
Bengaluru,Banashankari,3,2378,20900000,8788.898233809925,3 BHK
Bengaluru,JP Nagar Phase 4,4,4273,29900000,6997.425696232155,4 BHK
Bengaluru,Konanakunte,4,3621,10800000,2982.6014913007457,4 BHK
Bengaluru,Kumaraswamy Layout,2,1394,8583000,6157.101865136298,2 BHK
Bengaluru,JP Nagar Phase 4,4,4336,8062000,1859.3173431734317,4 BHK
Bengaluru,Banashankari,3,2522,7651000,3033.7034099920697,3 BHK
Bengaluru,JP Nagar Phase 4,3,2200,7645999,3475.454090909091,3 BHK
Bengaluru,Banashankari,4,3205,9795000,3056.1622464898596,4 BHK
Bengaluru,Talaghattapura,3,1703,9790000,5748.678802113916,3 BHK
Bengaluru,Begur,3,1410,8116000,5756.0283687943265,3 BHK
Bengaluru,Begur,2,1493,8583000,5748.827863362358,2 BHK
Bengaluru,Begur,2,1417,8499000,5997.88285109386,2 BHK
Bengaluru,Begur,2,1416,10100000,7132.7683615819205,2 BHK
Bengaluru,Begur,3,1814,7984999,4401.873759647188,3 BHK
Bengaluru,Begur,3,1813,10100000,5570.876999448428,3 BHK
Bengaluru,Begur,2,1503,8256000,5493.013972055888,2 BHK
Bengaluru,Begur,3,1410,28400000,20141.843971631206,3 BHK
Bengaluru,Talaghattapura,2,1328,8460000,6370.481927710844,2 BHK
Bengaluru,Talaghattapura,3,1585,25000000,15772.870662460567,3 BHK
Bengaluru,Begur,2,1305,10800000,8275.862068965518,2 BHK
Bengaluru,Talaghattapura,3,1592,28200000,17713.56783919598,3 BHK
Bengaluru,Talaghattapura,2,1290,25299999,19612.402325581395,2 BHK
Bengaluru,JP Nagar Phase 1,3,2411,8306999,3445.4579012857735,3 BHK
Bengaluru,Talaghattapura,2,1322,43300000,32753.40393343419,2 BHK
Bengaluru,JP Nagar Phase 1,3,2124,89800000,42278.719397363464,3 BHK
Bengaluru,Talaghattapura,3,1695,18600000,10973.451327433628,3 BHK
Bengaluru,JP Nagar Phase 1,3,2399,11000000,4585.243851604835,3 BHK
Bengaluru,JP Nagar Phase 1,3,2145,20400000,9510.489510489511,3 BHK
Bengaluru,Talaghattapura,2,1298,23400000,18027.73497688752,2 BHK
Bengaluru,JP Nagar Phase 1,4,3467,11900000,3432.362272858379,4 BHK
Bengaluru,Hulimavu,4,6330,9300000,1469.1943127962086,4 BHK
Bengaluru,Hulimavu,3,2200,23100000,10500.0,3 BHK
Bengaluru,Begur,3,1830,13300000,7267.75956284153,3 BHK
Bengaluru,Hulimavu,3,2405,13200000,5488.5654885654885,3 BHK
Bengaluru,Uttarahalli,3,2353,13200000,5609.859753506163,3 BHK
Bengaluru,Junnasandra,3,2170,13100000,6036.8663594470045,3 BHK
Bengaluru,Junnasandra,3,1691,12900000,7628.622117090479,3 BHK
Bengaluru,Banashankari,3,2480,13700000,5524.193548387097,3 BHK
Bengaluru,Kumaraswamy Layout,3,1914,9100000,4754.440961337513,3 BHK
Bengaluru,Kumaraswamy Layout,3,1890,10900000,5767.195767195767,3 BHK
Bengaluru,Kumaraswamy Layout,3,1895,9996000,5274.934036939314,3 BHK
Bengaluru,Kumaraswamy Layout,3,1874,12600000,6723.585912486659,3 BHK
Bengaluru,Kumaraswamy Layout,3,1851,13500000,7293.354943273906,3 BHK
Bengaluru,Kumaraswamy Layout,3,1967,12600000,6405.693950177936,3 BHK
Bengaluru,Kumaraswamy Layout,2,1300,8441000,6493.076923076923,2 BHK
Bengaluru,Kumaraswamy Layout,2,1561,11200000,7174.8878923766815,2 BHK
Bengaluru,Kumaraswamy Layout,2,1428,23400000,16386.55462184874,2 BHK
Bengaluru,Kumaraswamy Layout,3,1803,11900000,6600.110926234054,3 BHK
Bengaluru,Kumaraswamy Layout,3,1932,9300000,4813.664596273292,3 BHK
Bengaluru,Kumaraswamy Layout,3,1806,23100000,12790.697674418605,3 BHK
Bengaluru,Harlur,2,1200,13300000,11083.333333333334,2 BHK
Bengaluru,Harlur,3,1630,13200000,8098.159509202454,3 BHK
Bengaluru,Kumaraswamy Layout,2,1300,11600000,8923.076923076924,2 BHK
Bengaluru,Kumaraswamy Layout,2,1428,20500000,14355.742296918768,2 BHK
Bengaluru,Kumaraswamy Layout,3,1803,17300000,9595.119245701608,3 BHK
Bengaluru,Kumaraswamy Layout,3,1932,25800000,13354.037267080745,3 BHK
Bengaluru,Kumaraswamy Layout,3,1806,12800000,7087.486157253599,3 BHK
Bengaluru,Kumaraswamy Layout,2,1671,5000000,2992.220227408737,2 BHK
Bengaluru,Kumaraswamy Layout,3,1936,12100000,6250.0,3 BHK
Bengaluru,Kasavanahalli,3,3432,10200000,2972.027972027972,3 BHK
Bengaluru,Kasavanahalli,4,2890,8441000,2920.7612456747406,4 BHK
Bengaluru,Kasavanahalli,4,4300,11200000,2604.6511627906975,4 BHK
Bengaluru,Harlur,3,1875,40400000,21546.666666666668,3 BHK
Bengaluru,Harlur,1,695,33100000,47625.89928057554,1 BHK
Bengaluru,Harlur,3,1760,33600000,19090.909090909092,3 BHK
Bengaluru,Harlur,2,1470,32000000,21768.7074829932,2 BHK
Bengaluru,Harlur,2,1200,19500000,16250.0,2 BHK
Bengaluru,Harlur,3,1630,10700000,6564.417177914111,3 BHK
Bengaluru,Konanakunte,4,3517,13200000,3753.1987489337503,4 BHK
Bengaluru,Konanakunte,3,2883,13000000,4509.191814082553,3 BHK
Bengaluru,Konanakunte,3,2929,11000000,3755.5479685899622,3 BHK
Bengaluru,Konanakunte,3,2791,12400000,4442.852024364027,3 BHK
Bengaluru,Harlur,4,2805,8306000,2961.1408199643492,4 BHK
Bengaluru,Harlur,3,1510,18500000,12251.655629139073,3 BHK
Bengaluru,Harlur,3,1880,9486000,5045.744680851064,3 BHK
Bengaluru,Harlur,3,1850,14500000,7837.8378378378375,3 BHK
Bengaluru,Konanakunte,3,1110,14700000,13243.243243243243,3 BHK
Bengaluru,Konanakunte,3,1250,8789000,7031.2,3 BHK
Bengaluru,Konanakunte,2,840,12000000,14285.714285714286,2 BHK
Bengaluru,Konanakunte,4,1884,14900000,7908.704883227177,4 BHK
Bengaluru,Konanakunte,2,958,8403000,8771.398747390396,2 BHK
Bengaluru,Konanakunte,3,1450,10900000,7517.241379310345,3 BHK
Bengaluru,Konanakunte,3,1489,10900000,7320.349227669577,3 BHK
Bengaluru,Konanakunte,2,859,9451000,11002.3282887078,2 BHK
Bengaluru,Konanakunte,3,1167,9423000,8074.5501285347045,3 BHK
Bengaluru,Konanakunte,3,1494,12800000,8567.60374832664,3 BHK
Bengaluru,Konanakunte,2,832,9513000,11433.89423076923,2 BHK
Bengaluru,Konanakunte,3,1104,12700000,11503.623188405798,3 BHK
Bengaluru,Konanakunte,3,1105,8485000,7678.733031674208,3 BHK
Bengaluru,Konanakunte,2,948,18800000,19831.223628691983,2 BHK
Bengaluru,Konanakunte,2,949,12300000,12961.011591148577,2 BHK
Bengaluru,Konanakunte,3,1287,5800000,4506.604506604506,3 BHK
Bengaluru,Konanakunte,3,1262,11900000,9429.477020602219,3 BHK
Bengaluru,Konanakunte,2,842,8159999,9691.210213776722,2 BHK
Bengaluru,Konanakunte,4,1935,8140000,4206.71834625323,4 BHK
Bengaluru,Konanakunte,3,1204,8159999,6777.40780730897,3 BHK
Bengaluru,Banashankari Stage III,2,1100,7950000,7227.272727272727,2 BHK
Bengaluru,Sadashiva Nagar,4,6200,6150000,991.9354838709677,4 BHK
Bengaluru,Kuvempu Layout on Hennur Main Road,3,1740,3869000,2223.5632183908046,3 BHK
Bengaluru,Electronic City Phase 2,3,1675,3869000,2309.8507462686566,3 BHK
Bengaluru,Electronic City Phase 2,3,1670,13799999,8263.47245508982,3 BHK
Bengaluru,Electronic City Phase 2,3,1675,17900000,10686.567164179105,3 BHK
Bengaluru,Electronic City Phase 2,3,1630,10700000,6564.417177914111,3 BHK
Bengaluru,Electronic City Phase 2,2,1230,7487000,6086.991869918699,2 BHK
Bengaluru,Hosur Main Road,2,1065,5578000,5237.55868544601,2 BHK
Bengaluru,Hosa Road Electronic City,2,1065,7959999,7474.177464788732,2 BHK
Bengaluru,Off Bannerghatta Road,3,1900,11100000,5842.105263157895,3 BHK
Bengaluru,Devanahalli,4,2700,11500000,4259.259259259259,4 BHK
Bengaluru,Devanahalli,3,1815,3000000,1652.892561983471,3 BHK
Bengaluru,Kumbalgodu,3,1407,4564000,3243.781094527363,3 BHK
Bengaluru,Electronic City Phase 2,3,1630,4304000,2640.4907975460123,3 BHK
Bengaluru,Adugodi,2,1083,4304000,3974.145891043398,2 BHK
Bengaluru,Adugodi,2,1127,3232000,2867.790594498669,2 BHK
Bengaluru,Kogilu,2,1141,6800000,5959.684487291849,2 BHK
Bengaluru,Hebbal,5,8500,8900000,1047.0588235294117,5+ BHK
Bengaluru,Kogilu,2,1076,17000000,15799.256505576208,2 BHK
Bengaluru,Kogilu,2,1076,33900000,31505.576208178438,2 BHK
Bengaluru,Bommasandra,2,1010,21500000,21287.128712871287,2 BHK
Bengaluru,Kodihalli on Old Airport Road,4,2920,9600000,3287.671232876712,4 BHK
Bengaluru,Devanahalli,2,1360,9318000,6851.470588235294,2 BHK
Bengaluru,Bellandur,2,1330,10000000,7518.796992481203,2 BHK
Bengaluru,Bilekahalli,3,1776,2840000,1599.099099099099,3 BHK
Bengaluru,Hulimavu,4,3375,7159999,2121.481185185185,4 BHK
Bengaluru,Banashankari,3,2378,29900000,12573.59125315391,3 BHK
Bengaluru,Kudlu Gate,2,1235,4305000,3485.8299595141702,2 BHK
Bengaluru,Bagaluru Near Yelahanka,3,1792,40199999,22433.03515625,3 BHK
Bengaluru,Bellandur,3,1595,3650000,2288.4012539184955,3 BHK
Bengaluru,Sarjapur Attibele,2,940,3030000,3223.404255319149,2 BHK
Bengaluru,Electronic City Phase 2,3,1477,2100000,1421.8009478672986,3 BHK
Bengaluru,Banashankari,3,2376,4948000,2082.4915824915824,3 BHK
Bengaluru,Chandapura,3,1230,6500000,5284.552845528456,3 BHK
Bengaluru,JP Nagar Phase 2,3,3240,9500000,2932.098765432099,3 BHK
Bengaluru,Hosa Road Electronic City,2,1005,9200000,9154.228855721392,2 BHK
Bengaluru,Bommasandra,2,1010,10500000,10396.039603960397,2 BHK
Bengaluru,Bannerghatta,1,720,8200000,11388.888888888889,1 BHK
Bengaluru,Uttarahalli,2,1100,10900000,9909.09090909091,2 BHK
Bengaluru,Bellari Road,2,1310,3869000,2953.4351145038167,2 BHK
Bengaluru,Kudlu Gate,2,1235,3869000,3132.7935222672063,2 BHK
Bengaluru,Bellandur,3,1830,3869000,2114.207650273224,3 BHK
Bengaluru,Sahakar Nagar,3,1570,6000000,3821.6560509554142,3 BHK
Bengaluru,Whitefield Hope Farm Junction,3,1555,31000000,19935.691318327976,3 BHK
Bengaluru,Thanisandra,4,2204,11900000,5399.274047186933,4 BHK
Bengaluru,Hosa Road Electronic City,2,1060,8033000,7578.301886792453,2 BHK
Bengaluru,Kudlu Gate,2,1060,8877000,8374.528301886792,2 BHK
Bengaluru,Hosa Road Junction,2,1060,3030000,2858.490566037736,2 BHK
Bengaluru,Doddaballapur,4,1690,3950000,2337.2781065088757,4 BHK
Bengaluru,Bhoopasandra,2,3000,5000000,1666.6666666666667,2 BHK
Bengaluru,Marathahalli,3,1598,11900000,7446.808510638298,3 BHK
Bengaluru,Narayanapura on Hennur Main Road,2,1341,6200000,4623.415361670395,2 BHK
Bengaluru,Narayanapura on Hennur Main Road,3,1482,2310000,1558.7044534412955,3 BHK
Bengaluru,Kachanayakanahalli,2,1010,4057000,4016.831683168317,2 BHK
Bengaluru,Mysore Road,2,883,3700000,4190.260475651189,2 BHK
Bengaluru,Kumbalgodu,1,888,12500000,14076.576576576577,1 BHK
Bengaluru,Bilekahalli,3,1887,3902000,2067.8325384207737,3 BHK
Bengaluru,Seegehalli Road,2,1320,2800000,2121.212121212121,2 BHK
Bengaluru,Chandapura,2,660,9500000,14393.939393939394,2 BHK
Bengaluru,Sarjapur Attibele,3,1400,11100000,7928.571428571428,3 BHK
Bengaluru,Channasandra Layout,2,920,11200000,12173.91304347826,2 BHK
Bengaluru,Ramamurthy Nagar,3,1763,6251000,3545.6608054452636,3 BHK
Bengaluru,Chandapura Anekal Road,2,985,3232000,3281.2182741116753,2 BHK
Bengaluru,Chandapura,2,873,2150000,2462.772050400916,2 BHK
Bengaluru,Budigere,3,1500,5305000,3536.6666666666665,3 BHK
Bengaluru,Bagaluru Near Yelahanka,3,2145,5143000,2397.6689976689977,3 BHK
Bengaluru,Sarjapur Road,3,2064,7559999,3662.7902131782944,3 BHK
Bengaluru,HAL,2,1115,5229000,4689.686098654708,2 BHK
Bengaluru,Bommasandra,2,1010,8545000,8460.39603960396,2 BHK
Bengaluru,Chandapura,1,590,5364000,9091.525423728814,1 BHK
Bengaluru,Kasavanahalli,2,1179,8716000,7392.705682782019,2 BHK
Bengaluru,Kasavanahalli,2,1143,7373000,6450.568678915136,2 BHK
Bengaluru,Kasavanahalli,3,1680,4985000,2967.2619047619046,3 BHK
Bengaluru,Kasavanahalli,2,1162,10900000,9380.378657487092,2 BHK
Hyderabad,Nizampet,2,1340,6968000,5200.0,2 BHK
Hyderabad,Hitech City,4,3498,29000000,8290.451686678101,4 BHK
Hyderabad,Manikonda,2,1318,6590000,5000.0,2 BHK
Hyderabad,Alwal,3,1295,5739000,4431.660231660232,3 BHK
Hyderabad,Kukatpally,2,1145,5679000,4959.825327510917,2 BHK
Hyderabad,Nizampet,2,1230,6099000,4958.536585365854,2 BHK
Hyderabad,Manikonda,2,1350,7000000,5185.185185185185,2 BHK
Hyderabad,Gachibowli,3,1400,4198000,2998.5714285714284,3 BHK
Hyderabad,Tellapur,3,2240,9900000,4419.642857142857,3 BHK
Hyderabad,Gachibowli,2,1520,9800000,6447.368421052632,2 BHK
Hyderabad,Kokapet,3,1535,8903000,5800.0,3 BHK
Hyderabad,Hyder Nagar,2,1150,6300000,5478.260869565217,2 BHK
Hyderabad,Mehdipatnam,2,1285,6300000,4902.72373540856,2 BHK
Hyderabad,Tellapur,3,1897,9000000,4744.33315761729,3 BHK
Hyderabad,Narsingi,3,1725,11100000,6434.782608695652,3 BHK
Hyderabad,Khajaguda Nanakramguda Road,3,1665,11500000,6906.906906906907,3 BHK
Hyderabad,Kukatpally,3,1592,10900000,6846.733668341709,3 BHK
Hyderabad,Madhapur,2,1150,8625000,7500.0,2 BHK
Hyderabad,Tellapur,3,2240,9900000,4419.642857142857,3 BHK
Hyderabad,Puppalaguda,3,1050,3900000,3714.285714285714,3 BHK
Hyderabad,Puppalaguda,3,1735,7800000,4495.677233429395,3 BHK
Hyderabad,Narsingi,3,2800,19600000,7000.0,3 BHK
Hyderabad,Begumpet,2,1050,6050000,5761.9047619047615,2 BHK
Hyderabad,Kukatpally,2,1230,6150000,5000.0,2 BHK
Hyderabad,Nizampet,2,1175,5000000,4255.31914893617,2 BHK
Hyderabad,Nizampet,2,1190,4760000,4000.0,2 BHK
Hyderabad,Banjara Hills,4,2956,30000000,10148.849797023004,4 BHK
Hyderabad,AS Rao Nagar,2,680,2500000,3676.470588235294,2 BHK
Hyderabad,Pragathi Nagar Kukatpally,2,1350,5900000,4370.37037037037,2 BHK
Hyderabad,Miyapur,3,1970,9700000,4923.8578680203045,3 BHK
Hyderabad,Mallampet,2,1105,4641000,4200.0,2 BHK
Hyderabad,Nanakramguda,3,2005,16000000,7980.049875311721,3 BHK
Hyderabad,Mallampet,2,1105,4641000,4200.0,2 BHK
Hyderabad,Attapur,3,1406,7500000,5334.281650071124,3 BHK
Hyderabad,Alwal,3,1545,6140000,3974.1100323624596,3 BHK
Hyderabad,Nanakramguda,3,1495,10500000,7023.411371237458,3 BHK
Hyderabad,West Marredpally,3,1300,7200000,5538.461538461538,3 BHK
Hyderabad,Nizampet,2,1200,4600000,3833.3333333333335,2 BHK
Hyderabad,Hitech City,3,1450,10400000,7172.413793103448,3 BHK
Hyderabad,Banjara Hills,3,1450,9500000,6551.724137931034,3 BHK
Hyderabad,Narsingi,3,1912,9942000,5199.79079497908,3 BHK
Hyderabad,Manikonda,3,1850,9250000,5000.0,3 BHK
Hyderabad,Puppalaguda,3,1300,4500000,3461.5384615384614,3 BHK
Hyderabad,Kompally,3,1674,9600000,5734.767025089605,3 BHK
Hyderabad,Sri Nagar Colony,3,1242,8600000,6924.315619967794,3 BHK
Hyderabad,Hakimpet,2,850,2700000,3176.470588235294,2 BHK
Hyderabad,Pocharam,3,1895,6600000,3482.8496042216357,3 BHK
Hyderabad,Nagole,3,1636,8589000,5250.0,3 BHK
Hyderabad,LB Nagar,2,1076,5500000,5111.5241635687735,2 BHK
Hyderabad,Meerpet,2,1080,3200000,2962.962962962963,2 BHK
Hyderabad,Kachiguda,3,2100,20500000,9761.904761904761,3 BHK
Hyderabad,Manikonda,2,1265,6300000,4980.237154150198,2 BHK
Hyderabad,Masab Tank,3,1300,6400000,4923.076923076923,3 BHK
Hyderabad,Miyapur,2,1089,4988000,4580.348943985307,2 BHK
Hyderabad,Kondapur,2,1400,10500000,7500.0,2 BHK
Hyderabad,Saroornagar,2,850,4300000,5058.823529411765,2 BHK
Hyderabad,Nizampet,2,1100,3900000,3545.4545454545455,2 BHK
Hyderabad,Uppal Kalan,3,1700,5500000,3235.294117647059,3 BHK
Hyderabad,Tellapur,3,2150,10300000,4790.697674418605,3 BHK
Hyderabad,Mallapur,2,1195,6600000,5523.012552301255,2 BHK
Hyderabad,Miyapur,2,1105,6500000,5882.35294117647,2 BHK
Hyderabad,Manikonda,2,1205,5784000,4800.0,2 BHK
Hyderabad,Rajendra Nagar,3,1250,5500000,4400.0,3 BHK
Hyderabad,Puppalaguda,2,1340,6700000,5000.0,2 BHK
Hyderabad,Beeramguda,2,950,3000000,3157.8947368421054,2 BHK
Hyderabad,Moosapet,2,1100,4700000,4272.727272727273,2 BHK
Hyderabad,Kondapur,3,1908,15000000,7861.635220125786,3 BHK
Hyderabad,Bachupally,3,1675,7872000,4699.701492537313,3 BHK
Hyderabad,Toli Chowki,3,1420,7500000,5281.69014084507,3 BHK
Hyderabad,Nanakramguda,2,910,3200000,3516.4835164835163,2 BHK
Hyderabad,Lakdikapul,3,1325,5600000,4226.415094339623,3 BHK
Hyderabad,Tarnaka,3,1717,11000000,6406.523005241701,3 BHK
Hyderabad,West Marredpally,3,2400,12000000,5000.0,3 BHK
Hyderabad,Kondapur,2,1150,6900000,6000.0,2 BHK
Hyderabad,Toli Chowki,3,1000,3900000,3900.0,3 BHK
Hyderabad,Kistareddypet,2,1200,3999000,3332.5,2 BHK
Hyderabad,Pragathi Nagar Kukatpally,2,1040,4460000,4288.461538461538,2 BHK
Hyderabad,Hafeezpet,2,1181,7298999,6180.354784081287,2 BHK
Hyderabad,Kompally,3,2100,10500000,5000.0,3 BHK
Hyderabad,Shaikpet,3,1550,12000000,7741.935483870968,3 BHK
Hyderabad,Amberpet,3,1280,7700000,6015.625,3 BHK
Hyderabad,Kokapet,3,1945,12400000,6375.321336760925,3 BHK
Hyderabad,Hitech City,4,3500,28200000,8057.142857142857,4 BHK
Hyderabad,Nagole,2,1000,3700000,3700.0,2 BHK
Hyderabad,Miyapur,2,1200,8000000,6666.666666666667,2 BHK
Hyderabad,Gachibowli,4,2729,17700000,6485.892268230121,4 BHK
Hyderabad,AS Rao Nagar,3,1500,6998999,4665.999333333333,3 BHK
Hyderabad,Banjara Hills,3,2165,19400000,8960.739030023095,3 BHK
Hyderabad,Kapra,2,1050,3000000,2857.1428571428573,2 BHK
Hyderabad,Bachupally,2,1150,2999000,2607.8260869565215,2 BHK
Hyderabad,West Marredpally,3,1822,8500000,4665.203073545555,3 BHK
Hyderabad,Puppalaguda,1,1270,6500000,5118.110236220473,1 BHK
Hyderabad,Trimalgherry,1,1300,4500000,3461.5384615384614,1 BHK
Hyderabad,Habsiguda,3,1600,8500000,5312.5,3 BHK
Hyderabad,Sanath Nagar,3,1818,14500000,7975.797579757976,3 BHK
Hyderabad,Darga Khaliz Khan,2,1282,8000000,6240.249609984399,2 BHK
Hyderabad,Manikonda,3,1830,8600000,4699.453551912568,3 BHK
Hyderabad,Kokapet,3,1815,9073000,4998.8980716253445,3 BHK
Hyderabad,Puppalaguda,1,1400,6700000,4785.714285714285,1 BHK
Hyderabad,Nizampet,2,1220,6344000,5200.0,2 BHK
Hyderabad,Nizampet,3,1650,8580000,5200.0,3 BHK
Hyderabad,Nizampet,3,1680,8736000,5200.0,3 BHK
Hyderabad,Nizampet,3,1555,8086000,5200.0,3 BHK
Hyderabad,Nizampet,3,1685,8762000,5200.0,3 BHK
Hyderabad,Nizampet,3,1520,7904000,5200.0,3 BHK
Hyderabad,Nizampet,2,1225,6370000,5200.0,2 BHK
Hyderabad,Nizampet,3,1795,9334000,5200.0,3 BHK
Hyderabad,Nizampet,2,1435,7462000,5200.0,2 BHK
Hyderabad,Nizampet,2,1430,7436000,5200.0,2 BHK
Hyderabad,Nizampet,2,1265,6578000,5200.0,2 BHK
Hyderabad,Manikonda,3,2080,10400000,5000.0,3 BHK
Hyderabad,Manikonda,3,2092,10400000,4971.31931166348,3 BHK
Hyderabad,Manikonda,2,1370,6850000,5000.0,2 BHK
Hyderabad,Manikonda,3,2232,11100000,4973.118279569892,3 BHK
Hyderabad,Manikonda,3,2063,10300000,4992.729035385361,3 BHK
Hyderabad,Manikonda,2,1400,7000000,5000.0,2 BHK
Hyderabad,Manikonda,3,1865,9325000,5000.0,3 BHK
Hyderabad,Manikonda,3,2270,11299999,4977.973127753304,3 BHK
Hyderabad,Manikonda,3,1896,9480000,5000.0,3 BHK
Hyderabad,Hitech City,4,3031,25600000,8446.057406796437,4 BHK
Hyderabad,Manikonda,3,1702,8510000,5000.0,3 BHK
Hyderabad,Manikonda,2,1350,6750000,5000.0,2 BHK
Hyderabad,Manikonda,3,1525,7625000,5000.0,3 BHK
Hyderabad,Manikonda,2,1225,6125000,5000.0,2 BHK
Hyderabad,Manikonda,3,1728,8640000,5000.0,3 BHK
Hyderabad,Manikonda,3,1725,8625000,5000.0,3 BHK
Hyderabad,Manikonda,2,1300,6500000,5000.0,2 BHK
Hyderabad,Manikonda,3,1600,8000000,5000.0,3 BHK
Hyderabad,Manikonda,2,1200,6000000,5000.0,2 BHK
Hyderabad,Kothaguda,3,1640,9900000,6036.585365853659,3 BHK
Hyderabad,Kompally,3,1830,8234999,4499.999453551913,3 BHK
Hyderabad,Kompally,3,1835,8256999,4499.7269754768395,3 BHK
Hyderabad,Tellapur,3,1570,7100000,4522.292993630574,3 BHK
Hyderabad,Tellapur,3,1570,9900000,6305.732484076433,3 BHK
Hyderabad,Sanath Nagar,3,1895,16000000,8443.271767810027,3 BHK
Hyderabad,Manikonda,3,1600,8000000,5000.0,3 BHK
Hyderabad,Kukatpally,2,1140,5654000,4959.649122807017,2 BHK
Hyderabad,Kukatpally,2,1150,5704000,4960.0,2 BHK
Hyderabad,Kukatpally,3,1530,7588000,4959.477124183007,3 BHK
Hyderabad,Nizampet,2,1230,5999000,4877.235772357723,2 BHK
Hyderabad,Manikonda,2,1300,6000000,4615.384615384615,2 BHK
Hyderabad,Gachibowli,2,1050,3148000,2998.095238095238,2 BHK
Hyderabad,Gachibowli,3,1665,6325000,3798.798798798799,3 BHK
Hyderabad,Gachibowli,2,1250,4748000,3798.4,2 BHK
Hyderabad,Gachibowli,2,1250,4748000,3798.4,2 BHK
Hyderabad,Gachibowli,3,1900,8168000,4298.9473684210525,3 BHK
Hyderabad,Gachibowli,3,1900,8168000,4298.9473684210525,3 BHK
Hyderabad,Gachibowli,2,1815,7802000,4298.62258953168,2 BHK
Hyderabad,Gachibowli,2,1250,5373000,4298.4,2 BHK
Hyderabad,Moosapet,3,1530,7400000,4836.601307189542,3 BHK
Hyderabad,Balanagar,3,1530,7400000,4836.601307189542,3 BHK
Hyderabad,Kokapet,4,3380,20200000,5976.331360946746,4 BHK
Hyderabad,Kokapet,3,1875,10800000,5760.0,3 BHK
Hyderabad,Kokapet,3,2540,15200000,5984.251968503937,3 BHK
Hyderabad,Kokapet,4,2630,15200000,5779.467680608365,4 BHK
Hyderabad,Jubilee Hills,4,4500,47200000,10488.888888888889,4 BHK
Hyderabad,Kokapet,4,3380,21500000,6360.94674556213,4 BHK
Hyderabad,Manikonda,3,2700,12000000,4444.444444444444,3 BHK
Hyderabad,Tellapur,3,1792,10000000,5580.357142857143,3 BHK
Hyderabad,Tellapur,3,1673,9500000,5678.421996413628,3 BHK
Hyderabad,Narsingi,3,1665,10700000,6426.426426426427,3 BHK
Hyderabad,Narsingi,3,1640,10700000,6524.390243902439,3 BHK
Hyderabad,Narsingi,3,1640,10700000,6524.390243902439,3 BHK
Hyderabad,raidurgam,3,1665,11500000,6906.906906906907,3 BHK
Hyderabad,Banjara Hills,3,2200,17000000,7727.272727272727,3 BHK
Hyderabad,Pragathi Nagar Kukatpally,2,1170,4000000,3418.803418803419,2 BHK
Hyderabad,Banjara Hills,4,1600,8500000,5312.5,4 BHK
Hyderabad,Miyapur,3,1644,8600000,5231.143552311435,3 BHK
Hyderabad,Miyapur,3,1644,8599000,5230.535279805353,3 BHK
Hyderabad,Miyapur,3,1687,8898000,5274.451689389449,3 BHK
Hyderabad,Miyapur,3,1650,8599000,5211.515151515152,3 BHK
Hyderabad,Miyapur,3,1554,8298999,5340.411196911197,3 BHK
Hyderabad,Miyapur,3,1684,8598000,5105.700712589073,3 BHK
Hyderabad,Miyapur,3,1650,8898000,5392.727272727273,3 BHK
Hyderabad,Murad Nagar,2,970,4200000,4329.896907216495,2 BHK
Hyderabad,Tellapur,3,2240,10000000,4464.285714285715,3 BHK
Hyderabad,Tellapur,3,2240,10000000,4464.285714285715,3 BHK
Hyderabad,Nizampet,2,1100,4400000,4000.0,2 BHK
Hyderabad,Chandanagar,3,1600,7840000,4900.0,3 BHK
Hyderabad,Hitech City,2,1150,8600000,7478.260869565217,2 BHK
Hyderabad,Manikonda,3,1415,6800000,4805.653710247349,3 BHK
Hyderabad,Banjara Hills,3,1980,18500000,9343.434343434343,3 BHK
Hyderabad,Chandanagar,2,1200,5880000,4900.0,2 BHK
Hyderabad,Kukatpally,3,1905,9906000,5200.0,3 BHK
Hyderabad,Kukatpally,3,1925,10000000,5194.805194805195,3 BHK
Hyderabad,Uppal Kalan,3,1482,6187000,4174.763832658569,3 BHK
Hyderabad,Nizampet,2,1100,3800000,3454.5454545454545,2 BHK
Hyderabad,East Marredpally,3,1800,11500000,6388.888888888889,3 BHK
Hyderabad,East Marredpally,3,1800,12000000,6666.666666666667,3 BHK
Hyderabad,Mallampet,2,1105,4641000,4200.0,2 BHK
Hyderabad,Kukatpally,3,1730,11100000,6416.184971098266,3 BHK
Hyderabad,Aminpur,2,1100,4400000,4000.0,2 BHK
Hyderabad,Aminpur,2,1100,4400000,4000.0,2 BHK
Hyderabad,Aminpur,2,1100,4400000,4000.0,2 BHK
Hyderabad,Aminpur,2,1100,4400000,4000.0,2 BHK
Hyderabad,Kondapur,2,1165,7847000,6735.622317596567,2 BHK
Hyderabad,Aminpur,2,1100,4400000,4000.0,2 BHK
Hyderabad,Kondapur,3,1535,10000000,6514.657980456026,3 BHK
Hyderabad,Aminpur,2,1110,4400000,3963.963963963964,2 BHK
Hyderabad,Manikonda,2,1278,6500000,5086.071987480438,2 BHK
Hyderabad,Attapur,3,1406,7500000,5334.281650071124,3 BHK
Hyderabad,Mallapur,2,1190,6500000,5462.18487394958,2 BHK
Hyderabad,Pragathi Nagar Kukatpally,2,1215,5300000,4362.139917695473,2 BHK
Hyderabad,Kondapur,3,1770,10700000,6045.197740112994,3 BHK
Hyderabad,Alwal,2,1210,4840000,4000.0,2 BHK
Hyderabad,Gajularamaram,2,1010,4542000,4497.029702970297,2 BHK
Hyderabad,Serilingampally,3,1620,8100000,5000.0,3 BHK
Hyderabad,Gajularamaram,3,1555,6931000,4457.2347266881025,3 BHK
Hyderabad,Kukatpally,2,1190,7098999,5965.545378151261,2 BHK
Hyderabad,Kukatpally,3,1730,11100000,6416.184971098266,3 BHK
Hyderabad,Kondapur,2,1165,7240000,6214.592274678112,2 BHK
Hyderabad,East Marredpally,3,1670,10000000,5988.023952095808,3 BHK
Hyderabad,Hitech City,3,1350,13000000,9629.62962962963,3 BHK
Hyderabad,Sri Nagar Colony,4,4780,43000000,8995.81589958159,4 BHK
Hyderabad,Serilingampally,3,1836,8900000,4847.494553376906,3 BHK
Hyderabad,West Marredpally,3,1970,15000000,7614.213197969543,3 BHK
Hyderabad,Kukatpally,3,2000,12000000,6000.0,3 BHK
Hyderabad,Kondapur,2,1210,7744000,6400.0,2 BHK
Hyderabad,Kondapur,3,1535,9760000,6358.306188925081,3 BHK
Hyderabad,Kondapur,2,1315,8500000,6463.878326996198,2 BHK
Hyderabad,AS Rao Nagar,1,680,2500000,3676.470588235294,1 BHK
Hyderabad,Malkajgiri,2,1200,8200000,6833.333333333333,2 BHK
Hyderabad,Kokapet,3,1735,10800000,6224.78386167147,3 BHK
Hyderabad,Jubilee Hills,3,2500,27500000,11000.0,3 BHK
Hyderabad,Kondapur,4,3959,35000000,8840.616317251832,4 BHK
Hyderabad,Narsingi,3,1889,9822000,5199.576495500265,3 BHK
Hyderabad,Kondapur,4,4500,30000000,6666.666666666667,4 BHK
Hyderabad,Jubilee Hills,3,2500,27500000,11000.0,3 BHK
Hyderabad,Alwal,2,1220,4880000,4000.0,2 BHK
Hyderabad,Miyapur,3,1920,9984000,5200.0,3 BHK
Hyderabad,West Marredpally,4,2700,25000000,9259.25925925926,4 BHK
Hyderabad,Mettuguda,3,1300,5400000,4153.846153846154,3 BHK
Hyderabad,Banjara Hills,3,2100,15000000,7142.857142857143,3 BHK
Hyderabad,Miyapur,3,1920,9984000,5200.0,3 BHK
Hyderabad,Miyapur,3,1925,10000000,5194.805194805195,3 BHK
Hyderabad,Kondapur,2,1885,11800000,6259.946949602122,2 BHK
Hyderabad,Gajularamaram,2,1010,4542000,4497.029702970297,2 BHK
Hyderabad,Kukatpally,3,1695,10900000,6430.678466076696,3 BHK
Hyderabad,Kukatpally,2,1090,7098999,6512.843119266055,2 BHK
Hyderabad,Jubilee Hills,3,3100,46000000,14838.709677419354,3 BHK
Hyderabad,Jubilee Hills,3,2200,19800000,9000.0,3 BHK
Hyderabad,Kondapur,3,1521,7600000,4996.712689020382,3 BHK
Hyderabad,Kokapet,3,2490,18000000,7228.915662650603,3 BHK
Hyderabad,Narsingi,3,1675,12300000,7343.2835820895525,3 BHK
Hyderabad,Narsingi,3,1675,12300000,7343.2835820895525,3 BHK
Hyderabad,Nizampet,2,1260,5500000,4365.079365079365,2 BHK
Hyderabad,Nizampet,2,1105,3700000,3348.41628959276,2 BHK
Hyderabad,Nizampet,2,1200,4850000,4041.6666666666665,2 BHK
Hyderabad,Begumpet,2,900,4500000,5000.0,2 BHK
Hyderabad,Malkajgiri,3,1710,7600000,4444.444444444444,3 BHK
Hyderabad,Sri Nagar Colony,3,1242,8600000,6924.315619967794,3 BHK
Hyderabad,Malkajgiri,3,1705,7500000,4398.826979472141,3 BHK
Hyderabad,Malkajgiri,2,1050,5200000,4952.380952380952,2 BHK
Hyderabad,Mehdipatnam,3,1225,5700000,4653.061224489796,3 BHK
Hyderabad,Venkat Nagar Colony,3,1675,10800000,6447.761194029851,3 BHK
Hyderabad,Kokapet,3,1945,13000000,6683.8046272493575,3 BHK
Hyderabad,Nizampet,2,1000,3650000,3650.0,2 BHK
Hyderabad,Hitech City,2,1150,8625000,7500.0,2 BHK
Hyderabad,Kondakal,3,1330,7500000,5639.097744360903,3 BHK
Hyderabad,Kondapur,3,2250,20000000,8888.888888888889,3 BHK
Hyderabad,Tellapur,3,2240,10000000,4464.285714285715,3 BHK
Hyderabad,Banjara Hills,4,4500,45000000,10000.0,4 BHK
Hyderabad,Gajularamaram,2,800,3300000,4125.0,2 BHK
Hyderabad,Chandanagar,2,1150,5635000,4900.0,2 BHK
Hyderabad,Nanakramguda,3,1840,12900000,7010.869565217391,3 BHK
Hyderabad,Gopanpally,3,1560,7800000,5000.0,3 BHK
Hyderabad,Serilingampally,2,1300,6300000,4846.153846153846,2 BHK
Hyderabad,Somajiguda,4,3200,28000000,8750.0,4 BHK
Hyderabad,Banjara Hills,3,2950,30000000,10169.49152542373,3 BHK
Hyderabad,Banjara Hills,3,2950,30000000,10169.49152542373,3 BHK
Hyderabad,Gachibowli,4,1699,12500000,7357.268981753973,4 BHK
Hyderabad,Nagole,2,1254,6583000,5249.601275917065,2 BHK
Hyderabad,Nagole,3,1710,8977000,5249.707602339181,3 BHK
Hyderabad,Kukatpally,4,4067,35500000,8728.792721908041,4 BHK
Hyderabad,Uppal Kalan,2,1320,7500000,5681.818181818182,2 BHK
Hyderabad,Puppalaguda,3,1605,7000000,4361.370716510904,3 BHK
Hyderabad,Madhapur,3,2120,14500000,6839.622641509434,3 BHK
Hyderabad,Nallagandla Gachibowli,3,1860,13500000,7258.064516129032,3 BHK
Hyderabad,Nallagandla Gachibowli,3,1860,13500000,7258.064516129032,3 BHK
Hyderabad,Krishna Reddy Pet,2,1050,2700000,2571.4285714285716,2 BHK
Hyderabad,Miyapur,3,1550,8990000,5800.0,3 BHK
Hyderabad,Hitech City,4,3090,27500000,8899.676375404531,4 BHK
Hyderabad,Gachibowli,5,6718,66400000,9883.894016076214,5+ BHK
Hyderabad,Kondapur,2,1195,7500000,6276.150627615063,2 BHK
Hyderabad,AS Rao Nagar,3,1230,5700000,4634.1463414634145,3 BHK
Hyderabad,Banjara Hills,4,2956,33000000,11163.734776725305,4 BHK
Hyderabad,LB Nagar,2,1076,5500000,5111.5241635687735,2 BHK
Hyderabad,Bolarum,2,842,3578000,4249.406175771972,2 BHK
Hyderabad,Miyapur,2,1200,7800000,6500.0,2 BHK
Hyderabad,Jubilee Hills,4,4500,52000000,11555.555555555555,4 BHK
Hyderabad,Jubilee Hills,4,3600,40000000,11111.111111111111,4 BHK
Hyderabad,Banjara Hills,3,3500,36700000,10485.714285714286,3 BHK
Hyderabad,Banjara Hills,3,3500,36700000,10485.714285714286,3 BHK
Hyderabad,Madhapur,2,1150,8600000,7478.260869565217,2 BHK
Hyderabad,Hitech City,2,1150,9000000,7826.086956521739,2 BHK
Hyderabad,Hitech City,2,1150,9000000,7826.086956521739,2 BHK
Hyderabad,Nanakramguda,2,1245,9877000,7933.333333333333,2 BHK
Hyderabad,Nanakramguda,3,1600,13000000,8125.0,3 BHK
Hyderabad,Nanakramguda,3,2270,18800000,8281.93832599119,3 BHK
Hyderabad,Manikonda,2,1200,6000000,5000.0,2 BHK
Hyderabad,Puppalaguda,3,1418,7000000,4936.5303244005645,3 BHK
Hyderabad,Miyapur,3,1905,9906000,5200.0,3 BHK
Hyderabad,Gachibowli,2,850,5500000,6470.588235294118,2 BHK
Hyderabad,Nizampet,3,1940,8000000,4123.711340206186,3 BHK
Hyderabad,Mehdipatnam,2,1050,4200000,4000.0,2 BHK
Hyderabad,Mehdipatnam,2,1050,4200000,4000.0,2 BHK
Hyderabad,Kondapur,3,1908,14500000,7599.58071278826,3 BHK
Hyderabad,Bachupally,3,1905,8953000,4699.737532808399,3 BHK
Hyderabad,Bachupally,3,1675,7872000,4699.701492537313,3 BHK
Hyderabad,Bachupally,3,1615,7590000,4699.69040247678,3 BHK
Hyderabad,Bachupally,2,1160,5452000,4700.0,2 BHK
Hyderabad,Bachupally,3,1800,8459000,4699.444444444444,3 BHK
Hyderabad,Bachupally,2,1200,5640000,4700.0,2 BHK
Hyderabad,Mallapur,2,908,4500000,4955.9471365638765,2 BHK
Hyderabad,Kukatpally,2,1100,4830000,4390.909090909091,2 BHK
Hyderabad,Mehdipatnam,2,1380,4900000,3550.7246376811595,2 BHK
Hyderabad,Hitech City,2,970,6000000,6185.567010309278,2 BHK
Hyderabad,Mallapur,2,1160,4500000,3879.310344827586,2 BHK
Hyderabad,Masab Tank,2,840,4299000,5117.857142857143,2 BHK
Hyderabad,Zamistanpur,2,1100,4750000,4318.181818181818,2 BHK
Hyderabad,Madhura Nagar,2,931,4200000,4511.278195488721,2 BHK
Hyderabad,Jubilee Hills,3,1670,12500000,7485.029940119761,3 BHK
Hyderabad,Kukatpally,3,2000,12000000,6000.0,3 BHK
Hyderabad,Miyapur,3,1554,7998999,5147.361003861004,3 BHK
Hyderabad,Jubilee Hills,3,1900,23000000,12105.263157894737,3 BHK
Hyderabad,Jubilee Hills,3,1900,22900000,12052.631578947368,3 BHK
Hyderabad,Jubilee Hills,3,1900,23000000,12105.263157894737,3 BHK
Hyderabad,Kukatpally,3,1740,14500000,8333.333333333334,3 BHK
Hyderabad,Madhapur,3,3145,20000000,6359.300476947536,3 BHK
Hyderabad,Beeramguda,2,963,2800000,2907.5804776739355,2 BHK
Hyderabad,Ghansi Bazaar,3,909,3500000,3850.3850385038504,3 BHK
Hyderabad,Chintalakunta,2,850,3500000,4117.64705882353,2 BHK
Hyderabad,Chinthal Basthi,2,950,4700000,4947.368421052632,2 BHK
Hyderabad,Kukatpally,3,1730,11399999,6589.5947976878615,3 BHK
Hyderabad,Gajularamaram,3,1555,6931000,4457.2347266881025,3 BHK
Hyderabad,Gajularamaram,2,1180,5256000,4454.237288135593,2 BHK
Hyderabad,Kukatpally,3,1675,11100000,6626.865671641791,3 BHK
Hyderabad,Nallakunta,2,845,5300000,6272.189349112426,2 BHK
Hyderabad,Bowenpally,2,1100,4500000,4090.909090909091,2 BHK
Hyderabad,Nallakunta,3,1905,14600000,7664.041994750656,3 BHK
Hyderabad,Nallakunta,3,1460,11200000,7671.232876712329,3 BHK
Hyderabad,Nallakunta,3,1460,11200000,7671.232876712329,3 BHK
Hyderabad,Malkajgiri,2,1175,4200000,3574.468085106383,2 BHK
Hyderabad,Kompally,2,1360,4900000,3602.9411764705883,2 BHK
Hyderabad,Kondapur,2,1220,7554000,6191.803278688524,2 BHK
Hyderabad,Kondapur,3,1885,11399999,6047.744827586207,3 BHK
Hyderabad,Jubilee Hills,2,1295,9600000,7413.127413127413,2 BHK
Hyderabad,Jubilee Hills,2,1295,10200000,7876.447876447876,2 BHK
Hyderabad,Bandlaguda Jagir,2,1200,4800000,4000.0,2 BHK
Hyderabad,Nanakramguda,3,2460,16800000,6829.268292682927,3 BHK
Hyderabad,Saroornagar,2,1040,4000000,3846.153846153846,2 BHK
Hyderabad,Beeramguda,2,1107,3600000,3252.032520325203,2 BHK
Hyderabad,Begumpet,2,1050,6000000,5714.285714285715,2 BHK
Hyderabad,Begumpet,2,1050,6000000,5714.285714285715,2 BHK
Hyderabad,Banjara Hills,3,2900,33300000,11482.758620689656,3 BHK
Hyderabad,Beeramguda,2,850,4000000,4705.882352941177,2 BHK
Hyderabad,Beeramguda,2,1080,3500000,3240.740740740741,2 BHK
Hyderabad,Beeramguda,2,1080,3500000,3240.740740740741,2 BHK
Hyderabad,Boduppal,2,1100,2300000,2090.909090909091,2 BHK
Hyderabad,Boduppal,2,1100,2300000,2090.909090909091,2 BHK
Hyderabad,Somajiguda,3,1745,12000000,6876.790830945559,3 BHK
Hyderabad,Nagole,2,970,2500000,2577.319587628866,2 BHK
Hyderabad,Kukatpally,2,1090,5777000,5300.0,2 BHK
Hyderabad,Kukatpally,3,1435,7605000,5299.651567944251,3 BHK
Hyderabad,Beeramguda,1,684,2600000,3801.1695906432747,1 BHK
Hyderabad,Beeramguda,2,1040,4500000,4326.923076923077,2 BHK
Hyderabad,Beeramguda,2,850,3000000,3529.4117647058824,2 BHK
Hyderabad,Beeramguda,2,1150,3200000,2782.608695652174,2 BHK
Hyderabad,Neknampur,3,1605,7000000,4361.370716510904,3 BHK
Hyderabad,Mallapur,2,1000,5500000,5500.0,2 BHK
Hyderabad,Nagole,3,1635,8502000,5200.0,3 BHK
Hyderabad,Nagole,3,1585,8242000,5200.0,3 BHK
Hyderabad,Appa Junction Peerancheru,3,1730,11000000,6358.381502890174,3 BHK
Hyderabad,Appa Junction Peerancheru,3,1665,10700000,6426.426426426427,3 BHK
Hyderabad,Appa Junction Peerancheru,2,1482,9240000,6234.817813765182,2 BHK
Hyderabad,Appa Junction Peerancheru,2,1385,8800000,6353.790613718412,2 BHK
Hyderabad,Ambedkar Nagar,2,1000,3400000,3400.0,2 BHK
Hyderabad,Gachibowli,2,1035,9500000,9178.743961352657,2 BHK
Hyderabad,Toli Chowki,2,1250,4700000,3760.0,2 BHK
Hyderabad,Toli Chowki,2,1250,4700000,3760.0,2 BHK
Hyderabad,Hafeezpet,2,1000,5000000,5000.0,2 BHK
Hyderabad,Saroornagar,2,1260,4788000,3800.0,2 BHK
Hyderabad,Beeramguda,2,950,2880000,3031.5789473684213,2 BHK
Hyderabad,Nanakramguda,2,1260,8500000,6746.0317460317465,2 BHK
Hyderabad,Saroornagar,2,1050,5500000,5238.0952380952385,2 BHK
Hyderabad,Bachupally,2,1250,4400000,3520.0,2 BHK
Hyderabad,Kondapur,3,1908,14000000,7337.526205450734,3 BHK
Hyderabad,Narsingi,3,1720,12000000,6976.7441860465115,3 BHK
Hyderabad,Rajendra Nagar,3,1327,7540000,5681.9894498869635,3 BHK
Hyderabad,Rajendra Nagar,3,1110,6290000,5666.666666666667,3 BHK
Hyderabad,Rajendra Nagar,2,941,5290000,5621.679064824654,2 BHK
Hyderabad,Boduppal,2,1200,5580000,4650.0,2 BHK
Hyderabad,Manikonda,1,1200,4300000,3583.3333333333335,1 BHK
Hyderabad,Vanasthalipuram,3,1390,5560000,4000.0,3 BHK
Hyderabad,Amberpet,1,540,2400000,4444.444444444444,1 BHK
Hyderabad,Gachibowli,2,1717,12500000,7280.139778683751,2 BHK
Hyderabad,Gachibowli,2,1717,12500000,7280.139778683751,2 BHK
Hyderabad,Mehdipatnam,2,900,3570000,3966.6666666666665,2 BHK
Hyderabad,Bandlaguda Jagir,3,2150,12600000,5860.46511627907,3 BHK
Hyderabad,Moula Ali,2,810,4800000,5925.925925925926,2 BHK
Hyderabad,Bandlaguda Jagir,3,1985,11600000,5843.828715365239,3 BHK
Hyderabad,Kondapur,3,1555,9563000,6149.83922829582,3 BHK
Hyderabad,Mehdipatnam,2,1050,3600000,3428.5714285714284,2 BHK
Hyderabad,Mallapur,2,1014,4500000,4437.869822485207,2 BHK
Hyderabad,Kompally,2,1085,3900000,3594.4700460829495,2 BHK
Hyderabad,Kompally,2,1100,5800000,5272.727272727273,2 BHK
Hyderabad,Nizampet,2,1050,3500000,3333.3333333333335,2 BHK
Hyderabad,Nizampet,2,1050,3500000,3333.3333333333335,2 BHK
Hyderabad,Kukatpally,3,1860,11399999,6129.031720430107,3 BHK
Hyderabad,Kukatpally,3,1860,11399999,6129.031720430107,3 BHK
Hyderabad,Banjara Hills,3,3000,35000000,11666.666666666666,3 BHK
Hyderabad,Banjara Hills,3,3000,35000000,11666.666666666666,3 BHK
Hyderabad,Nallagandla Gachibowli,2,955,4500000,4712.041884816754,2 BHK
Hyderabad,Gandipet,2,1155,4500000,3896.103896103896,2 BHK
Hyderabad,Nizampet,2,1120,3500000,3125.0,2 BHK
Hyderabad,Nizampet,2,850,3500000,4117.64705882353,2 BHK
Hyderabad,Kachiguda,2,1000,3800000,3800.0,2 BHK
Hyderabad,Kachiguda,2,1000,3800000,3800.0,2 BHK
Hyderabad,Narsingi,2,966,3960000,4099.378881987577,2 BHK
Hyderabad,Mehdipatnam,2,1050,4100000,3904.7619047619046,2 BHK
Hyderabad,Alwal,3,1575,5500000,3492.063492063492,3 BHK
Hyderabad,Nacharam,3,1700,9600000,5647.058823529412,3 BHK
Hyderabad,Pragathi Nagar Kukatpally,3,1535,6795000,4426.71009771987,3 BHK
Hyderabad,Nizampet,2,940,3600000,3829.7872340425533,2 BHK
Hyderabad,Nizampet,2,1060,3400000,3207.5471698113206,2 BHK
Hyderabad,Nizampet,2,1015,3500000,3448.2758620689656,2 BHK
Hyderabad,Nizampet,2,1015,3500000,3448.2758620689656,2 BHK
Hyderabad,Narsingi,3,1600,5000000,3125.0,3 BHK
Hyderabad,Kondapur,2,1150,7000000,6086.95652173913,2 BHK
Hyderabad,Narsingi,2,1500,5500000,3666.6666666666665,2 BHK
Hyderabad,Nizampet,2,1000,3870000,3870.0,2 BHK
Hyderabad,Kompally,2,1208,5800000,4801.324503311258,2 BHK
Hyderabad,Toli Chowki,2,1000,4700000,4700.0,2 BHK
Hyderabad,Kukatpally,3,1700,11299999,6647.058235294117,3 BHK
Hyderabad,Masab Tank,2,1170,4500000,3846.153846153846,2 BHK
Hyderabad,Kukatpally,2,1090,7317000,6712.844036697248,2 BHK
Hyderabad,Kukatpally,2,1090,7317000,6712.844036697248,2 BHK
Hyderabad,Nizampet,2,1050,3800000,3619.0476190476193,2 BHK
Hyderabad,Malkajgiri,3,1425,4850000,3403.5087719298244,3 BHK
Hyderabad,Bolarum,2,1060,4010000,3783.0188679245284,2 BHK
Hyderabad,Bachupally,2,1130,3550000,3141.592920353982,2 BHK
Hyderabad,Nizampet,2,930,3300000,3548.3870967741937,2 BHK
Hyderabad,Nizampet,2,1085,3500000,3225.8064516129034,2 BHK
Hyderabad,Toli Chowki,3,1420,7500000,5281.69014084507,3 BHK
Hyderabad,Nizampet,2,1120,4600000,4107.142857142857,2 BHK
Hyderabad,Appa Junction,2,1506,8500000,5644.090305444887,2 BHK
Hyderabad,Appa Junction,2,1506,8500000,5644.090305444887,2 BHK
Hyderabad,Nagole,3,1650,5500000,3333.3333333333335,3 BHK
Hyderabad,Nagole,3,1650,5500000,3333.3333333333335,3 BHK
Hyderabad,Nizampet,2,1200,3900000,3250.0,2 BHK
Hyderabad,Alwal,2,1145,4580000,4000.0,2 BHK
Hyderabad,Kondapur,3,2450,15000000,6122.448979591837,3 BHK
Hyderabad,Alwal,3,1425,5700000,4000.0,3 BHK
Hyderabad,Mehdipatnam,3,1720,7200000,4186.046511627907,3 BHK
Hyderabad,Nanakramguda,3,2405,20000000,8316.008316008316,3 BHK
Hyderabad,Chandanagar,3,1725,8797000,5099.710144927536,3 BHK
Hyderabad,Kukatpally,3,1730,10500000,6069.364161849711,3 BHK
Hyderabad,Madhapur,4,4070,43000000,10565.110565110564,4 BHK
Hyderabad,Miyapur,3,2000,10000000,5000.0,3 BHK
Hyderabad,Kondapur,2,1295,10000000,7722.007722007722,2 BHK
Hyderabad,Kondapur,3,1490,12000000,8053.6912751677855,3 BHK
Hyderabad,Miyapur,3,1905,10700000,5616.797900262467,3 BHK
Hyderabad,Miyapur,3,1905,10700000,5616.797900262467,3 BHK
Hyderabad,Kondapur,3,1525,7900000,5180.327868852459,3 BHK
Hyderabad,Manikonda,2,1120,4900000,4375.0,2 BHK
Hyderabad,Qutub Shahi Tombs,3,1080,3800000,3518.5185185185187,3 BHK
Hyderabad,Toli Chowki,2,950,4000000,4210.526315789473,2 BHK
Hyderabad,Manikonda,3,2700,13500000,5000.0,3 BHK
Hyderabad,Narsingi,3,1755,10000000,5698.005698005698,3 BHK
Hyderabad,Narsingi,3,1755,10000000,5698.005698005698,3 BHK
Hyderabad,Puppalaguda,2,1216,6200000,5098.684210526316,2 BHK
Hyderabad,Nallagandla Gachibowli,2,1210,7000000,5785.123966942148,2 BHK
Hyderabad,Kondapur,3,1525,7900000,5180.327868852459,3 BHK
Hyderabad,Puppalaguda,2,1340,6700000,5000.0,2 BHK
Hyderabad,Chandanagar,2,1725,8452000,4899.710144927536,2 BHK
Hyderabad,Banjara Hills,3,2070,20000000,9661.835748792271,3 BHK
Hyderabad,Banjara Hills,4,3025,30200000,9983.471074380166,4 BHK
Hyderabad,Jubilee Hills,3,1670,12500000,7485.029940119761,3 BHK
Hyderabad,East Marredpally,2,1150,8200000,7130.434782608696,2 BHK
Hyderabad,Kondapur,2,1150,6900000,6000.0,2 BHK
Hyderabad,Narsingi,3,1600,9026000,5641.25,3 BHK
Hyderabad,Narsingi,3,2786,18200000,6532.663316582914,3 BHK
Hyderabad,Kondapur,3,1525,8500000,5573.770491803279,3 BHK
Hyderabad,Gajularamaram,3,1555,6531000,4200.0,3 BHK
Hyderabad,Kondapur,2,1315,8095000,6155.893536121673,2 BHK
Hyderabad,Kondapur,3,2050,14000000,6829.268292682927,3 BHK
Hyderabad,Kukatpally,3,1675,10200000,6089.55223880597,3 BHK
Hyderabad,Gandipet,3,1725,10000000,5797.101449275362,3 BHK
Hyderabad,Jubilee Hills,3,3200,24000000,7500.0,3 BHK
Hyderabad,Jubilee Hills,3,1900,22000000,11578.947368421053,3 BHK
Hyderabad,Kondapur,3,1880,21400000,11382.978723404256,3 BHK
Hyderabad,Kondapur,3,2050,16000000,7804.878048780488,3 BHK
Hyderabad,Nanakramguda,3,3600,36500000,10138.888888888889,3 BHK
Hyderabad,Gandipet,3,2665,15000000,5628.517823639775,3 BHK
Hyderabad,Kukatpally,2,1216,8500000,6990.131578947368,2 BHK
Hyderabad,Banjara Hills,4,3031,28000000,9237.875288683603,4 BHK
Hyderabad,Kokapet,3,2220,15500000,6981.981981981982,3 BHK
Hyderabad,Gachibowli,3,3448,32500000,9425.754060324825,3 BHK
Hyderabad,Madhapur,3,3015,20700000,6865.671641791045,3 BHK
Hyderabad,Gachibowli,3,1430,10500000,7342.657342657342,3 BHK
Hyderabad,Abids,5,2007,28000000,13951.170901843547,5+ BHK
Hyderabad,Kukatpally,3,1695,10300000,6076.69616519174,3 BHK
Hyderabad,Kondapur,3,1815,11000000,6060.606060606061,3 BHK
Hyderabad,Kondapur,3,1630,9991000,6129.447852760736,3 BHK
Hyderabad,Chandanagar,3,1620,8014000,4946.913580246914,3 BHK
Hyderabad,Kistareddypet,2,1200,4000000,3333.3333333333335,2 BHK
Hyderabad,West Marredpally,2,1650,12500000,7575.757575757576,2 BHK
Hyderabad,Kukatpally,3,1550,8925000,5758.064516129032,3 BHK
Hyderabad,Kondapur,3,1535,9296000,6056.026058631922,3 BHK
Hyderabad,Kondapur,2,1165,7598999,6522.745922746781,2 BHK
Hyderabad,Malkajgiri,3,1400,8500000,6071.428571428572,3 BHK
Hyderabad,Somajiguda,3,2600,20000000,7692.307692307692,3 BHK
Hyderabad,Miyapur,2,1100,5250000,4772.727272727273,2 BHK
Hyderabad,Malkajgiri,2,1010,4000000,3960.3960396039606,2 BHK
Hyderabad,Kukatpally,2,970,5253000,5415.4639175257735,2 BHK
Hyderabad,Kompally,2,1050,5800000,5523.809523809524,2 BHK
Hyderabad,Alwal,2,1130,5085000,4500.0,2 BHK
Hyderabad,Bolarum,3,2300,12000000,5217.391304347826,3 BHK
Hyderabad,Alwal,2,1015,3500000,3448.2758620689656,2 BHK
Hyderabad,Shaikpet,4,2960,25500000,8614.864864864865,4 BHK
Hyderabad,Mallapur,2,1190,6500000,5462.18487394958,2 BHK
Hyderabad,Mallapur,2,1190,6000000,5042.016806722689,2 BHK
Hyderabad,Shaikpet,3,1875,16000000,8533.333333333334,3 BHK
Hyderabad,West Marredpally,4,1920,19500000,10156.25,4 BHK
Hyderabad,Alwal,2,1330,5320000,4000.0,2 BHK
Hyderabad,Hitech City,3,2350,19500000,8297.872340425532,3 BHK
Hyderabad,Pragathi Nagar Kukatpally,2,1120,4800000,4285.714285714285,2 BHK
Hyderabad,Madhapur,3,1924,13000000,6756.756756756757,3 BHK
Hyderabad,Sri Nagar Colony,3,1575,10200000,6476.190476190476,3 BHK
Hyderabad,Hitech City,3,2350,19500000,8297.872340425532,3 BHK
Hyderabad,Dilsukh Nagar,4,3000,20000000,6666.666666666667,4 BHK
Hyderabad,Quthbullapur,3,1350,5900000,4370.37037037037,3 BHK
Hyderabad,Puppalaguda,3,1580,8500000,5379.7468354430375,3 BHK
Hyderabad,Malkajgiri,2,1200,6000000,5000.0,2 BHK
Hyderabad,Gajularamaram,2,1050,4710000,4485.714285714285,2 BHK
Hyderabad,Kukatpally,2,1090,7317000,6712.844036697248,2 BHK
Hyderabad,Kukatpally,3,1730,11399999,6589.5947976878615,3 BHK
Hyderabad,Kondapur,3,1535,9449000,6155.700325732899,3 BHK
Hyderabad,Alwal,2,1050,4000000,3809.5238095238096,2 BHK
Hyderabad,Alwal,2,1300,5450000,4192.307692307692,2 BHK
Hyderabad,Kondapur,3,1770,10600000,5988.700564971751,3 BHK
Hyderabad,Kompally,3,1430,7500000,5244.755244755244,3 BHK
Hyderabad,Kukatpally,3,1800,12400000,6888.888888888889,3 BHK
Hyderabad,Alwal,3,1530,7800000,5098.0392156862745,3 BHK
Hyderabad,Miyapur,2,1000,4800000,4800.0,2 BHK
Hyderabad,Kukatpally,3,1905,9525000,5000.0,3 BHK
Hyderabad,Kondapur,3,1885,12200000,6472.148541114058,3 BHK
Hyderabad,Kondapur,3,1885,12300000,6525.198938992043,3 BHK
Hyderabad,Kondapur,3,1885,12300000,6525.198938992043,3 BHK
Hyderabad,Moosapet,3,1560,8800000,5641.025641025641,3 BHK
Hyderabad,Hafeezpet,2,1190,6798999,5713.444537815126,2 BHK
Hyderabad,Kukatpally,3,1450,9300000,6413.793103448276,3 BHK
Hyderabad,Kukatpally,3,1450,9300000,6413.793103448276,3 BHK
Hyderabad,Gajularamaram,2,1050,4710000,4485.714285714285,2 BHK
Hyderabad,Kondapur,3,1875,12000000,6400.0,3 BHK
Hyderabad,Gajularamaram,3,1555,6931000,4457.2347266881025,3 BHK
Hyderabad,Sainikpuri,2,900,3499000,3887.777777777778,2 BHK
Hyderabad,Puppalaguda,3,1418,7100000,5007.052186177715,3 BHK
Hyderabad,Nizampet,2,1125,4800000,4266.666666666667,2 BHK
Hyderabad,Nizampet,3,1515,5500000,3630.3630363036305,3 BHK
Hyderabad,Serilingampally,3,1600,7500000,4687.5,3 BHK
Hyderabad,Serilingampally,2,1260,5600000,4444.444444444444,2 BHK
Hyderabad,Gachibowli,4,2848,19400000,6811.797752808989,4 BHK
Hyderabad,Gachibowli,2,1492,9908000,6640.750670241287,2 BHK
Hyderabad,Gachibowli,2,1283,8126000,6333.593141075604,2 BHK
Hyderabad,Gachibowli,2,1410,9110000,6460.992907801418,2 BHK
Hyderabad,Kondapur,3,2000,14000000,7000.0,3 BHK
Hyderabad,Manikonda,3,1463,7000000,4784.688995215311,3 BHK
Hyderabad,Kondapur,3,1600,8500000,5312.5,3 BHK
Hyderabad,Manikonda,3,2600,17000000,6538.461538461538,3 BHK
Hyderabad,West Marredpally,1,840,2500000,2976.190476190476,1 BHK
Hyderabad,Manikonda,3,1725,8600000,4985.507246376812,3 BHK
Hyderabad,Banjara Hills,3,1980,17800000,8989.89898989899,3 BHK
Hyderabad,Banjara Hills,3,2085,18700000,8968.824940047962,3 BHK
Hyderabad,Banjara Hills,3,2580,23200000,8992.248062015504,3 BHK
Hyderabad,Banjara Hills,3,2185,19600000,8970.25171624714,3 BHK
Hyderabad,Banjara Hills,3,1920,17200000,8958.333333333334,3 BHK
Hyderabad,Banjara Hills,3,2210,19800000,8959.276018099548,3 BHK
Hyderabad,Qutub Shahi Tombs,3,1111,4500000,4050.4050405040502,3 BHK
Hyderabad,Nizampet,2,1161,4031000,3472.0068906115416,2 BHK
Hyderabad,Sainikpuri,3,1500,6399000,4266.0,3 BHK
Hyderabad,Puppalaguda,2,2021,8000000,3958.436417615042,2 BHK
Hyderabad,Manikonda,3,1300,5200000,4000.0,3 BHK
Hyderabad,Malkajgiri,2,1000,4000000,4000.0,2 BHK
Hyderabad,East Marredpally,2,1060,7200000,6792.452830188679,2 BHK
Hyderabad,Kukatpally,8,9400,80000000,8510.63829787234,5+ BHK
Hyderabad,Nizampet,2,950,3200000,3368.4210526315787,2 BHK
Hyderabad,Kapra,3,1350,3800000,2814.814814814815,3 BHK
Hyderabad,Nagole,3,1600,6000000,3750.0,3 BHK
Hyderabad,Nacharam,2,1000,3500000,3500.0,2 BHK
Hyderabad,Nacharam,3,1450,5000000,3448.2758620689656,3 BHK
Hyderabad,Kapra,2,1050,2800000,2666.6666666666665,2 BHK
Hyderabad,Mallapur,2,1150,3600000,3130.4347826086955,2 BHK
Hyderabad,Mallapur,3,1900,8000000,4210.526315789473,3 BHK
Hyderabad,Nizampet,3,1465,5034000,3436.1774744027302,3 BHK
Hyderabad,Nizampet,2,1228,4252000,3462.5407166123778,2 BHK
Hyderabad,Nizampet,2,1165,4044000,3471.244635193133,2 BHK
Hyderabad,Nizampet,2,1106,3849000,3480.1084990958407,2 BHK
Hyderabad,Mallapur,3,1315,3500000,2661.596958174905,3 BHK
Hyderabad,West Marredpally,3,3200,20000000,6250.0,3 BHK
Hyderabad,Nacharam,3,1250,4800000,3840.0,3 BHK
Hyderabad,Toli Chowki,2,1050,4500000,4285.714285714285,2 BHK
Hyderabad,Mallapur,2,1900,8000000,4210.526315789473,2 BHK
Hyderabad,Beeramguda,2,1096,3800000,3467.1532846715327,2 BHK
Hyderabad,Habsiguda,3,1765,13500000,7648.725212464589,3 BHK
Hyderabad,Puppalaguda,2,2021,8000000,3958.436417615042,2 BHK
Hyderabad,KTR Colony,2,1005,2700000,2686.5671641791046,2 BHK
Hyderabad,Mallapur,3,1750,6000000,3428.5714285714284,3 BHK
Hyderabad,Nizampet,2,1100,3740000,3400.0,2 BHK
Hyderabad,Nizampet,2,1200,5280000,4400.0,2 BHK
Hyderabad,Nizampet,2,1160,5100000,4396.551724137931,2 BHK
Hyderabad,Nizampet,2,1060,5500000,5188.679245283019,2 BHK
Hyderabad,AS Rao Nagar,3,1506,6000000,3984.06374501992,3 BHK
Hyderabad,Nizampet,2,1165,4500000,3862.6609442060085,2 BHK
Hyderabad,Tarnaka,3,1471,6500000,4418.762746430999,3 BHK
Hyderabad,Nagole,3,1350,4500000,3333.3333333333335,3 BHK
Hyderabad,Malkajgiri,3,1850,10100000,5459.459459459459,3 BHK
Hyderabad,Mallapur,2,1600,5500000,3437.5,2 BHK
Hyderabad,Mallapur,2,1150,3800000,3304.3478260869565,2 BHK
Hyderabad,West Marredpally,3,1700,8000000,4705.882352941177,3 BHK
Hyderabad,Habsiguda,3,1765,13500000,7648.725212464589,3 BHK
Hyderabad,Mallampet,1,1050,3000000,2857.1428571428573,1 BHK
Hyderabad,Nizampet,2,1050,3200000,3047.6190476190477,2 BHK
Hyderabad,Nizampet,2,1150,3400000,2956.521739130435,2 BHK
Hyderabad,East Marredpally,2,990,7000000,7070.707070707071,2 BHK
Hyderabad,Nagole,2,1150,5000000,4347.826086956522,2 BHK
Hyderabad,Banjara Hills,3,2400,22000000,9166.666666666666,3 BHK
Hyderabad,Manikonda,2,1278,6000000,4694.835680751174,2 BHK
Hyderabad,Gachibowli,3,3180,34000000,10691.82389937107,3 BHK
Hyderabad,Kondapur,3,3180,34000000,10691.82389937107,3 BHK
Hyderabad,Nizampet,2,1000,3300000,3300.0,2 BHK
Hyderabad,East Marredpally,2,987,6900000,6990.881458966565,2 BHK
Hyderabad,West Marredpally,2,1075,3200000,2976.7441860465115,2 BHK
Hyderabad,Kukatpally,1,600,2000000,3333.3333333333335,1 BHK
Hyderabad,Habsiguda,3,1400,7000000,5000.0,3 BHK
Hyderabad,Puppalaguda,3,1300,4600000,3538.4615384615386,3 BHK
Hyderabad,Manikonda,3,1490,7000000,4697.986577181208,3 BHK
Hyderabad,East Marredpally,2,1275,8599000,6744.313725490196,2 BHK
Hyderabad,Mallapur,2,1000,3500000,3500.0,2 BHK
Hyderabad,Nizampet,2,1050,3570000,3400.0,2 BHK
Hyderabad,Bollaram,3,1450,3300000,2275.862068965517,3 BHK
Hyderabad,Appa Junction Peerancheru,2,1376,6742000,4899.709302325581,2 BHK
Hyderabad,Appa Junction Peerancheru,3,1972,9662000,4899.594320486815,3 BHK
Hyderabad,Appa Junction Peerancheru,2,1180,5782000,4900.0,2 BHK
Hyderabad,Appa Junction Peerancheru,3,1554,7614000,4899.6138996139,3 BHK
Hyderabad,Appa Junction Peerancheru,3,1628,7977000,4899.87714987715,3 BHK
Hyderabad,Appa Junction Peerancheru,2,1274,6242000,4899.529042386185,2 BHK
Hyderabad,Appa Junction Peerancheru,3,1784,8741000,4899.663677130045,3 BHK
Hyderabad,Appa Junction Peerancheru,3,1788,8761000,4899.888143176734,3 BHK
Hyderabad,Appa Junction Peerancheru,2,1400,6859999,4899.999285714286,2 BHK
Hyderabad,Appa Junction Peerancheru,3,1966,9633000,4899.796541200407,3 BHK
Hyderabad,Appa Junction Peerancheru,3,1502,7359000,4899.467376830892,3 BHK
Hyderabad,Appa Junction Peerancheru,3,1707,8364000,4899.8242530755715,3 BHK
Hyderabad,Appa Junction Peerancheru,3,1642,8045000,4899.512789281364,3 BHK
Hyderabad,Appa Junction Peerancheru,2,1487,7286000,4899.798251513113,2 BHK
Hyderabad,Appa Junction Peerancheru,3,1633,8001000,4899.571341090018,3 BHK
Hyderabad,Appa Junction Peerancheru,3,1800,8820000,4900.0,3 BHK
Hyderabad,Appa Junction Peerancheru,3,1877,9197000,4899.840170484817,3 BHK
Hyderabad,Appa Junction Peerancheru,2,1524,7467000,4899.606299212598,2 BHK
Hyderabad,Appa Junction Peerancheru,2,1326,6497000,4899.698340874811,2 BHK
Hyderabad,Appa Junction Peerancheru,2,1465,7178000,4899.658703071673,2 BHK
Hyderabad,Appa Junction Peerancheru,3,1597,7825000,4899.812147777082,3 BHK
Hyderabad,Miyapur,2,1265,9075000,7173.913043478261,2 BHK
Hyderabad,Miyapur,3,1945,10100000,5192.80205655527,3 BHK
Hyderabad,Kukatpally,3,1435,7962000,5548.432055749129,3 BHK
Hyderabad,Miyapur,3,1925,12700000,6597.402597402597,3 BHK
Hyderabad,Kukatpally,3,1905,10700000,5616.797900262467,3 BHK
Hyderabad,Kukatpally,2,1090,6168000,5658.715596330275,2 BHK
Hyderabad,Kukatpally,2,1230,6895999,5606.50325203252,2 BHK
Hyderabad,Kukatpally,3,1920,10700000,5572.916666666667,3 BHK
Hyderabad,Miyapur,3,1905,10700000,5616.797900262467,3 BHK
Hyderabad,Kukatpally,1,1170,6233000,5327.350427350428,1 BHK
Hyderabad,Appa Junction,2,1385,8800000,6353.790613718412,2 BHK
Hyderabad,Appa Junction,2,1390,8998000,6473.381294964029,2 BHK
Hyderabad,Appa Junction,2,1282,7998999,6239.46879875195,2 BHK
Hyderabad,Gajularamaram,1,1020,4284000,4200.0,1 BHK
Hyderabad,Aminpur,3,1935,10000000,5167.958656330749,3 BHK
Hyderabad,Kukatpally,2,1090,7098999,6512.843119266055,2 BHK
Hyderabad,Kondapur,3,1630,9828000,6029.447852760736,3 BHK
Hyderabad,Kukatpally,3,1695,10900000,6430.678466076696,3 BHK
Hyderabad,Beeramguda,2,1080,3500000,3240.740740740741,2 BHK
Hyderabad,Krishna Reddy Pet,2,1045,3300000,3157.8947368421054,2 BHK
Hyderabad,Krishna Reddy Pet,2,1100,3200000,2909.090909090909,2 BHK
Hyderabad,Moosapet,2,1700,10900000,6411.764705882353,2 BHK
Hyderabad,Moosapet,2,1730,11100000,6416.184971098266,2 BHK
Hyderabad,Kukatpally,3,1700,10900000,6411.764705882353,3 BHK
Hyderabad,Gajularamaram,2,1050,4600000,4380.952380952381,2 BHK
Hyderabad,Karmanghat,4,2400,15000000,6250.0,4 BHK
Hyderabad,Miyapur,2,1214,5500000,4530.4777594728175,2 BHK
Hyderabad,Kukatpally,3,1840,11800000,6413.04347826087,3 BHK
Hyderabad,Gajulramaram Kukatpally,3,1620,8098000,4998.765432098766,3 BHK
Hyderabad,Gajulramaram Kukatpally,2,1125,5623000,4998.222222222223,2 BHK
Hyderabad,Gajulramaram Kukatpally,3,1368,6838000,4998.538011695907,3 BHK
Hyderabad,Kokapet,3,2115,10500000,4964.5390070921985,3 BHK
Hyderabad,Kukatpally,3,1695,11200000,6607.669616519174,3 BHK
Hyderabad,Mallampet,1,1125,3375000,3000.0,1 BHK
Hyderabad,Uppal,2,1170,5500000,4700.854700854701,2 BHK
Hyderabad,Miyapur,2,1200,4200000,3500.0,2 BHK
Hyderabad,LB Nagar,2,902,4700000,5210.643015521065,2 BHK
Hyderabad,Kukatpally,3,1695,10600000,6253.687315634218,3 BHK
Hyderabad,Kondapur,2,1200,6500000,5416.666666666667,2 BHK
Hyderabad,Krishna Reddy Pet,2,1100,3600000,3272.7272727272725,2 BHK
Hyderabad,Krishna Reddy Pet,2,1035,3300000,3188.4057971014495,2 BHK
Hyderabad,Krishna Reddy Pet,2,1025,3300000,3219.512195121951,2 BHK
Hyderabad,Narsingi,3,1490,8100000,5436.241610738255,3 BHK
Hyderabad,Manikonda,2,1130,4500000,3982.3008849557523,2 BHK
Hyderabad,Puppalaguda,3,1480,8900000,6013.513513513513,3 BHK
Hyderabad,Gajularamaram,2,1050,4710000,4485.714285714285,2 BHK
Hyderabad,Khajaguda Nanakramguda Road,3,1510,8100000,5364.238410596026,3 BHK
Hyderabad,Kondapur,3,1525,8700000,5704.918032786885,3 BHK
Hyderabad,Cherlapalli,2,1523,6300000,4136.572554169403,2 BHK
Hyderabad,Sainikpuri,3,1200,6700000,5583.333333333333,3 BHK
Hyderabad,Hitech City,4,3233,45000000,13918.960717599752,4 BHK
Hyderabad,Mallampet,3,1620,5000000,3086.41975308642,3 BHK
Hyderabad,Kachiguda,1,1500,10000000,6666.666666666667,1 BHK
Hyderabad,Manikonda,3,1650,7500000,4545.454545454545,3 BHK
Hyderabad,Jubilee Hills,3,1908,15000000,7861.635220125786,3 BHK
Hyderabad,Tarnaka,3,1548,8500000,5490.956072351421,3 BHK
Hyderabad,Tarnaka,3,1725,5499000,3187.8260869565215,3 BHK
Hyderabad,Tarnaka,2,1500,7500000,5000.0,2 BHK
Hyderabad,Puppalaguda,2,1430,8500000,5944.055944055944,2 BHK
Hyderabad,Krishna Reddy Pet,2,1050,3200000,3047.6190476190477,2 BHK
Hyderabad,Miyapur,2,1294,3828000,2958.2689335394125,2 BHK
Hyderabad,Krishna Reddy Pet,2,1100,3200000,2909.090909090909,2 BHK
Hyderabad,Krishna Reddy Pet,2,1025,3300000,3219.512195121951,2 BHK
Hyderabad,Krishna Reddy Pet,2,1035,3299000,3187.43961352657,2 BHK
Hyderabad,Beeramguda,2,1085,3500000,3225.8064516129034,2 BHK
Hyderabad,Attapur,3,1480,6500000,4391.891891891892,3 BHK
Hyderabad,Krishna Reddy Pet,2,1100,3600000,3272.7272727272725,2 BHK
Hyderabad,Miyapur,3,1920,10700000,5572.916666666667,3 BHK
Hyderabad,Miyapur,2,1190,8573000,7204.201680672269,2 BHK
Hyderabad,Beeramguda,2,1080,3600000,3333.3333333333335,2 BHK
Hyderabad,Gajularamaram,3,1465,6300000,4300.341296928327,3 BHK
Hyderabad,Gajularamaram,2,1050,4600000,4380.952380952381,2 BHK
Hyderabad,Tellapur,3,1538,8298999,5395.968140442133,3 BHK
Hyderabad,Tellapur,3,1678,8800000,5244.338498212157,3 BHK
Hyderabad,Tellapur,3,1678,8800000,5244.338498212157,3 BHK
Hyderabad,Kukatpally,3,1695,11200000,6607.669616519174,3 BHK
Hyderabad,Himayat Nagar,3,1700,13500000,7941.176470588235,3 BHK
Hyderabad,Puppalaguda,3,2000,10000000,5000.0,3 BHK
Hyderabad,Krishna Reddy Pet,2,1045,3300000,3157.8947368421054,2 BHK
Hyderabad,Krishna Reddy Pet,2,1025,3300000,3219.512195121951,2 BHK
Hyderabad,Krishna Reddy Pet,2,1035,3300000,3188.4057971014495,2 BHK
Hyderabad,Kondapur,2,1525,8500000,5573.770491803279,2 BHK
Hyderabad,Attapur,3,1361,6500000,4775.900073475385,3 BHK
Hyderabad,Miyapur,2,1265,9075000,7173.913043478261,2 BHK
Hyderabad,Gajularamaram,3,1555,6600000,4244.372990353698,3 BHK
Hyderabad,Kondapur,2,1200,6500000,5416.666666666667,2 BHK
Hyderabad,Kondapur,3,1681,10200000,6067.816775728733,3 BHK
Hyderabad,Kondapur,2,1250,7500000,6000.0,2 BHK
Hyderabad,Gajularamaram,2,1050,4500000,4285.714285714285,2 BHK
Hyderabad,Shaikpet,3,1700,11000000,6470.588235294118,3 BHK
Hyderabad,Rhoda Mistri Nagar,2,1170,6233000,5327.350427350428,2 BHK
Hyderabad,Miyapur,1,607,3000000,4942.339373970346,1 BHK
Hyderabad,Gachibowli,1,990,8000000,8080.80808080808,1 BHK
Hyderabad,Toli Chowki,2,1000,4000000,4000.0,2 BHK
Hyderabad,Uppal,3,1565,6200000,3961.661341853035,3 BHK
Hyderabad,Habsiguda,3,1630,11000000,6748.4662576687115,3 BHK
Hyderabad,Bandlaguda Jagir,2,1100,3700000,3363.6363636363635,2 BHK
Hyderabad,Uppal,1,682,2700000,3958.9442815249267,1 BHK
Hyderabad,Tarnaka,2,1245,7498999,6023.292369477912,2 BHK
Hyderabad,Kondapur,3,1500,8500000,5666.666666666667,3 BHK
Hyderabad,Nallakunta,2,900,3000000,3333.3333333333335,2 BHK
Hyderabad,Zamistanpur,3,1320,6800000,5151.515151515152,3 BHK
Hyderabad,Zamistanpur,3,1530,7500000,4901.9607843137255,3 BHK
Hyderabad,Kukatpally,2,1190,8573000,7204.201680672269,2 BHK
Hyderabad,Neknampur,3,1539,8998000,5846.653671215075,3 BHK
Hyderabad,Puppalaguda,2,1641,7900000,4814.137720901889,2 BHK
Hyderabad,Puppalaguda,2,1640,7900000,4817.073170731707,2 BHK
Hyderabad,Puppalaguda,1,1402,6700000,4778.88730385164,1 BHK
Hyderabad,Puppalaguda,1,1401,6700000,4782.298358315489,1 BHK
Hyderabad,Gajularamaram,2,1050,4600000,4380.952380952381,2 BHK
Hyderabad,Gajularamaram,3,1555,6600000,4244.372990353698,3 BHK
Hyderabad,Bachupally,2,1008,3800000,3769.84126984127,2 BHK
Hyderabad,Gajularamaram,2,1050,4600000,4380.952380952381,2 BHK
Hyderabad,Manikonda,3,1350,8200000,6074.074074074074,3 BHK
Hyderabad,Sanath Nagar,2,1188,14000000,11784.511784511784,2 BHK
Hyderabad,Tellapur,2,1199,6200000,5170.975813177648,2 BHK
Hyderabad,Gachibowli,3,1538,8600000,5591.677503250975,3 BHK
Hyderabad,Miyapur,2,1115,8070000,7237.668161434977,2 BHK
Hyderabad,Darga Khaliz Khan,3,1568,9000000,5739.7959183673465,3 BHK
Hyderabad,Appa Junction,3,1568,9000000,5739.7959183673465,3 BHK
Hyderabad,Appa Junction,3,1794,10100000,5629.877369007804,3 BHK
Hyderabad,Manikonda,2,1530,7800000,5098.0392156862745,2 BHK
Hyderabad,Gachibowli,2,1953,14600000,7475.678443420379,2 BHK
Hyderabad,Gachibowli,4,3434,26000000,7571.3453698311005,4 BHK
Hyderabad,Puppalaguda,3,1580,9800000,6202.53164556962,3 BHK
Hyderabad,Kondapur,3,1815,10600000,5840.220385674931,3 BHK
Hyderabad,Aminpur,3,1905,9906000,5200.0,3 BHK
Hyderabad,Moosapet,2,1695,10900000,6430.678466076696,2 BHK
Hyderabad,Moosapet,1,1090,7098999,6512.843119266055,1 BHK
Hyderabad,Gajularamaram,2,1555,5909000,3800.0,2 BHK
Hyderabad,Aminpur,2,1265,7843000,6200.0,2 BHK
Hyderabad,Miyapur,2,1115,7581999,6799.999103139014,2 BHK
Hyderabad,Gajularamaram,3,1555,6600000,4244.372990353698,3 BHK
Hyderabad,Appa Junction,2,1390,9000000,6474.820143884892,2 BHK
Hyderabad,Appa Junction,3,1799,10100000,5614.230127848805,3 BHK
Hyderabad,Appa Junction,3,1638,9298000,5676.4346764346765,3 BHK
Hyderabad,Appa Junction,3,1638,9300000,5677.655677655677,3 BHK
Hyderabad,Darga Khaliz Khan,3,1638,9300000,5677.655677655677,3 BHK
Hyderabad,Chintalmet,2,1200,3850000,3208.3333333333335,2 BHK
Hyderabad,Attapur,3,1200,3200000,2666.6666666666665,3 BHK
Hyderabad,Appa Junction,2,1282,8000000,6240.249609984399,2 BHK
Hyderabad,Appa Junction,2,1282,8000000,6240.249609984399,2 BHK
Hyderabad,Appa Junction,2,1214,7100000,5848.434925864909,2 BHK
Hyderabad,Darga Khaliz Khan,2,1392,8000000,5747.126436781609,2 BHK
Hyderabad,Appa Junction,2,1392,8000000,5747.126436781609,2 BHK
Hyderabad,Darga Khaliz Khan,2,1282,7998999,6239.46879875195,2 BHK
Hyderabad,Saroornagar,2,1020,5800000,5686.274509803921,2 BHK
Hyderabad,LB Nagar,2,905,4800000,5303.867403314917,2 BHK
Hyderabad,Miyapur,3,1925,12600000,6545.454545454545,3 BHK
Hyderabad,Miyapur,3,1925,12600000,6545.454545454545,3 BHK
Hyderabad,Gajularamaram,3,1465,6300000,4300.341296928327,3 BHK
Hyderabad,Gajularamaram,2,1050,4500000,4285.714285714285,2 BHK
Hyderabad,Appa Junction,2,1430,9400000,6573.426573426574,2 BHK
Hyderabad,Appa Junction,2,1430,9400000,6573.426573426574,2 BHK
Hyderabad,Appa Junction,2,1385,8798000,6352.3465703971115,2 BHK
Hyderabad,Manikonda,2,1100,6000000,5454.545454545455,2 BHK
Hyderabad,East Marredpally,3,3266,21700000,6644.213104715248,3 BHK
Hyderabad,Manikonda,2,1200,5200000,4333.333333333333,2 BHK
Hyderabad,Bollaram,3,1620,4900000,3024.6913580246915,3 BHK
Hyderabad,Mallampet,1,1100,3315000,3013.6363636363635,1 BHK
Hyderabad,Gajularamaram,2,1050,4600000,4380.952380952381,2 BHK
Hyderabad,Manikonda,3,1380,6600000,4782.608695652174,3 BHK
Hyderabad,Begumpet,3,1510,11000000,7284.76821192053,3 BHK
Hyderabad,Kukatpally,3,1652,9581000,5799.636803874092,3 BHK
Hyderabad,Hitech City,4,3147,26100000,8293.612964728312,4 BHK
Hyderabad,Hitech City,4,3090,25600000,8284.789644012944,4 BHK
Hyderabad,Hitech City,4,3044,25200000,8278.580814717478,4 BHK
Hyderabad,Hitech City,3,2051,17000000,8288.639687957095,3 BHK
Hyderabad,Hitech City,4,3101,25700000,8287.649145436955,4 BHK
Hyderabad,Hitech City,4,3049,25299999,8297.802230239422,4 BHK
Hyderabad,Hitech City,3,1738,14400000,8285.385500575374,3 BHK
Hyderabad,Hitech City,2,1355,11200000,8265.682656826568,2 BHK
Hyderabad,Hitech City,2,1334,11000000,8245.877061469266,2 BHK
Hyderabad,Hitech City,2,1346,11100000,8246.65676077266,2 BHK
Hyderabad,Hitech City,2,1327,11000000,8289.37452901281,2 BHK
Hyderabad,Kondapur,2,1473,9942000,6749.4908350305495,2 BHK
Hyderabad,Kondapur,3,2607,17500000,6712.696586114308,3 BHK
Hyderabad,Kondapur,3,2800,18900000,6750.0,3 BHK
Hyderabad,Kondapur,3,2192,14700000,6706.204379562044,3 BHK
Hyderabad,Kondapur,3,2815,19000000,6749.55595026643,3 BHK
Hyderabad,Kondapur,3,2452,16500000,6729.200652528548,3 BHK
Hyderabad,Kondapur,3,2191,14700000,6709.26517571885,3 BHK
Hyderabad,Kondapur,3,2813,18900000,6718.805545680768,3 BHK
Hyderabad,Kondapur,2,1290,8707000,6749.612403100775,2 BHK
Hyderabad,Kondapur,2,1300,8775000,6750.0,2 BHK
Hyderabad,Kondapur,2,1368,9234000,6750.0,2 BHK
Hyderabad,Hitex Road,3,1550,8000000,5161.290322580645,3 BHK
Hyderabad,Manikonda,3,1550,6509999,4199.999354838709,3 BHK
Hyderabad,Hitech City,4,2049,23000000,11224.987798926306,4 BHK
Hyderabad,Hitech City,4,3494,29000000,8299.942759015456,4 BHK
Hyderabad,Hitech City,2,1336,11000000,8233.532934131737,2 BHK
Hyderabad,Kondapur,3,1850,12400000,6702.7027027027025,3 BHK
Hyderabad,Kondapur,2,1500,10100000,6733.333333333333,2 BHK
Hyderabad,Puppalaguda,3,1620,7500000,4629.62962962963,3 BHK
Hyderabad,Begumpet,2,1200,6200000,5166.666666666667,2 BHK
Hyderabad,Banjara Hills,3,2700,17500000,6481.481481481482,3 BHK
Hyderabad,Kondapur,4,3600,29000000,8055.555555555556,4 BHK
Hyderabad,Kondapur,3,1530,8700000,5686.274509803921,3 BHK
Hyderabad,Sanath Nagar,2,1265,6956999,5499.60395256917,2 BHK
Hyderabad,Nallagandla Gachibowli,2,1260,6676000,5298.412698412699,2 BHK
Hyderabad,Nallagandla Gachibowli,3,1695,9066000,5348.672566371682,3 BHK
Hyderabad,Nallagandla Gachibowli,3,1860,9949000,5348.924731182796,3 BHK
Hyderabad,Balanagar,3,1520,7600000,5000.0,3 BHK
Hyderabad,Balanagar,3,1655,8275000,5000.0,3 BHK
Hyderabad,Balanagar,3,1665,8325000,5000.0,3 BHK
Hyderabad,Balanagar,3,1755,9126000,5200.0,3 BHK
Hyderabad,Balanagar,3,1765,8825000,5000.0,3 BHK
Hyderabad,Balanagar,3,1940,10000000,5154.639175257732,3 BHK
Hyderabad,Nallagandla Gachibowli,2,1260,7243000,5748.412698412699,2 BHK
Hyderabad,Nallagandla Gachibowli,3,1695,11000000,6489.675516224189,3 BHK
Hyderabad,Nallagandla Gachibowli,3,1860,10600000,5698.924731182796,3 BHK
Hyderabad,Manikonda,2,1313,5514000,4199.5430312262,2 BHK
Hyderabad,Manikonda,2,1256,5275000,4199.84076433121,2 BHK
Hyderabad,Manikonda,2,1150,4830000,4200.0,2 BHK
Hyderabad,Sanath Nagar,3,1495,12000000,8026.755852842809,3 BHK
Hyderabad,Sanath Nagar,3,1500,12000000,8000.0,3 BHK
Hyderabad,Sanath Nagar,3,1685,13500000,8011.86943620178,3 BHK
Hyderabad,Sanath Nagar,3,1895,10400000,5488.126649076517,3 BHK
Hyderabad,Sanath Nagar,3,1780,14200000,7977.528089887641,3 BHK
Hyderabad,Sanath Nagar,3,1785,14300000,8011.204481792717,3 BHK
Hyderabad,Nallagandla Gachibowli,2,1265,6323000,4998.418972332016,2 BHK
Hyderabad,Nallagandla Gachibowli,2,1270,6348000,4998.425196850394,2 BHK
Hyderabad,Nallagandla Gachibowli,2,1511,7553000,4998.67637326274,2 BHK
Hyderabad,Nallagandla Gachibowli,3,1270,6348000,4998.425196850394,3 BHK
Hyderabad,Nallagandla Gachibowli,3,1665,8323000,4998.798798798799,3 BHK
Hyderabad,Nallagandla Gachibowli,2,1265,7272000,5748.616600790514,2 BHK
Hyderabad,Balanagar,3,1430,7150000,5000.0,3 BHK
Hyderabad,Balanagar,3,1610,8050000,5000.0,3 BHK
Hyderabad,Balanagar,3,1320,6600000,5000.0,3 BHK
Hyderabad,Balanagar,3,1435,7175000,5000.0,3 BHK
Hyderabad,Balanagar,3,1510,7550000,5000.0,3 BHK
Hyderabad,Nallagandla Gachibowli,2,1270,7301000,5748.818897637795,2 BHK
Hyderabad,Nallagandla Gachibowli,2,1511,8686000,5748.510919920583,2 BHK
Hyderabad,Nallagandla Gachibowli,3,1270,7301000,5748.818897637795,3 BHK
Hyderabad,Nallagandla Gachibowli,3,1665,9571000,5748.348348348349,3 BHK
Hyderabad,Manikonda,2,1280,5376000,4200.0,2 BHK
Hyderabad,Manikonda,2,1278,5367000,4199.530516431925,2 BHK
Hyderabad,Manikonda,2,1230,5166000,4200.0,2 BHK
Hyderabad,Manikonda,3,1503,6312000,4199.600798403194,3 BHK
Hyderabad,Manikonda,3,1585,6656999,4199.999369085173,3 BHK
Hyderabad,Manikonda,2,1189,4993000,4199.32716568545,2 BHK
Hyderabad,Manikonda,2,1209,5077000,4199.33829611249,2 BHK
Hyderabad,Manikonda,2,1279,5371000,4199.374511336982,2 BHK
Hyderabad,Manikonda,2,1311,5506000,4199.847444698703,2 BHK
Hyderabad,Manikonda,3,1405,5901000,4200.0,3 BHK
Hyderabad,Manikonda,3,1495,6279000,4200.0,3 BHK
Hyderabad,Manikonda,3,1953,8202000,4199.692780337941,3 BHK
Hyderabad,Manikonda,3,1627,6833000,4199.754148740012,3 BHK
Hyderabad,Manikonda,3,1778,7467000,4199.662542182227,3 BHK
Hyderabad,Manikonda,3,1970,8273999,4199.999492385787,3 BHK
Hyderabad,Manikonda,3,1900,7980000,4200.0,3 BHK
Hyderabad,Manikonda,3,1971,8278000,4199.898528665652,3 BHK
Hyderabad,Manikonda,3,1846,7753000,4199.891657638136,3 BHK
Hyderabad,Manikonda,3,1804,7576000,4199.556541019956,3 BHK
Hyderabad,Manikonda,3,1559,6547000,4199.486850545221,3 BHK
Hyderabad,Manikonda,3,1629,6841000,4199.5089011663595,3 BHK
Hyderabad,Manikonda,3,1752,7358000,4199.771689497717,3 BHK
Hyderabad,Manikonda,3,1808,7593000,4199.668141592921,3 BHK
Hyderabad,Manikonda,3,1986,8341000,4199.899295065458,3 BHK
Hyderabad,Manikonda,3,1605,6741000,4200.0,3 BHK
Hyderabad,Manikonda,3,1715,7203000,4200.0,3 BHK
Hyderabad,Manikonda,3,1826,7669000,4199.8904709748085,3 BHK
Hyderabad,Manikonda,3,1995,8379000,4200.0,3 BHK
Hyderabad,Manikonda,3,1996,8383000,4199.899799599199,3 BHK
Hyderabad,Narsingi,3,1655,10200000,6163.141993957704,3 BHK
Hyderabad,Attapur,2,1020,4284000,4200.0,2 BHK
Hyderabad,ECIL,2,1160,4640000,4000.0,2 BHK
Hyderabad,Boiguda,3,5200,59600000,11461.538461538461,3 BHK
Hyderabad,Manikonda,3,2250,12500000,5555.555555555556,3 BHK
Hyderabad,ECIL Main Road,2,1160,4640000,4000.0,2 BHK
Hyderabad,Shaikpet,3,1990,12600000,6331.658291457286,3 BHK
Hyderabad,ECIL,3,1585,6340000,4000.0,3 BHK
Hyderabad,ECIL,2,1165,4660000,4000.0,2 BHK
Hyderabad,Moula Ali,1,550,2200000,4000.0,1 BHK
Hyderabad,ECIL Cross Road,1,550,2200000,4000.0,1 BHK
Hyderabad,Shaikpet,3,2080,14500000,6971.153846153846,3 BHK
Hyderabad,ECIL Main Road,2,1235,4993000,4042.914979757085,2 BHK
Hyderabad,Hitech City,3,2260,17000000,7522.123893805309,3 BHK
Hyderabad,Hitech City,3,2015,15000000,7444.168734491315,3 BHK
Hyderabad,Narsingi,3,1700,12000000,7058.823529411765,3 BHK
Hyderabad,Sanath Nagar,2,1265,9300000,7351.778656126482,2 BHK
Hyderabad,Manikonda,4,4650,45000000,9677.41935483871,4 BHK
Hyderabad,Gachibowli,3,1742,13700000,7864.523536165328,3 BHK
Hyderabad,Rajbhavan Road Somajiguda,3,2300,12500000,5434.782608695652,3 BHK
Hyderabad,Beeramguda,2,1110,3700000,3333.3333333333335,2 BHK
Hyderabad,Beeramguda,2,1110,4300000,3873.873873873874,2 BHK
Hyderabad,Ramachandra Puram,2,1050,4800000,4571.428571428572,2 BHK
Hyderabad,Ramachandra Puram,2,1050,4850000,4619.047619047619,2 BHK
Hyderabad,Vanasthalipuram,3,1505,8426000,5598.671096345515,3 BHK
Hyderabad,TellapurOsman Nagar Road,3,2026,11299999,5577.49210266535,3 BHK
Hyderabad,Mansoorabad,3,1640,8000000,4878.048780487805,3 BHK
Hyderabad,Serilingampally,3,1650,8200000,4969.69696969697,3 BHK
Hyderabad,TellapurOsman Nagar Road,3,1880,10500000,5585.106382978724,3 BHK
Hyderabad,Kukatpally,2,1216,8200000,6743.421052631579,2 BHK
Hyderabad,Tellapur,3,2026,11500000,5676.209279368213,3 BHK
Hyderabad,Hitech City,3,2500,19000000,7600.0,3 BHK
Hyderabad,Bandlaguda Jagir,4,2771,13000000,4691.447130999639,4 BHK
Hyderabad,Sanath Nagar,3,1895,16900000,8918.205804749341,3 BHK
Hyderabad,Sanath Nagar,3,1500,14900000,9933.333333333334,3 BHK
Hyderabad,Madhapur,4,2595,26900000,10366.088631984585,4 BHK
Hyderabad,Kondapur,3,2250,23000000,10222.222222222223,3 BHK
Hyderabad,Nanakramguda,3,2060,14400000,6990.291262135922,3 BHK
Hyderabad,Kondapur,3,1880,17600000,9361.702127659575,3 BHK
Hyderabad,Gajularamaram,3,1620,9500000,5864.197530864198,3 BHK
Hyderabad,Gajularamaram,3,1620,9499000,5863.580246913581,3 BHK
Hyderabad,Kokapet,3,1390,9728000,6998.561151079137,3 BHK
Hyderabad,Bandlaguda Jagir,2,1255,6623000,5277.290836653387,2 BHK
Hyderabad,Bandlaguda Jagir,3,2285,12300000,5382.932166301969,3 BHK
Hyderabad,Gachibowli,3,1993,17600000,8830.908178625188,3 BHK
Hyderabad,Bandlaguda Jagir,3,2282,12300000,5390.008764241893,3 BHK
Hyderabad,Narsingi,3,1384,9254000,6686.416184971098,3 BHK
Hyderabad,TellapurOsman Nagar Road,3,1880,10500000,5585.106382978724,3 BHK
Hyderabad,Tellapur,3,1874,11100000,5923.159018143009,3 BHK
Hyderabad,ECIL Cross Road,2,1165,4660000,4000.0,2 BHK
Hyderabad,Manikonda,3,2000,8500000,4250.0,3 BHK
Hyderabad,ECIL Cross Road,3,1820,7280000,4000.0,3 BHK
Hyderabad,Shaikpet,4,4160,35000000,8413.461538461539,4 BHK
Hyderabad,Boduppal,2,1020,5300000,5196.078431372549,2 BHK
Hyderabad,ECIL Main Road,3,1430,5720000,4000.0,3 BHK
Hyderabad,Kukatpally,2,1360,9000000,6617.64705882353,2 BHK
Hyderabad,KRCR Colony Road,2,1125,3600000,3200.0,2 BHK
Hyderabad,ECIL,3,1430,5720000,4000.0,3 BHK
Hyderabad,Hitech City,4,3044,23000000,7555.847568988173,4 BHK
Hyderabad,Hitech City,4,3101,23000000,7416.962270235408,4 BHK
Hyderabad,Hitech City,4,3147,23600000,7499.2055926279,4 BHK
Hyderabad,Hitech City,4,3090,23000000,7443.365695792881,4 BHK
Hyderabad,Pragati Nagar,2,1139,3800000,3336.2598770851623,2 BHK
Hyderabad,LB Nagar,3,1560,8800000,5641.025641025641,3 BHK
Hyderabad,TellapurOsman Nagar Road,3,1880,10200000,5425.531914893617,3 BHK
Hyderabad,Tellapur,3,1687,9278000,5499.703615886188,3 BHK
Hyderabad,Padmarao Nagar,2,770,2800000,3636.3636363636365,2 BHK
Hyderabad,Manikonda,2,1257,6800000,5409.705648369133,2 BHK
Hyderabad,Narsingi,3,2225,11100000,4988.76404494382,3 BHK
Hyderabad,Narsingi,3,2170,10800000,4976.958525345623,3 BHK
Hyderabad,Narsingi,2,1425,7125000,5000.0,2 BHK
Hyderabad,Narsingi,3,2025,10100000,4987.6543209876545,3 BHK
Hyderabad,Gandipet,2,1410,7755000,5500.0,2 BHK
Hyderabad,Gandipet,3,2160,11800000,5462.962962962963,3 BHK
Hyderabad,Gandipet,3,1905,10400000,5459.317585301837,3 BHK
Hyderabad,Gandipet,3,2665,14600000,5478.424015009381,3 BHK
Hyderabad,Gandipet,3,2400,13200000,5500.0,3 BHK
Hyderabad,Gandipet,2,1395,7672000,5499.641577060932,2 BHK
Hyderabad,Kokapet,3,1945,12600000,6478.149100257069,3 BHK
Hyderabad,Kokapet,3,1680,10900000,6488.0952380952385,3 BHK
Hyderabad,Kokapet,3,1680,10900000,6488.0952380952385,3 BHK
Hyderabad,Kokapet,2,1270,8255000,6500.0,2 BHK
Hyderabad,Kokapet,2,1270,8255000,6500.0,2 BHK
Hyderabad,Kokapet,3,1480,9620000,6500.0,3 BHK
Hyderabad,Sainikpuri,4,3000,9900000,3300.0,4 BHK
Hyderabad,Nizampet,2,1225,4800000,3918.3673469387754,2 BHK
Hyderabad,Tellapur,3,2026,11200000,5528.134254689043,3 BHK
Hyderabad,Bandlaguda Jagir,3,1525,7900000,5180.327868852459,3 BHK
Hyderabad,LB Nagar,2,1265,5692000,4499.604743083004,2 BHK
Hyderabad,Kondapur,3,1640,10500000,6402.4390243902435,3 BHK
Hyderabad,Kukatpally,2,1360,8900000,6544.117647058823,2 BHK
Hyderabad,LB Nagar,3,1560,8600000,5512.820512820513,3 BHK
Hyderabad,Tellapur,3,2026,11399999,5626.850444225074,3 BHK
Hyderabad,KRCR Colony Road,2,1125,4161999,3699.554666666667,2 BHK
Hyderabad,Pragathi Nagar Kukatpally,3,1515,6800000,4488.448844884489,3 BHK
Hyderabad,Paramount Colony Toli Chowki,2,950,3300000,3473.684210526316,2 BHK
Hyderabad,ECIL,3,1820,7280000,4000.0,3 BHK
Hyderabad,Kukatpally,2,1366,9000000,6588.579795021962,2 BHK
Hyderabad,Nizampet,2,1146,4300000,3752.1815008726003,2 BHK
Hyderabad,Kukatpally,2,1441,9400000,6523.247744621791,2 BHK
Hyderabad,BK Guda Internal Road,2,1000,2850000,2850.0,2 BHK
Hyderabad,Tellapur,3,2026,11200000,5528.134254689043,3 BHK
Hyderabad,TellapurOsman Nagar Road,3,2026,11299999,5577.49210266535,3 BHK
Hyderabad,Tellapur,3,1880,10500000,5585.106382978724,3 BHK
Hyderabad,TellapurOsman Nagar Road,3,2026,11200000,5528.134254689043,3 BHK
Hyderabad,muthangi,2,1125,3600000,3200.0,2 BHK
Hyderabad,Attapur,3,1950,8383000,4298.974358974359,3 BHK
Hyderabad,Attapur,3,1951,8387000,4298.8211173757045,3 BHK
Hyderabad,Narsingi,3,1700,10500000,6176.470588235294,3 BHK
Hyderabad,Kukatpally,2,1279,8400000,6567.630961688819,2 BHK
Hyderabad,Kondapur,3,1570,8200000,5222.929936305733,3 BHK
Hyderabad,Pragati Nagar,2,1215,4600000,3786.008230452675,2 BHK
Hyderabad,Pragathi Nagar,2,1050,4300000,4095.2380952380954,2 BHK
Hyderabad,Gachibowli,3,1260,8800000,6984.126984126984,3 BHK
Hyderabad,Pragathi Nagar Kukatpally,3,1515,6900000,4554.455445544554,3 BHK
Hyderabad,Yapral,3,1300,4810000,3700.0,3 BHK
Hyderabad,Kukatpally,2,1274,8400000,6593.406593406594,2 BHK
Hyderabad,Kokapet,3,1400,7980000,5700.0,3 BHK
Hyderabad,Narayanguda,3,1621,6500000,4009.870450339297,3 BHK
Hyderabad,Kokapet,3,1800,10200000,5666.666666666667,3 BHK
Hyderabad,Nizampet,2,1200,4800000,4000.0,2 BHK
Hyderabad,Kollur,3,1400,4099000,2927.8571428571427,3 BHK
Hyderabad,Nizampet,2,1200,4800000,4000.0,2 BHK
Hyderabad,Bachupally Road,2,1155,4158000,3600.0,2 BHK
Hyderabad,Bachupally Road,2,1175,4239000,3607.659574468085,2 BHK
Hyderabad,Pragathi Nagar,3,1128,4500000,3989.3617021276596,3 BHK
Hyderabad,Amberpet,2,1150,7000000,6086.95652173913,2 BHK
Hyderabad,TellapurOsman Nagar Road,3,2026,11299999,5577.49210266535,3 BHK
Hyderabad,TellapurOsman Nagar Road,3,1880,10500000,5585.106382978724,3 BHK
Hyderabad,Tellapur,3,1880,10200000,5425.531914893617,3 BHK
Hyderabad,Old Bowenpally,3,1350,4000000,2962.962962962963,3 BHK
Hyderabad,Serilingampally,3,1650,8150000,4939.393939393939,3 BHK
Hyderabad,Serilingampally,3,1650,8200000,4969.69696969697,3 BHK
Hyderabad,Moula Ali,2,1235,4940000,4000.0,2 BHK
Hyderabad,Serilingampally,3,1650,8150000,4939.393939393939,3 BHK
Hyderabad,Alapathi Nagar,3,1700,7500000,4411.764705882353,3 BHK
Hyderabad,Arvind Nagar Colony,3,960,3500000,3645.8333333333335,3 BHK
Hyderabad,Kondapur,2,1370,7000000,5109.489051094891,2 BHK
Hyderabad,Kukatpally,2,1216,8000000,6578.9473684210525,2 BHK
Hyderabad,Tellapur,3,2026,11299999,5577.49210266535,3 BHK
Hyderabad,Kondapur,3,1570,8000000,5095.541401273886,3 BHK
Hyderabad,Matrusri Nagar,2,1170,6786000,5800.0,2 BHK
Hyderabad,Pragathi Nagar Kukatpally,3,1515,6000000,3960.3960396039606,3 BHK
Hyderabad,Attapur,2,1471,6323000,4298.436437797417,2 BHK
Hyderabad,Attapur,2,1470,6319000,4298.639455782313,2 BHK
Hyderabad,Attapur,3,1955,8404000,4298.721227621483,3 BHK
Hyderabad,Nizampet,2,1000,4500000,4500.0,2 BHK
Hyderabad,Pragathi Nagar Road,3,1515,6000000,3960.3960396039606,3 BHK
Hyderabad,Madhapur,4,2865,40000000,13961.605584642233,4 BHK
Hyderabad,Kukatpally,2,1090,7317000,6712.844036697248,2 BHK
Hyderabad,Padma Colony,2,950,6500000,6842.105263157895,2 BHK
Hyderabad,TellapurOsman Nagar Road,3,1880,10500000,5585.106382978724,3 BHK
Hyderabad,Nanakramguda,3,2220,15500000,6981.981981981982,3 BHK
Hyderabad,Kokapet,3,1600,9120000,5700.0,3 BHK
Hyderabad,Nizampet,2,1201,4804000,4000.0,2 BHK
Hyderabad,Nizampet,2,1150,5000000,4347.826086956522,2 BHK
Hyderabad,Gajularamaram,2,1050,4600000,4380.952380952381,2 BHK
Hyderabad,Gajularamaram,3,1555,6600000,4244.372990353698,3 BHK
Hyderabad,TellapurOsman Nagar Road,3,1880,10200000,5425.531914893617,3 BHK
Hyderabad,Hitech City,3,2380,21000000,8823.529411764706,3 BHK
Hyderabad,Happy Homes Colony,3,1402,6000000,4279.600570613409,3 BHK
Hyderabad,Pragathi Nagar,3,1120,4500000,4017.8571428571427,3 BHK
Hyderabad,Serilingampally,3,1650,8000000,4848.484848484848,3 BHK
Hyderabad,Serilingampally,3,1650,8000000,4848.484848484848,3 BHK
Hyderabad,Tellapur,3,1687,9447000,5599.881446354475,3 BHK
Hyderabad,Uppal,2,800,3500000,4375.0,2 BHK
Hyderabad,Kukatpally,2,1441,9500000,6592.64399722415,2 BHK
Hyderabad,Yapral,2,1100,4070000,3700.0,2 BHK
Hyderabad,Tellapur,3,2150,13700000,6372.093023255814,3 BHK
Hyderabad,Pragathi Nagar Kukatpally,3,1515,6000000,3960.3960396039606,3 BHK
Hyderabad,Old Nallakunta,1,600,2300000,3833.3333333333335,1 BHK
Hyderabad,Kondapur,3,1880,16000000,8510.63829787234,3 BHK
Hyderabad,Tellapur,3,1538,8766000,5699.609882964889,3 BHK
Hyderabad,Miyapur,3,1920,10700000,5572.916666666667,3 BHK
Hyderabad,Miyapur,2,1190,8573000,7204.201680672269,2 BHK
Hyderabad,Serilingampally,4,2925,18400000,6290.598290598291,4 BHK
Hyderabad,Kokapet,3,2150,12400000,5767.441860465116,3 BHK
Hyderabad,Kukatpally,3,1695,11200000,6607.669616519174,3 BHK
Hyderabad,Sangeet Nagar,2,2700,5999000,2221.8518518518517,2 BHK
Hyderabad,Karmanghat,2,1250,6000000,4800.0,2 BHK
Hyderabad,NRSA Colony,2,1100,5600000,5090.909090909091,2 BHK
Hyderabad,Miyapur,2,1003,3510000,3499.5014955134598,2 BHK
Hyderabad,Adibatla,3,1400,2800000,2000.0,3 BHK
Hyderabad,Manikonda,6,5000,21000000,4200.0,5+ BHK
Hyderabad,Methodist Colony,2,850,3500000,4117.64705882353,2 BHK
Hyderabad,Ameerpet,3,1800,8000000,4444.444444444444,3 BHK
Hyderabad,Moula Ali,2,1235,5187000,4200.0,2 BHK
Hyderabad,Pragathi Nagar Kukatpally,2,1515,6000000,3960.3960396039606,2 BHK
Hyderabad,BK Guda Internal Road,2,750,2700000,3600.0,2 BHK
Hyderabad,West Marredpally,2,900,4000000,4444.444444444444,2 BHK
Hyderabad,Banjara Hills,4,3300,35000000,10606.060606060606,4 BHK
Hyderabad,Tellapur,3,1538,8000000,5201.560468140442,3 BHK
Hyderabad,Kondapur,2,1195,6800000,5690.376569037657,2 BHK
Hyderabad,Pragathi Nagar Kukatpally,2,1100,4179999,3799.9990909090907,2 BHK
Hyderabad,Miyapur,2,1214,4856000,4000.0,2 BHK
Hyderabad,Bachupally Road,2,1175,4230000,3600.0,2 BHK
Hyderabad,Bachupally Road,2,1155,4158000,3600.0,2 BHK
Hyderabad,Bachupally Road,2,1175,4236000,3605.1063829787236,2 BHK
Hyderabad,Bachupally Road,2,1175,4236000,3605.1063829787236,2 BHK
Hyderabad,ALIND Employees Colony,2,1028,5654000,5500.0,2 BHK
Hyderabad,Khizra Enclave,3,1350,4000000,2962.962962962963,3 BHK
Hyderabad,Medchal,2,1050,3700000,3523.809523809524,2 BHK
Hyderabad,LB Nagar,3,1300,5600000,4307.692307692308,3 BHK
Hyderabad,Beeramguda,3,1500,3750000,2500.0,3 BHK
Hyderabad,Krishna Reddy Pet,3,1400,3500000,2500.0,3 BHK
Hyderabad,LB Nagar,2,1130,4700000,4159.29203539823,2 BHK
Hyderabad,Dammaiguda,3,1500,4600000,3066.6666666666665,3 BHK
Hyderabad,Jubilee Hills,3,3000,30000000,10000.0,3 BHK
Hyderabad,Serilingampally,3,1650,8100000,4909.090909090909,3 BHK
Hyderabad,Padmarao Nagar,3,1100,5500000,5000.0,3 BHK
Hyderabad,Bachupally,2,1200,4680000,3900.0,2 BHK
Hyderabad,Bachupally Road,2,1175,4230000,3600.0,2 BHK
Hyderabad,Gajulramaram Kukatpally,3,1620,8800000,5432.098765432099,3 BHK
Hyderabad,Pragathi Nagar Kukatpally,2,1100,4200000,3818.181818181818,2 BHK
Hyderabad,Miyapur,2,1205,5061000,4200.0,2 BHK
Hyderabad,Nizampet,2,1180,4600000,3898.3050847457625,2 BHK
Hyderabad,Kukatpally,3,1591,10900000,6851.0370835952235,3 BHK
Hyderabad,Banjara Hills,2,1441,11000000,7633.587786259542,2 BHK
Hyderabad,Gachibowli,2,1050,3148000,2998.095238095238,2 BHK
Hyderabad,Gachibowli,3,1665,6325000,3798.798798798799,3 BHK
Hyderabad,Gachibowli,2,1250,4748000,3798.4,2 BHK
Hyderabad,Suchitra,2,1256,5652000,4500.0,2 BHK
Hyderabad,Whitefields,4,4320,38700000,8958.333333333334,4 BHK
Hyderabad,Kokapet,3,1735,10000000,5763.688760806916,3 BHK
Hyderabad,Mayuri Nagar,2,1150,6500000,5652.173913043478,2 BHK
Hyderabad,Sanath Nagar,3,1500,12400000,8266.666666666666,3 BHK
Hyderabad,Kokapet,3,1507,7800000,5175.846051758461,3 BHK
Hyderabad,Tellapur,3,1412,8000000,5665.7223796033995,3 BHK
Hyderabad,Gandipet,3,2160,12500000,5787.037037037037,3 BHK
Hyderabad,Appa Junction Peerancheru,3,1500,10000000,6666.666666666667,3 BHK
Hyderabad,Dammaiguda,2,1050,3500000,3333.3333333333335,2 BHK
Hyderabad,Moula Ali,1,550,2310000,4200.0,1 BHK
Hyderabad,Kondapur,2,1220,7554000,6191.803278688524,2 BHK
Hyderabad,Gajularamaram,2,1010,4542000,4497.029702970297,2 BHK
Hyderabad,Kukatpally,2,1090,7098999,6512.843119266055,2 BHK
Hyderabad,Gajularamaram,3,1555,6931000,4457.2347266881025,3 BHK
Hyderabad,Kondapur,3,1885,11399999,6047.744827586207,3 BHK
Hyderabad,Kukatpally,3,1730,11100000,6416.184971098266,3 BHK
Hyderabad,Bachupally Road,2,1155,4158000,3600.0,2 BHK
Hyderabad,Adda Gutta,3,5000,40000000,8000.0,3 BHK
Hyderabad,Miyapur HMT Swarnapuri Colony,1,600,2500000,4166.666666666667,1 BHK
Hyderabad,Central Excise Colony Hyderabad,3,1600,10500000,6562.5,3 BHK
Hyderabad,Gachibowli,3,2800,19300000,6892.857142857143,3 BHK
Hyderabad,Gachibowli,3,2405,16500000,6860.70686070686,3 BHK
Hyderabad,Krishna Reddy Pet,2,1000,2500000,2500.0,2 BHK
Hyderabad,Beeramguda,3,1400,3500000,2500.0,3 BHK
Hyderabad,LB Nagar,3,1330,5600000,4210.526315789473,3 BHK
Hyderabad,Miyapur,3,1000,3500000,3500.0,3 BHK
Hyderabad,Basheer Bagh,4,3350,27000000,8059.701492537313,4 BHK
Hyderabad,Kondapur,3,1630,9291000,5700.0,3 BHK
Hyderabad,Banjara Hills,4,3350,42900000,12805.970149253732,4 BHK
Hyderabad,Gopal Nagar,2,1250,6000000,4800.0,2 BHK
Hyderabad,Uppal Kalan,2,1055,4700000,4454.976303317536,2 BHK
Hyderabad,Bachupaly Road Miyapur,2,1190,4403000,3700.0,2 BHK
Hyderabad,ECIL Main Road,1,550,2200000,4000.0,1 BHK
Hyderabad,Kushaiguda,2,1076,4304000,4000.0,2 BHK
Hyderabad,Kushaiguda,2,933,3732000,4000.0,2 BHK
Hyderabad,Kushaiguda,2,1026,4104000,4000.0,2 BHK
Hyderabad,Kushaiguda,2,982,3928000,4000.0,2 BHK
Hyderabad,Tellapur,3,1792,9100000,5078.125,3 BHK
Hyderabad,Hitech City,4,3498,29000000,8290.451686678101,4 BHK
Hyderabad,Bachupally Road,2,1155,4389000,3800.0,2 BHK
Hyderabad,Bandlaguda Jagir,4,2771,13700000,4944.063514976543,4 BHK
Hyderabad,Kokapet,3,1480,9974000,6739.189189189189,3 BHK
Hyderabad,Ashok Nagar,3,2250,20000000,8888.888888888889,3 BHK
Hyderabad,Sanath Nagar,2,700,3000000,4285.714285714285,2 BHK
Hyderabad,Barkatpura,3,1715,11000000,6413.99416909621,3 BHK
Hyderabad,Manikonda,2,1100,4950000,4500.0,2 BHK
Hyderabad,Kondapur,3,2380,21000000,8823.529411764706,3 BHK
Hyderabad,ECIL,3,1430,6006000,4200.0,3 BHK
Hyderabad,Beeramguda,2,1008,2116000,2099.2063492063494,2 BHK
Hyderabad,Nizampet,2,1225,4800000,3918.3673469387754,2 BHK
Hyderabad,Bachupally Road,3,1175,4236000,3605.1063829787236,3 BHK
Hyderabad,Hitech City,3,1580,9638000,6100.0,3 BHK
Hyderabad,Madinaguda,2,1170,7000000,5982.9059829059825,2 BHK
Hyderabad,Medchal,2,1055,4100000,3886.2559241706163,2 BHK
Hyderabad,Kukatpally,2,1216,8400000,6907.894736842105,2 BHK
Hyderabad,Gachibowli,4,4799,40700000,8480.933527818295,4 BHK
Hyderabad,Sanath Nagar,3,1780,14900000,8370.786516853932,3 BHK
Hyderabad,Gachibowli,5,4152,45000000,10838.150289017341,5+ BHK
Hyderabad,Bagh Amberpet,3,2100,15000000,7142.857142857143,3 BHK
Hyderabad,Tellapur,3,1597,8300000,5197.244834063869,3 BHK
Hyderabad,BK Guda Internal Road,2,1200,5200000,4333.333333333333,2 BHK
Hyderabad,Hitech City,1,1000,15000000,15000.0,1 BHK
Hyderabad,ECIL Main Road,3,1585,6340000,4000.0,3 BHK
Hyderabad,Banjara Hills,4,3025,37000000,12231.404958677685,4 BHK
Hyderabad,Banjara Hills,3,2166,27000000,12465.373961218836,3 BHK
Hyderabad,Gajularamaram,3,1620,9200000,5679.0123456790125,3 BHK
Hyderabad,Yapral,3,2612,10400000,3981.623277182236,3 BHK
Hyderabad,Gajulramaram Kukatpally,3,1620,9351000,5772.222222222223,3 BHK
Hyderabad,Gajulramaram Kukatpally,3,1620,9200000,5679.0123456790125,3 BHK
Hyderabad,Madinaguda,2,1170,7028000,6006.8376068376065,2 BHK
Hyderabad,Kokapet,3,1680,12000000,7142.857142857143,3 BHK
Hyderabad,new nallakunta,2,1400,8000000,5714.285714285715,2 BHK
Hyderabad,Gachibowli,3,1400,4198000,2998.5714285714284,3 BHK
Hyderabad,ECIL Cross Road,3,1585,6340000,4000.0,3 BHK
Hyderabad,Gajularamaram,3,1620,9500000,5864.197530864198,3 BHK
Hyderabad,BHEL,2,1232,4600000,3733.7662337662337,2 BHK
Hyderabad,Sun City,2,1470,5800000,3945.578231292517,2 BHK
Hyderabad,Alwal,3,1555,6220000,4000.0,3 BHK
Hyderabad,Hydershakote,2,1470,5800000,3945.578231292517,2 BHK
Hyderabad,Kukatpally,2,1360,9400000,6911.764705882353,2 BHK
Hyderabad,Nallakunta,3,1400,4000000,2857.1428571428573,3 BHK
Hyderabad,Nizampet,2,1090,4300000,3944.954128440367,2 BHK
Hyderabad,Madinaguda,2,1170,5967000,5100.0,2 BHK
Hyderabad,Kukatpally,2,1441,8900000,6176.266481609993,2 BHK
Hyderabad,Kokapet,3,1735,10500000,6051.873198847262,3 BHK
Hyderabad,Nanakramguda,3,3230,22000000,6811.145510835913,3 BHK
Hyderabad,Kokapet,2,1271,7800000,6136.900078678206,2 BHK
Hyderabad,BK Guda Road,2,750,2700000,3600.0,2 BHK
Hyderabad,Kukatpally,3,1740,12000000,6896.551724137931,3 BHK
Hyderabad,Bachupally Road,2,1155,4158000,3600.0,2 BHK
Hyderabad,Bachupally Road,2,1175,4500000,3829.7872340425533,2 BHK
Hyderabad,Bachupally Road,2,1155,4389000,3800.0,2 BHK
Hyderabad,Nallagandla Road,2,1220,6500000,5327.868852459016,2 BHK
Hyderabad,Kondapur,2,1320,10500000,7954.545454545455,2 BHK
Hyderabad,Kokapet,4,3380,21000000,6213.01775147929,4 BHK
Hyderabad,Appa Junction Peerancheru,2,1482,10000000,6747.638326585695,2 BHK
Hyderabad,Nanakramguda,4,4395,45000000,10238.907849829351,4 BHK
Hyderabad,Nallagandla Gachibowli,3,1860,12000000,6451.612903225807,3 BHK
Hyderabad,Kapra,3,1500,6200000,4133.333333333333,3 BHK
Hyderabad,Madinaguda,2,1170,6800000,5811.965811965812,2 BHK
Hyderabad,Madhapur,4,2865,40000000,13961.605584642233,4 BHK
Hyderabad,Gachibowli,5,4152,45000000,10838.150289017341,5+ BHK
Hyderabad,Kokapet,2,1270,8522000,6710.236220472441,2 BHK
Hyderabad,Kokapet,3,1735,11200000,6455.3314121037465,3 BHK
Hyderabad,Kokapet,3,1735,11000000,6340.057636887608,3 BHK
Hyderabad,Kukatpally,2,1216,11000000,9046.052631578947,2 BHK
Hyderabad,IDPL Colony,3,1755,10900000,6210.826210826211,3 BHK
Hyderabad,Balanagar,3,1665,10500000,6306.306306306306,3 BHK
Hyderabad,Gajulramaram Kukatpally,3,1620,8259999,5098.764814814815,3 BHK
Hyderabad,Pragathi Nagar,2,1130,4600000,4070.7964601769913,2 BHK
Hyderabad,Kukatpally,2,1100,5700000,5181.818181818182,2 BHK
Hyderabad,ECIL,2,1160,4872000,4200.0,2 BHK
Hyderabad,Kondapur,3,1490,11299999,7583.891946308725,3 BHK
Hyderabad,Ramnagar Gundu,3,1300,5000000,3846.153846153846,3 BHK
Hyderabad,Ramnagar Gundu,3,1280,4500000,3515.625,3 BHK
Hyderabad,Nallakunta,2,1000,4500000,4500.0,2 BHK
Hyderabad,Gachibowli,5,4146,35200000,8490.110950313556,5+ BHK
Hyderabad,Gachibowli,5,4146,35200000,8490.110950313556,5+ BHK
Hyderabad,Attapur,4,2875,10900000,3791.304347826087,4 BHK
Hyderabad,Padmarao Nagar,4,2744,22500000,8199.708454810496,4 BHK
Hyderabad,Kondapur,3,2192,10500000,4790.14598540146,3 BHK
Hyderabad,Moula Ali,1,550,2310000,4200.0,1 BHK
Hyderabad,Madhapur,4,2595,27000000,10404.624277456647,4 BHK
Hyderabad,Shaikpet,3,1875,15000000,8000.0,3 BHK
Hyderabad,Narsingi,3,1460,7519000,5150.0,3 BHK
Hyderabad,Kokapet,3,1680,11200000,6666.666666666667,3 BHK
Hyderabad,Suchitra,3,1515,6363000,4200.0,3 BHK
Hyderabad,Alkapur township,5,1500,6500000,4333.333333333333,5+ BHK
Hyderabad,Kondapur,3,1050,4500000,4285.714285714285,3 BHK
Hyderabad,Gachibowli,3,1600,7998000,4998.75,3 BHK
Hyderabad,Nallagandla Gachibowli,2,1511,8811000,5831.237590999338,2 BHK
Hyderabad,Banjara Hills Road Number 12,3,2141,23000000,10742.643624474546,3 BHK
Hyderabad,Narsingi,3,1670,8624000,5164.071856287425,3 BHK
Hyderabad,Kukatpally,3,1931,13300000,6887.622993267737,3 BHK
Hyderabad,Kukatpally,3,1782,11500000,6453.423120089787,3 BHK
Hyderabad,Kukatpally,2,1441,9400000,6523.247744621791,2 BHK
Hyderabad,Suchitra,3,1515,6363000,4200.0,3 BHK
Hyderabad,ECIL Main Road,2,1165,5100000,4377.682403433477,2 BHK
Hyderabad,Kukatpally,3,1740,12000000,6896.551724137931,3 BHK
Hyderabad,Kukatpally,2,1360,9382000,6898.529411764706,2 BHK
Hyderabad,Pragathi Nagar Kukatpally,2,1110,4500000,4054.054054054054,2 BHK
Hyderabad,Chandanagar,3,1675,11000000,6567.164179104478,3 BHK
Hyderabad,Gopanpally,3,1725,11000000,6376.811594202899,3 BHK
Hyderabad,Nagole,2,1255,5647000,4499.601593625498,2 BHK
Hyderabad,Kondapur,3,1505,14000000,9302.32558139535,3 BHK
Hyderabad,Kukatpally,2,1090,7098999,6512.843119266055,2 BHK
Hyderabad,Kukatpally,3,1695,10900000,6430.678466076696,3 BHK
Hyderabad,Kondapur,2,1315,8095000,6155.893536121673,2 BHK
Hyderabad,Kondapur,3,1885,11399999,6047.744827586207,3 BHK
Hyderabad,Gajularamaram,2,1180,5256000,4454.237288135593,2 BHK
Hyderabad,Gajularamaram,3,1555,6931000,4457.2347266881025,3 BHK
Hyderabad,Gachibowli,3,1728,13500000,7812.5,3 BHK
Hyderabad,Panchavati Colony Manikonda,2,1189,6000000,5046.257359125316,2 BHK
Hyderabad,Manikonda,2,1100,6000000,5454.545454545455,2 BHK
Hyderabad,Kukatpally,3,1735,11000000,6340.057636887608,3 BHK
Hyderabad,Kondapur,3,2192,10500000,4790.14598540146,3 BHK
Hyderabad,Kompally,2,1075,4085000,3800.0,2 BHK
Hyderabad,Kompally,2,1265,4427000,3499.604743083004,2 BHK
Hyderabad,Kukatpally,3,1782,15400000,8641.975308641975,3 BHK
Hyderabad,Sun City,3,2700,45000000,16666.666666666668,3 BHK
Hyderabad,Gachibowli,4,4829,24500000,5073.5141851314975,4 BHK
Hyderabad,Kukatpally,2,1279,8823000,6898.3580922595775,2 BHK
Hyderabad,Kukatpally,2,1216,8389000,6898.848684210527,2 BHK
Hyderabad,Kukatpally,2,1441,9941000,6898.681471200555,2 BHK
Hyderabad,Narsingi,2,1200,6180000,5150.0,2 BHK
Hyderabad,Bachupally,2,1150,4340000,3773.913043478261,2 BHK
Hyderabad,Bachupally,3,1475,5510000,3735.593220338983,3 BHK
Hyderabad,Kompally,2,1100,5050000,4590.909090909091,2 BHK
Hyderabad,Chandanagar,3,1470,9300000,6326.530612244898,3 BHK
Hyderabad,Serilingampally,3,1780,13000000,7303.3707865168535,3 BHK
Hyderabad,Manikonda,3,2460,18500000,7520.325203252032,3 BHK
Hyderabad,Kokapet,3,2540,17500000,6889.763779527559,3 BHK
Hyderabad,Nanakramguda,2,1130,6102000,5400.0,2 BHK
Hyderabad,Nanakramguda,3,1495,8070000,5397.993311036789,3 BHK
Hyderabad,Nanakramguda,2,1395,7533000,5400.0,2 BHK
Hyderabad,Nanakramguda,2,1275,6884999,5399.9992156862745,2 BHK
Hyderabad,Kokapet,4,2630,17000000,6463.878326996198,4 BHK
Hyderabad,Kokapet,4,2630,17000000,6463.878326996198,4 BHK
Hyderabad,Jubilee Hills,4,4700,61000000,12978.72340425532,4 BHK
Hyderabad,Jubilee Hills,4,4300,55800000,12976.744186046511,4 BHK
Hyderabad,Tellapur,3,1700,8000000,4705.882352941177,3 BHK
Hyderabad,Kokapet,4,2630,18400000,6996.197718631179,4 BHK
Hyderabad,Bachupally,2,1230,4500000,3658.5365853658536,2 BHK
Hyderabad,Pragati Nagar,2,1000,3600000,3600.0,2 BHK
Hyderabad,Bachupally Road,2,1150,3500000,3043.478260869565,2 BHK
Hyderabad,Nallakunta,3,1195,4000000,3347.2803347280333,3 BHK
Hyderabad,New Maruthi Nagar,2,1050,5200000,4952.380952380952,2 BHK
Hyderabad,Tarnaka,2,1122,5900000,5258.467023172905,2 BHK
Hyderabad,Kondapur,3,1710,13300000,7777.777777777777,3 BHK
Hyderabad,Nanakramguda,3,1600,7998000,4998.75,3 BHK
Hyderabad,Kondapur,3,2020,10500000,5198.019801980198,3 BHK
Hyderabad,Madhapur,4,3190,32000000,10031.347962382446,4 BHK
Hyderabad,Bachupally Road,2,1220,4158000,3408.1967213114754,2 BHK
Hyderabad,Kondapur,2,1165,6640000,5699.570815450644,2 BHK
Hyderabad,Bandlaguda Jagir,3,1775,6000000,3380.281690140845,3 BHK
Hyderabad,Gachibowli,3,1662,16000000,9626.955475330926,3 BHK
Hyderabad,Nanakramguda,3,1770,9558000,5400.0,3 BHK
Hyderabad,Hitech City,4,3493,29000000,8302.318923561408,4 BHK
Hyderabad,Kukatpally,2,1050,5500000,5238.0952380952385,2 BHK
Hyderabad,Suchitra,3,1515,6363000,4200.0,3 BHK
Hyderabad,Kondapur,3,2815,13500000,4795.737122557726,3 BHK
Hyderabad,Kondapur,3,2191,10500000,4792.332268370607,3 BHK
Hyderabad,Kondapur,3,2813,13500000,4799.146818343405,3 BHK
Hyderabad,Kokapet,3,1535,9517000,6200.0,3 BHK
Hyderabad,Kokapet,3,1535,9517000,6200.0,3 BHK
Hyderabad,Kokapet,3,1535,8903000,5800.0,3 BHK
Hyderabad,Kokapet,4,2630,16299999,6197.71825095057,4 BHK
Hyderabad,Kokapet,4,2630,16299999,6197.71825095057,4 BHK
Hyderabad,Kokapet,4,2630,16299999,6197.71825095057,4 BHK
Hyderabad,Kokapet,4,2630,15200000,5779.467680608365,4 BHK
Hyderabad,Kokapet,4,2630,15200000,5779.467680608365,4 BHK
Hyderabad,Gachibowli,5,4146,35200000,8490.110950313556,5+ BHK
Hyderabad,Madhavaram Nagar Colony,2,1050,4500000,4285.714285714285,2 BHK
Hyderabad,Jubilee Hills,4,4800,62300000,12979.166666666666,4 BHK
Hyderabad,Kondapur,3,2607,12500000,4794.783275795934,3 BHK
Hyderabad,Kokapet,3,1535,12000000,7817.589576547231,3 BHK
Hyderabad,Gajulramaram Kukatpally,2,1185,2962000,2499.57805907173,2 BHK
Hyderabad,Nanakramguda,3,1730,14500000,8381.502890173411,3 BHK
Hyderabad,Madhapur,4,3490,34000000,9742.120343839542,4 BHK
Hyderabad,Manikonda,3,1834,15000000,8178.844056706652,3 BHK
Hyderabad,Miyapur Bachupally Road,4,2025,7200000,3555.5555555555557,4 BHK
Hyderabad,Pragathi Nagar Road,2,1000,3700000,3700.0,2 BHK
Hyderabad,Hitech City,3,1580,9800000,6202.53164556962,3 BHK
Hyderabad,Gachibowli,3,2615,13000000,4971.31931166348,3 BHK
Hyderabad,Kondapur,3,2191,15800000,7211.319032405295,3 BHK
Hyderabad,nizampet road,2,1190,4600000,3865.546218487395,2 BHK
Hyderabad,Kukatpally,4,4400,30000000,6818.181818181818,4 BHK
Hyderabad,Nallagandla Gachibowli,2,1270,7438000,5856.692913385827,2 BHK
Hyderabad,Kokapeta Village,3,2100,13400000,6380.952380952381,3 BHK
Hyderabad,Kompally,2,1100,4800000,4363.636363636364,2 BHK
Hyderabad,LB Nagar,6,8500,29000000,3411.764705882353,5+ BHK
Hyderabad,Nallakunta,2,900,3800000,4222.222222222223,2 BHK
Hyderabad,Gachibowli,4,3448,27000000,7830.626450116009,4 BHK
Hyderabad,Hitech City,3,1865,12100000,6487.935656836461,3 BHK
Hyderabad,Alwal,3,1589,7950000,5003.14663310258,3 BHK
Hyderabad,Somajiguda,3,2025,10500000,5185.185185185185,3 BHK
Hyderabad,Nanakramguda,3,2270,14500000,6387.665198237885,3 BHK
Hyderabad,Kondapur,3,1615,14000000,8668.7306501548,3 BHK
Hyderabad,Nanakramguda,3,1745,11200000,6418.338108882522,3 BHK
Hyderabad,Nanakramguda,2,960,7500000,7812.5,2 BHK
Hyderabad,Bachupally,2,1190,4641000,3900.0,2 BHK
Hyderabad,Nanakramguda,3,2615,16600000,6347.992351816443,3 BHK
Hyderabad,Kondapur,3,2800,13400000,4785.714285714285,3 BHK
Hyderabad,Kondapur,3,2600,12400000,4769.2307692307695,3 BHK
Hyderabad,Kondapur,3,2452,11700000,4771.615008156607,3 BHK
Hyderabad,Madinaguda,3,1604,5500000,3428.927680798005,3 BHK
Hyderabad,HMT Hills,2,1050,5500000,5238.0952380952385,2 BHK
Hyderabad,Gajularamaram,3,1620,8000000,4938.271604938272,3 BHK
Hyderabad,Kokapet,3,2540,16000000,6299.212598425197,3 BHK
Hyderabad,Hitech City,3,2160,15000000,6944.444444444444,3 BHK
Hyderabad,Toli Chowki,3,1630,7000000,4294.478527607362,3 BHK
Hyderabad,Tilak Nagar,2,1050,5400000,5142.857142857143,2 BHK
Hyderabad,Hitech City,2,1150,3900000,3391.304347826087,2 BHK
Hyderabad,Hitech City,3,2265,14800000,6534.216335540839,3 BHK
Hyderabad,Chititra Medchal,2,1035,5000000,4830.917874396136,2 BHK
Hyderabad,Madhapur,3,1500,8000000,5333.333333333333,3 BHK
Hyderabad,Somajiguda,3,1688,9800000,5805.687203791469,3 BHK
Hyderabad,Pragathi Nagar,2,1100,4600000,4181.818181818182,2 BHK
Hyderabad,Kokapet,3,1875,12100000,6453.333333333333,3 BHK
Hyderabad,BK Guda Road,2,1050,4200000,4000.0,2 BHK
Hyderabad,Appa Junction Peerancheru,3,1800,10000000,5555.555555555556,3 BHK
Hyderabad,Madhapur,3,2625,27000000,10285.714285714286,3 BHK
Hyderabad,Gachibowli,4,3448,27000000,7830.626450116009,4 BHK
Hyderabad,Shaikpet,3,2385,15000000,6289.308176100629,3 BHK
Hyderabad,Nanakramguda,3,1800,11200000,6222.222222222223,3 BHK
Hyderabad,Kondapur,3,2607,20000000,7671.653241273494,3 BHK
Hyderabad,Madhapur,4,3240,29200000,9012.345679012345,4 BHK
Hyderabad,Madhapur,4,2865,25800000,9005.23560209424,4 BHK
Hyderabad,Pragathi Nagar Kukatpally,2,1125,4060000,3608.8888888888887,2 BHK
Hyderabad,Serilingampally,3,2050,14000000,6829.268292682927,3 BHK
Hyderabad,Banjara Hills,4,3300,29700000,9000.0,4 BHK
Hyderabad,muthangi,3,1300,3250000,2500.0,3 BHK
Hyderabad,Madinaguda,2,1240,3450000,2782.2580645161293,2 BHK
Hyderabad,Nallagandla Gachibowli,3,1665,9855000,5918.918918918919,3 BHK
Hyderabad,Nallagandla Gachibowli,2,1265,7536000,5957.312252964427,2 BHK
Hyderabad,Nanakramguda,3,2644,9782000,3699.697428139183,3 BHK
Hyderabad,Beeramguda,2,1000,2500000,2500.0,2 BHK
Hyderabad,Central Excise Colony Hyderabad,3,1550,6500000,4193.548387096775,3 BHK
Hyderabad,Miyapur,5,4500,18000000,4000.0,5+ BHK
Hyderabad,Madinaguda,3,1640,5300000,3231.7073170731705,3 BHK
Hyderabad,Somajiguda,4,3450,55000000,15942.028985507246,4 BHK
Hyderabad,Madhapur,2,1150,3900000,3391.304347826087,2 BHK
Hyderabad,Beeramguda,2,1150,3900000,3391.304347826087,2 BHK
Hyderabad,Kondapur,3,1770,10700000,6045.197740112994,3 BHK
Hyderabad,Himayat Nagar,3,1960,12000000,6122.448979591837,3 BHK
Hyderabad,Bowenpally,2,980,3800000,3877.5510204081634,2 BHK
Hyderabad,Kondapur,2,1195,7500000,6276.150627615063,2 BHK
Hyderabad,Ashok Nagar,2,1200,9000000,7500.0,2 BHK
Hyderabad,Ashok Nagar,3,1590,12000000,7547.169811320755,3 BHK
Hyderabad,Nanakramguda,3,2220,15000000,6756.756756756757,3 BHK
Hyderabad,Kukatpally,3,1592,12600000,7914.572864321608,3 BHK
Hyderabad,Barkatpura,3,1380,6500000,4710.144927536232,3 BHK
Hyderabad,Madhapur,5,4375,32799999,7497.142628571429,5+ BHK
Hyderabad,Madinaguda,3,1640,5500000,3353.6585365853657,3 BHK
Hyderabad,Madinaguda,2,1240,3720000,3000.0,2 BHK
Hyderabad,Isnapur,3,1300,3200000,2461.5384615384614,3 BHK
Hyderabad,Nacharam,2,1160,5600000,4827.586206896552,2 BHK
Hyderabad,Kukatpally,3,1695,11200000,6607.669616519174,3 BHK
Hyderabad,Gachibowli,2,1275,11500000,9019.607843137255,2 BHK
Hyderabad,Kokapet,2,1350,10200000,7555.555555555556,2 BHK
Hyderabad,D D Colony,3,1250,6300000,5040.0,3 BHK
Hyderabad,DD Colony,3,2500,13500000,5400.0,3 BHK
Hyderabad,Nanakramguda,4,3258,22700000,6967.4647022713325,4 BHK
Hyderabad,Miyapur,2,1165,5242000,4499.570815450644,2 BHK
Hyderabad,Ramnagar Gundu,3,1250,5200000,4160.0,3 BHK
Hyderabad,Patancheru Shankarpalli Road,3,1300,4000000,3076.923076923077,3 BHK
Hyderabad,Patancheru,2,950,2400000,2526.315789473684,2 BHK
Hyderabad,BHEL,3,1100,3100000,2818.181818181818,3 BHK
Hyderabad,Jhangir Pet,2,1007,2014000,2000.0,2 BHK
Hyderabad,Gajulramaram Kukatpally,3,1640,3936000,2400.0,3 BHK
Hyderabad,Serilingampally,4,2925,14600000,4991.452991452991,4 BHK
Hyderabad,Kondapur,3,1710,13000000,7602.339181286549,3 BHK
Hyderabad,Nanakramguda,3,2664,9782000,3671.921921921922,3 BHK
Hyderabad,Nanakramguda,3,2000,7400000,3700.0,3 BHK
Hyderabad,Almasguda,2,1150,4800000,4173.913043478261,2 BHK
Hyderabad,Pragathi Nagar,2,1150,4140000,3600.0,2 BHK
Hyderabad,Ashok Nagar,2,1145,8500000,7423.580786026201,2 BHK
Hyderabad,Kondapur,3,1900,16500000,8684.21052631579,3 BHK
Hyderabad,Hitech City,3,1580,10000000,6329.113924050633,3 BHK
Hyderabad,Kondapur,3,2192,10500000,4790.14598540146,3 BHK
Hyderabad,Hitech City,3,2595,20500000,7899.80732177264,3 BHK
Hyderabad,Himayat Nagar,2,960,5760000,6000.0,2 BHK
Hyderabad,Madinaguda,3,1665,5500000,3303.3033033033034,3 BHK
Hyderabad,Kukatpally,3,1735,12200000,7031.700288184438,3 BHK
Hyderabad,Kukatpally,2,1360,9600000,7058.823529411765,2 BHK
Hyderabad,Kukatpally,2,1208,8500000,7036.423841059603,2 BHK
Hyderabad,Kukatpally,3,1740,12200000,7011.494252873563,3 BHK
Hyderabad,Bachupally,2,1200,4680000,3900.0,2 BHK
Hyderabad,Bachupally,2,1240,4836000,3900.0,2 BHK
Hyderabad,Bachupally,3,1600,6240000,3900.0,3 BHK
Hyderabad,Bachupally,2,1270,4953000,3900.0,2 BHK
Hyderabad,Alwal,2,1080,4320000,4000.0,2 BHK
Hyderabad,Allwyn Colony,2,1020,4850000,4754.901960784314,2 BHK
Hyderabad,Miyapur Bachupally Road,2,1145,4800000,4192.139737991266,2 BHK
Hyderabad,Chandanagar,3,1575,8031999,5099.681904761905,3 BHK
Hyderabad,Kukatpally,3,1700,10300000,6058.823529411765,3 BHK
Hyderabad,Kukatpally,2,1730,10500000,6069.364161849711,2 BHK
Hyderabad,Kukatpally,2,1090,6648999,6099.999082568807,2 BHK
Hyderabad,BK Guda Road,3,2300,17000000,7391.304347826087,3 BHK
Hyderabad,Adibatla,2,1147,4500000,3923.2781168265037,2 BHK
Hyderabad,Banjara Hills,4,3900,41500000,10641.02564102564,4 BHK
Hyderabad,Banjara Hills,4,3765,45100000,11978.75166002656,4 BHK
Hyderabad,Ashok Nagar,3,2021,12700000,6284.017812963879,3 BHK
Hyderabad,Gajulramaram Kukatpally,2,1125,3210000,2853.3333333333335,2 BHK
Hyderabad,Nanakramguda,3,2230,15000000,6726.457399103139,3 BHK
Hyderabad,Manikonda,3,1834,16200000,8833.151581243184,3 BHK
Hyderabad,Madhapur,4,4070,42500000,10442.260442260442,4 BHK
Hyderabad,Manikonda,3,1834,16000000,8724.100327153763,3 BHK
Hyderabad,Kukatpally,4,4700,41000000,8723.404255319148,4 BHK
Hyderabad,Manikonda,2,1314,10000000,7610.350076103501,2 BHK
Hyderabad,Gachibowli,4,3355,26800000,7988.077496274218,4 BHK
Hyderabad,Gachibowli,5,4146,33100000,7983.59864930053,5+ BHK
Hyderabad,Gachibowli,4,3448,27500000,7975.638051044083,4 BHK
Hyderabad,Patancheru,3,1200,3200000,2666.6666666666665,3 BHK
Hyderabad,Patancheru,3,1300,3250000,2500.0,3 BHK
Hyderabad,DD Colony,3,1600,9000000,5625.0,3 BHK
Hyderabad,Kukatpally,8,7600,35000000,4605.263157894737,5+ BHK
Hyderabad,Pragathi Nagar Kukatpally,3,1513,6800000,4494.38202247191,3 BHK
Hyderabad,Sanath Nagar,3,1557,11000000,7064.868336544637,3 BHK
Hyderabad,Patancheru,3,1300,3100000,2384.6153846153848,3 BHK
Hyderabad,Sri Nagar Colony,3,2025,12500000,6172.83950617284,3 BHK
Hyderabad,Sri Nagar Colony,2,1260,7800000,6190.476190476191,2 BHK
Hyderabad,Manikonda,3,1834,14500000,7906.215921483097,3 BHK
Hyderabad,Tellapur,3,1580,7200000,4556.962025316456,3 BHK
Hyderabad,Nanakramguda,3,1860,14000000,7526.881720430108,3 BHK
Hyderabad,financial District,2,1005,2211000,2200.0,2 BHK
Hyderabad,Beeramguda Road,2,1200,3500000,2916.6666666666665,2 BHK
Hyderabad,Bandlaguda Jagir,2,1057,3000000,2838.2213812677387,2 BHK
Hyderabad,Ashok Nagar,3,2122,13300000,6267.672007540056,3 BHK
Hyderabad,Patancheru,2,910,3200000,3516.4835164835163,2 BHK
Hyderabad,Pati,3,1375,4000000,2909.090909090909,3 BHK
Hyderabad,Nagole,2,1001,2002000,2000.0,2 BHK
Hyderabad,Kondapur,3,2000,10000000,5000.0,3 BHK
Hyderabad,Jubilee Hills,3,3085,40000000,12965.964343598054,3 BHK
Hyderabad,Hitech City,4,2250,17000000,7555.555555555556,4 BHK
Hyderabad,Kondapur,3,3195,21500000,6729.264475743349,3 BHK
Hyderabad,Kokapet,3,1735,9542000,5499.71181556196,3 BHK
Hyderabad,Madhapur,4,3450,33500000,9710.144927536232,4 BHK
Hyderabad,Kondapur,3,1500,8200000,5466.666666666667,3 BHK
Hyderabad,Patancheru,2,910,3300000,3626.3736263736264,2 BHK
Hyderabad,Karimnagar,2,1005,3500000,3482.587064676617,2 BHK
Hyderabad,Bagh Amberpet,2,1150,5500000,4782.608695652174,2 BHK
Hyderabad,Miyapur,2,1002,3507000,3500.0,2 BHK
Hyderabad,Miyapur,2,1013,3545000,3499.506416584403,2 BHK
Hyderabad,Miyapur,2,1005,3517000,3499.502487562189,2 BHK
Hyderabad,Miyapur,2,1007,3524000,3499.503475670308,2 BHK
Hyderabad,Miyapur,2,1012,3542000,3500.0,2 BHK
Hyderabad,Adibatla,2,1010,2022000,2001.980198019802,2 BHK
Hyderabad,Nagole,2,1010,2020000,2000.0,2 BHK
Hyderabad,Nagole,3,1400,2800000,2000.0,3 BHK
Hyderabad,Kollur Road,3,1665,5700000,3423.4234234234236,3 BHK
Hyderabad,Medchal,2,1002,4008000,4000.0,2 BHK
Hyderabad,Adibatla,2,1050,2200000,2095.2380952380954,2 BHK
Hyderabad,Sun City Padmasri Estates,3,1350,5500000,4074.074074074074,3 BHK
Hyderabad,Chaitanyapuri,3,2200,9300000,4227.272727272727,3 BHK
Hyderabad,Chaitanyapuri,3,2000,9200000,4600.0,3 BHK
Hyderabad,Chaitanyapuri,3,1600,9300000,5812.5,3 BHK
Hyderabad,Chaitanyapuri,3,1691,9300000,5499.704316972206,3 BHK
Hyderabad,Chaitanyapuri,3,1500,9300000,6200.0,3 BHK
Hyderabad,Pragathi Nagar Kukatpally,2,1175,3600000,3063.8297872340427,2 BHK
Hyderabad,Chandanagar,3,1600,8460000,5287.5,3 BHK
Hyderabad,Chandanagar,2,1150,6165000,5360.869565217391,2 BHK
Hyderabad,Kukatpally,2,1090,6168000,5658.715596330275,2 BHK
Hyderabad,Miyapur,2,1190,8692000,7304.201680672269,2 BHK
Hyderabad,Miyapur,3,1920,10700000,5572.916666666667,3 BHK
Hyderabad,Miyapur,3,1905,10700000,5616.797900262467,3 BHK
Hyderabad,Kondapur,2,1295,11200000,8648.648648648648,2 BHK
Hyderabad,Kokapet,4,3380,22500000,6656.80473372781,4 BHK
Hyderabad,Somajiguda,4,3615,27100000,7496.542185338866,4 BHK
Hyderabad,Nandagiri Hills,3,2600,22100000,8500.0,3 BHK
Hyderabad,Whitefield,3,2100,10900000,5190.476190476191,3 BHK
Hyderabad,Film Nagar,3,3025,28700000,9487.603305785124,3 BHK
Hyderabad,Nandagiri Hills,3,2600,22100000,8500.0,3 BHK
Hyderabad,Sri Nagar Colony,3,3590,39400000,10974.930362116991,3 BHK
Hyderabad,Somajiguda,3,3875,29000000,7483.870967741936,3 BHK
Hyderabad,Somajiguda,3,4290,32100000,7482.517482517483,3 BHK
Hyderabad,Balanagar,3,1765,6354000,3600.0,3 BHK
Hyderabad,Balanagar,3,1940,6984000,3600.0,3 BHK
Hyderabad,Jubilee Hills,3,2445,16500000,6748.4662576687115,3 BHK
Hyderabad,Kokapet,3,1830,12000000,6557.377049180328,3 BHK
Hyderabad,Kismatpur,4,1125,5000000,4444.444444444444,4 BHK
Hyderabad,Patancheru,3,1300,3200000,2461.5384615384614,3 BHK
Hyderabad,Patancheru,2,910,3250000,3571.4285714285716,2 BHK
Hyderabad,Pati,3,1550,4750000,3064.516129032258,3 BHK
Hyderabad,Patancheru,3,1650,4800000,2909.090909090909,3 BHK
Hyderabad,Pati,3,1475,4550000,3084.7457627118642,3 BHK
Hyderabad,Pati,3,1475,4150000,2813.5593220338983,3 BHK
Hyderabad,Patancheru,2,1500,3550000,2366.6666666666665,2 BHK
Hyderabad,Pati,3,1550,4450000,2870.967741935484,3 BHK
Hyderabad,Pati,3,1400,3900000,2785.714285714286,3 BHK
Hyderabad,Patancheru,2,1350,3800000,2814.814814814815,2 BHK
Hyderabad,Pati,3,1475,4250000,2881.35593220339,3 BHK
Hyderabad,Pati,3,1650,4850000,2939.3939393939395,3 BHK
Hyderabad,Patancheru,2,1375,4050000,2945.4545454545455,2 BHK
Hyderabad,Pati,3,1475,4500000,3050.8474576271187,3 BHK
Hyderabad,Dr A S Rao Nagar Rd,2,1000,4800000,4800.0,2 BHK
Hyderabad,Tellapur,3,1950,8600000,4410.25641025641,3 BHK
Hyderabad,Dullapally,2,1050,3675000,3500.0,2 BHK
Hyderabad,Kondapur,3,1535,8749000,5699.674267100977,3 BHK
Hyderabad,KPHB,3,1550,8300000,5354.8387096774195,3 BHK
Hyderabad,Vivekananda Nagar Colony,3,1510,8700000,5761.58940397351,3 BHK
Hyderabad,Boduppal,3,920,4000000,4347.826086956522,3 BHK
Hyderabad,Gachibowli,3,1742,13700000,7864.523536165328,3 BHK
Hyderabad,Banjara Hills,4,3765,57500000,15272.244355909694,4 BHK
Hyderabad,Gachibowli,3,2750,16500000,6000.0,3 BHK
Hyderabad,Ameenpur,2,1160,4582000,3950.0,2 BHK
Hyderabad,Manikonda,4,2450,11200000,4571.428571428572,4 BHK
Hyderabad,Jubilee Hills,4,4700,55000000,11702.127659574468,4 BHK
Hyderabad,LB Nagar,2,1100,4600000,4181.818181818182,2 BHK
Hyderabad,financial District,2,1250,3375000,2700.0,2 BHK
Hyderabad,Kollur Road,2,1250,4300000,3440.0,2 BHK
Hyderabad,Adibatla,2,1200,2800000,2333.3333333333335,2 BHK
Hyderabad,Miyapur,2,1006,3521000,3500.0,2 BHK
Hyderabad,Kollur Road,2,1200,4500000,3750.0,2 BHK
Hyderabad,Kollur Road,2,1250,4250000,3400.0,2 BHK
Hyderabad,Kollur Road,2,1250,4600000,3680.0,2 BHK
Hyderabad,Kollur Road,2,1205,4217000,3499.585062240664,2 BHK
Hyderabad,Kollur Road,2,1206,4221000,3500.0,2 BHK
Hyderabad,Kollur,2,1208,4228000,3500.0,2 BHK
Hyderabad,Kollur Road,2,1202,4207000,3500.0,2 BHK
Hyderabad,Kollur Road,2,1203,4210000,3499.5843724023275,2 BHK
Hyderabad,Kondapur,2,1104,4968000,4500.0,2 BHK
Hyderabad,Kondapur,3,1600,7200000,4500.0,3 BHK
Hyderabad,Kollur Road,2,1242,4469000,3598.2286634460547,2 BHK
Hyderabad,Aminpur,2,1210,3600000,2975.206611570248,2 BHK
Hyderabad,Dammaiguda,3,1630,5200000,3190.1840490797545,3 BHK
Hyderabad,Dammaiguda,2,990,3200000,3232.3232323232323,2 BHK
Hyderabad,Bachupally,3,1450,6500000,4482.758620689655,3 BHK
Hyderabad,Chintradripet,2,1000,3800000,3800.0,2 BHK
Hyderabad,Ring Road,2,950,2900000,3052.6315789473683,2 BHK
Hyderabad,Hyder Nagar,2,1050,4830000,4600.0,2 BHK
Hyderabad,Saket,2,1400,19500000,13928.57142857143,2 BHK
Hyderabad,Hyder Nagar,2,1050,5200000,4952.380952380952,2 BHK
Hyderabad,Begumpet,2,1200,7800000,6500.0,2 BHK
Hyderabad,Kavuri Hills,4,4150,26000000,6265.060240963855,4 BHK
Hyderabad,Sun City,5,1500,3700000,2466.6666666666665,5+ BHK
Hyderabad,Madhapur,3,1530,9800000,6405.228758169935,3 BHK
Hyderabad,Ashok Nagar,3,1250,10500000,8400.0,3 BHK
Hyderabad,manneguda,2,1296,4276000,3299.382716049383,2 BHK
Hyderabad,Shaikpet,2,998,3400000,3406.813627254509,2 BHK
Hyderabad,Moti Nagar,4,1850,9800000,5297.2972972972975,4 BHK
Hyderabad,Miyapur,2,1115,9500000,8520.17937219731,2 BHK
Hyderabad,Hitech City,3,2630,21000000,7984.790874524715,3 BHK
Hyderabad,Sanath Nagar,2,500,2800000,5600.0,2 BHK
Hyderabad,Hafeezpet,2,1085,6300000,5806.451612903225,2 BHK
Hyderabad,Gachibowli,2,1325,5100000,3849.056603773585,2 BHK
Hyderabad,Kollur Road,2,1200,4200000,3500.0,2 BHK
Hyderabad,Kollur Road,2,1201,4203000,3499.583680266445,2 BHK
Hyderabad,Kollur Road,2,1260,4600000,3650.7936507936506,2 BHK
Hyderabad,Kondapur,2,1103,4963000,4499.546690843155,2 BHK
Hyderabad,Kondapur,2,1106,4977000,4500.0,2 BHK
Hyderabad,Adibatla,2,1000,2200000,2200.0,2 BHK
Hyderabad,Kukatpally,2,1360,9500000,6985.294117647059,2 BHK
Hyderabad,AS Rao Nagar,2,1200,6000000,5000.0,2 BHK
Hyderabad,AS Rao Nagar,3,1440,5200000,3611.1111111111113,3 BHK
Hyderabad,Sainikpuri,2,1010,5500000,5445.544554455446,2 BHK
Hyderabad,Sainikpuri,2,1080,4500000,4166.666666666667,2 BHK
Hyderabad,Kompally,3,1950,6500000,3333.3333333333335,3 BHK
Hyderabad,Shaikpet,3,2200,13500000,6136.363636363636,3 BHK
Hyderabad,Shaikpet,2,1133,6900000,6090.026478375993,2 BHK
Hyderabad,Serilingampally,3,1650,8200000,4969.69696969697,3 BHK
Hyderabad,Jubilee Hills,3,2600,17500000,6730.7692307692305,3 BHK
Hyderabad,Adibatla,2,1100,2500000,2272.7272727272725,2 BHK
Hyderabad,Adibatla,2,1002,2304000,2299.4011976047905,2 BHK
Hyderabad,Kokapet,2,500,2750000,5500.0,2 BHK
Hyderabad,Adibatla,2,1000,2300000,2300.0,2 BHK
Hyderabad,Usman Nagar,2,1075,4000000,3720.9302325581393,2 BHK
Hyderabad,new nallakunta,2,1100,5000000,4545.454545454545,2 BHK
Hyderabad,Gachibowli,2,1120,9500000,8482.142857142857,2 BHK
Hyderabad,Shadnagar,2,1200,3800000,3166.6666666666665,2 BHK
Hyderabad,Shadnagar,2,1200,4000000,3333.3333333333335,2 BHK
Hyderabad,Shadnagar,2,1120,3900000,3482.1428571428573,2 BHK
Hyderabad,Kondapur,2,1295,10000000,7722.007722007722,2 BHK
Hyderabad,nizampet road,2,1100,3900000,3545.4545454545455,2 BHK
Hyderabad,Adibatla,2,1134,3742000,3299.8236331569665,2 BHK
Hyderabad,Bongloor,2,1190,3927000,3300.0,2 BHK
Hyderabad,Uppal,2,1050,4216000,4015.2380952380954,2 BHK
Hyderabad,Adibatla,1,710,2536000,3571.830985915493,1 BHK
Hyderabad,Adibatla,3,1390,5004000,3600.0,3 BHK
Hyderabad,Uppal,3,1978,7912000,4000.0,3 BHK
Hyderabad,Mailardevpally,3,1360,5900000,4338.235294117647,3 BHK
Hyderabad,Kukatpally,3,2000,9500000,4750.0,3 BHK
Hyderabad,Jubilee Hills,3,3537,45000000,12722.64631043257,3 BHK
Hyderabad,Suchitra,2,1100,4900000,4454.545454545455,2 BHK
Hyderabad,Uppalguda,2,1210,5082000,4200.0,2 BHK
Hyderabad,Narsingi,3,1935,9500000,4909.5607235142115,3 BHK
Hyderabad,Tirumalgiri,2,1080,5700000,5277.777777777777,2 BHK
Hyderabad,Tirumalgiri,2,1200,6000000,5000.0,2 BHK
Hyderabad,Chikkadapally,3,1905,15400000,8083.989501312336,3 BHK
Hyderabad,Begumpet,3,1570,11299999,7197.451592356688,3 BHK
Hyderabad,Begumpet,3,1570,11299999,7197.451592356688,3 BHK
Hyderabad,Gachibowli,3,1800,10500000,5833.333333333333,3 BHK
Hyderabad,Gachibowli,3,1700,10000000,5882.35294117647,3 BHK
Hyderabad,Narsingi,3,1600,11500000,7187.5,3 BHK
Hyderabad,Narsingi,3,1655,10000000,6042.296072507553,3 BHK
Hyderabad,Manikonda,3,1800,9800000,5444.444444444444,3 BHK
Hyderabad,Manikonda,2,1300,6500000,5000.0,2 BHK
Hyderabad,Kollur Road,2,1207,4224000,3499.585749792875,2 BHK
Hyderabad,Hitech City,4,3430,35800000,10437.31778425656,4 BHK
Hyderabad,Gachibowli,3,2160,19500000,9027.777777777777,3 BHK
Hyderabad,Hitech City,3,3430,36000000,10495.626822157434,3 BHK
Hyderabad,Madhapur,3,2655,27500000,10357.815442561205,3 BHK
Hyderabad,Hyder Nagar,2,861,4500000,5226.480836236934,2 BHK
Hyderabad,Miyapur,4,3152,17300000,5488.578680203046,4 BHK
Hyderabad,JNTU,3,1550,8525000,5500.0,3 BHK
Hyderabad,hyderabad,2,1030,5200000,5048.543689320389,2 BHK
Hyderabad,Shamshabad,3,3550,17500000,4929.577464788732,3 BHK
Hyderabad,Srisailam Highway,4,2983,18000000,6034.193764666443,4 BHK
Hyderabad,Kondapur,3,2225,19300000,8674.157303370786,3 BHK
Hyderabad,Shaikpet,4,4160,35000000,8413.461538461539,4 BHK
Hyderabad,Domalguda,3,1900,12500000,6578.9473684210525,3 BHK
Hyderabad,Domalguda,2,1105,7200000,6515.837104072398,2 BHK
Hyderabad,Lingampalli,2,1150,3900000,3391.304347826087,2 BHK
Hyderabad,Residential Flat Machavaram,3,1625,6500000,4000.0,3 BHK
Hyderabad,Film Nagar,4,4600,46000000,10000.0,4 BHK
Hyderabad,Hitech City,3,2120,15000000,7075.471698113208,3 BHK
Hyderabad,Kondapur,3,2103,12000000,5706.134094151213,3 BHK
Hyderabad,Narsingi,3,1760,11000000,6250.0,3 BHK
Hyderabad,Allwyn Colony,2,1150,3900000,3391.304347826087,2 BHK
Hyderabad,Lingampalli,2,1150,3900000,3391.304347826087,2 BHK
Hyderabad,Jubilee Hills,3,1700,11000000,6470.588235294118,3 BHK
Hyderabad,Kukatpally,3,2232,16500000,7392.4731182795695,3 BHK
Hyderabad,Kukatpally,3,1592,11500000,7223.618090452262,3 BHK
Hyderabad,Kukatpally,2,1208,8400000,6953.64238410596,2 BHK
Hyderabad,Bandlaguda Jagir,2,1200,3500000,2916.6666666666665,2 BHK
Hyderabad,Hitech City,3,2160,15200000,7037.037037037037,3 BHK
Hyderabad,Manikonda,3,1834,14800000,8069.79280261723,3 BHK
Hyderabad,Boduppal,3,1650,7500000,4545.454545454545,3 BHK
Hyderabad,Whisper Valley,2,1180,4567000,3870.3389830508477,2 BHK
Hyderabad,Whisper Valley,2,1200,4650000,3875.0,2 BHK
Hyderabad,Whisper Valley,2,1220,4700000,3852.4590163934427,2 BHK
Hyderabad,Tukkuguda Airport View Point Road,2,1140,2848000,2498.245614035088,2 BHK
Hyderabad,Tukkuguda Airport View Point Road,2,1140,2850000,2500.0,2 BHK
Hyderabad,Madhapur,5,3975,39800000,10012.5786163522,5+ BHK
Hyderabad,Madhapur,3,2655,27000000,10169.49152542373,3 BHK
Hyderabad,Santoshnagar,3,1160,4700000,4051.7241379310344,3 BHK
Hyderabad,Tolichowki,2,1570,7065000,4500.0,2 BHK
Hyderabad,Begumpet,3,1725,12400000,7188.405797101449,3 BHK
Hyderabad,Begumpet,3,1725,12400000,7188.405797101449,3 BHK
Hyderabad,Begumpet,3,1725,12400000,7188.405797101449,3 BHK
Hyderabad,Begumpet,3,1725,12400000,7188.405797101449,3 BHK
Hyderabad,Begumpet,3,1570,11299999,7197.451592356688,3 BHK
Hyderabad,Gachibowli,3,2644,9782000,3699.697428139183,3 BHK
Hyderabad,Uppal Kalan,2,965,4400000,4559.58549222798,2 BHK
Hyderabad,Manikonda,4,1850,8510000,4600.0,4 BHK
Hyderabad,Kokapet,2,1000,5500000,5500.0,2 BHK
Hyderabad,LB Nagar,3,1310,5700000,4351.145038167939,3 BHK
Hyderabad,Domalguda Road,3,2150,15000000,6976.7441860465115,3 BHK
Hyderabad,Balanagar,2,1150,3900000,3391.304347826087,2 BHK
Hyderabad,Gachibowli,2,1150,3900000,3391.304347826087,2 BHK
Hyderabad,Kondapur,2,1150,3900000,3391.304347826087,2 BHK
Hyderabad,Kukatpally,2,1150,3900000,3391.304347826087,2 BHK
Hyderabad,KPHB,2,1150,3900000,3391.304347826087,2 BHK
Hyderabad,Narsingi,3,1945,12500000,6426.735218508998,3 BHK
Hyderabad,Kukatpally,2,1360,10500000,7720.588235294118,2 BHK
Hyderabad,Nizampet,2,1150,3900000,3391.304347826087,2 BHK
Hyderabad,Allwyn Colony,2,1150,3900000,3391.304347826087,2 BHK
Hyderabad,Aminpur,2,1150,3900000,3391.304347826087,2 BHK
Hyderabad,Bachupally,2,1150,3900000,3391.304347826087,2 BHK
Hyderabad,Miyapur,2,1150,3900000,3391.304347826087,2 BHK
Hyderabad,Chandanagar,2,1150,3900000,3391.304347826087,2 BHK
Hyderabad,Patancheru,2,1150,3900000,3391.304347826087,2 BHK
Hyderabad,Shankarpalli,2,1150,3900000,3391.304347826087,2 BHK
Hyderabad,Mallampet,2,1150,3900000,3391.304347826087,2 BHK
Hyderabad,Old Bowenpally,2,1269,6000000,4728.132387706856,2 BHK
Hyderabad,Narsingi,2,1200,4876000,4063.3333333333335,2 BHK
Hyderabad,Narsingi,2,1100,4367000,3970.0,2 BHK
Hyderabad,Chandanagar,2,1150,3900000,3391.304347826087,2 BHK
Hyderabad,Miyapur,2,1150,3900000,3391.304347826087,2 BHK
Hyderabad,Balanagar,2,1150,3900000,3391.304347826087,2 BHK
Hyderabad,Hitech City,2,1150,3900000,3391.304347826087,2 BHK
Hyderabad,Kondapur,2,1150,3900000,3391.304347826087,2 BHK
Hyderabad,Gopanpally,3,1600,7600000,4750.0,3 BHK
Hyderabad,Bolarum,3,1510,5587000,3700.0,3 BHK
Hyderabad,Bolarum,3,1365,5050000,3699.6336996336995,3 BHK
Hyderabad,Chaitanyapuri,3,1691,9300000,5499.704316972206,3 BHK
Hyderabad,Begumpet,3,1725,12400000,7188.405797101449,3 BHK
Hyderabad,Madhapur,4,4070,43500000,10687.960687960687,4 BHK
Hyderabad,Madhapur,3,3430,35000000,10204.081632653062,3 BHK
Hyderabad,Manikonda,2,1100,6300000,5727.272727272727,2 BHK
Hyderabad,Tarnaka,3,1450,7000000,4827.586206896552,3 BHK
Hyderabad,Gachibowli,4,3434,26500000,7716.948165404776,4 BHK
Hyderabad,Manikonda,2,1314,9900000,7534.246575342466,2 BHK
Hyderabad,Banjara Hills,4,3474,24000000,6908.46286701209,4 BHK
Hyderabad,Jubilee Hills,4,4600,31000000,6739.130434782609,4 BHK
Hyderabad,Kothapet,2,1250,6000000,4800.0,2 BHK
Hyderabad,Himayat Nagar,3,2100,12500000,5952.380952380952,3 BHK
Hyderabad,Baghlingampally,2,1150,5500000,4782.608695652174,2 BHK
Hyderabad,Madhapur,4,4070,42000000,10319.410319410319,4 BHK
Hyderabad,Kukatpally,3,1695,9000000,5309.734513274337,3 BHK
Hyderabad,Nanakramguda,3,2460,15500000,6300.8130081300815,3 BHK
Hyderabad,Kondapur,3,2000,11000000,5500.0,3 BHK
Hyderabad,Banjara Hills,4,3695,50000000,13531.799729364006,4 BHK
Hyderabad,Picket,3,1822,8500000,4665.203073545555,3 BHK
Hyderabad,Sainikpuri,3,1595,5000000,3134.796238244514,3 BHK
Hyderabad,East Marredpally,3,1535,12600000,8208.469055374593,3 BHK
Hyderabad,Kollur,3,1665,5000000,3003.003003003003,3 BHK
Hyderabad,Kukatpally,2,1278,11000000,8607.198748043818,2 BHK
Hyderabad,Kukatpally,4,2600,18500000,7115.384615384615,4 BHK
Hyderabad,Hitech City,3,2500,20000000,8000.0,3 BHK
Hyderabad,Nanakramguda,3,2270,18000000,7929.515418502203,3 BHK
Hyderabad,Nanakramguda,3,1600,12000000,7500.0,3 BHK
Hyderabad,Safilguda,2,1000,4000000,4000.0,2 BHK
Hyderabad,Nizampet,2,1180,4566000,3869.491525423729,2 BHK
Hyderabad,Bachupally,2,1100,3829999,3481.8172727272727,2 BHK
Hyderabad,Gachibowli,3,3180,32000000,10062.893081761007,3 BHK
Hyderabad,Chaitanyapuri,3,1691,9300000,5499.704316972206,3 BHK
Hyderabad,Chaitanyapuri,3,1691,9300000,5499.704316972206,3 BHK
Hyderabad,Nanakramguda,4,5440,60000000,11029.411764705883,4 BHK
Hyderabad,Jubilee Hills,3,2850,19800000,6947.368421052632,3 BHK
Hyderabad,Banjara Hills,4,3556,27500000,7733.408323959505,4 BHK
Hyderabad,Ashok Nagar,3,1300,5500000,4230.7692307692305,3 BHK
Hyderabad,Trimalgherry,2,1050,4500000,4285.714285714285,2 BHK
Hyderabad,Manikonda,4,2566,15000000,5845.674201091192,4 BHK
Hyderabad,Trimalgherry,2,1100,4000000,3636.3636363636365,2 BHK
Hyderabad,Sikh Village,3,1980,9000000,4545.454545454545,3 BHK
Hyderabad,Old Bowenpally,3,1436,3500000,2437.325905292479,3 BHK
Hyderabad,West Marredpally,4,4000,22000000,5500.0,4 BHK
Hyderabad,Neredmet,2,1000,3500000,3500.0,2 BHK
Hyderabad,Gachibowli,3,2644,9782000,3699.697428139183,3 BHK
Hyderabad,Kothaguda,3,2813,13500000,4799.146818343405,3 BHK
Hyderabad,Kothaguda,3,2815,13500000,4795.737122557726,3 BHK
Hyderabad,Macha Bolarum,2,1300,4800000,3692.3076923076924,2 BHK
Hyderabad,Gopanpally,4,4320,40000000,9259.25925925926,4 BHK
Hyderabad,Kukatpally,3,1450,9300000,6413.793103448276,3 BHK
Hyderabad,Alkapur township,2,1331,7200000,5409.46656649136,2 BHK
Hyderabad,Kothaguda,3,2650,17000000,6415.094339622641,3 BHK
Hyderabad,Begumpet,3,1570,11299999,7197.451592356688,3 BHK
Hyderabad,Hitech City,3,2160,14000000,6481.481481481482,3 BHK
Hyderabad,Hitech City,3,1580,11200000,7088.607594936709,3 BHK
Hyderabad,Hitech City,3,2160,15500000,7175.925925925926,3 BHK
Hyderabad,Manikonda,2,970,5000000,5154.639175257732,2 BHK
Hyderabad,Kachiguda,2,800,4000000,5000.0,2 BHK
Hyderabad,Himayat Nagar,3,1358,10000000,7363.7702503681885,3 BHK
Hyderabad,Nizampet,2,1145,3800000,3318.7772925764193,2 BHK
Hyderabad,Domalguda,3,2000,14000000,7000.0,3 BHK
Hyderabad,East Marredpally,3,2075,13400000,6457.831325301205,3 BHK
Hyderabad,Malkajgiri,3,1600,7500000,4687.5,3 BHK
Hyderabad,Kowkur,2,1230,4000000,3252.032520325203,2 BHK
Hyderabad,East Marredpally,2,1060,7200000,6792.452830188679,2 BHK
Hyderabad,Gachibowli,3,3325,37500000,11278.195488721805,3 BHK
Hyderabad,West Marredpally,3,1822,8500000,4665.203073545555,3 BHK
Hyderabad,West Marredpally,3,2115,14000000,6619.385342789598,3 BHK
Hyderabad,Safilguda,2,880,4000000,4545.454545454545,2 BHK
Hyderabad,Malkajgiri,2,925,4600000,4972.972972972973,2 BHK
Hyderabad,Yapral,3,1554,6200000,3989.70398970399,3 BHK
Hyderabad,Patancheru Shankarpalli Road,2,1000,2400000,2400.0,2 BHK
Hyderabad,Patancheru Shankarpalli Road,3,1650,4750000,2878.787878787879,3 BHK
Hyderabad,Patancheru Shankarpalli Road,3,1475,4750000,3220.3389830508477,3 BHK
Hyderabad,Patancheru Shankarpalli Road,3,1450,4650000,3206.896551724138,3 BHK
Hyderabad,Banjara Hills,4,4730,61400000,12980.972515856236,4 BHK
Hyderabad,Uppalguda,3,1645,7567000,4600.0,3 BHK
Hyderabad,Uppalguda,3,1605,7222000,4499.688473520249,3 BHK
Hyderabad,Begumpet,3,1525,11000000,7213.11475409836,3 BHK
Hyderabad,Begumpet,3,1525,11000000,7213.11475409836,3 BHK
Hyderabad,Kothaguda,4,3883,29500000,7597.218645377286,4 BHK
Hyderabad,Nanakramguda,4,5440,57500000,10569.85294117647,4 BHK
Hyderabad,Hitech City,4,3031,24000000,7918.178818871659,4 BHK
Hyderabad,Nallagandla Gachibowli,3,1860,15500000,8333.333333333334,3 BHK
Hyderabad,Puppalaguda,3,1875,7875000,4200.0,3 BHK
Hyderabad,Gachibowli,3,2008,7429000,3699.7011952191233,3 BHK
Hyderabad,Gopanpally,2,1290,8500000,6589.147286821705,2 BHK
Hyderabad,Hitech City,3,2160,14000000,6481.481481481482,3 BHK
Hyderabad,Rakshapuram,3,1000,3500000,3500.0,3 BHK
Hyderabad,Bachupally,2,1150,4140000,3600.0,2 BHK
Hyderabad,Nizampet,2,1170,4680000,4000.0,2 BHK
Hyderabad,Madhapur,4,4305,33000000,7665.505226480836,4 BHK
Hyderabad,Kondapur,3,2800,13400000,4785.714285714285,3 BHK
Hyderabad,west venkatapuram,3,1500,5700000,3800.0,3 BHK
Hyderabad,Gajulramaram Kukatpally,3,1620,4620000,2851.8518518518517,3 BHK
Hyderabad,Gajulramaram Kukatpally,3,1368,3900000,2850.877192982456,3 BHK
Hyderabad,Kukatpally,2,1090,6277000,5758.715596330275,2 BHK
Hyderabad,Kukatpally,2,1230,7019000,5706.504065040651,2 BHK
Hyderabad,Kukatpally,3,1435,8105000,5648.08362369338,3 BHK
Hyderabad,Miyapur,2,1115,8181999,7338.115695067265,2 BHK
Hyderabad,Miyapur,3,1945,10900000,5604.113110539845,3 BHK
Hyderabad,Vidyanagar Adikmet,3,1616,14000000,8663.366336633664,3 BHK
Hyderabad,Suchitra,2,1100,4400000,4000.0,2 BHK
Hyderabad,Miyapur,2,1300,5200000,4000.0,2 BHK
Hyderabad,Gachibowli,3,2690,20000000,7434.944237918216,3 BHK
Hyderabad,Puppalaguda,2,1091,3500000,3208.065994500458,2 BHK
Hyderabad,Aushapur,3,1500,7500000,5000.0,3 BHK
Hyderabad,Aushapur,3,1500,7500000,5000.0,3 BHK
Hyderabad,Manikonda,3,1834,15500000,8451.472191930206,3 BHK
Hyderabad,Miyapur,3,1920,10700000,5572.916666666667,3 BHK
Hyderabad,Miyapur,2,1425,10200000,7157.894736842105,2 BHK
Hyderabad,Nizampet,2,1220,4700000,3852.4590163934427,2 BHK
Hyderabad,Boduppal,3,1615,7400000,4582.043343653251,3 BHK
Hyderabad,Barkatpura,3,1540,8500000,5519.480519480519,3 BHK
Hyderabad,East Marredpally,2,1400,6000000,4285.714285714285,2 BHK
Hyderabad,Suchitra,2,1200,5200000,4333.333333333333,2 BHK
Hyderabad,Old Alwal,3,1425,5500000,3859.6491228070176,3 BHK
Hyderabad,Secunderabad Railway Station Road,2,1580,6500000,4113.9240506329115,2 BHK
Hyderabad,Nallagandla Gachibowli,3,1844,9293000,5039.587852494577,3 BHK
Hyderabad,Nallagandla Gachibowli,3,2120,10600000,5000.0,3 BHK
Hyderabad,KPHB,2,1000,6500000,6500.0,2 BHK
Hyderabad,KPHB,2,965,6000000,6217.616580310881,2 BHK
Hyderabad,Rajendra Nagar,4,2500,19500000,7800.0,4 BHK
Hyderabad,Balapur,2,1100,4200000,3818.181818181818,2 BHK
Hyderabad,Karmanghat,2,875,4000000,4571.428571428572,2 BHK
Hyderabad,Hastinapur,3,1610,8000000,4968.944099378882,3 BHK
Hyderabad,new nallakunta,3,1420,8520000,6000.0,3 BHK
Hyderabad,Nanakramguda,3,2460,17300000,7032.5203252032525,3 BHK
Hyderabad,Hitech City,4,3250,32500000,10000.0,4 BHK
Hyderabad,Yapral,2,1100,4070000,3700.0,2 BHK
Hyderabad,Yapral,2,1100,4070000,3700.0,2 BHK
Hyderabad,Kokapet,3,1735,11200000,6455.3314121037465,3 BHK
Hyderabad,Puppalaguda,2,1510,6342000,4200.0,2 BHK
Hyderabad,Puppalaguda,2,1320,5544000,4200.0,2 BHK
Hyderabad,Puppalaguda,3,2175,9135000,4200.0,3 BHK
Hyderabad,Puppalaguda,3,1980,8316000,4200.0,3 BHK
Hyderabad,Puppalaguda,3,1560,6552000,4200.0,3 BHK
Hyderabad,Puppalaguda,3,2000,8400000,4200.0,3 BHK
Hyderabad,Puppalaguda,3,2005,8421000,4200.0,3 BHK
Hyderabad,Puppalaguda,2,1340,5628000,4200.0,2 BHK
Hyderabad,Puppalaguda,3,1880,7895999,4199.999468085106,3 BHK
Hyderabad,Puppalaguda,2,1415,5943000,4200.0,2 BHK
Hyderabad,Puppalaguda,3,2180,9156000,4200.0,3 BHK
Hyderabad,Puppalaguda,3,2190,9198000,4200.0,3 BHK
Hyderabad,Puppalaguda,3,1600,6720000,4200.0,3 BHK
Hyderabad,Kollur Road,2,1250,4500000,3600.0,2 BHK
Hyderabad,Miyapur,2,1001,3503000,3499.5004995004997,2 BHK
Hyderabad,chandrayangutta,3,1551,5600000,3610.5738233397806,3 BHK
Hyderabad,Jubilee Hills,3,3000,7500000,2500.0,3 BHK
Hyderabad,Kollur Road,2,1245,4600000,3694.7791164658634,2 BHK
Hyderabad,Attapur,2,1100,7500000,6818.181818181818,2 BHK
Hyderabad,Kompally,3,1725,8105000,4698.550724637681,3 BHK
Hyderabad,Kukatpally,3,1435,6277000,4374.216027874564,3 BHK
Hyderabad,Kukatpally,2,1090,7019000,6439.4495412844035,2 BHK
Hyderabad,Kukatpally,2,1230,4800000,3902.439024390244,2 BHK
Hyderabad,Balaji Hills Colony Venkatraya Nagar,2,1200,4600000,3833.3333333333335,2 BHK
Hyderabad,Nizampet,2,1150,8460000,7356.521739130435,2 BHK
Hyderabad,Chandanagar,3,1600,6675000,4171.875,3 BHK
Hyderabad,Chandanagar,2,1250,10700000,8560.0,2 BHK
Hyderabad,Miyapur,3,1905,10800000,5669.291338582677,3 BHK
Hyderabad,Miyapur,3,1925,7800000,4051.948051948052,3 BHK
Hyderabad,Manikonda,4,2300,3000000,1304.3478260869565,4 BHK
Hyderabad,Chandanagar,2,1045,32000000,30622.00956937799,2 BHK
Hyderabad,Madhapur,3,3190,3690000,1156.7398119122256,3 BHK
Hyderabad,Beeramguda,2,1800,5700000,3166.6666666666665,2 BHK
Hyderabad,Kollur Road,3,1665,4200000,2522.5225225225226,3 BHK
Hyderabad,Beeramguda,3,2000,2110000,1055.0,3 BHK
Hyderabad,Beeramguda,3,1005,2114000,2103.4825870646764,3 BHK
Hyderabad,Beeramguda,2,1007,2102000,2087.388282025819,2 BHK
Hyderabad,Beeramguda,2,1001,2104000,2101.8981018981017,2 BHK
Hyderabad,Beeramguda,2,1002,6500000,6487.025948103792,2 BHK
Hyderabad,Kollur Road,3,1655,6240000,3770.392749244713,3 BHK
Hyderabad,Kollur Road,3,1650,8779000,5320.606060606061,3 BHK
Hyderabad,Nallagandla Gachibowli,3,1742,10100000,5797.933409873708,3 BHK
Hyderabad,Nallagandla Gachibowli,3,2010,11900000,5920.398009950249,3 BHK
Hyderabad,Nallagandla Gachibowli,3,2380,6000000,2521.0084033613443,3 BHK
Hyderabad,Dilsukh Nagar,2,1045,9991000,9560.765550239234,2 BHK
Hyderabad,Kondapur,3,1630,11399999,6993.864417177914,3 BHK
Hyderabad,Kondapur,3,1885,7240000,3840.848806366048,3 BHK
Hyderabad,Kondapur,2,1165,36000000,30901.287553648068,2 BHK
Hyderabad,Gachibowli,5,4320,12600000,2916.6666666666665,5+ BHK
Hyderabad,Kondapur,3,1900,7000000,3684.2105263157896,3 BHK
Hyderabad,Toli Chowki,4,3600,6500000,1805.5555555555557,4 BHK
Hyderabad,Nizampet,2,1700,5900000,3470.5882352941176,2 BHK
Hyderabad,LB Nagar,2,1060,3200000,3018.867924528302,2 BHK
Hyderabad,Qutub Shahi Tombs,2,1100,8000000,7272.727272727273,2 BHK
Hyderabad,Masab Tank,3,1450,22000000,15172.413793103447,3 BHK
Hyderabad,Himayat Nagar,5,4000,9057000,2264.25,5+ BHK
Hyderabad,Narsingi,2,1460,3650000,2500.0,2 BHK
Hyderabad,Pragathi Nagar Kukatpally,2,1093,2200000,2012.8087831655994,2 BHK
Hyderabad,Adibatla,2,1000,4700000,4700.0,2 BHK
Hyderabad,Janachaitanya Colony,2,1080,15500000,14351.851851851852,2 BHK
Hyderabad,Nanakramguda,3,2220,5200000,2342.3423423423424,3 BHK
Hyderabad,Gurramguda,2,1250,7584999,6067.9992,2 BHK
Hyderabad,Gachibowli,3,1945,13500000,6940.874035989717,3 BHK
Hyderabad,Kondapur,3,2815,7584999,2694.493428063943,3 BHK
Hyderabad,Gachibowli,3,1945,14600000,7506.426735218509,3 BHK
Hyderabad,Nanakramguda,3,2220,19600000,8828.82882882883,3 BHK
Hyderabad,Kondapur,3,2225,12500000,5617.9775280898875,3 BHK
Hyderabad,Kondapur,3,1880,4400000,2340.425531914894,3 BHK
Hyderabad,Bachupally,2,1146,18500000,16143.106457242582,2 BHK
Hyderabad,Manikonda,3,2460,13200000,5365.8536585365855,3 BHK
Hyderabad,Nanakramguda,3,1600,10000000,6250.0,3 BHK
Hyderabad,Nanakramguda,2,1245,20000000,16064.25702811245,2 BHK
Hyderabad,Madhapur,3,3405,12500000,3671.071953010279,3 BHK
Hyderabad,Nallagandla Gachibowli,3,1860,17000000,9139.78494623656,3 BHK
Hyderabad,Bagh Amberpet,3,2585,5000000,1934.2359767891683,3 BHK
Hyderabad,Kapra,2,1197,9000000,7518.796992481203,2 BHK
Hyderabad,Tilak Nagar,3,1485,5250000,3535.3535353535353,3 BHK
Hyderabad,Nallakunta,3,1250,7750000,6200.0,3 BHK
Hyderabad,Nallakunta,3,1550,6250000,4032.2580645161293,3 BHK
Hyderabad,Nallakunta,3,1250,10300000,8240.0,3 BHK
Hyderabad,Paradise Circle,2,1887,5500000,2914.6793852676205,2 BHK
Hyderabad,Nacharam,3,1400,5700000,4071.4285714285716,3 BHK
Hyderabad,Nacharam,2,1050,14000000,13333.333333333334,2 BHK
Hyderabad,Nacharam,4,1860,5500000,2956.989247311828,4 BHK
Hyderabad,Tarnaka,2,1200,5900000,4916.666666666667,2 BHK
Hyderabad,Nacharam,2,1100,5700000,5181.818181818182,2 BHK
Hyderabad,Nacharam,2,1050,5500000,5238.0952380952385,2 BHK
Hyderabad,Nacharam,1,1050,3500000,3333.3333333333335,1 BHK
Hyderabad,Nacharam,2,1000,10100000,10100.0,2 BHK
Hyderabad,Habsiguda,2,1800,4000000,2222.222222222222,2 BHK
Hyderabad,Nacharam,2,961,14000000,14568.158168574402,2 BHK
Hyderabad,Habsiguda,2,1650,9800000,5939.393939393939,2 BHK
Hyderabad,Habsiguda,2,1550,7500000,4838.709677419355,2 BHK
Hyderabad,Nacharam,1,1260,3800000,3015.873015873016,1 BHK
Hyderabad,Nacharam,1,950,4000000,4210.526315789473,1 BHK
Hyderabad,Uppal,2,1060,4000000,3773.5849056603774,2 BHK
Hyderabad,Nacharam,1,1000,6200000,6200.0,1 BHK
Hyderabad,Nacharam,2,1460,11000000,7534.246575342466,2 BHK
Hyderabad,Manikonda,2,1314,26000000,19786.910197869103,2 BHK
Hyderabad,Madhapur,3,2625,13300000,5066.666666666667,3 BHK
Hyderabad,Hitech City,3,2050,10800000,5268.292682926829,3 BHK
Hyderabad,Narsingi,3,1805,10400000,5761.7728531855955,3 BHK
Chennai,Perungalathur,3,1310,5500000,4198.473282442748,3 BHK
Chennai,Madhavaram,2,1126,5350000,4751.332149200711,2 BHK
Chennai,Karapakkam,3,1307,8205000,6277.735271614384,3 BHK
Chennai,Thiruvidandhai,3,3600,23400000,6500.0,3 BHK
Chennai,Iyappanthangal,3,1700,10100000,5941.176470588235,3 BHK
Chennai,Mevalurkuppam,1,576,2950000,5121.527777777777,1 BHK
Chennai,Kolapakkam,3,1207,7600000,6296.603148301574,3 BHK
Chennai,Kundrathur,2,604,2234000,3698.6754966887415,2 BHK
Chennai,Pammal,2,986,5521000,5599.3914807302235,2 BHK
Chennai,Puzhal,3,1345,6321000,4699.628252788104,3 BHK
Chennai,Selaiyur,1,510,3404000,6674.509803921569,1 BHK
Chennai,Thoraipakkam OMR,3,1508,11600000,7692.307692307692,3 BHK
Chennai,Karapakkam,2,1245,6536000,5249.7991967871485,2 BHK
Chennai,Anna Nagar,3,1565,24200000,15463.258785942491,3 BHK
Chennai,Mogappair,2,1306,8162000,6249.617151607963,2 BHK
Chennai,Sholinganallur,2,1113,6190000,5561.545372866128,2 BHK
Chennai,Mogappair,3,1479,9613000,6499.661933739013,3 BHK
Chennai,Sholinganallur,3,1640,7542000,4598.780487804878,3 BHK
Chennai,Medavakkam,2,1112,6338000,5699.640287769784,2 BHK
Chennai,Avadi,2,645,2724000,4223.2558139534885,2 BHK
Chennai,Tiruvottiyur,2,738,3388000,4590.785907859078,2 BHK
Chennai,Perungalathur,2,804,3175000,3949.0049751243782,2 BHK
Chennai,Iyappanthangal,4,2474,19100000,7720.291026677445,4 BHK
Chennai,Manapakkam,2,701,4065999,5800.283880171184,2 BHK
Chennai,Madipakkam,2,1350,6500000,4814.814814814815,2 BHK
Chennai,Thiruvanmiyur,2,785,5500000,7006.369426751592,2 BHK
Chennai,Ramapuram,1,538,3500000,6505.576208178439,1 BHK
Chennai,Saidapet,2,1361,17000000,12490.815576781779,2 BHK
Chennai,Avadi,2,677,2499000,3691.2850812407682,2 BHK
Chennai,Pammal,2,868,4165999,4799.53801843318,2 BHK
Chennai,Madipakkam,2,920,4875000,5298.913043478261,2 BHK
Chennai,Poonamallee,2,850,3442000,4049.4117647058824,2 BHK
Chennai,Pammal,2,850,4165000,4900.0,2 BHK
Chennai,Pallavaram,2,1019,5298000,5199.214916584887,2 BHK
Chennai,Pammal,3,1080,5184000,4800.0,3 BHK
Chennai,Maraimalai Nagar,3,1943,10000000,5146.68039114771,3 BHK
Chennai,Madambakkam,3,1245,6225000,5000.0,3 BHK
Chennai,Perungudi,2,817,5599000,6853.1211750306,2 BHK
Chennai,Iyappanthangal,3,1185,6100000,5147.679324894515,3 BHK
Chennai,Kolapakkam,2,779,2960000,3799.7432605905005,2 BHK
Chennai,Villivakkam,2,1330,7200000,5413.533834586467,2 BHK
Chennai,Adyar,4,2011,35000000,17404.2764793635,4 BHK
Chennai,Navallur,2,1112,4998000,4494.604316546763,2 BHK
Chennai,Moolacheri,2,612,3400000,5555.555555555556,2 BHK
Chennai,Chromepet,2,900,6500000,7222.222222222223,2 BHK
Chennai,Nandambakkam,3,1641,8675000,5286.4107251675805,3 BHK
Chennai,Anna Nagar,2,963,6259000,6499.4807892004155,2 BHK
Chennai,Kelambakkam,3,1062,3400000,3201.5065913371,3 BHK
Chennai,Vadapalani,2,940,12000000,12765.95744680851,2 BHK
Chennai,Kumananchavadi,3,1400,5999000,4285.0,3 BHK
Chennai,Thoraipakkam OMR,3,1671,10400000,6223.818073010174,3 BHK
Chennai,Sholinganallur,3,1952,8000000,4098.360655737705,3 BHK
Chennai,Sholinganallur,2,944,5003000,5299.78813559322,2 BHK
Chennai,Porur,1,975,4192000,4299.48717948718,1 BHK
Chennai,Periyapanicheri,3,1060,5500000,5188.679245283019,3 BHK
Chennai,Perungudi,3,1481,9110000,6151.249155975692,3 BHK
Chennai,Selaiyur,2,965,3377000,3499.481865284974,2 BHK
Chennai,Manikandan Nagar,3,1128,5978000,5299.645390070922,3 BHK
Chennai,Porur,3,1219,6000000,4922.0672682526665,3 BHK
Chennai,Kodambakkam,2,1300,12000000,9230.76923076923,2 BHK
Chennai,Velachery,3,1298,9086000,7000.0,3 BHK
Chennai,Sholinganallur,3,1900,9500000,5000.0,3 BHK
Chennai,East Tambaram,3,1213,5500000,4534.212695795548,3 BHK
Chennai,Gopalapuram,3,1560,20000000,12820.51282051282,3 BHK
Chennai,Navallur,3,2325,17500000,7526.881720430108,3 BHK
Chennai,Mevalurkuppam,3,1389,6800000,4895.608351331894,3 BHK
Chennai,Medavakkam,3,1250,6463000,5170.4,3 BHK
Chennai,Avadi,3,1603,6409999,3998.751715533375,3 BHK
Chennai,Sunnambu Kolathur S Kolathur,2,1000,5000000,5000.0,2 BHK
Chennai,Perumbakkam,3,1238,5261000,4249.596122778676,3 BHK
Chennai,Cholambedu,2,801,3083000,3848.9388264669165,2 BHK
Chennai,Urapakkam,2,789,3000000,3802.2813688212927,2 BHK
Chennai,Raja Annamalai Puram,3,2533,43000000,16975.917883932096,3 BHK
Chennai,Madhavaram,2,923,4153000,4499.458288190683,2 BHK
Chennai,Perungudi,3,2000,13200000,6600.0,3 BHK
Chennai,Madipakkam,2,960,3850000,4010.4166666666665,2 BHK
Chennai,Besant Nagar,2,1170,19300000,16495.726495726496,2 BHK
Chennai,Medavakkam,3,1471,9000000,6118.286879673691,3 BHK
Chennai,Peerakankaranai,3,1181,6500000,5503.81033022862,3 BHK
Chennai,Nanmangalam,2,768,3072000,4000.0,2 BHK
Chennai,Jamalia,2,657,4800000,7305.936073059361,2 BHK
Chennai,Iyappanthangal,3,1187,7400000,6234.203875315922,3 BHK
Chennai,Avadi,2,700,2500000,3571.4285714285716,2 BHK
Chennai,Nanmangalam,2,954,4100000,4297.6939203354295,2 BHK
Chennai,Nanmangalam,2,722,3032000,4199.445983379502,2 BHK
Chennai,Sholinganallur,3,1645,9746000,5924.620060790274,3 BHK
Chennai,Perumbakkam,3,1443,6203000,4298.683298683299,3 BHK
Chennai,Guduvancheri,2,894,3500000,3914.9888143176736,2 BHK
Chennai,Chromepet,3,1323,7936000,5998.48828420257,3 BHK
Chennai,Sembakkam,2,745,4000000,5369.127516778523,2 BHK
Chennai,Adambakkam,1,560,2800000,5000.0,1 BHK
Chennai,Nungambakkam,2,2056,43099999,20963.03453307393,2 BHK
Chennai,T Nagar,3,920,10000000,10869.565217391304,3 BHK
Chennai,K K Nagar,2,1250,9000000,7200.0,2 BHK
Chennai,Ambattur,2,721,3881000,5382.801664355063,2 BHK
Chennai,Perumbakkam,2,855,3300000,3859.6491228070176,2 BHK
Chennai,Valasaravakkam,3,1569,11700000,7456.97896749522,3 BHK
Chennai,Anna Nagar,2,850,13600000,16000.0,2 BHK
Chennai,Porur,2,1140,7000000,6140.350877192983,2 BHK
Chennai,Perungalathur,1,660,2771000,4198.484848484848,1 BHK
Chennai,Perungalathur,1,643,2699000,4197.51166407465,1 BHK
Chennai,Perungalathur,2,1196,5022000,4198.996655518395,2 BHK
Chennai,Perungalathur,1,633,2657000,4197.472353870458,1 BHK
Chennai,Perungalathur,2,926,3888000,4198.704103671706,2 BHK
Chennai,Perungalathur,1,650,2729000,4198.461538461538,1 BHK
Chennai,Perungalathur,3,1931,8108000,4198.860693940963,3 BHK
Chennai,Karapakkam,1,538,3306000,6144.981412639405,1 BHK
Chennai,Karapakkam,3,1314,8248999,6277.77701674277,3 BHK
Chennai,Karapakkam,2,1027,6447000,6277.507302823758,2 BHK
Chennai,Karapakkam,3,1358,8525000,6277.614138438881,3 BHK
Chennai,Karapakkam,2,1024,6428000,6277.34375,2 BHK
Chennai,Karapakkam,4,2686,16800000,6254.653760238272,4 BHK
Chennai,Karapakkam,3,1561,9799000,6277.386290839206,3 BHK
Chennai,Karapakkam,3,1296,8136000,6277.777777777777,3 BHK
Chennai,Karapakkam,3,1566,9831000,6277.777777777777,3 BHK
Chennai,Karapakkam,3,1829,11399999,6232.9136139967195,3 BHK
Chennai,Karapakkam,3,1564,9818000,6277.493606138108,3 BHK
Chennai,Karapakkam,3,1348,8462000,6277.448071216617,3 BHK
Chennai,Karapakkam,3,1944,12200000,6275.720164609053,3 BHK
Chennai,Karapakkam,4,2640,16500000,6250.0,4 BHK
Chennai,Karapakkam,1,549,3372999,6143.896174863388,1 BHK
Chennai,Karapakkam,4,2630,16500000,6273.764258555133,4 BHK
Chennai,Karapakkam,4,2616,16399999,6269.112767584098,4 BHK
Chennai,Karapakkam,3,1599,10000000,6253.908692933083,3 BHK
Chennai,Thiruvidandhai,4,6600,42900000,6500.0,4 BHK
Chennai,Thiruvidandhai,4,3600,23400000,6500.0,4 BHK
Chennai,Iyappanthangal,2,1140,6834000,5994.736842105263,2 BHK
Chennai,Iyappanthangal,2,1130,6773999,5994.689380530974,2 BHK
Chennai,Iyappanthangal,2,1200,7194000,5995.0,2 BHK
Chennai,Mevalurkuppam,2,855,3990000,4666.666666666667,2 BHK
Chennai,Iyappanthangal,1,635,3806000,5993.700787401574,1 BHK
Chennai,Iyappanthangal,2,1175,7044000,5994.893617021276,2 BHK
Chennai,Iyappanthangal,3,1645,9861000,5994.52887537994,3 BHK
Chennai,Iyappanthangal,2,1170,7014000,5994.871794871795,2 BHK
Chennai,Iyappanthangal,3,1760,10500000,5965.909090909091,3 BHK
Chennai,Iyappanthangal,3,1740,10400000,5977.0114942528735,3 BHK
Chennai,Iyappanthangal,2,1190,7134000,5994.957983193277,2 BHK
Chennai,Iyappanthangal,3,1730,10300000,5953.757225433526,3 BHK
Chennai,Madhavaram,3,1536,7295999,4749.999348958333,3 BHK
Chennai,Madhavaram,2,1339,6360000,4749.813293502614,2 BHK
Chennai,Madhavaram,3,1791,8507000,4749.860413176996,3 BHK
Chennai,Kolapakkam,2,936,5500000,5876.068376068376,2 BHK
Chennai,Kolapakkam,3,1179,7550000,6403.731976251061,3 BHK
Chennai,Kolapakkam,2,988,5735000,5804.655870445344,2 BHK
Chennai,Kolapakkam,2,955,5560000,5821.989528795812,2 BHK
Chennai,Kolapakkam,3,1224,7700000,6290.849673202614,3 BHK
Chennai,Kolapakkam,2,958,5580000,5824.634655532359,2 BHK
Chennai,Kolapakkam,2,948,5520000,5822.784810126583,2 BHK
Chennai,Kundrathur,2,648,2397000,3699.074074074074,2 BHK
Chennai,Iyappanthangal,1,625,3746000,5993.6,1 BHK
Chennai,Iyappanthangal,2,1210,7253000,5994.214876033057,2 BHK
Chennai,Iyappanthangal,2,1215,7283000,5994.238683127572,2 BHK
Chennai,Iyappanthangal,3,1790,10900000,6089.385474860335,3 BHK
Chennai,Kanathur Reddikuppam,3,1502,7056999,4698.401464713715,3 BHK
Chennai,Kanathur Reddikuppam,5,5037,29200000,5797.101449275362,5+ BHK
Chennai,Kanathur Reddikuppam,5,5093,29500000,5792.263891615943,5+ BHK
Chennai,Kanathur Reddikuppam,3,1865,8763000,4698.659517426274,3 BHK
Chennai,Pammal,2,1076,6025000,5599.442379182156,2 BHK
Chennai,Pammal,2,1030,5768000,5600.0,2 BHK
Chennai,Pammal,2,812,4547000,5599.753694581281,2 BHK
Chennai,Pammal,2,930,5208000,5600.0,2 BHK
Chennai,Pammal,3,1300,7280000,5600.0,3 BHK
Chennai,Puzhal,3,1382,6495000,4699.710564399421,3 BHK
Chennai,Puzhal,3,1445,6791000,4699.653979238754,3 BHK
Chennai,Puzhal,3,1551,7289000,4699.548678272083,3 BHK
Chennai,Puzhal,3,1626,7642000,4699.876998769988,3 BHK
Chennai,Selaiyur,2,753,4641000,6163.346613545817,2 BHK
Chennai,Selaiyur,2,801,4907000,6126.092384519351,2 BHK
Chennai,Selaiyur,2,761,4685000,6156.373193166885,2 BHK
Chennai,Selaiyur,2,727,4498000,6187.07015130674,2 BHK
Chennai,Selaiyur,2,784,4812000,6137.755102040816,2 BHK
Chennai,Thoraipakkam OMR,3,1431,11000000,7686.932215234102,3 BHK
Chennai,Thoraipakkam OMR,3,1494,11500000,7697.456492637216,3 BHK
Chennai,Thoraipakkam OMR,3,1296,10000000,7716.049382716049,3 BHK
Chennai,Thoraipakkam OMR,3,1302,10000000,7680.491551459293,3 BHK
Chennai,Thoraipakkam OMR,3,1432,11000000,7681.564245810056,3 BHK
Chennai,Thoraipakkam OMR,3,1367,10500000,7681.053401609363,3 BHK
Chennai,Thoraipakkam OMR,3,1349,10400000,7709.41438102298,3 BHK
Chennai,Thoraipakkam OMR,3,1551,12000000,7736.943907156673,3 BHK
Chennai,Thoraipakkam OMR,3,1485,11500000,7744.107744107744,3 BHK
Chennai,Thoraipakkam OMR,3,1353,10400000,7686.622320768663,3 BHK
Chennai,Thoraipakkam OMR,3,1352,10400000,7692.307692307692,3 BHK
Chennai,Thoraipakkam OMR,3,1396,10800000,7736.389684813754,3 BHK
Chennai,Karapakkam,2,1239,6504000,5249.394673123486,2 BHK
Chennai,Karapakkam,3,1647,8646000,5249.544626593807,3 BHK
Chennai,Karapakkam,2,1229,6452000,5249.79658258747,2 BHK
Chennai,Karapakkam,3,1618,8494000,5249.690976514215,3 BHK
Chennai,Karapakkam,2,1227,6441000,5249.388753056235,2 BHK
Chennai,Karapakkam,2,1231,6462000,5249.3907392363935,2 BHK
Chennai,Karapakkam,2,1230,6456999,5249.592682926829,2 BHK
Chennai,Karapakkam,3,1604,8421000,5250.0,3 BHK
Chennai,Karapakkam,2,1208,6342000,5250.0,2 BHK
Chennai,Karapakkam,1,527,2766000,5248.576850094877,1 BHK
Chennai,Thoraipakkam OMR,3,1671,9357000,5599.640933572711,3 BHK
Chennai,Karapakkam,3,1606,8431000,5249.688667496886,3 BHK
Chennai,Thoraipakkam OMR,4,1827,10200000,5582.922824302134,4 BHK
Chennai,Karapakkam,3,1614,8473000,5249.690210656753,3 BHK
Chennai,Karapakkam,2,1200,6300000,5250.0,2 BHK
Chennai,Thoraipakkam OMR,3,1546,8657000,5599.611901681759,3 BHK
Chennai,Karapakkam,3,1569,8237000,5249.840662842575,3 BHK
Chennai,Thoraipakkam OMR,2,1452,8131000,5599.862258953168,2 BHK
Chennai,Karapakkam,1,574,3013000,5249.128919860627,1 BHK
Chennai,Karapakkam,1,576,3024000,5250.0,1 BHK
Chennai,Thoraipakkam OMR,2,1286,7201000,5599.533437013997,2 BHK
Chennai,Karapakkam,2,1316,6909000,5250.0,2 BHK
Chennai,Thoraipakkam OMR,3,1550,8680000,5600.0,3 BHK
Chennai,Karapakkam,3,1554,8158000,5249.67824967825,3 BHK
Chennai,Thoraipakkam OMR,2,1421,7956999,5599.577058409571,2 BHK
Chennai,Karapakkam,1,566,2971000,5249.116607773852,1 BHK
Chennai,Karapakkam,2,1288,6762000,5250.0,2 BHK
Chennai,Thoraipakkam OMR,2,1289,7218000,5599.689681923972,2 BHK
Chennai,Karapakkam,1,568,2982000,5250.0,1 BHK
Chennai,Karapakkam,3,1563,8205000,5249.520153550864,3 BHK
Chennai,Thoraipakkam OMR,3,1593,8920000,5599.497802887633,3 BHK
Chennai,Karapakkam,2,1302,6834999,5249.615207373272,2 BHK
Chennai,Thoraipakkam OMR,3,1528,8556000,5599.476439790576,3 BHK
Chennai,Karapakkam,1,564,2961000,5250.0,1 BHK
Chennai,Mogappair,3,1846,11500000,6229.685807150596,3 BHK
Chennai,Mogappair,3,1850,11500000,6216.216216216216,3 BHK
Chennai,Mugalivakkam,2,920,4140000,4500.0,2 BHK
Chennai,Mugalivakkam,2,952,4284000,4500.0,2 BHK
Chennai,Mugalivakkam,2,950,4275000,4500.0,2 BHK
Chennai,Mugalivakkam,2,891,4009000,4499.438832772166,2 BHK
Chennai,Mugalivakkam,2,956,4302000,4500.0,2 BHK
Chennai,Mugalivakkam,2,906,4077000,4500.0,2 BHK
Chennai,Mugalivakkam,2,987,4441000,4499.493414387031,2 BHK
Chennai,Mugalivakkam,2,993,4468000,4499.496475327291,2 BHK
Chennai,Mugalivakkam,2,927,4171000,4499.460625674218,2 BHK
Chennai,Mugalivakkam,2,942,4239000,4500.0,2 BHK
Chennai,Mugalivakkam,2,931,4189000,4499.462943071966,2 BHK
Chennai,Mugalivakkam,2,865,3892000,4499.421965317919,2 BHK
Chennai,Anna Nagar,3,1161,15000000,12919.896640826873,3 BHK
Chennai,Adyar,3,1500,27300000,18200.0,3 BHK
Chennai,Sholinganallur,3,1437,7784999,5417.53583855254,3 BHK
Chennai,Sholinganallur,3,1310,7841000,5985.496183206107,3 BHK
Chennai,Sholinganallur,2,1006,5663000,5629.224652087475,2 BHK
Chennai,Sholinganallur,2,1120,6224000,5557.142857142857,2 BHK
Chennai,Sholinganallur,2,1119,6219000,5557.640750670242,2 BHK
Chennai,Sholinganallur,2,1118,6214000,5558.139534883721,2 BHK
Chennai,Sholinganallur,2,1004,5778000,5754.980079681275,2 BHK
Chennai,Sholinganallur,2,1115,6200000,5560.538116591928,2 BHK
Chennai,Sholinganallur,2,1114,6195000,5561.041292639138,2 BHK
Chennai,Sholinganallur,2,1003,5648000,5631.106679960119,2 BHK
Chennai,Sholinganallur,2,1094,6245000,5708.409506398538,2 BHK
Chennai,Sholinganallur,2,1026,5816000,5668.615984405458,2 BHK
Chennai,Sholinganallur,2,1103,6141000,5567.5430643699,2 BHK
Chennai,Sholinganallur,2,1075,6003000,5584.186046511628,2 BHK
Chennai,Sholinganallur,2,1073,5993000,5585.274930102516,2 BHK
Chennai,Sholinganallur,2,1010,5682000,5625.742574257426,2 BHK
Chennai,Sholinganallur,2,1009,5678000,5627.3538156590685,2 BHK
Chennai,Sholinganallur,2,1124,6776000,6028.46975088968,2 BHK
Chennai,Sholinganallur,2,1133,6853000,6048.543689320389,2 BHK
Chennai,Mogappair,2,1158,7527000,6500.0,2 BHK
Chennai,Mogappair,2,1025,6662000,6499.512195121952,2 BHK
Chennai,Mogappair,3,1594,10300000,6461.7314930991215,3 BHK
Chennai,Mugalivakkam,2,1106,6083000,5500.0,2 BHK
Chennai,Mugalivakkam,3,1816,10200000,5616.7400881057265,3 BHK
Chennai,Mugalivakkam,4,2096,11500000,5486.641221374046,4 BHK
Chennai,Mugalivakkam,3,1557,8563000,5499.678869621066,3 BHK
Chennai,Mugalivakkam,1,584,3211999,5499.998287671233,1 BHK
Chennai,Mugalivakkam,3,1633,8981000,5499.693815064299,3 BHK
Chennai,Mugalivakkam,1,598,3289000,5500.0,1 BHK
Chennai,Mugalivakkam,2,993,5461000,5499.496475327291,2 BHK
Chennai,Purasaiwakkam,4,2200,39000000,17727.272727272728,4 BHK
Chennai,Medavakkam,2,917,5226000,5699.018538713195,2 BHK
Chennai,Medavakkam,3,1163,6629000,5699.914015477214,3 BHK
Chennai,Medavakkam,2,979,5580000,5699.693564862104,2 BHK
Chennai,Medavakkam,2,929,5295000,5699.677072120559,2 BHK
Chennai,East Tambaram,2,906,5889000,6500.0,2 BHK
Chennai,East Tambaram,2,942,6123000,6500.0,2 BHK
Chennai,East Tambaram,2,1008,6552000,6500.0,2 BHK
Chennai,East Tambaram,3,1197,7780000,6499.582289055973,3 BHK
Chennai,East Tambaram,2,1013,6584000,6499.506416584402,2 BHK
Chennai,East Tambaram,3,1102,7163000,6500.0,3 BHK
Chennai,East Tambaram,2,913,5934000,6499.452354874042,2 BHK
Chennai,Maduravoyal,3,1571,10200000,6492.679821769573,3 BHK
Chennai,Maduravoyal,2,1141,7415000,6498.685363716038,2 BHK
Chennai,Maduravoyal,2,1040,6758000,6498.076923076923,2 BHK
Chennai,Maduravoyal,3,1479,9612000,6498.985801217039,3 BHK
Chennai,Maduravoyal,2,1116,7252000,6498.20788530466,2 BHK
Chennai,Maduravoyal,2,1158,7525000,6498.272884283247,2 BHK
Chennai,Maduravoyal,2,1026,6667000,6498.050682261209,2 BHK
Chennai,Maduravoyal,2,1025,6661000,6498.536585365854,2 BHK
Chennai,Maduravoyal,3,1594,10300000,6461.7314930991215,3 BHK
Chennai,Maduravoyal,3,1568,10100000,6441.326530612245,3 BHK
Chennai,Maduravoyal,2,1067,6934000,6498.594189315839,2 BHK
Chennai,Sholinganallur,3,1515,6967000,4598.679867986799,3 BHK
Chennai,Sholinganallur,2,1415,6506999,4598.585865724382,2 BHK
Chennai,Tiruvottiyur,1,541,2529000,4674.676524953789,1 BHK
Chennai,Tiruvottiyur,1,544,2542000,4672.794117647059,1 BHK
Chennai,Tiruvottiyur,2,742,3404999,4588.9474393531,2 BHK
Chennai,Tiruvottiyur,2,740,3397000,4590.540540540541,2 BHK
Chennai,Tiruvottiyur,1,540,2525000,4675.925925925926,1 BHK
Chennai,Tiruvottiyur,2,739,3392000,4589.986468200271,2 BHK
Chennai,Tiruvottiyur,1,586,2725000,4650.170648464164,1 BHK
Chennai,Tiruvottiyur,2,724,3327000,4595.303867403315,2 BHK
Chennai,Tiruvottiyur,1,583,2710000,4648.370497427101,1 BHK
Chennai,Tiruvottiyur,1,550,2567000,4667.272727272727,1 BHK
Chennai,Tiruvottiyur,2,745,3418000,4587.919463087248,2 BHK
Chennai,Tiruvottiyur,1,582,2708000,4652.920962199312,1 BHK
Chennai,Tiruvottiyur,1,546,2550000,4670.32967032967,1 BHK
Chennai,Tiruvottiyur,2,747,3427000,4587.684069611781,2 BHK
Chennai,Perungalathur,2,572,2259000,3949.3006993006993,2 BHK
Chennai,Perungalathur,1,510,2014000,3949.0196078431372,1 BHK
Chennai,Perungalathur,2,702,2772000,3948.7179487179487,2 BHK
Chennai,Perungalathur,2,806,3183000,3949.131513647643,2 BHK
Chennai,Perungalathur,2,706,2788000,3949.0084985835692,2 BHK
Chennai,Perungalathur,1,507,2002000,3948.7179487179487,1 BHK
Chennai,Perungalathur,2,701,2768000,3948.644793152639,2 BHK
Chennai,Perungalathur,2,700,2765000,3950.0,2 BHK
Chennai,Perungalathur,2,821,3242000,3948.8428745432398,2 BHK
Chennai,Perungalathur,2,622,2456000,3948.5530546623795,2 BHK
Chennai,Perungalathur,2,620,2449000,3950.0,2 BHK
Chennai,Perungalathur,2,619,2445000,3949.919224555735,2 BHK
Chennai,Perungalathur,2,627,2476000,3948.96331738437,2 BHK
Chennai,Perungalathur,1,522,2061000,3948.2758620689656,1 BHK
Chennai,Perungalathur,2,614,2425000,3949.511400651466,2 BHK
Chennai,Perungalathur,2,810,3199000,3949.382716049383,2 BHK
Chennai,Perungalathur,1,519,2050000,3949.90366088632,1 BHK
Chennai,Perungalathur,2,618,2441000,3949.8381877022653,2 BHK
Chennai,Iyappanthangal,4,2277,17600000,7729.468599033817,4 BHK
Chennai,Iyappanthangal,3,1800,13000000,7222.222222222223,3 BHK
Chennai,Iyappanthangal,4,2533,19500000,7698.381365969207,4 BHK
Chennai,Iyappanthangal,3,1938,13899999,7172.3421052631575,3 BHK
Chennai,Iyappanthangal,4,2621,20200000,7706.982067913011,4 BHK
Chennai,Iyappanthangal,3,1990,14300000,7185.929648241206,3 BHK
Chennai,Iyappanthangal,3,1825,13100000,7178.082191780822,3 BHK
Chennai,East Tambaram,2,952,5712000,6000.0,2 BHK
Chennai,East Tambaram,2,796,4776000,6000.0,2 BHK
Chennai,East Tambaram,3,1270,7620000,6000.0,3 BHK
Chennai,East Tambaram,2,930,5580000,6000.0,2 BHK
Chennai,East Tambaram,2,897,5382000,6000.0,2 BHK
Chennai,Gowrivakkam,2,821,4695000,5718.63580998782,2 BHK
Chennai,Gowrivakkam,3,1020,5833000,5718.6274509803925,3 BHK
Chennai,Gowrivakkam,2,921,5267000,5718.783930510315,2 BHK
Chennai,Gowrivakkam,3,1229,7028000,5718.4703010577705,3 BHK
Chennai,Gowrivakkam,2,892,5101000,5718.609865470852,2 BHK
Chennai,Gowrivakkam,1,629,3597000,5718.600953895071,1 BHK
Chennai,Mogappair,3,1846,13300000,7204.767063921993,3 BHK
Chennai,Mogappair,2,1306,9500000,7274.119448698316,2 BHK
Chennai,Mogappair,3,1850,13700000,7405.405405405405,3 BHK
Chennai,Manapakkam,2,1092,6333000,5799.450549450549,2 BHK
Chennai,Manapakkam,2,701,4065999,5800.283880171184,2 BHK
Chennai,Manapakkam,2,778,4513000,5800.7712082262215,2 BHK
Chennai,Poonamallee,1,638,2743000,4299.373040752351,1 BHK
Chennai,Mudichur,1,550,2089999,3799.998181818182,1 BHK
Chennai,Saidapet,4,2684,33500000,12481.371087928464,4 BHK
Chennai,Saidapet,3,1733,21600000,12463.93537218696,3 BHK
Chennai,Avadi,2,677,2499000,3691.2850812407682,2 BHK
Chennai,Pammal,1,589,2827000,4799.6604414261465,1 BHK
Chennai,Pammal,2,976,4684000,4799.180327868852,2 BHK
Chennai,Pammal,2,876,4204000,4799.086757990867,2 BHK
Chennai,Pammal,3,1231,5908000,4799.350121852152,3 BHK
Chennai,Avadi,2,677,2500000,3692.7621861152143,2 BHK
Chennai,Avadi,2,677,2750000,4062.0384047267357,2 BHK
Chennai,Madipakkam,2,884,4684000,5298.6425339366515,2 BHK
Chennai,Madipakkam,2,914,4843000,5298.687089715536,2 BHK
Chennai,Madipakkam,2,830,4398000,5298.795180722892,2 BHK
Chennai,Poonamallee,2,850,3442000,4049.4117647058824,2 BHK
Chennai,Poonamallee,2,900,3554999,3949.998888888889,2 BHK
Chennai,Poonamallee,2,900,3554999,3949.998888888889,2 BHK
Chennai,Poonamallee,2,930,3627000,3900.0,2 BHK
Chennai,Pammal,2,750,3675000,4900.0,2 BHK
Chennai,Pammal,2,1070,5243000,4900.0,2 BHK
Chennai,West Tambaram,2,951,6181000,6499.474237644585,2 BHK
Chennai,West Tambaram,1,486,3159000,6500.0,1 BHK
Chennai,West Tambaram,2,922,5993000,6500.0,2 BHK
Chennai,West Tambaram,3,1251,8131000,6499.600319744205,3 BHK
Chennai,West Tambaram,2,1070,6955000,6500.0,2 BHK
Chennai,Pallavaram,2,1001,5205000,5199.8001998002,2 BHK
Chennai,Pallavaram,2,1050,5460000,5200.0,2 BHK
Chennai,Pallavaram,2,888,4617000,5199.324324324324,2 BHK
Chennai,Pallavaram,3,1200,6240000,5200.0,3 BHK
Chennai,Alwarpet,2,1000,11500000,11500.0,2 BHK
Chennai,Adambakkam,2,1000,8000000,8000.0,2 BHK
Chennai,Pammal,2,725,3479999,4799.998620689656,2 BHK
Chennai,Pammal,2,806,3868000,4799.007444168735,2 BHK
Chennai,Pammal,2,756,3628000,4798.941798941799,2 BHK
Chennai,Pammal,2,766,3676000,4798.9556135770235,2 BHK
Chennai,Madambakkam,2,1000,5000000,5000.0,2 BHK
Chennai,Madambakkam,2,1003,5015000,5000.0,2 BHK
Chennai,Madambakkam,3,1161,5805000,5000.0,3 BHK
Chennai,Madambakkam,2,898,4490000,5000.0,2 BHK
Chennai,Perungudi,2,815,5599000,6869.938650306748,2 BHK
Chennai,Iyappanthangal,1,560,2900000,5178.571428571428,1 BHK
Chennai,Iyappanthangal,1,540,2800000,5185.185185185185,1 BHK
Chennai,Iyappanthangal,2,1035,5400000,5217.391304347826,2 BHK
Chennai,Annanagar West,3,1250,17400000,13920.0,3 BHK
Chennai,Thiruverkadu,2,570,2500000,4385.964912280701,2 BHK
Chennai,Thiruverkadu,1,570,2475000,4342.105263157895,1 BHK
Chennai,Thiruverkadu,1,575,2480000,4313.04347826087,1 BHK
Chennai,Maduravoyal,2,1020,5300000,5196.078431372549,2 BHK
Chennai,Avadi,2,677,2520000,3722.304283604136,2 BHK
Chennai,Avadi,1,677,2675000,3951.2555391432793,1 BHK
Chennai,Avadi,2,677,2475000,3655.834564254062,2 BHK
Chennai,Urapakkam,2,900,3443000,3825.5555555555557,2 BHK
Chennai,Urapakkam,1,552,2003000,3628.623188405797,1 BHK
Chennai,Kolapakkam,2,881,3347000,3799.0919409761636,2 BHK
Chennai,Urapakkam,2,700,2731000,3901.4285714285716,2 BHK
Chennai,Avadi,2,892,3700000,4147.982062780269,2 BHK
Chennai,tambaram west,2,840,5000000,5952.380952380952,2 BHK
Chennai,Perungudi,2,900,12000000,13333.333333333334,2 BHK
Chennai,Perungudi,3,1200,10000000,8333.333333333334,3 BHK
Chennai,Guindy,3,1500,8500000,5666.666666666667,3 BHK
Chennai,Maduravoyal,2,1100,5750000,5227.272727272727,2 BHK
Chennai,Maduravoyal,2,1045,5350000,5119.617224880383,2 BHK
Chennai,Avadi,2,677,2480000,3663.2200886262926,2 BHK
Chennai,Avadi,2,677,2495000,3685.3766617429837,2 BHK
Chennai,Avadi,2,1054,4200000,3984.819734345351,2 BHK
Chennai,Avadi,2,1055,4230000,4009.478672985782,2 BHK
Chennai,Avadi,2,677,2500000,3692.7621861152143,2 BHK
Chennai,Avadi,1,574,2295000,3998.257839721254,1 BHK
Chennai,Avadi,2,892,3701000,4149.103139013453,2 BHK
Chennai,Avadi,2,677,2525000,3729.6898079763664,2 BHK
Chennai,Avadi,1,570,2450000,4298.245614035088,1 BHK
Chennai,Avadi,1,570,2460000,4315.789473684211,1 BHK
Chennai,Thiruverkadu,1,1100,4300000,3909.090909090909,1 BHK
Chennai,Thiruverkadu,1,915,4200000,4590.163934426229,1 BHK
Chennai,Thiruverkadu,1,1000,4250000,4250.0,1 BHK
Chennai,Thiruverkadu,1,1200,4350000,3625.0,1 BHK
Chennai,Thiruverkadu,1,570,2400000,4210.526315789473,1 BHK
Chennai,Thiruverkadu,1,550,2450000,4454.545454545455,1 BHK
Chennai,Thiruverkadu,1,570,2490000,4368.421052631579,1 BHK
Chennai,Thiruverkadu,1,550,2400000,4363.636363636364,1 BHK
Chennai,Thiruverkadu,1,570,2485000,4359.649122807017,1 BHK
Chennai,Thiruverkadu,1,570,2500000,4385.964912280701,1 BHK
Chennai,Thiruverkadu,1,575,2475000,4304.347826086957,1 BHK
Chennai,Avadi,1,677,2700000,3988.1831610044314,1 BHK
Chennai,Avadi,2,677,2650000,3914.327917282127,2 BHK
Chennai,Avadi,2,677,2675000,3951.2555391432793,2 BHK
Chennai,Navallur,2,1077,4841000,4494.893221912721,2 BHK
Chennai,Navallur,2,1043,4688000,4494.726749760307,2 BHK
Chennai,Navallur,3,1347,6054000,4494.432071269488,3 BHK
Chennai,Navallur,3,1281,5758000,4494.925839188134,3 BHK
Chennai,Navallur,3,1321,5937000,4494.322482967449,3 BHK
Chennai,Navallur,3,1361,6117000,4494.489346069066,3 BHK
Chennai,Navallur,3,1294,5816000,4494.590417310665,3 BHK
Chennai,Navallur,2,1091,4904000,4494.958753437214,2 BHK
Chennai,Navallur,2,1038,4665000,4494.219653179191,2 BHK
Chennai,Navallur,2,997,4481000,4494.483450351053,2 BHK
Chennai,Korattur,2,994,6461000,6500.0,2 BHK
Chennai,Korattur,2,984,6396000,6500.0,2 BHK
Chennai,Korattur,2,1031,6636000,6436.4694471387,2 BHK
Chennai,Korattur,2,963,6259000,6499.4807892004155,2 BHK
Chennai,Korattur,2,983,6389000,6499.491353001017,2 BHK
Chennai,Anna Nagar,2,984,6396000,6500.0,2 BHK
Chennai,tambaram west,2,840,5400000,6428.571428571428,2 BHK
Chennai,tambaram west,2,840,5050000,6011.9047619047615,2 BHK
Chennai,Chromepet,1,550,3800000,6909.090909090909,1 BHK
Chennai,Moolacheri,2,999,4934000,4938.938938938939,2 BHK
Chennai,Moolacheri,2,603,3400000,5638.474295190713,2 BHK
Chennai,Moolacheri,2,1152,5800000,5034.722222222223,2 BHK
Chennai,Moolacheri,1,603,3143000,5212.271973466003,1 BHK
Chennai,Moolacheri,1,612,3200000,5228.75816993464,1 BHK
Chennai,Pammal,2,804,4020000,5000.0,2 BHK
Chennai,Pammal,3,950,4750000,5000.0,3 BHK
Chennai,Pammal,2,891,4455000,5000.0,2 BHK
Chennai,Pammal,1,604,3020000,5000.0,1 BHK
Chennai,Pammal,2,857,4285000,5000.0,2 BHK
Chennai,Pammal,2,773,3865000,5000.0,2 BHK
Chennai,Pammal,3,1005,5025000,5000.0,3 BHK
Chennai,Pammal,2,850,4250000,5000.0,2 BHK
Chennai,Tambaram Sanatoruim,2,895,6265000,7000.0,2 BHK
Chennai,tambaram west,2,845,5070000,6000.0,2 BHK
Chennai,tambaram west,2,975,5850000,6000.0,2 BHK
Chennai,Irumbuliyur,1,550,3000000,5454.545454545455,1 BHK
Chennai,Poonamallee,2,900,3510000,3900.0,2 BHK
Chennai,Irumbuliyur,1,550,2750000,5000.0,1 BHK
Chennai,tambaram west,1,550,2850000,5181.818181818182,1 BHK
Chennai,Chromepet,2,900,6600000,7333.333333333333,2 BHK
Chennai,Anna Nagar,2,1069,6948000,6499.532273152479,2 BHK
Chennai,Anna Nagar,2,994,6461000,6500.0,2 BHK
Chennai,Anna Nagar,2,983,6389000,6499.491353001017,2 BHK
Chennai,Annanagar West,2,983,6389000,6499.491353001017,2 BHK
Chennai,tambaram west,2,880,4831000,5489.772727272727,2 BHK
Chennai,Kolathur,3,1469,9548000,6499.659632402995,3 BHK
Chennai,Kolathur,2,984,6396000,6500.0,2 BHK
Chennai,Kolathur,3,1409,9158000,6499.645138396026,3 BHK
Chennai,Kolathur,2,983,6389000,6499.491353001017,2 BHK
Chennai,Kolathur,2,1051,6831000,6499.524262607041,2 BHK
Chennai,Kolathur,2,1021,6636000,6499.510284035259,2 BHK
Chennai,Kolathur,2,994,6461000,6500.0,2 BHK
Chennai,Kolathur,2,1010,6565000,6500.0,2 BHK
Chennai,Kolathur,3,1265,8222000,6499.604743083004,3 BHK
Chennai,Kolathur,2,1069,6948000,6499.532273152479,2 BHK
Chennai,Kolathur,2,963,6259000,6499.4807892004155,2 BHK
Chennai,tambaram west,2,897,3229000,3599.777034559643,2 BHK
Chennai,Thirumullaivoyal,2,900,4000000,4444.444444444444,2 BHK
Chennai,Korattur,3,1265,8222000,6499.604743083004,3 BHK
Chennai,Korattur,2,1069,6948000,6499.532273152479,2 BHK
Chennai,Korattur,3,1409,9158000,6499.645138396026,3 BHK
Chennai,Korattur,2,983,6389000,6499.491353001017,2 BHK
Chennai,Korattur,3,1469,9548000,6499.659632402995,3 BHK
Chennai,Korattur,2,1010,6565000,6500.0,2 BHK
Chennai,Korattur,3,1409,9158000,6499.645138396026,3 BHK
Chennai,Korattur,2,1021,6636000,6499.510284035259,2 BHK
Chennai,Korattur,2,994,6461000,6500.0,2 BHK
Chennai,Korattur,3,1265,8222000,6499.604743083004,3 BHK
Chennai,Velachery,2,1085,7052000,6499.539170506912,2 BHK
Chennai,Iyappanthangal,1,600,4000000,6666.666666666667,1 BHK
Chennai,Singaperumal Koil,3,1971,8353000,4237.950279046169,3 BHK
Chennai,Singaperumal Koil,3,1595,7252000,4546.7084639498435,3 BHK
Chennai,Thoraipakkam OMR,4,1827,11399999,6239.7367268746575,4 BHK
Chennai,Thoraipakkam OMR,2,1286,8037000,6249.611197511664,2 BHK
Chennai,Thoraipakkam OMR,2,1421,8881000,6249.824067558057,2 BHK
Chennai,Thoraipakkam OMR,3,1593,9956000,6249.843063402385,3 BHK
Chennai,Thoraipakkam OMR,3,1528,9550000,6250.0,3 BHK
Chennai,Sholinganallur,4,1951,9387000,4811.378780112763,4 BHK
Chennai,Sholinganallur,4,1951,9400000,4818.0420297283445,4 BHK
Chennai,Ayapakkam,3,1191,6500000,5457.5986565911,3 BHK
Chennai,Perambur,1,591,3581000,6059.22165820643,1 BHK
Chennai,Perambur,3,1180,7150000,6059.322033898305,3 BHK
Chennai,Perambur,2,956,5793000,6059.623430962343,2 BHK
Chennai,Perambur,2,657,3981000,6059.3607305936075,2 BHK
Chennai,Singaperumal Koil,3,1225,4165000,3400.0,3 BHK
Chennai,Singaperumal Koil,2,977,3321000,3399.181166837257,2 BHK
Chennai,Chromepet,2,900,6948999,7721.11,2 BHK
Chennai,Chromepet,2,895,6912000,7722.905027932961,2 BHK
Chennai,Chromepet,2,875,6765000,7731.428571428572,2 BHK
Chennai,Sholinganallur,2,932,4939000,5299.356223175966,2 BHK
Chennai,Thoraipakkam OMR,3,1671,10800000,6463.195691202873,3 BHK
Chennai,Thoraipakkam OMR,2,1286,8494000,6604.9766718507,2 BHK
Chennai,Thoraipakkam OMR,3,1528,10100000,6609.947643979058,3 BHK
Chennai,Tambaram Sanatoruim,2,875,6845000,7822.857142857143,2 BHK
Chennai,Kelambakkam,2,1278,4599000,3598.5915492957747,2 BHK
Chennai,Kelambakkam,3,1705,6136000,3598.826979472141,3 BHK
Chennai,Kelambakkam,2,1221,4394000,3598.689598689599,2 BHK
Chennai,Kelambakkam,3,1586,5708000,3598.9911727616645,3 BHK
Chennai,Kelambakkam,3,1723,6201000,3598.955310504933,3 BHK
Chennai,Kelambakkam,3,1529,5502000,3598.4303466317856,3 BHK
Chennai,Kelambakkam,2,1237,4451000,3598.2215036378334,2 BHK
Chennai,Kelambakkam,3,1666,5995000,3598.4393757503003,3 BHK
Chennai,Thoraipakkam OMR,3,1546,9662000,6249.6765847348,3 BHK
Chennai,Thoraipakkam OMR,2,1452,9075000,6250.0,2 BHK
Chennai,Thoraipakkam OMR,3,1550,9687000,6249.677419354839,3 BHK
Chennai,Madipakkam,3,1444,9500000,6578.9473684210525,3 BHK
Chennai,Madipakkam,3,1541,10100000,6554.185593770279,3 BHK
Chennai,Madipakkam,3,1395,9200000,6594.982078853047,3 BHK
Chennai,Chetpet,3,2500,47500000,19000.0,3 BHK
Chennai,Chetpet,3,1500,21000000,14000.0,3 BHK
Chennai,Kilpauk,3,2102,29400000,13986.679352997146,3 BHK
Chennai,Anna Nagar,3,2062,22000000,10669.25315227934,3 BHK
Chennai,Chetpet,3,2458,33600000,13669.650122050447,3 BHK
Chennai,Anna Nagar,3,2062,22000000,10669.25315227934,3 BHK
Chennai,Kilpauk,3,2042,28500000,13956.904995102841,3 BHK
Chennai,Anna Nagar,3,2062,21000000,10184.287099903007,3 BHK
Chennai,Anna Nagar,2,1555,15500000,9967.845659163988,2 BHK
Chennai,Ayapakkam,3,1191,6400000,5373.635600335852,3 BHK
Chennai,Raja Annamalai Puram,3,2500,37500000,15000.0,3 BHK
Chennai,Raja Annamalai Puram,4,3150,65000000,20634.920634920636,4 BHK
Chennai,Raja Annamalai Puram,4,3150,65000000,20634.920634920636,4 BHK
Chennai,tambaram west,1,540,2979000,5516.666666666667,1 BHK
Chennai,tambaram west,1,525,2950000,5619.047619047619,1 BHK
Chennai,Egmore,3,1970,28000000,14213.197969543147,3 BHK
Chennai,tambaram west,1,550,3011000,5474.545454545455,1 BHK
Chennai,tambaram west,2,975,7500000,7692.307692307692,2 BHK
Chennai,Kilpauk,4,3405,45000000,13215.859030837004,4 BHK
Chennai,Alwarpet,3,3050,54900000,18000.0,3 BHK
Chennai,Raja Annamalai Puram,4,2781,55599999,19992.80798274002,4 BHK
Chennai,Raja Annamalai Puram,3,2348,46900000,19974.44633730835,3 BHK
Chennai,Alwarpet,3,2316,32500000,14032.815198618307,3 BHK
Chennai,Porur,2,945,4063000,4299.4708994709,2 BHK
Chennai,Porur,1,765,3365000,4398.692810457516,1 BHK
Chennai,Porur,1,765,3289000,4299.346405228758,1 BHK
Chennai,Porur,1,725,3117000,4299.310344827586,1 BHK
Chennai,Nungambakkam,3,2902,59000000,20330.80634045486,3 BHK
Chennai,Nungambakkam,3,2902,59000000,20330.80634045486,3 BHK
Chennai,Ayapakkam,3,1330,7200000,5413.533834586467,3 BHK
Chennai,Ayapakkam,3,1183,6400000,5409.9746407438715,3 BHK
Chennai,Ayapakkam,3,697,6600000,9469.153515064563,3 BHK
Chennai,Periyapanicheri,2,740,3931000,5312.1621621621625,2 BHK
Chennai,Periyapanicheri,2,900,4730000,5255.555555555556,2 BHK
Chennai,Periyapanicheri,3,1060,5529000,5216.037735849057,3 BHK
Chennai,Periyapanicheri,2,700,3732000,5331.428571428572,2 BHK
Chennai,Periyapanicheri,2,760,4033000,5306.578947368421,2 BHK
Chennai,Kolapakkam,1,500,2535000,5070.0,1 BHK
Chennai,Kolapakkam,1,600,3264000,5440.0,1 BHK
Chennai,Kolapakkam,1,640,3347000,5229.6875,1 BHK
Chennai,Kolapakkam,2,720,3972999,5518.054166666667,2 BHK
Chennai,Kolapakkam,2,590,2982000,5054.237288135593,2 BHK
Chennai,Kolapakkam,2,700,3869000,5527.142857142857,2 BHK
Chennai,Kolapakkam,2,1090,5862000,5377.981651376147,2 BHK
Chennai,Perungudi,2,1198,7367000,6149.415692821369,2 BHK
Chennai,Thiruvanmiyur,3,1938,24200000,12487.100103199175,3 BHK
Chennai,Thoraipakkam OMR,2,1100,6589000,5990.0,2 BHK
Chennai,Raja Annamalai Puram,3,2610,56100000,21494.25287356322,3 BHK
Chennai,Raja Annamalai Puram,3,2450,52600000,21469.38775510204,3 BHK
Chennai,Raja Annamalai Puram,4,3225,75700000,23472.868217054263,4 BHK
Chennai,Raja Annamalai Puram,3,2255,48400000,21463.414634146342,3 BHK
Chennai,Raja Annamalai Puram,4,3810,104700000,27480.314960629923,4 BHK
Chennai,Raja Annamalai Puram,3,2400,51600000,21500.0,3 BHK
Chennai,Raja Annamalai Puram,3,2200,47300000,21500.0,3 BHK
Chennai,Karapakkam,3,1307,8792000,6726.855394032134,3 BHK
Chennai,Karapakkam,3,1314,8836000,6724.505327245053,3 BHK
Chennai,Karapakkam,2,1027,6995999,6812.073028237585,2 BHK
Chennai,Karapakkam,3,1358,9119000,6715.022091310751,3 BHK
Chennai,Karapakkam,2,1024,6977000,6813.4765625,2 BHK
Chennai,Karapakkam,4,2686,19000000,7073.715562174237,4 BHK
Chennai,Karapakkam,3,1561,10400000,6662.395900064062,3 BHK
Chennai,Karapakkam,3,1296,8721000,6729.166666666667,3 BHK
Chennai,Karapakkam,3,1566,10400000,6641.123882503193,3 BHK
Chennai,Karapakkam,3,1829,13200000,7217.058501913614,3 BHK
Chennai,Karapakkam,3,1564,10400000,6649.616368286445,3 BHK
Chennai,Karapakkam,3,1348,9055000,6717.359050445104,3 BHK
Chennai,Karapakkam,3,1944,13799999,7098.764917695473,3 BHK
Chennai,Karapakkam,4,2630,18600000,7072.2433460076045,4 BHK
Chennai,Karapakkam,4,2616,18500000,7071.865443425077,4 BHK
Chennai,Karapakkam,3,1599,10600000,6629.1432145090685,3 BHK
Chennai,Perungudi,2,1173,7213000,6149.190110826939,2 BHK
Chennai,Perungudi,3,1584,9741000,6149.621212121212,3 BHK
Chennai,Thiruvanmiyur,3,1970,24600000,12487.309644670051,3 BHK
Chennai,Thiruvanmiyur,3,1871,23300000,12453.233564938535,3 BHK
Chennai,Thiruvanmiyur,2,1431,17800000,12438.853948287911,2 BHK
Chennai,Thiruvanmiyur,3,1831,22799999,12452.211359912617,3 BHK
Chennai,Vadapalani,4,2394,25299999,10568.086466165414,4 BHK
Chennai,Vadapalani,3,1517,16000000,10547.13249835201,3 BHK
Chennai,Vadapalani,3,1516,16000000,10554.089709762533,3 BHK
Chennai,Vadapalani,3,1685,17800000,10563.798219584569,3 BHK
Chennai,Vadapalani,3,1954,20700000,10593.654042988741,3 BHK
Chennai,Vadapalani,3,1888,20000000,10593.22033898305,3 BHK
Chennai,Vadapalani,3,1695,17900000,10560.47197640118,3 BHK
Chennai,Vadapalani,3,1496,15800000,10561.497326203209,3 BHK
Chennai,Vadapalani,3,1891,20000000,10576.414595452141,3 BHK
Chennai,Vadapalani,3,1495,15800000,10568.561872909699,3 BHK
Chennai,Vadapalani,3,1474,15600000,10583.446404341927,3 BHK
Chennai,Vadapalani,3,1611,17000000,10552.451893234016,3 BHK
Chennai,Vadapalani,3,1610,17000000,10559.006211180124,3 BHK
Chennai,Vadapalani,3,1923,20299999,10556.421736869475,3 BHK
Chennai,Vadapalani,3,1925,20400000,10597.402597402597,3 BHK
Chennai,Vadapalani,4,2350,24900000,10595.744680851063,4 BHK
Chennai,West Tambaram,2,915,3202000,3499.4535519125684,2 BHK
Chennai,West Tambaram,2,915,3202000,3499.4535519125684,2 BHK
Chennai,Alandur,2,1018,8900000,8742.632612966601,2 BHK
Chennai,Kovur,2,913,5400000,5914.567360350493,2 BHK
Chennai,Kelambakkam,2,994,5100000,5130.784708249497,2 BHK
Chennai,Thoraipakkam OMR,2,734,6500000,8855.58583106267,2 BHK
Chennai,Selaiyur,2,965,3377000,3499.481865284974,2 BHK
Chennai,West Tambaram,2,1110,3885000,3500.0,2 BHK
Chennai,Vandalur,2,1062,4000000,3766.478342749529,2 BHK
Chennai,Vandalur,2,1062,4000000,3766.478342749529,2 BHK
Chennai,Vandalur,2,1062,4000000,3766.478342749529,2 BHK
Chennai,Pozhichalur,2,852,3322000,3899.06103286385,2 BHK
Chennai,Pozhichalur,2,786,3065000,3899.4910941475828,2 BHK
Chennai,Pozhichalur,2,720,2808000,3900.0,2 BHK
Chennai,Pozhichalur,2,840,3276000,3900.0,2 BHK
Chennai,Pozhichalur,2,746,2909000,3899.4638069705093,2 BHK
Chennai,Pozhichalur,2,782,3049000,3898.976982097187,2 BHK
Chennai,Pozhichalur,2,733,2858000,3899.0450204638473,2 BHK
Chennai,Kolathur,2,1565,8216000,5249.840255591054,2 BHK
Chennai,Kolathur,2,1277,6704000,5249.804228660924,2 BHK
Chennai,Kolathur,3,1767,9276000,5249.575551782683,3 BHK
Chennai,Kolathur,3,1938,10100000,5211.55830753354,3 BHK
Chennai,Kolathur,3,2627,13700000,5215.074229158736,3 BHK
Chennai,Kolathur,3,3234,16900000,5225.726654298083,3 BHK
Chennai,Kolathur,3,2020,10600000,5247.524752475248,3 BHK
Chennai,Kolathur,2,1355,7113000,5249.446494464944,2 BHK
Chennai,Kolathur,2,1639,8604000,5249.54240390482,2 BHK
Chennai,Kolathur,3,1859,9759000,5249.596557288865,3 BHK
Chennai,Kolathur,3,1758,9229000,5249.71558589306,3 BHK
Chennai,Madipakkam,3,1506,12100000,8034.528552456839,3 BHK
Chennai,Madipakkam,3,1444,11600000,8033.2409972299165,3 BHK
Chennai,Madipakkam,3,1282,10200000,7956.31825273011,3 BHK
Chennai,Madipakkam,2,1215,9742000,8018.106995884774,2 BHK
Chennai,Madipakkam,3,1464,11700000,7991.803278688524,3 BHK
Chennai,Madipakkam,2,965,7867000,8152.331606217616,2 BHK
Chennai,Madipakkam,2,1100,8767000,7970.0,2 BHK
Chennai,Madipakkam,2,1068,8589000,8042.134831460674,2 BHK
Chennai,Adyar,3,1975,30000000,15189.87341772152,3 BHK
Chennai,Thiruvanmiyur,3,1975,30000000,15189.87341772152,3 BHK
Chennai,Maduravoyal,2,1024,6500000,6347.65625,2 BHK
Chennai,Vanagaram,1,592,4000000,6756.756756756757,1 BHK
Chennai,Pallavaram,2,1076,9000000,8364.312267657993,2 BHK
Chennai,Peerakankaranai,2,1062,4000000,3766.478342749529,2 BHK
Chennai,Vandalur,2,1060,4000000,3773.5849056603774,2 BHK
Chennai,Madhavaram,2,1276,7500000,5877.742946708464,2 BHK
Chennai,Kolathur,2,984,6396000,6500.0,2 BHK
Chennai,Kolathur,2,983,6389000,6499.491353001017,2 BHK
Chennai,Anna Nagar,2,1051,6831000,6499.524262607041,2 BHK
Chennai,Kolathur,2,994,6461000,6500.0,2 BHK
Chennai,Anna Nagar,2,1021,6636000,6499.510284035259,2 BHK
Chennai,Anna Nagar,2,1010,6565000,6500.0,2 BHK
Chennai,Korattur,2,1321,7569000,5729.750189250568,2 BHK
Chennai,Avadi,2,639,2725000,4264.475743348983,2 BHK
Chennai,Avadi,2,645,2725000,4224.806201550387,2 BHK
Chennai,Sunnambu Kolathur S Kolathur,2,750,3500000,4666.666666666667,2 BHK
Chennai,Gowrivakkam,2,1002,6600000,6586.826347305389,2 BHK
Chennai,Thoraipakkam,2,984,7600000,7723.577235772358,2 BHK
Chennai,Ullagaram,3,1123,5900000,5253.784505788068,3 BHK
Chennai,Kovilambakkam,2,880,4600000,5227.272727272727,2 BHK
Chennai,Kovilambakkam,3,1080,5700000,5277.777777777777,3 BHK
Chennai,Kovilambakkam,2,809,4200000,5191.59456118665,2 BHK
Chennai,Ullagaram,3,1058,5861000,5539.697542533081,3 BHK
Chennai,Ullagaram,3,1116,6138000,5500.0,3 BHK
Chennai,Ullagaram,3,1222,6476000,5299.509001636661,3 BHK
Chennai,Poonamallee,2,871,3743000,4297.35935706085,2 BHK
Chennai,Mudichur,1,750,2850000,3800.0,1 BHK
Chennai,Thiruverkadu,2,835,3173000,3800.0,2 BHK
Chennai,Poonamallee,2,871,3743000,4297.35935706085,2 BHK
Chennai,Kattupakkam,2,984,4708000,4784.552845528456,2 BHK
Chennai,Thirumazhisai,2,884,3094000,3500.0,2 BHK
Chennai,Poonamallee,2,920,3956000,4300.0,2 BHK
Chennai,Kattupakkam,1,600,2880000,4800.0,1 BHK
Chennai,Poonamallee,1,638,2743000,4299.373040752351,1 BHK
Chennai,Avadi,2,885,3363000,3800.0,2 BHK
Chennai,Thirumazhisai,2,706,2471000,3500.0,2 BHK
Chennai,Avadi,2,841,3195000,3799.0487514863257,2 BHK
Chennai,Poonamallee,2,1160,4988000,4300.0,2 BHK
Chennai,Ullagaram,2,805,3250000,4037.2670807453414,2 BHK
Chennai,Ullagaram,2,809,3300000,4079.1100123609394,2 BHK
Chennai,Korattur,3,1439,8214000,5708.13064628214,3 BHK
Chennai,Korattur,2,614,3893000,6340.390879478828,2 BHK
Chennai,Korattur,4,1909,10700000,5605.028810895757,4 BHK
Chennai,Manapakkam,3,1092,6434000,5891.941391941392,3 BHK
Chennai,Manapakkam,2,797,4623000,5800.501882057716,2 BHK
Chennai,Manapakkam,2,816,4733000,5800.245098039216,2 BHK
Chennai,Manapakkam,2,816,4733000,5800.245098039216,2 BHK
Chennai,Kattankulathur,2,835,3422999,4099.4,2 BHK
Chennai,Kattankulathur,2,845,3461000,4095.8579881656806,2 BHK
Chennai,Kattankulathur,3,1220,5063000,4150.0,3 BHK
Chennai,Vanagaram,2,1159,6500000,5608.283002588439,2 BHK
Chennai,Mogappair,2,1159,6500000,5608.283002588439,2 BHK
Chennai,Ayanambakkam,2,1131,6500000,5747.126436781609,2 BHK
Chennai,Kundrathur,3,1056,4011999,3799.2414772727275,3 BHK
Chennai,Kolapakkam,3,1255,5647000,4499.601593625498,3 BHK
Chennai,Porur,2,1010,4545000,4500.0,2 BHK
Chennai,Kolapakkam,2,862,3879000,4500.0,2 BHK
Chennai,Kolapakkam,2,862,3879000,4500.0,2 BHK
Chennai,Kundrathur,2,636,2416000,3798.7421383647797,2 BHK
Chennai,Medavakkam,1,411,2250000,5474.4525547445255,1 BHK
Chennai,Medavakkam,1,472,2584000,5474.576271186441,1 BHK
Chennai,Korattur,2,622,3934000,6324.75884244373,2 BHK
Chennai,Korattur,3,1691,9643000,5702.54287403903,3 BHK
Chennai,Korattur,2,1138,6618000,5815.465729349737,2 BHK
Chennai,Karapakkam,3,1569,9861000,6284.894837476099,3 BHK
Chennai,Karapakkam,2,1208,7530000,6233.443708609271,2 BHK
Chennai,Karapakkam,2,1316,8161000,6201.367781155015,2 BHK
Chennai,Karapakkam,3,1647,10000000,6071.645415907711,3 BHK
Chennai,Karapakkam,2,1229,7652000,6226.20016273393,2 BHK
Chennai,Karapakkam,3,1618,9925000,6134.116192830656,3 BHK
Chennai,Karapakkam,2,1227,7641000,6227.383863080685,2 BHK
Chennai,Karapakkam,2,1288,7997000,6208.850931677019,2 BHK
Chennai,Karapakkam,2,1302,8079000,6205.069124423963,2 BHK
Chennai,Karapakkam,2,1200,7483000,6235.833333333333,2 BHK
Chennai,Karapakkam,2,1231,7664000,6225.83265637693,2 BHK
Chennai,Karapakkam,2,1230,7658000,6226.016260162602,2 BHK
Chennai,Medavakkam,2,738,4000000,5420.054200542006,2 BHK
Chennai,Medavakkam,1,528,2890000,5473.484848484848,1 BHK
Chennai,Medavakkam,1,379,2075000,5474.934036939314,1 BHK
Chennai,Medavakkam,3,1414,7700000,5445.544554455446,3 BHK
Chennai,Medavakkam,2,960,5256000,5475.0,2 BHK
Chennai,Medavakkam,2,875,4790000,5474.285714285715,2 BHK
Chennai,Medavakkam,3,1428,7800000,5462.18487394958,3 BHK
Chennai,Medavakkam,2,765,4188000,5474.509803921569,2 BHK
Chennai,Medavakkam,2,748,4000000,5347.593582887701,2 BHK
Chennai,Thoraipakkam OMR,3,1500,12500000,8333.333333333334,3 BHK
Chennai,Velachery,3,1298,9086000,7000.0,3 BHK
Chennai,Velachery,3,1149,8043000,7000.0,3 BHK
Chennai,Velachery,3,1149,8043000,7000.0,3 BHK
Chennai,Velachery,2,1068,7476000,7000.0,2 BHK
Chennai,Velachery,2,1068,7476000,7000.0,2 BHK
Chennai,Velachery,2,899,6593000,7333.704115684093,2 BHK
Chennai,Sithalapakkam,3,1078,4519000,4192.0222634508345,3 BHK
Chennai,Sithalapakkam,2,905,3810000,4209.944751381216,2 BHK
Chennai,Sithalapakkam,2,882,3615999,4099.772108843537,2 BHK
Chennai,Sithalapakkam,2,775,3277000,4228.387096774193,2 BHK
Chennai,Medavakkam,3,1201,5244000,4366.361365528726,3 BHK
Chennai,Medavakkam,2,1039,4563000,4391.72281039461,2 BHK
Chennai,Medavakkam,2,971,4278000,4405.767250257467,2 BHK
Chennai,Medavakkam,2,899,3875000,4310.3448275862065,2 BHK
Chennai,Vengaivasal,2,781,3479999,4455.824583866837,2 BHK
Chennai,Thiruvanmiyur,3,1100,15400000,14000.0,3 BHK
Chennai,Kilkattalai,3,1266,7342000,5799.368088467614,3 BHK
Chennai,Kilkattalai,2,1000,5800000,5800.0,2 BHK
Chennai,Kilkattalai,2,981,5689000,5799.184505606524,2 BHK
Chennai,Nanmangalam,3,1223,5870000,4799.672935404742,3 BHK
Chennai,Nanmangalam,3,1071,5140000,4799.253034547152,3 BHK
Chennai,Nanmangalam,2,955,4784000,5009.424083769633,2 BHK
Chennai,Nanmangalam,2,900,4520000,5022.222222222223,2 BHK
Chennai,Nanmangalam,2,851,4084000,4799.059929494712,2 BHK
Chennai,Nanmangalam,1,530,2273000,4288.679245283019,1 BHK
Chennai,Medavakkam,3,1300,7450000,5730.7692307692305,3 BHK
Chennai,Medavakkam,3,1260,7130000,5658.730158730159,3 BHK
Chennai,Medavakkam,3,1107,6088000,5499.5483288166215,3 BHK
Chennai,Selaiyur,3,1200,5200000,4333.333333333333,3 BHK
Chennai,Selaiyur,2,954,4000000,4192.8721174004195,2 BHK
Chennai,Madambakkam,2,954,4500000,4716.981132075472,2 BHK
Chennai,Selaiyur,2,954,5000000,5241.090146750524,2 BHK
Chennai,Annanagar,3,1320,6336000,4800.0,3 BHK
Chennai,Chengalpattu,3,1320,6336000,4800.0,3 BHK
Chennai,Medavakkam,3,1135,5380000,4740.0881057268725,3 BHK
Chennai,Medavakkam,1,495,2428000,4905.050505050505,1 BHK
Chennai,Medavakkam,2,960,4628000,4820.833333333333,2 BHK
Chennai,Medavakkam,2,830,4069000,4902.409638554217,2 BHK
Chennai,Medavakkam,2,765,3789000,4952.941176470588,2 BHK
Chennai,Pallikaranai,2,1020,5090000,4990.196078431372,2 BHK
Chennai,Pallikaranai,2,990,4955000,5005.050505050505,2 BHK
Chennai,Pallikaranai,3,1310,6395000,4881.679389312977,3 BHK
Chennai,Pallikaranai,3,1340,6530000,4873.134328358209,3 BHK
Chennai,Sunnambu Kolathur S Kolathur,2,952,5150000,5409.663865546218,2 BHK
Chennai,Sunnambu Kolathur S Kolathur,3,1270,6804000,5357.48031496063,3 BHK
Chennai,Sunnambu Kolathur S Kolathur,3,1330,7116000,5350.375939849624,3 BHK
Chennai,Sunnambu Kolathur S Kolathur,3,1250,6700000,5360.0,3 BHK
Chennai,Madipakkam,2,1020,6010000,5892.156862745098,2 BHK
Chennai,Madipakkam,2,950,5525000,5815.789473684211,2 BHK
Chennai,Madipakkam,2,880,5340000,6068.181818181818,2 BHK
Chennai,Sunnambu Kolathur S Kolathur,2,990,5348000,5402.020202020202,2 BHK
Chennai,Sunnambu Kolathur S Kolathur,2,920,4984000,5417.391304347826,2 BHK
Chennai,Sunnambu Kolathur S Kolathur,2,970,5244000,5406.18556701031,2 BHK
Chennai,Medavakkam,2,945,4836000,5117.460317460317,2 BHK
Chennai,Medavakkam,2,1068,5126000,4799.625468164794,2 BHK
Chennai,Velachery,3,1260,9198000,7300.0,3 BHK
Chennai,tambaram west,2,843,4172000,4948.991696322657,2 BHK
Chennai,tambaram west,2,932,4613000,4949.570815450644,2 BHK
Chennai,tambaram west,2,1000,4950000,4950.0,2 BHK
Chennai,tambaram west,3,1100,5445000,4950.0,3 BHK
Chennai,Selaiyur,2,859,4174000,4859.138533178114,2 BHK
Chennai,Selaiyur,2,965,4689000,4859.067357512953,2 BHK
Chennai,Rajakilpakkam,3,1266,6076000,4799.368088467614,3 BHK
Chennai,Kilkattalai,2,950,5130000,5400.0,2 BHK
Chennai,Kilkattalai,2,900,4860000,5400.0,2 BHK
Chennai,Pallikaranai,2,860,4257000,4950.0,2 BHK
Chennai,Pallikaranai,2,880,4356000,4950.0,2 BHK
Chennai,Kovilambakkam,2,1020,4488000,4400.0,2 BHK
Chennai,Kovilambakkam,3,1260,5544000,4400.0,3 BHK
Chennai,Kilkattalai,2,930,5022000,5400.0,2 BHK
Chennai,Kovilambakkam,2,925,4070000,4400.0,2 BHK
Chennai,Kovilambakkam,2,870,3828000,4400.0,2 BHK
Chennai,Selaiyur,2,869,3953000,4548.9067894131185,2 BHK
Chennai,Sembakkam,2,983,4718000,4799.593082400814,2 BHK
Chennai,Rajakilpakkam,2,1066,5116000,4799.249530956848,2 BHK
Chennai,Madambakkam,2,900,4140000,4600.0,2 BHK
Chennai,Sembakkam,2,870,4176000,4800.0,2 BHK
Chennai,Kovilambakkam,2,975,4290000,4400.0,2 BHK
Chennai,Kovilambakkam,2,884,3889000,4399.321266968326,2 BHK
Chennai,Pallikaranai,3,1150,7130000,6200.0,3 BHK
Chennai,Selaiyur,2,975,4800000,4923.076923076923,2 BHK
Chennai,Selaiyur,2,879,4400000,5005.688282138794,2 BHK
Chennai,Medavakkam,2,732,3367000,4599.726775956284,2 BHK
Chennai,Madipakkam,2,884,4300000,4864.253393665158,2 BHK
Chennai,Medavakkam,2,700,3220000,4600.0,2 BHK
Chennai,Chromepet,3,1048,5921000,5649.8091603053435,3 BHK
Chennai,Sembakkam,3,1200,5460000,4550.0,3 BHK
Chennai,Chromepet,2,945,4299000,4549.206349206349,2 BHK
Chennai,Chromepet,3,1200,5460000,4550.0,3 BHK
Chennai,Sembakkam,2,983,4472000,4549.338758901323,2 BHK
Chennai,Sembakkam,3,1066,4850000,4549.718574108818,3 BHK
Chennai,Chromepet,2,942,5181000,5500.0,2 BHK
Chennai,Chromepet,2,795,4372000,5499.37106918239,2 BHK
Chennai,Sembakkam,2,865,4086999,4724.8543352601155,2 BHK
Chennai,Madambakkam,3,1277,6033000,4724.353954581049,3 BHK
Chennai,Madambakkam,2,1066,5036000,4724.2026266416515,2 BHK
Chennai,Chromepet,2,896,4928000,5500.0,2 BHK
Chennai,Selaiyur,2,800,3800000,4750.0,2 BHK
Chennai,Selaiyur,2,985,4678000,4749.238578680203,2 BHK
Chennai,Chromepet,3,1266,6963000,5500.0,3 BHK
Chennai,Sembakkam,3,1100,5197000,4724.545454545455,3 BHK
Chennai,Chitlapakkam,3,1100,6050000,5500.0,3 BHK
Chennai,Selaiyur,2,865,4108000,4749.132947976878,2 BHK
Chennai,Selaiyur,3,1300,6175000,4750.0,3 BHK
Chennai,Madambakkam,3,1100,5197000,4724.545454545455,3 BHK
Chennai,Rajakilpakkam,2,800,3779999,4724.99875,2 BHK
Chennai,Madambakkam,2,865,4086999,4724.8543352601155,2 BHK
Chennai,Rajakilpakkam,3,1277,6033000,4724.353954581049,3 BHK
Chennai,Selaiyur,2,783,3719000,4749.6807151979565,2 BHK
Chennai,Selaiyur,1,600,2850000,4750.0,1 BHK
Chennai,tambaram west,3,1300,6175000,4750.0,3 BHK
Chennai,tambaram west,3,1200,5700000,4750.0,3 BHK
Chennai,tambaram west,3,1100,5225000,4750.0,3 BHK
Chennai,tambaram west,2,985,4678000,4749.238578680203,2 BHK
Chennai,tambaram west,2,943,4479000,4749.7348886532345,2 BHK
Chennai,tambaram west,2,865,4108000,4749.132947976878,2 BHK
Chennai,tambaram west,2,888,4218000,4750.0,2 BHK
Chennai,Thiruvanmiyur,3,1566,19500000,12452.107279693486,3 BHK
Chennai,East Tambaram,2,954,4500000,4716.981132075472,2 BHK
Chennai,East Tambaram,3,1363,6300000,4622.157006603082,3 BHK
Chennai,Maraimalai Nagar,3,1225,5000000,4081.6326530612246,3 BHK
Chennai,Singaperumal Koil,2,970,4000000,4123.711340206186,2 BHK
Chennai,Maraimalai Nagar,2,983,4000000,4069.175991861648,2 BHK
Chennai,Maraimalai Nagar,2,977,4000000,4094.1658137154554,2 BHK
Chennai,Maraimalai Nagar,3,1089,4500000,4132.231404958678,3 BHK
Chennai,Maraimalai Nagar,2,976,4000000,4098.360655737705,2 BHK
Chennai,Velachery,2,1040,6240000,6000.0,2 BHK
Chennai,tambaram west,2,1010,4040000,4000.0,2 BHK
Chennai,Pozhichalur,2,1040,4000000,3846.153846153846,2 BHK
Chennai,tambaram west,2,835,3340000,4000.0,2 BHK
Chennai,Gopalapuram,3,1550,19000000,12258.064516129032,3 BHK
Chennai,Velachery,2,935,5610000,6000.0,2 BHK
Chennai,Kolapakkam,2,940,4653000,4950.0,2 BHK
Chennai,Kolapakkam,2,1004,4969000,4949.203187250996,2 BHK
Chennai,Kolapakkam,2,926,4583000,4949.244060475162,2 BHK
Chennai,Kolapakkam,3,1277,6321000,4949.882537196554,3 BHK
Chennai,Kolapakkam,3,1212,5999000,4949.669966996699,3 BHK
Chennai,Kolapakkam,3,1213,6004000,4949.711459192085,3 BHK
Chennai,Kolapakkam,2,987,4885000,4949.341438703141,2 BHK
Chennai,Kolapakkam,2,921,4558000,4948.968512486428,2 BHK
Chennai,Kolapakkam,2,943,4667000,4949.098621420997,2 BHK
Chennai,Kolapakkam,3,1195,5915000,4949.79079497908,3 BHK
Chennai,Kolapakkam,2,982,4860000,4949.08350305499,2 BHK
Chennai,Kolapakkam,3,1197,5925000,4949.874686716792,3 BHK
Chennai,Kolapakkam,2,948,4692000,4949.367088607595,2 BHK
Chennai,Kolapakkam,3,1267,6271000,4949.486977111286,3 BHK
Chennai,Palavakkam,2,925,8500000,9189.18918918919,2 BHK
Chennai,Sholinganallur,2,1035,5000000,4830.917874396136,2 BHK
Chennai,Kotturpuram,4,2692,65000000,24145.616641901932,4 BHK
Chennai,Anna Nagar,4,3355,51600000,15380.029806259314,4 BHK
Chennai,Kilpauk,3,2450,33000000,13469.387755102041,3 BHK
Chennai,Kovur,2,1000,3600000,3600.0,2 BHK
Chennai,Alwarpet,3,3050,54900000,18000.0,3 BHK
Chennai,Perambur,2,850,5700000,6705.882352941177,2 BHK
Chennai,Avadi,2,677,2500000,3692.7621861152143,2 BHK
Chennai,Kodambakkam,2,950,11000000,11578.947368421053,2 BHK
Chennai,Mevalurkuppam,2,855,4400000,5146.198830409357,2 BHK
Chennai,Mevalurkuppam,1,576,3200000,5555.555555555556,1 BHK
Chennai,Moolacheri,1,603,3200000,5306.799336650083,1 BHK
Chennai,Mevalurkuppam,4,1710,8000000,4678.362573099415,4 BHK
Chennai,Medavakkam,3,1184,6151000,5195.101351351352,3 BHK
Chennai,Medavakkam,2,905,5597000,6184.530386740332,2 BHK
Chennai,Medavakkam,2,1030,5587000,5424.271844660194,2 BHK
Chennai,Medavakkam,2,993,5246000,5282.980866062437,2 BHK
Chennai,Medavakkam,2,926,5208000,5624.190064794817,2 BHK
Chennai,Medavakkam,2,998,5270000,5280.561122244489,2 BHK
Chennai,Medavakkam,2,899,4801000,5340.378197997776,2 BHK
Chennai,Medavakkam,2,929,4943000,5320.775026910656,2 BHK
Chennai,Medavakkam,2,983,5199000,5288.911495422177,2 BHK
Chennai,Medavakkam,2,955,5066000,5304.712041884817,2 BHK
Chennai,Medavakkam,2,978,5175000,5291.411042944786,2 BHK
Chennai,Medavakkam,2,910,4853000,5332.9670329670325,2 BHK
Chennai,Medavakkam,2,909,4924000,5416.941694169417,2 BHK
Chennai,Medavakkam,2,980,5184000,5289.7959183673465,2 BHK
Chennai,Medavakkam,2,933,4962000,5318.327974276527,2 BHK
Chennai,Iyappanthangal,3,1575,9442000,5994.920634920635,3 BHK
Chennai,Iyappanthangal,1,610,3656000,5993.44262295082,1 BHK
Chennai,Iyappanthangal,2,1090,6534000,5994.495412844037,2 BHK
Chennai,Iyappanthangal,3,1790,10700000,5977.653631284917,3 BHK
Chennai,Chengalpattu,2,1295,7252000,5600.0,2 BHK
Chennai,Chengalpattu,2,1300,7280000,5600.0,2 BHK
Chennai,tambaram west,2,1115,4460000,4000.0,2 BHK
Chennai,tambaram west,2,915,3660000,4000.0,2 BHK
Chennai,tambaram west,2,1110,3885000,3500.0,2 BHK
Chennai,Nenmeli,3,1285,7195999,5599.999221789883,3 BHK
Chennai,Avadi,2,840,4000000,4761.9047619047615,2 BHK
Chennai,Avadi,2,815,4000000,4907.9754601227,2 BHK
Chennai,Avadi,2,915,4300000,4699.453551912568,2 BHK
Chennai,Avadi,2,810,3900000,4814.814814814815,2 BHK
Chennai,Avadi,2,910,4300000,4725.274725274725,2 BHK
Chennai,Avadi,2,840,3960000,4714.285714285715,2 BHK
Chennai,Perungalathur,2,1131,4942000,4369.584438549956,2 BHK
Chennai,Avadi,2,1107,4426000,3998.193315266486,2 BHK
Chennai,Avadi,3,1447,5786000,3998.6178299930893,3 BHK
Chennai,Avadi,1,570,2279000,3998.245614035088,1 BHK
Chennai,Avadi,3,1647,6586000,3998.7856709168186,3 BHK
Chennai,Avadi,2,1081,4322000,3998.149861239593,2 BHK
Chennai,Avadi,3,1229,4914000,3998.372660699756,3 BHK
Chennai,Avadi,2,1057,4226000,3998.1078524124882,2 BHK
Chennai,Avadi,1,578,2311000,3998.2698961937717,1 BHK
Chennai,Avadi,3,1567,6266000,3998.723675813657,3 BHK
Chennai,Ramavaram,3,1641,8675000,5286.4107251675805,3 BHK
Chennai,Mugalivakkam,3,1641,8675000,5286.4107251675805,3 BHK
Chennai,Mugalivakkam,3,1641,8675000,5286.4107251675805,3 BHK
Chennai,Anna Nagar,3,2062,24500000,11881.668283220175,3 BHK
Chennai,Nandambakkam,2,1194,6217000,5206.867671691793,2 BHK
Chennai,Manapakkam,3,1641,8675000,5286.4107251675805,3 BHK
Chennai,Ramapuram,3,1641,8675000,5286.4107251675805,3 BHK
Chennai,Ramapuram,3,1641,8675000,5286.4107251675805,3 BHK
Chennai,Padi,3,1580,23000000,14556.962025316456,3 BHK
Chennai,Perumbakkam,3,1251,5316000,4249.400479616307,3 BHK
Chennai,Perumbakkam,3,1067,4534000,4249.29709465792,3 BHK
Chennai,Perumbakkam,2,1036,4403000,4250.0,2 BHK
Chennai,Rajakilpakkam,3,1423,7541000,5299.367533380183,3 BHK
Chennai,Rajakilpakkam,3,1222,6476000,5299.509001636661,3 BHK
Chennai,Rajakilpakkam,2,960,5088000,5300.0,2 BHK
Chennai,Rajakilpakkam,2,883,4679000,5298.980747451868,2 BHK
Chennai,Sembakkam,3,1423,7541000,5299.367533380183,3 BHK
Chennai,Sembakkam,3,1222,6476000,5299.509001636661,3 BHK
Chennai,Sembakkam,2,960,5088000,5300.0,2 BHK
Chennai,Sembakkam,2,883,4679000,5298.980747451868,2 BHK
Chennai,Selaiyur,3,1266,6140000,4849.921011058452,3 BHK
Chennai,Selaiyur,3,1103,5349000,4849.501359927471,3 BHK
Chennai,Selaiyur,2,1033,5010000,4849.951597289448,2 BHK
Chennai,Selaiyur,2,980,4753000,4850.0,2 BHK
Chennai,Selaiyur,2,835,4049000,4849.101796407185,2 BHK
Chennai,Selaiyur,1,640,3104000,4850.0,1 BHK
Chennai,Madambakkam,3,1400,6475000,4625.0,3 BHK
Chennai,Madambakkam,3,1283,5933000,4624.318004676539,3 BHK
Chennai,Madambakkam,3,1189,5499000,4624.894869638351,3 BHK
Chennai,Madambakkam,2,1040,4810000,4625.0,2 BHK
Chennai,Madambakkam,2,940,4347000,4624.468085106383,2 BHK
Chennai,Madambakkam,2,891,4120000,4624.0179573512905,2 BHK
Chennai,Madambakkam,1,535,2474000,4624.2990654205605,1 BHK
Chennai,Sembakkam,3,1285,6425000,5000.0,3 BHK
Chennai,Villivakkam,2,1000,5800000,5800.0,2 BHK
Chennai,Cholambedu,2,741,2852000,3848.8529014844803,2 BHK
Chennai,Ambattur,2,946,5203000,5500.0,2 BHK
Chennai,Ambattur,2,856,4708000,5500.0,2 BHK
Chennai,Ambattur,2,967,5318000,5499.482936918304,2 BHK
Chennai,Ambattur,1,541,2975000,5499.075785582255,1 BHK
Chennai,Ambattur,1,426,2343000,5500.0,1 BHK
Chennai,Ambattur,2,707,3888000,5499.292786421499,2 BHK
Chennai,Nanmangalam,1,660,3160000,4787.878787878788,1 BHK
Chennai,Chromepet,2,941,6580000,6992.561105207226,2 BHK
Chennai,Ullagaram,2,809,3315999,4098.886279357231,2 BHK
Chennai,Chromepet,2,924,7000000,7575.757575757576,2 BHK
Chennai,Nanmangalam,2,1008,4840000,4801.587301587301,2 BHK
Chennai,Nanmangalam,2,900,4140000,4600.0,2 BHK
Chennai,NehruNagar,3,1433,10500000,7327.28541521284,3 BHK
Chennai,Nanmangalam,2,805,3300000,4099.378881987577,2 BHK
Chennai,Nanmangalam,3,1198,6230000,5200.33388981636,3 BHK
Chennai,Nanmangalam,2,772,3247000,4205.958549222798,2 BHK
Chennai,Nanmangalam,2,930,4270000,4591.397849462365,2 BHK
Chennai,Nanmangalam,1,619,2960000,4781.906300484653,1 BHK
Chennai,Sunnambu Kolathur S Kolathur,2,1002,5200000,5189.620758483034,2 BHK
Chennai,Sunnambu Kolathur S Kolathur,3,1285,6684999,5202.333852140077,3 BHK
Chennai,Sunnambu Kolathur S Kolathur,2,1028,5345000,5199.416342412452,2 BHK
Chennai,Nanmangalam,2,1117,5000000,4476.275738585497,2 BHK
Chennai,Nanmangalam,2,989,5145000,5202.224469160768,2 BHK
Chennai,Nanmangalam,2,935,4862000,5200.0,2 BHK
Chennai,Nanmangalam,2,768,3993000,5199.21875,2 BHK
Chennai,Nanmangalam,2,881,4581000,5199.772985244041,2 BHK
Chennai,Nanmangalam,2,867,4500000,5190.311418685121,2 BHK
Chennai,Nanmangalam,3,1115,5798000,5200.0,3 BHK
Chennai,Nanmangalam,3,1197,6224000,5199.665831244779,3 BHK
Chennai,Nanmangalam,2,941,4893000,5199.787460148778,2 BHK
Chennai,Nanmangalam,2,1037,5392000,5199.614271938283,2 BHK
Chennai,Adambakkam,3,1293,10000000,7733.952049497293,3 BHK
Chennai,Navallur,2,900,5700000,6333.333333333333,2 BHK
Chennai,Nanmangalam,2,760,3100000,4078.9473684210525,2 BHK
Chennai,Kovur,2,1066,5116000,4799.249530956848,2 BHK
Chennai,Kovur,3,1452,6969000,4799.586776859504,3 BHK
Chennai,Kovur,3,1350,6480000,4800.0,3 BHK
Chennai,Kovur,2,924,4435000,4799.7835497835495,2 BHK
Chennai,Kovur,3,1369,6570999,4799.853177501826,3 BHK
Chennai,Kovur,2,1175,5640000,4800.0,2 BHK
Chennai,Kovur,2,615,2952000,4800.0,2 BHK
Chennai,Sunnambu Kolathur S Kolathur,2,952,5200000,5462.18487394958,2 BHK
Chennai,Pazavanthangal,1,460,2200000,4782.608695652174,1 BHK
Chennai,Avadi,2,675,2300000,3407.4074074074074,2 BHK
Chennai,Madhavaram,2,877,3946000,4499.429874572406,2 BHK
Chennai,Madhavaram,2,780,3510000,4500.0,2 BHK
Chennai,Sholinganallur,2,1018,5599000,5500.0,2 BHK
Chennai,Sholinganallur,2,1000,5500000,5500.0,2 BHK
Chennai,Sholinganallur,2,1050,5775000,5500.0,2 BHK
Chennai,Sholinganallur,2,1100,6050000,5500.0,2 BHK
Chennai,Thatchoor,2,1025,4500000,4390.243902439024,2 BHK
Chennai,Thiruverkadu,1,570,2600000,4561.403508771929,1 BHK
Chennai,Perungudi,3,2000,13200000,6600.0,3 BHK
Chennai,Sholinganallur,3,1546,7500000,4851.228978007762,3 BHK
Chennai,Karapakkam,3,1599,10000000,6253.908692933083,3 BHK
Chennai,Karapakkam,3,1296,8000000,6172.83950617284,3 BHK
Chennai,Nanmangalam,2,810,3645000,4500.0,2 BHK
Chennai,Manikandan Nagar,2,952,5221000,5484.243697478992,2 BHK
Chennai,Sholinganallur,2,1060,6300000,5943.396226415094,2 BHK
Chennai,Kilkattalai,2,930,5100000,5483.870967741936,2 BHK
Chennai,Ullagaram,2,910,4994000,5487.912087912088,2 BHK
Chennai,Nandambakkam,3,1641,8675000,5286.4107251675805,3 BHK
Chennai,Ambattur,3,1100,4510000,4100.0,3 BHK
Chennai,Thirumullaivoyal,2,726,2976000,4099.173553719008,2 BHK
Chennai,Cholambedu,2,756,3099000,4099.206349206349,2 BHK
Chennai,Cholambedu,2,803,3051000,3799.5018679950185,2 BHK
Chennai,Cholambedu,2,743,2823000,3799.461641991925,2 BHK
Chennai,Ambattur,2,600,2850000,4750.0,2 BHK
Chennai,Cholambedu,2,726,2975000,4097.796143250689,2 BHK
Chennai,Thiruverkadu,3,1337,6343000,4744.203440538519,3 BHK
Chennai,Thiruverkadu,2,1160,5519000,4757.758620689655,2 BHK
Chennai,Thiruverkadu,1,571,2777000,4863.3975481611205,1 BHK
Chennai,Thiruverkadu,1,555,2703000,4870.27027027027,1 BHK
Chennai,Thiruverkadu,2,1184,5630000,4755.0675675675675,2 BHK
Chennai,Thiruverkadu,1,563,2740000,4866.785079928952,1 BHK
Chennai,Thiruverkadu,2,1165,5542000,4757.081545064378,2 BHK
Chennai,Thiruverkadu,2,1004,4793000,4773.904382470119,2 BHK
Chennai,Thiruverkadu,1,568,2763000,4864.43661971831,1 BHK
Chennai,Thiruverkadu,2,1211,5756000,4753.096614368291,2 BHK
Chennai,Thiruverkadu,1,560,2726000,4867.857142857143,1 BHK
Chennai,Velachery,2,1217,11000000,9038.619556285948,2 BHK
Chennai,Iyappanthangal,2,1990,13000000,6532.663316582914,2 BHK
Chennai,Vanagaram,2,1098,5500000,5009.1074681238615,2 BHK
Chennai,Perungudi,2,1558,11299999,7252.887676508344,2 BHK
Chennai,Padur,3,1441,7200000,4996.530187369882,3 BHK
Chennai,Padur,2,1147,5200000,4533.565823888404,2 BHK
Chennai,Rajakilpakkam,2,962,7200000,7484.407484407485,2 BHK
Chennai,Navallur,3,2150,17600000,8186.046511627907,3 BHK
Chennai,Navallur,3,1525,11500000,7540.983606557377,3 BHK
Chennai,Karapakkam,3,1348,8200000,6083.086053412463,3 BHK
Chennai,Karapakkam,3,1307,8000000,6120.88752869166,3 BHK
Chennai,Karapakkam,2,1027,7000000,6815.968841285297,2 BHK
Chennai,Navallur,3,1765,13600000,7705.382436260623,3 BHK
Chennai,Navallur,3,1524,10400000,6824.146981627297,3 BHK
Chennai,Navallur,3,1525,10500000,6885.245901639344,3 BHK
Chennai,Iyyappanthangal,1,610,3199000,5244.262295081967,1 BHK
Chennai,Mambakkam,2,1152,5700000,4947.916666666667,2 BHK
Chennai,Mambakkam,2,999,5000000,5005.005005005005,2 BHK
Chennai,Egatoor,2,1298,9000000,6933.744221879815,2 BHK
Chennai,Karapakkam,2,1024,6500000,6347.65625,2 BHK
Chennai,Thatchoor,2,690,2900000,4202.898550724638,2 BHK
Chennai,Porur,3,1364,9000000,6598.240469208211,3 BHK
Chennai,Semmancheri,4,2021,9400000,4651.162790697675,4 BHK
Chennai,Sholinganallur,3,1443,7000000,4851.004851004851,3 BHK
Chennai,Maduravoyal,2,1020,5400000,5294.117647058823,2 BHK
Chennai,Maduravoyal,2,1045,5400000,5167.464114832536,2 BHK
Chennai,Maduravoyal,2,1045,5400000,5167.464114832536,2 BHK
Chennai,Maduravoyal,2,1020,5698000,5586.274509803921,2 BHK
Chennai,Maduravoyal,2,1020,5700000,5588.235294117647,2 BHK
Chennai,Maduravoyal,2,1075,5800000,5395.3488372093025,2 BHK
Chennai,Maduravoyal,2,1020,5400000,5294.117647058823,2 BHK
Chennai,Maduravoyal,2,1045,5450000,5215.311004784689,2 BHK
Chennai,Iyappanthangal,4,2475,17000000,6868.686868686868,4 BHK
Chennai,Medavakkam,3,1735,7700000,4438.040345821326,3 BHK
Chennai,Pammal,2,711,3270000,4599.15611814346,2 BHK
Chennai,Pammal,2,600,2760000,4600.0,2 BHK
Chennai,Virugambakkam,3,1704,16399999,9624.412558685446,3 BHK
Chennai,Virugambakkam,3,1464,14000000,9562.841530054644,3 BHK
Chennai,Peerakankaranai,3,1546,8300000,5368.69340232859,3 BHK
Chennai,Peerakankaranai,2,1093,6100000,5580.969807868252,2 BHK
Chennai,Peerakankaranai,2,1066,6000000,5628.517823639775,2 BHK
Chennai,Peerakankaranai,2,984,5500000,5589.430894308943,2 BHK
Chennai,Peerakankaranai,2,947,5400000,5702.2175290390705,2 BHK
Chennai,Peerakankaranai,2,1228,6700000,5456.026058631922,2 BHK
Chennai,Moolakadai,3,1301,9000000,6917.7555726364335,3 BHK
Chennai,Kelambakkam,2,1367,6000000,4389.1733723482075,2 BHK
Chennai,Poonamallee,3,1740,10300000,5919.540229885058,3 BHK
Chennai,Poonamallee,3,1740,10300000,5919.540229885058,3 BHK
Chennai,Poonamallee,3,1500,8700000,5800.0,3 BHK
Chennai,Poonamallee,2,1335,7800000,5842.696629213483,2 BHK
Chennai,Iyappanthangal,3,1825,13500000,7397.260273972603,3 BHK
Chennai,Navallur,3,2150,17000000,7906.976744186047,3 BHK
Chennai,Navallur,2,1749,10500000,6003.430531732419,2 BHK
Chennai,Navallur,2,1749,11500000,6575.18582046884,2 BHK
Chennai,Navallur,3,2451,17000000,6935.944512443901,3 BHK
Chennai,Navallur,2,1295,7700000,5945.945945945946,2 BHK
Chennai,Navallur,3,1445,10000000,6920.415224913495,3 BHK
Chennai,Navallur,3,1435,11000000,7665.505226480836,3 BHK
Chennai,Navallur,3,3487,30000000,8603.383997705765,3 BHK
Chennai,Siruseri,3,2010,7500000,3731.3432835820895,3 BHK
Chennai,Sunnambu Kolathur S Kolathur,3,1460,8100000,5547.945205479452,3 BHK
Chennai,Sunnambu Kolathur S Kolathur,2,952,5300000,5567.226890756303,2 BHK
Chennai,Sunnambu Kolathur S Kolathur,2,910,4800000,5274.725274725275,2 BHK
Chennai,Sunnambu Kolathur S Kolathur,1,570,3300000,5789.473684210527,1 BHK
Chennai,Perungudi,3,1888,15000000,7944.9152542372885,3 BHK
Chennai,Perungudi,3,1665,13500000,8108.108108108108,3 BHK
Chennai,Perungudi,2,1434,11500000,8019.52580195258,2 BHK
Chennai,Perungudi,2,1434,11500000,8019.52580195258,2 BHK
Chennai,Thoraipakkam OMR,3,1850,13000000,7027.027027027027,3 BHK
Chennai,Thoraipakkam OMR,3,1671,10300000,6163.973668461998,3 BHK
Chennai,Thoraipakkam OMR,2,1286,7900000,6143.0793157076205,2 BHK
Chennai,Velappanchavadi,2,1112,6500000,5845.323741007194,2 BHK
Chennai,Velappanchavadi,3,1414,9200000,6506.364922206506,3 BHK
Chennai,Velappanchavadi,3,1414,9200000,6506.364922206506,3 BHK
Chennai,Thoraipakkam OMR,4,1827,11299999,6185.0021893815,4 BHK
Chennai,Nanmangalam,2,752,3386999,4503.988031914893,2 BHK
Chennai,Nanmangalam,2,760,3192000,4200.0,2 BHK
Chennai,Avadi,2,639,2725000,4264.475743348983,2 BHK
Chennai,Perumbakkam,2,949,4500000,4741.833508956796,2 BHK
Chennai,Perumbakkam,2,901,4000000,4439.511653718091,2 BHK
Chennai,Semmancheri,2,1120,6600000,5892.857142857143,2 BHK
Chennai,Semmancheri,2,1065,6300000,5915.492957746479,2 BHK
Chennai,Semmancheri,2,1070,6400000,5981.308411214954,2 BHK
Chennai,T Nagar,3,1100,9900000,9000.0,3 BHK
Chennai,Ekkatuthangal,2,980,7600000,7755.102040816327,2 BHK
Chennai,Sholinganallur,2,1110,6600000,5945.945945945946,2 BHK
Chennai,Sholinganallur,2,1110,6600000,5945.945945945946,2 BHK
Chennai,Sholinganallur,2,980,5900000,6020.408163265306,2 BHK
Chennai,Avadi,2,645,2725000,4224.806201550387,2 BHK
Chennai,Avadi,2,639,2725000,4264.475743348983,2 BHK
Chennai,Avadi,2,639,2725000,4264.475743348983,2 BHK
Chennai,Nungambakkam,5,7240,190000000,26243.093922651933,5+ BHK
Chennai,Nungambakkam,5,5777,150000000,25965.03375454388,5+ BHK
Chennai,Nungambakkam,4,3800,90000000,23684.21052631579,4 BHK
Chennai,Nungambakkam,4,3800,90000000,23684.21052631579,4 BHK
Chennai,Perambur,1,591,4300000,7275.80372250423,1 BHK
Chennai,Royapettah,5,6500,127000000,19538.46153846154,5+ BHK
Chennai,Royapettah,4,2958,57500000,19438.810006761327,4 BHK
Chennai,Royapettah,2,1200,23000000,19166.666666666668,2 BHK
Chennai,Royapettah,1,600,11500000,19166.666666666668,1 BHK
Chennai,Perumbakkam,2,901,4200000,4661.487236403996,2 BHK
Chennai,Urapakkam,2,909,3400000,3740.37403740374,2 BHK
Chennai,Urapakkam,2,865,3200000,3699.421965317919,2 BHK
Chennai,Urapakkam,2,789,2900000,3675.5386565272497,2 BHK
Chennai,Iyappanthangal,1,545,3400000,6238.532110091744,1 BHK
Chennai,Nandanam,2,1100,8500000,7727.272727272727,2 BHK
Chennai,T Nagar,3,1624,32000000,19704.433497536946,3 BHK
Chennai,Anna Nagar,3,1161,15600000,13436.692506459949,3 BHK
Chennai,Sholinganallur,3,1796,11200000,6236.080178173719,3 BHK
Chennai,Sholinganallur,3,1796,11200000,6236.080178173719,3 BHK
Chennai,Madipakkam,3,1480,7700000,5202.7027027027025,3 BHK
Chennai,Madipakkam,1,610,3100000,5081.9672131147545,1 BHK
Chennai,Madipakkam,1,610,3100000,5081.9672131147545,1 BHK
Chennai,Kovur,1,614,3069000,4998.371335504886,1 BHK
Chennai,Sholinganallur,2,1140,6750000,5921.0526315789475,2 BHK
Chennai,Sholinganallur,2,1070,6350000,5934.579439252337,2 BHK
Chennai,Sholinganallur,2,1065,6300000,5915.492957746479,2 BHK
Chennai,Sholinganallur,2,1120,6600000,5892.857142857143,2 BHK
Chennai,Guduvancheri,2,909,3409000,3750.27502750275,2 BHK
Chennai,Guduvancheri,2,861,3242000,3765.389082462253,2 BHK
Chennai,Sholinganallur,2,980,5900000,6020.408163265306,2 BHK
Chennai,Kilkattalai,1,595,3180000,5344.53781512605,1 BHK
Chennai,Manikandan Nagar,1,590,3127000,5300.0,1 BHK
Chennai,Sholinganallur,2,1090,6500000,5963.302752293578,2 BHK
Chennai,Sholinganallur,2,1090,6500000,5963.302752293578,2 BHK
Chennai,Kilkattalai,2,956,5150000,5387.029288702929,2 BHK
Chennai,Sunnambu Kolathur S Kolathur,1,574,3050000,5313.588850174216,1 BHK
Chennai,Ullagaram,3,1468,7650000,5211.171662125341,3 BHK
Chennai,Ullagaram,3,1468,7650000,5211.171662125341,3 BHK
Chennai,Sunnambu Kolathur S Kolathur,3,1464,7650000,5225.4098360655735,3 BHK
Chennai,Madipakkam,3,1462,7700000,5266.757865937073,3 BHK
Chennai,Kovilambakkam,3,1460,7733000,5296.575342465753,3 BHK
Chennai,Sunnambu Kolathur S Kolathur,2,1256,6550000,5214.968152866242,2 BHK
Chennai,Kilkattalai,2,1254,6600000,5263.1578947368425,2 BHK
Chennai,Kovilambakkam,2,1252,6600000,5271.5654952076675,2 BHK
Chennai,Sunnambu Kolathur S Kolathur,2,1220,6450000,5286.88524590164,2 BHK
Chennai,Ullagaram,1,570,3021000,5300.0,1 BHK
Chennai,Nanmangalam,2,730,3547000,4858.904109589041,2 BHK
Chennai,Nanmangalam,2,852,3578000,4199.530516431925,2 BHK
Chennai,Nanmangalam,2,815,3667000,4499.386503067484,2 BHK
Chennai,Navallur,4,2345,16500000,7036.2473347547975,4 BHK
Chennai,Perumbakkam,2,1550,7000000,4516.129032258064,2 BHK
Chennai,Sholinganallur,2,1691,11000000,6505.026611472502,2 BHK
Chennai,Iyappanthangal,1,1140,6800000,5964.912280701755,1 BHK
Chennai,Iyappanthangal,2,1700,10200000,6000.0,2 BHK
Chennai,Alandur,3,1750,15000000,8571.42857142857,3 BHK
Chennai,Iyappanthangal,3,1825,12200000,6684.931506849315,3 BHK
Chennai,Nanmangalam,3,1200,5760000,4800.0,3 BHK
Chennai,Nanmangalam,2,767,3681000,4799.217731421121,2 BHK
Chennai,Nanmangalam,2,954,4006000,4199.16142557652,2 BHK
Chennai,Nanmangalam,2,920,4416000,4800.0,2 BHK
Chennai,Nanmangalam,2,794,3811000,4799.748110831234,2 BHK
Chennai,Nanmangalam,2,805,3381000,4200.0,2 BHK
Chennai,Nanmangalam,2,787,3797999,4825.919949174079,2 BHK
Chennai,Nanmangalam,2,794,3572999,4499.998740554156,2 BHK
Chennai,Nanmangalam,3,1123,6176000,5499.554764024933,3 BHK
Chennai,Nanmangalam,2,853,4265000,5000.0,2 BHK
Chennai,Nanmangalam,2,767,3451000,4499.348109517601,2 BHK
Chennai,Nanmangalam,2,959,4603000,4799.791449426486,2 BHK
Chennai,Nanmangalam,2,925,4440000,4800.0,2 BHK
Chennai,Nanmangalam,2,952,4569000,4799.36974789916,2 BHK
Chennai,Nanmangalam,2,870,4176000,4800.0,2 BHK
Chennai,Nanmangalam,2,935,4207000,4499.465240641711,2 BHK
Chennai,Nanmangalam,2,916,4304000,4698.6899563318775,2 BHK
Chennai,Nanmangalam,2,672,3427000,5099.702380952381,2 BHK
Chennai,Nanmangalam,2,841,4289000,5099.881093935791,2 BHK
Chennai,Pallikaranai,3,2168,10800000,4981.549815498155,3 BHK
Chennai,Padur,3,2232,10000000,4480.286738351255,3 BHK
Chennai,Pallikaranai,2,2700,12500000,4629.62962962963,2 BHK
Chennai,Pallikaranai,2,1942,9000000,4634.3975283213185,2 BHK
Chennai,Adyar,4,2380,34000000,14285.714285714286,4 BHK
Chennai,Virugambakkam,3,1913,19000000,9932.043910088865,3 BHK
Chennai,Ayanambakkam,4,2089,13200000,6318.812829104835,4 BHK
Chennai,Navallur,3,1970,15700000,7969.543147208122,3 BHK
Chennai,Manikandan Nagar,2,802,5011000,6248.129675810474,2 BHK
Chennai,Manikandan Nagar,2,802,4449000,5547.381546134663,2 BHK
Chennai,Manikandan Nagar,2,880,5440000,6181.818181818182,2 BHK
Chennai,Manikandan Nagar,2,1045,5747000,5499.521531100479,2 BHK
Chennai,Manikandan Nagar,2,867,4674000,5391.003460207612,2 BHK
Chennai,Manikandan Nagar,2,867,4674000,5391.003460207612,2 BHK
Chennai,Kovilambakkam,2,994,4771000,4799.798792756539,2 BHK
Chennai,Manikandan Nagar,3,1126,6193000,5500.0,3 BHK
Chennai,Manikandan Nagar,3,1166,6413000,5500.0,3 BHK
Chennai,Kovilambakkam,2,750,4425000,5900.0,2 BHK
Chennai,Kovilambakkam,2,810,4731000,5840.740740740741,2 BHK
Chennai,Medavakkam,2,908,4540000,5000.0,2 BHK
Chennai,Medavakkam,2,908,4540000,5000.0,2 BHK
Chennai,Medavakkam,2,938,4408000,4699.360341151386,2 BHK
Chennai,Medavakkam,2,938,4408000,4699.360341151386,2 BHK
Chennai,Medavakkam,2,942,4333000,4599.787685774947,2 BHK
Chennai,Medavakkam,2,910,4186000,4600.0,2 BHK
Chennai,Medavakkam,2,884,4420000,5000.0,2 BHK
Chennai,Medavakkam,2,858,4032000,4699.300699300699,2 BHK
Chennai,Medavakkam,2,960,4512000,4700.0,2 BHK
Chennai,Medavakkam,2,850,4930000,5800.0,2 BHK
Chennai,Medavakkam,2,816,3835000,4699.754901960784,2 BHK
Chennai,Medavakkam,2,800,4640000,5800.0,2 BHK
Chennai,Medavakkam,2,928,4268000,4599.137931034483,2 BHK
Chennai,Medavakkam,2,928,4268000,4599.137931034483,2 BHK
Chennai,Kilkattalai,3,1256,7536000,6000.0,3 BHK
Chennai,Kilkattalai,2,882,5551000,6293.650793650793,2 BHK
Chennai,Kilkattalai,2,883,5115000,5792.751981879955,2 BHK
Chennai,Kilkattalai,2,1022,6132000,6000.0,2 BHK
Chennai,Kilkattalai,2,914,5027000,5500.0,2 BHK
Chennai,Kilkattalai,2,931,5255000,5644.468313641246,2 BHK
Chennai,Kilkattalai,2,947,5435000,5739.176346356917,2 BHK
Chennai,Kilkattalai,3,1163,5815000,5000.0,3 BHK
Chennai,Kilkattalai,3,1158,5790000,5000.0,3 BHK
Chennai,Medavakkam,2,1037,4873000,4699.132111861138,2 BHK
Chennai,Medavakkam,3,1163,6629000,5699.914015477214,3 BHK
Chennai,Karapakkam,1,1288,8000000,6211.180124223602,1 BHK
Chennai,Pozhichalur,2,873,4500000,5154.639175257732,2 BHK
Chennai,Perungudi,3,2456,27500000,11197.068403908796,3 BHK
Chennai,Perungudi,3,2456,27500000,11197.068403908796,3 BHK
Chennai,Sholinganallur,3,1705,8800000,5161.290322580645,3 BHK
Chennai,Iyappanthangal,3,1990,13000000,6532.663316582914,3 BHK
Chennai,Madipakkam,3,1400,9400000,6714.285714285715,3 BHK
Chennai,Iyappanthangal,3,1825,13500000,7397.260273972603,3 BHK
Chennai,Navallur,3,1504,8500000,5651.595744680851,3 BHK
Chennai,Velachery,4,2680,31500000,11753.731343283582,4 BHK
Chennai,Thoraipakkam OMR,3,1353,9500000,7021.433850702143,3 BHK
Chennai,Nanmangalam,2,919,5054000,5499.455930359086,2 BHK
Chennai,Nanmangalam,2,737,3495000,4742.198100407056,2 BHK
Chennai,Nanmangalam,2,797,4144000,5199.498117942284,2 BHK
Chennai,Nanmangalam,2,852,3834000,4500.0,2 BHK
Chennai,Nanmangalam,2,895,4296000,4800.0,2 BHK
Chennai,Vellakkal,2,945,4536000,4800.0,2 BHK
Chennai,Nanmangalam,2,920,4416000,4800.0,2 BHK
Chennai,Nanmangalam,2,832,3744000,4500.0,2 BHK
Chennai,Nanmangalam,2,872,3924000,4500.0,2 BHK
Chennai,Nanmangalam,2,713,3429999,4810.65778401122,2 BHK
Chennai,Nanmangalam,2,744,3943000,5299.731182795699,2 BHK
Chennai,Nanmangalam,2,915,4391000,4798.907103825137,2 BHK
Chennai,Nanmangalam,2,915,4391000,4798.907103825137,2 BHK
Chennai,T Nagar,2,1055,16500000,15639.810426540284,2 BHK
Chennai,Nanmangalam,2,672,3027000,4504.464285714285,2 BHK
Chennai,Manikandan Nagar,2,791,4950000,6257.9013906447535,2 BHK
Chennai,Kovilambakkam,2,766,4276000,5582.245430809399,2 BHK
Chennai,Manikandan Nagar,3,1058,5819000,5500.0,3 BHK
Chennai,Manikandan Nagar,2,1209,6648999,5499.585607940447,2 BHK
Chennai,Manikandan Nagar,2,689,3838000,5570.391872278665,2 BHK
Chennai,Nanmangalam,2,832,3494000,4199.5192307692305,2 BHK
Chennai,Nanmangalam,2,856,4108000,4799.065420560748,2 BHK
Chennai,Nanmangalam,2,875,3936999,4499.427428571428,2 BHK
Chennai,Nanmangalam,3,1177,5649000,4799.490229396772,3 BHK
Chennai,Nanmangalam,2,870,4088000,4698.850574712644,2 BHK
Chennai,Nanmangalam,2,811,3653000,4504.315659679408,2 BHK
Chennai,Nanmangalam,2,742,3784000,5099.7304582210245,2 BHK
Chennai,Nanmangalam,2,745,3464000,4649.664429530201,2 BHK
Chennai,Kilkattalai,2,821,4805000,5852.618757612668,2 BHK
Chennai,Kilkattalai,3,1166,6995999,5999.999142367067,3 BHK
Chennai,Kilkattalai,3,1166,6995999,5999.999142367067,3 BHK
Chennai,Kilkattalai,2,994,5964000,6000.0,2 BHK
Chennai,Kilkattalai,2,884,5462000,6178.733031674208,2 BHK
Chennai,Kilkattalai,2,920,5108000,5552.173913043478,2 BHK
Chennai,Kanathur Reddikuppam,3,1816,8000000,4405.286343612334,3 BHK
Chennai,Medavakkam,2,854,3971000,4649.8829039812645,2 BHK
Chennai,Medavakkam,3,1262,5868000,4649.762282091918,3 BHK
Chennai,Medavakkam,2,979,5580000,5699.693564862104,2 BHK
Chennai,Medavakkam,2,894,4206000,4704.697986577181,2 BHK
Chennai,Medavakkam,2,692,3814000,5511.560693641619,2 BHK
Chennai,Medavakkam,2,994,4473000,4500.0,2 BHK
Chennai,Medavakkam,2,994,4473000,4500.0,2 BHK
Chennai,Medavakkam,2,765,4295000,5614.3790849673205,2 BHK
Chennai,Medavakkam,2,865,4152000,4800.0,2 BHK
Chennai,Medavakkam,2,843,4046000,4799.5255041518385,2 BHK
Chennai,Medavakkam,2,932,4660000,5000.0,2 BHK
Chennai,Poonamallee,2,1354,7903000,5836.779911373707,2 BHK
Chennai,Maraimalai Nagar,2,670,2650000,3955.223880597015,2 BHK
Chennai,Nanmangalam,2,617,3390999,5495.946515397082,2 BHK
Chennai,Nanmangalam,2,700,3360000,4800.0,2 BHK
Chennai,Kolapakkam,2,634,2915000,4597.791798107255,2 BHK
Chennai,Porur,1,618,3089000,4998.3818770226535,1 BHK
Chennai,Porur,2,1165,5823000,4998.283261802575,2 BHK
Chennai,Porur,2,1066,5328000,4998.12382739212,2 BHK
Chennai,Porur,3,1369,6843000,4998.539079620161,3 BHK
Chennai,Kovur,2,913,4564000,4998.904709748083,2 BHK
Chennai,Porur,2,934,4669000,4998.9293361884365,2 BHK
Chennai,Iyyappanthangal,3,1415,6083000,4298.9399293286215,3 BHK
Chennai,Perumbakkam,2,1107,4758000,4298.1029810298105,2 BHK
Chennai,Perumbakkam,3,1546,6645999,4298.835058214748,3 BHK
Chennai,Perumbakkam,3,1355,5825000,4298.89298892989,3 BHK
Chennai,Navallur,3,1504,8400000,5585.106382978724,3 BHK
Chennai,Navallur,2,1058,6312000,5965.973534971645,2 BHK
Chennai,Singaperumal Koil,1,624,2246000,3599.358974358974,1 BHK
Chennai,Kattankulathur,2,845,3461000,4095.8579881656806,2 BHK
Chennai,Kolapakkam,2,1010,4505000,4460.39603960396,2 BHK
Chennai,Navallur,4,2021,11500000,5690.2523503216225,4 BHK
Chennai,Navallur,3,1650,9510000,5763.636363636364,3 BHK
Chennai,Navallur,2,1158,6611000,5708.981001727116,2 BHK
Chennai,Navallur,3,1699,10300000,6062.389640965273,3 BHK
Chennai,Singaperumal Koil,1,581,2091000,3598.9672977624787,1 BHK
Chennai,Annamalai Colony,2,1090,7630000,7000.0,2 BHK
Chennai,Annamalai Colony,2,1110,7770000,7000.0,2 BHK
Chennai,Kelambakkam,2,1367,6237000,4562.545720555962,2 BHK
Chennai,Kelambakkam,2,1337,6100000,4562.45325355273,2 BHK
Chennai,Poonamallee,2,1321,7709999,5836.486752460258,2 BHK
Chennai,Maraimalai Nagar,2,625,2000000,3200.0,2 BHK
Chennai,Alwarpet,3,2348,51600000,21976.149914821126,3 BHK
Chennai,Alwarpet,4,2800,61600000,22000.0,4 BHK
Chennai,Alwarpet,3,2476,54400000,21970.92084006462,3 BHK
Chennai,Alwarpet,4,2781,61100000,21970.51420352391,4 BHK
Chennai,Alwarpet,4,2713,59600000,21968.300774050866,4 BHK
Chennai,Alwarpet,3,2400,52800000,22000.0,3 BHK
Chennai,Kelambakkam,3,1241,5014000,4040.290088638195,3 BHK
Chennai,Kelambakkam,2,1002,4109000,4100.798403193613,2 BHK
Chennai,Kelambakkam,2,1000,4102000,4102.0,2 BHK
Chennai,Kelambakkam,3,1243,5021000,4039.4207562349156,3 BHK
Chennai,Kelambakkam,3,1176,4768000,4054.421768707483,3 BHK
Chennai,Kelambakkam,3,1184,4798000,4052.364864864865,3 BHK
Chennai,Kelambakkam,3,1181,4787000,4053.3446232006772,3 BHK
Chennai,Kelambakkam,3,1186,4806000,4052.2765598650926,3 BHK
Chennai,Kelambakkam,2,1048,4283000,4086.8320610687024,2 BHK
Chennai,Kelambakkam,2,1062,4336000,4082.8625235404897,2 BHK
Chennai,Ullagaram,2,962,4521000,4699.584199584199,2 BHK
Chennai,Karapakkam,3,1307,8227000,6294.567712318286,3 BHK
Chennai,Karapakkam,3,1314,8270999,6294.519786910198,3 BHK
Chennai,Karapakkam,2,1027,6567000,6394.352482960078,2 BHK
Chennai,Karapakkam,3,1358,8548000,6294.550810014727,3 BHK
Chennai,Karapakkam,2,1024,6548000,6394.53125,2 BHK
Chennai,Karapakkam,4,2686,16900000,6291.8838421444525,4 BHK
Chennai,Karapakkam,3,1561,9826000,6294.682895579756,3 BHK
Chennai,Karapakkam,3,1296,8158000,6294.753086419753,3 BHK
Chennai,Karapakkam,3,1566,9857000,6294.3805874840355,3 BHK
Chennai,Karapakkam,3,1829,11500000,6287.588846364133,3 BHK
Chennai,Karapakkam,3,1564,9845000,6294.757033248082,3 BHK
Chennai,Karapakkam,4,2640,16600000,6287.878787878788,4 BHK
Chennai,Ullagaram,2,868,3992000,4599.078341013825,2 BHK
Chennai,Thoraipakkam OMR,4,2275,23400000,10285.714285714286,4 BHK
Chennai,Thoraipakkam OMR,3,1701,17900000,10523.221634332745,3 BHK
Chennai,Thoraipakkam OMR,3,2022,20900000,10336.300692383778,3 BHK
Chennai,Thoraipakkam OMR,2,708,6200000,8757.062146892655,2 BHK
Chennai,Thoraipakkam OMR,3,1720,18100000,10523.255813953489,3 BHK
Chennai,Thoraipakkam OMR,2,734,6400000,8719.346049046322,2 BHK
Chennai,Thoraipakkam OMR,2,1576,16100000,10215.736040609137,2 BHK
Chennai,Thoraipakkam OMR,2,1636,16700000,10207.823960880196,2 BHK
Chennai,Thoraipakkam OMR,2,1296,13400000,10339.506172839507,2 BHK
Chennai,Royapettah,1,600,12600000,21000.0,1 BHK
Chennai,Guduvancheri,2,780,2496000,3200.0,2 BHK
Chennai,Guduvancheri,2,838,3300000,3937.947494033413,2 BHK
Chennai,Porur,2,870,4872000,5600.0,2 BHK
Chennai,Thiruvanmiyur,3,1986,22799999,11480.362034239677,3 BHK
Chennai,Thiruvanmiyur,3,1986,22799999,11480.362034239677,3 BHK
Chennai,Thiruvanmiyur,3,1975,22700000,11493.67088607595,3 BHK
Chennai,Thiruvanmiyur,3,1975,22700000,11493.67088607595,3 BHK
Chennai,Ullagaram,2,890,4004999,4499.998876404495,2 BHK
Chennai,Nanmangalam,2,809,4125000,5098.887515451174,2 BHK
Chennai,Nanmangalam,2,760,3420000,4500.0,2 BHK
Chennai,Nanmangalam,1,658,2763000,4199.088145896657,1 BHK
Chennai,Ullagaram,2,791,3322000,4199.747155499368,2 BHK
Chennai,Nanmangalam,3,1118,5366000,4799.64221824687,3 BHK
Chennai,Nanmangalam,3,1146,5615000,4899.650959860384,3 BHK
Chennai,Ullagaram,2,939,4036999,4299.25346112886,2 BHK
Chennai,Nanmangalam,2,725,3479999,4799.998620689656,2 BHK
Chennai,Nanmangalam,2,805,3381000,4200.0,2 BHK
Chennai,Nanmangalam,2,964,4338000,4500.0,2 BHK
Chennai,Nanmangalam,3,1224,5691000,4649.509803921569,3 BHK
Chennai,T Nagar,3,1647,27900000,16939.890710382515,3 BHK
Chennai,T Nagar,3,1624,27599999,16995.07327586207,3 BHK
Chennai,T Nagar,3,1624,27599999,16995.07327586207,3 BHK
Chennai,T Nagar,3,1641,27799999,16940.889092017063,3 BHK
Chennai,T Nagar,3,1641,27799999,16940.889092017063,3 BHK
Chennai,Navallur,3,1531,7300000,4768.125408229915,3 BHK
Chennai,Navallur,3,1455,7000000,4810.996563573884,3 BHK
Chennai,Navallur,3,1455,7000000,4810.996563573884,3 BHK
Chennai,Kattupakkam,2,938,4500000,4797.441364605544,2 BHK
Chennai,Pallikaranai,2,1255,6325000,5039.840637450199,2 BHK
Chennai,Perumbakkam,3,1443,6493000,4499.653499653499,3 BHK
Chennai,Perumbakkam,3,1443,6493000,4499.653499653499,3 BHK
Chennai,Mogappair,3,1380,7173999,5198.55,3 BHK
Chennai,Mogappair,3,1375,7148000,5198.545454545455,3 BHK
Chennai,Nungambakkam,3,1532,23700000,15469.973890339426,3 BHK
Chennai,Nungambakkam,2,1495,23100000,15451.505016722407,2 BHK
Chennai,Nungambakkam,2,1232,19000000,15422.077922077922,2 BHK
Chennai,Sholinganallur,3,1444,8303000,5750.0,3 BHK
Chennai,Pallikaranai,4,2712,13600000,5014.749262536873,4 BHK
Chennai,Pallikaranai,3,1944,9797000,5039.609053497942,3 BHK
Chennai,Thalambur,3,1482,5557000,3749.6626180836706,3 BHK
Chennai,Sholinganallur,3,2250,12900000,5733.333333333333,3 BHK
Chennai,Pallavaram,3,1618,11399999,7045.7348578491965,3 BHK
Chennai,Pallavaram,3,1365,9691000,7099.6336996336995,3 BHK
Chennai,Guduvancheri,3,1575,6536000,4149.841269841269,3 BHK
Chennai,Guduvancheri,3,1575,6536000,4149.841269841269,3 BHK
Chennai,Guduvancheri,3,1373,5697000,4149.308084486526,3 BHK
Chennai,Guduvancheri,2,1057,4386000,4149.479659413434,2 BHK
Chennai,Guduvancheri,2,938,3500000,3731.3432835820895,2 BHK
Chennai,Perungalathur,3,1350,6066000,4493.333333333333,3 BHK
Chennai,Perungalathur,3,1350,6066000,4493.333333333333,3 BHK
Chennai,Perungalathur,3,1320,5932000,4493.939393939394,3 BHK
Chennai,Perungalathur,3,1038,4664000,4493.25626204239,3 BHK
Chennai,Perungalathur,3,1038,4664000,4493.25626204239,3 BHK
Chennai,Perungalathur,2,924,4152000,4493.506493506494,2 BHK
Chennai,Perungalathur,2,909,4085000,4493.949394939494,2 BHK
Chennai,Maduravoyal,2,875,4500000,5142.857142857143,2 BHK
Chennai,Egmore,3,1523,24300000,15955.351280367695,3 BHK
Chennai,Egmore,3,1594,25500000,15997.490589711419,3 BHK
Chennai,Mogappair,2,1270,8877000,6989.763779527559,2 BHK
Chennai,Mogappair,2,1190,8318000,6989.915966386555,2 BHK
Chennai,Pallavaram,2,1122,7966000,7099.821746880571,2 BHK
Chennai,Pallavaram,3,1653,11700000,7078.039927404719,3 BHK
Chennai,Pallavaram,3,1540,10900000,7077.922077922078,3 BHK
Chennai,Pallavaram,3,1345,9549000,7099.628252788104,3 BHK
Chennai,Pallavaram,3,1345,9549000,7099.628252788104,3 BHK
Chennai,Madipakkam,3,1282,7941000,6194.227769110765,3 BHK
Chennai,Madipakkam,3,1506,9329000,6194.555112881806,3 BHK
Chennai,Madipakkam,3,1506,9329000,6194.555112881806,3 BHK
Chennai,Perumbakkam,4,1546,6956999,4499.99935316947,4 BHK
Chennai,Kolathur,3,1859,9759000,5249.596557288865,3 BHK
Chennai,Kolathur,2,1355,7113000,5249.446494464944,2 BHK
Chennai,Guduvancheri,2,1024,3584000,3500.0,2 BHK
Chennai,Guduvancheri,2,980,3429999,3499.998979591837,2 BHK
Chennai,Chromepet,3,1242,7450000,5998.389694041868,3 BHK
Chennai,Chromepet,3,1218,7306000,5998.357963875205,3 BHK
Chennai,Mugalivakkam,2,1025,5328000,5198.048780487805,2 BHK
Chennai,Kattupakkam,1,530,2385000,4500.0,1 BHK
Chennai,Kattupakkam,2,930,4185000,4500.0,2 BHK
Chennai,Perungudi,4,2000,9500000,4750.0,4 BHK
Chennai,Sembakkam,2,925,5000000,5405.405405405405,2 BHK
Chennai,Sembakkam,2,845,4647000,5499.408284023669,2 BHK
Chennai,tambaram west,3,1390,7645000,5500.0,3 BHK
Chennai,tambaram west,2,882,4851000,5500.0,2 BHK
Chennai,tambaram west,2,745,4000000,5369.127516778523,2 BHK
Chennai,tambaram west,2,806,4433000,5500.0,2 BHK
Chennai,Madambakkam,3,1140,5814000,5100.0,3 BHK
Chennai,Madambakkam,2,821,3776000,4599.269183922046,2 BHK
Chennai,Madambakkam,2,750,3450000,4600.0,2 BHK
Chennai,Selaiyur,2,948,4597000,4849.15611814346,2 BHK
Chennai,Selaiyur,2,810,3900000,4814.814814814815,2 BHK
Chennai,Selaiyur,2,740,3589000,4850.0,2 BHK
Chennai,Chromepet,3,1050,6300000,6000.0,3 BHK
Chennai,Chromepet,3,1210,7000000,5785.123966942148,3 BHK
Chennai,Chitlapakkam,3,1038,6228000,6000.0,3 BHK
Chennai,Chitlapakkam,2,822,4932000,6000.0,2 BHK
Chennai,Selaiyur,2,931,3490999,3749.7303974221268,2 BHK
Chennai,Selaiyur,2,876,3285000,3750.0,2 BHK
Chennai,Pallikaranai,3,1390,6392000,4598.561151079137,3 BHK
Chennai,Pallikaranai,2,1015,4667000,4598.029556650246,2 BHK
Chennai,Pallikaranai,2,755,3697999,4898.0119205298015,2 BHK
Chennai,Kolapakkam,3,1371,6305000,4598.832968636032,3 BHK
Chennai,Kolapakkam,3,1260,5290000,4198.412698412699,3 BHK
Chennai,Chromepet,3,1320,7854000,5950.0,3 BHK
Chennai,Chromepet,2,900,5220000,5800.0,2 BHK
Chennai,Chromepet,2,900,5400000,6000.0,2 BHK
Chennai,Chromepet,2,855,5130000,6000.0,2 BHK
Chennai,Chromepet,2,802,4812000,6000.0,2 BHK
Chennai,Iyyappanthangal,2,885,3804000,4298.3050847457625,2 BHK
Chennai,Manapakkam,2,840,4115000,4898.809523809524,2 BHK
Chennai,Adambakkam,3,1355,10700000,7896.678966789668,3 BHK
Chennai,Adambakkam,3,1355,10700000,7896.678966789668,3 BHK
Chennai,Nanganallur,3,1400,12000000,8571.42857142857,3 BHK
Chennai,Manapakkam,1,574,3041000,5297.909407665506,1 BHK
Chennai,Manapakkam,2,849,4498000,5297.997644287397,2 BHK
Chennai,Manapakkam,2,917,4859000,5298.800436205016,2 BHK
Chennai,Madipakkam,3,1219,8045000,6599.6718621821165,3 BHK
Chennai,Madipakkam,3,1214,8012000,6599.670510708402,3 BHK
Chennai,Madipakkam,2,940,6204000,6600.0,2 BHK
Chennai,Mogappair,3,1380,7173999,5198.55,3 BHK
Chennai,Mevalurkuppam,3,1424,5846000,4105.337078651685,3 BHK
Chennai,Navallur,3,1450,9425000,6500.0,3 BHK
Chennai,Mogappair,2,925,5550000,6000.0,2 BHK
Chennai,Mevalurkuppam,2,1194,4900000,4103.852596314908,2 BHK
Chennai,Navallur,3,2150,17500000,8139.53488372093,3 BHK
Chennai,Mogappair,2,940,4887000,5198.936170212766,2 BHK
Chennai,Navallur,3,1960,14200000,7244.897959183673,3 BHK
Chennai,Mogappair,3,1375,8250000,6000.0,3 BHK
Chennai,Navallur,3,1980,16500000,8333.333333333334,3 BHK
Chennai,Iyyappanthangal,2,1200,11200000,9333.333333333334,2 BHK
Chennai,Mogappair,2,1080,6480000,6000.0,2 BHK
Chennai,Mogappair,2,1065,6390000,6000.0,2 BHK
Chennai,Chembarambakkam,2,1194,4900000,4103.852596314908,2 BHK
Chennai,Teynampet,4,2923,75000000,25658.56996236743,4 BHK
Chennai,Thalambur,2,990,4217000,4259.595959595959,2 BHK
Chennai,Iyappanthangal,2,1340,9500000,7089.55223880597,2 BHK
Chennai,Guduvancheri,2,1033,3615000,3499.5159728944823,2 BHK
Chennai,Perungudi,1,670,4900000,7313.432835820896,1 BHK
Chennai,Padur,3,2080,9000000,4326.923076923077,3 BHK
Chennai,Thiruvanmiyur,3,1818,24500000,13476.347634763477,3 BHK
Chennai,Thiruvanmiyur,3,1667,22500000,13497.300539892021,3 BHK
Chennai,Navallur,4,2451,21000000,8567.931456548347,4 BHK
Chennai,Egmore,3,1651,26500000,16050.878255602665,3 BHK
Chennai,Navallur,4,6000,40000000,6666.666666666667,4 BHK
Chennai,Sholinganallur,3,1915,9400000,4908.616187989556,3 BHK
Chennai,Mannivakkam,3,1100,3135000,2850.0,3 BHK
Chennai,Egmore,3,1631,26000000,15941.140404659718,3 BHK
Chennai,Thaiyur,2,1140,4700000,4122.80701754386,2 BHK
Chennai,Siruseri,2,1135,5221000,4600.0,2 BHK
Chennai,Perumbakkam,1,910,3822000,4200.0,1 BHK
Chennai,Mevalurkuppam,3,1150,4400000,3826.086956521739,3 BHK
Chennai,Mevalurkuppam,2,860,3200000,3720.9302325581393,2 BHK
Chennai,Egmore,3,1636,26500000,16198.044009779951,3 BHK
Chennai,Thoraipakkam OMR,3,2107,11700000,5552.918841955387,3 BHK
Chennai,Mogappair,2,1080,6480000,6000.0,2 BHK
Chennai,Mevalurkuppam,3,1150,3795000,3300.0,3 BHK
Chennai,Mevalurkuppam,2,1220,5000000,4098.360655737705,2 BHK
Chennai,Navallur,3,1695,11000000,6489.675516224189,3 BHK
Chennai,Navallur,3,2150,13899999,6465.115813953488,3 BHK
Chennai,Mogappair,4,2580,15700000,6085.271317829457,4 BHK
Chennai,Mevalurkuppam,3,1405,4636000,3299.644128113879,3 BHK
Chennai,Mogappair,2,1085,6509999,5999.999078341014,2 BHK
Chennai,Mogappair,3,1380,8280000,6000.0,3 BHK
Chennai,Pallikaranai,2,1244,7500000,6028.938906752412,2 BHK
Chennai,Injambakkam,2,1290,11399999,8837.208527131783,2 BHK
Chennai,Perumbakkam,4,1546,7751000,5013.583441138422,4 BHK
Chennai,Mogappair,3,1970,11900000,6040.609137055838,3 BHK
Chennai,Aminjikarai,4,2052,25600000,12475.633528265107,4 BHK
Chennai,Aminjikarai,2,1581,19700000,12460.468058191018,2 BHK
Chennai,Thalambur,3,1145,3950000,3449.7816593886464,3 BHK
Chennai,Iyyappanthangal,2,841,3784000,4499.4054696789535,2 BHK
Chennai,Iyyappanthangal,2,810,3645000,4500.0,2 BHK
Chennai,Iyyappanthangal,2,738,3321000,4500.0,2 BHK
Chennai,Nanganallur,2,1230,10300000,8373.983739837398,2 BHK
Chennai,Pallikaranai,2,1243,8108000,6522.928399034594,2 BHK
Chennai,Pallikaranai,4,2712,17600000,6489.675516224189,4 BHK
Chennai,Pallikaranai,3,1944,12600000,6481.481481481482,3 BHK
Chennai,Pallikaranai,3,1922,12000000,6243.496357960458,3 BHK
Chennai,Pallikaranai,4,2691,16500000,6131.5496098104795,4 BHK
Chennai,Pallikaranai,2,1255,8200000,6533.86454183267,2 BHK
Chennai,Selaiyur,3,1020,5100000,5000.0,3 BHK
Chennai,Selaiyur,2,820,4104999,5006.096341463414,2 BHK
Chennai,Sholinganallur,3,1444,8303000,5750.0,3 BHK
Chennai,Kolapakkam,3,1255,5647000,4499.601593625498,3 BHK
Chennai,Ambattur,3,1235,6934999,5615.383805668016,3 BHK
Chennai,Ambattur,2,1235,6934999,5615.383805668016,2 BHK
Chennai,Kolapakkam,2,862,3879999,4501.158932714618,2 BHK
Chennai,Thiruvanmiyur,3,1975,28700000,14531.645569620254,3 BHK
Chennai,Thiruvanmiyur,3,2015,29400000,14590.570719602978,3 BHK
Chennai,Kovilambakkam,2,1230,7748999,6299.9991869918695,2 BHK
Chennai,Kovilambakkam,2,1254,7900000,6299.8405103668265,2 BHK
Chennai,Kovilambakkam,2,1228,7736000,6299.674267100977,2 BHK
Chennai,Kovilambakkam,3,1552,9777000,6299.613402061856,3 BHK
Chennai,Kovilambakkam,2,1222,7698000,6299.509001636661,2 BHK
Chennai,Kovilambakkam,2,1189,7490000,6299.411269974768,2 BHK
Chennai,Kovilambakkam,3,1562,9840000,6299.615877080666,3 BHK
Chennai,Kovilambakkam,3,1501,9456000,6299.800133244504,3 BHK
Chennai,Kattankulathur,3,1220,5063000,4150.0,3 BHK
Chennai,Kattankulathur,2,835,3422000,4098.203592814371,2 BHK
Chennai,Kattankulathur,1,845,3461000,4095.8579881656806,1 BHK
Chennai,Manapakkam,3,1092,6434000,5891.941391941392,3 BHK
Chennai,Iyyappanthangal,2,775,4275000,5516.129032258064,2 BHK
Chennai,Manapakkam,3,1092,6334000,5800.3663003663005,3 BHK
Chennai,Sholinganallur,4,4736,27200000,5743.243243243243,4 BHK
Chennai,Sholinganallur,4,4452,25500000,5727.762803234501,4 BHK
Chennai,Sholinganallur,4,4451,25500000,5729.049651763648,4 BHK
Chennai,Sholinganallur,4,4690,26900000,5735.607675906183,4 BHK
Chennai,Sholinganallur,3,1605,9228000,5749.532710280374,3 BHK
Chennai,Sholinganallur,3,1606,9234000,5749.688667496886,3 BHK
Chennai,Sholinganallur,3,1453,8354000,5749.483826565726,3 BHK
Chennai,Sholinganallur,3,1658,9533000,5749.698431845597,3 BHK
Chennai,Sholinganallur,3,1660,9545000,5750.0,3 BHK
Chennai,Sholinganallur,3,1551,7598999,4899.419084461638,3 BHK
Chennai,Sholinganallur,4,4297,24700000,5748.196416104259,4 BHK
Chennai,Sholinganallur,3,1594,7809999,4899.622961104141,3 BHK
Chennai,Mogappair,2,1190,7900000,6638.655462184874,2 BHK
Chennai,Mogappair,2,1270,8430000,6637.795275590551,2 BHK
Chennai,Sholinganallur,4,4682,26900000,5745.407945322511,4 BHK
Chennai,Sholinganallur,4,4105,23600000,5749.086479902558,4 BHK
Chennai,Mogappair,3,1970,13000000,6598.984771573604,3 BHK
Chennai,Mogappair,4,2580,17100000,6627.906976744186,4 BHK
Chennai,Mogappair,3,1880,12400000,6595.744680851064,3 BHK
Chennai,Mogappair,3,1390,9226000,6637.410071942446,3 BHK
Chennai,Mogappair,3,1850,12200000,6594.594594594595,3 BHK
Chennai,Sembakkam,2,950,5339000,5620.0,2 BHK
Chennai,Rajakilpakkam,2,888,4880000,5495.495495495496,2 BHK
Chennai,Rajakilpakkam,2,755,3472999,4599.9986754966885,2 BHK
Chennai,Kovilambakkam,2,745,3650000,4899.3288590604025,2 BHK
Chennai,Vellakkal,2,920,4400000,4782.608695652174,2 BHK
Chennai,Nanmangalam,2,809,3882000,4798.516687268232,2 BHK
Chennai,Manikandan Nagar,2,809,3883000,4799.752781211372,2 BHK
Chennai,Manikandan Nagar,2,970,4656000,4800.0,2 BHK
Chennai,Medavakkam,2,755,4237000,5611.920529801325,2 BHK
Chennai,Medavakkam,2,850,4079999,4799.998823529411,2 BHK
Chennai,Medavakkam,2,926,4444000,4799.136069114471,2 BHK
Chennai,Medavakkam,2,1032,4953000,4799.418604651163,2 BHK
Chennai,Vellakkal,2,745,3650000,4899.3288590604025,2 BHK
Chennai,Vellakkal,3,1032,4953000,4799.418604651163,3 BHK
Chennai,Kovilambakkam,2,920,4416000,4800.0,2 BHK
Chennai,Manikandan Nagar,3,1032,4953000,4799.418604651163,3 BHK
Chennai,Vellakkal,2,970,4656000,4800.0,2 BHK
Chennai,Thiruvanmiyur,3,2004,29100000,14520.958083832335,3 BHK
Chennai,Thiruvanmiyur,3,1986,28900000,14551.863041289023,3 BHK
Chennai,Kovilambakkam,2,1200,7559999,6299.9991666666665,2 BHK
Chennai,Kovilambakkam,3,1500,9450000,6300.0,3 BHK
Chennai,Chromepet,3,1099,5330000,4849.863512283894,3 BHK
Chennai,Pallavaram,2,1200,6959999,5799.9991666666665,2 BHK
Chennai,Rajakilpakkam,3,1125,6998999,6221.332444444444,3 BHK
Chennai,Sembakkam,2,850,4802000,5649.411764705882,2 BHK
Chennai,Sembakkam,2,845,4768000,5642.603550295858,2 BHK
Chennai,Guduvancheri,2,893,3039000,3403.1354983202687,2 BHK
Chennai,Selaiyur,2,870,3261999,3749.4241379310347,2 BHK
Chennai,Selaiyur,2,850,4250000,5000.0,2 BHK
Chennai,Madambakkam,1,580,2900000,5000.0,1 BHK
Chennai,Medavakkam,3,1300,8100000,6230.7692307692305,3 BHK
Chennai,Medavakkam,3,1150,7245000,6300.0,3 BHK
Chennai,Medavakkam,2,1022,4999000,4891.389432485323,2 BHK
Chennai,Nanmangalam,2,921,4372000,4747.014115092291,2 BHK
Chennai,Medavakkam,2,750,3635000,4846.666666666667,2 BHK
Chennai,Nanmangalam,2,1032,4747000,4599.806201550387,2 BHK
Chennai,Nungambakkam,2,2060,43200000,20970.873786407767,2 BHK
Chennai,Nungambakkam,3,2081,43700000,20999.519461797212,3 BHK
Chennai,Nungambakkam,3,2056,43099999,20963.03453307393,3 BHK
Chennai,T Nagar,3,1350,17500000,12962.962962962964,3 BHK
Chennai,CIT Nagar,3,1575,20000000,12698.412698412698,3 BHK
Chennai,Thoraipakkam,3,1475,12500000,8474.57627118644,3 BHK
Chennai,Perumbakkam,2,855,3500000,4093.5672514619882,2 BHK
Chennai,Ambattur,2,939,5808000,6185.303514376997,2 BHK
Chennai,T Nagar,2,1320,12500000,9469.69696969697,2 BHK
Chennai,Vadapalani,3,1300,9500000,7307.692307692308,3 BHK
Chennai,Ambattur,2,927,5737000,6188.7810140237325,2 BHK
Chennai,Valasaravakkam,3,1569,11700000,7456.97896749522,3 BHK
Chennai,Ambattur,2,872,4635000,5315.366972477064,2 BHK
Chennai,Porur,2,1135,6900000,6079.295154185022,2 BHK
Chennai,Anna Nagar,3,1283,20500000,15978.17614964926,3 BHK
Chennai,Porur,1,625,3600000,5760.0,1 BHK
Chennai,Pammal,2,1084,4700000,4335.7933579335795,2 BHK
Chennai,Kovur,3,1356,6700000,4941.002949852507,3 BHK
Chennai,Koyambedu,3,1470,15000000,10204.081632653062,3 BHK
Chennai,Iyyappanthangal,3,1525,9395000,6160.6557377049185,3 BHK
Chennai,Iyyappanthangal,2,950,5991000,6306.315789473684,2 BHK
Chennai,Pammal,2,1036,4800000,4633.204633204633,2 BHK
Chennai,Nungambakkam,3,1569,23500000,14977.692797960484,3 BHK
Chennai,Kil Ayanambakkam,2,1131,5945000,5256.410256410257,2 BHK
Chennai,Manapakkam,3,1124,10300000,9163.701067615659,3 BHK
Chennai,Adyar,3,1451,22400000,15437.62922122674,3 BHK
Chennai,Ambattur,2,721,3881000,5382.801664355063,2 BHK
Chennai,Kolapakkam,2,745,3352000,4499.3288590604025,2 BHK
Chennai,Kilpauk,4,2640,38200000,14469.69696969697,4 BHK
Chennai,Anna Nagar,2,1748,22300000,12757.437070938215,2 BHK
Chennai,Teynampet,4,2527,48000000,18994.855559952513,4 BHK
Chennai,Perumbakkam,2,770,4000000,5194.805194805195,2 BHK
Chennai,Iyyappanthangal,2,950,5991000,6306.315789473684,2 BHK
Chennai,Iyappanthangal,2,1150,7000000,6086.95652173913,2 BHK
Chennai,Thoraipakkam OMR,3,1302,10300000,7910.906298003072,3 BHK
Chennai,Ambattur,2,886,4705000,5310.38374717833,2 BHK
Chennai,Kovur,3,1340,7777000,5803.731343283582,3 BHK
Chennai,Navallur,2,762,3996000,5244.094488188976,2 BHK
Chennai,Mogappair,2,1021,6850000,6709.108716944173,2 BHK
Chennai,Choolaimedu,2,1017,8644000,8499.508357915438,2 BHK
Chennai,Choolaimedu,2,849,7216000,8499.411071849234,2 BHK
Chennai,Choolaimedu,2,642,5457000,8500.0,2 BHK
Chennai,Choolaimedu,2,642,5456000,8498.442367601247,2 BHK
Chennai,Selaiyur,2,828,3499000,4225.84541062802,2 BHK
Chennai,Selaiyur,2,998,4491000,4500.0,2 BHK
Chennai,Selaiyur,2,998,4490000,4498.997995991984,2 BHK
Chennai,Pallikaranai,3,1200,6600000,5500.0,3 BHK
Chennai,Madambakkam,2,912,3399000,3726.9736842105262,2 BHK
Chennai,Madambakkam,2,912,3400000,3728.0701754385964,2 BHK
Chennai,Adyar,2,1000,7000000,7000.0,2 BHK
Chennai,Velachery,3,1445,12000000,8304.498269896194,3 BHK
Chennai,Adyar,2,1090,12000000,11009.174311926605,2 BHK
Chennai,Perumbakkam,2,855,3400000,3976.6081871345027,2 BHK
Chennai,Saidapet,3,1808,19800000,10951.32743362832,3 BHK
Chennai,Saidapet,2,1334,14600000,10944.527736131933,2 BHK
Chennai,Ambattur,2,886,4705000,5310.38374717833,2 BHK
Chennai,Thoraipakkam OMR,4,1491,24700000,16566.063044936283,4 BHK
Chennai,Kundrathur,2,880,3344000,3800.0,2 BHK
Chennai,Mogappair,2,920,4900000,5326.086956521739,2 BHK
Chennai,Thoraipakkam,2,834,14400000,17266.187050359713,2 BHK
Chennai,Anna Nagar,3,1610,25400000,15776.39751552795,3 BHK
Chennai,Thaiyur,3,1262,5409000,4286.053882725832,3 BHK
Chennai,Poonamallee,3,1480,6500000,4391.891891891892,3 BHK
Chennai,Thaiyur,2,1000,3600000,3600.0,2 BHK
Chennai,Vengaivasal,2,912,3399000,3726.9736842105262,2 BHK
Chennai,Vengaivasal,1,912,3399000,3726.9736842105262,1 BHK
Chennai,Pallikaranai,3,1150,6324000,5499.130434782609,3 BHK
Chennai,Pallikaranai,3,1150,6325000,5500.0,3 BHK
Chennai,Pallikaranai,3,1200,6598999,5499.1658333333335,3 BHK
Chennai,K K Nagar,3,1255,18800000,14980.079681274901,3 BHK
Chennai,Pazavanthangal,2,1157,6900000,5963.699222126188,2 BHK
Chennai,Pazavanthangal,2,1157,6900000,5963.699222126188,2 BHK
Chennai,Saidapet,4,2684,29500000,10991.058122205663,4 BHK
Chennai,Mogappair,2,1017,6813000,6699.115044247787,2 BHK
Chennai,Kundrathur,1,646,2456000,3801.857585139319,1 BHK
Chennai,Kovur,2,913,5475000,5996.714129244249,2 BHK
Chennai,Thoraipakkam OMR,3,1129,19000000,16829.052258635962,3 BHK
Chennai,Anna Nagar,3,1750,31200000,17828.571428571428,3 BHK
Chennai,Alandur,2,858,13300000,15501.165501165502,2 BHK
Chennai,Nanmangalam,2,787,3148000,4000.0,2 BHK
Chennai,Kilpauk,2,1125,11000000,9777.777777777777,2 BHK
Chennai,Medavakkam,1,666,2797000,4199.6996996996995,1 BHK
Chennai,Medavakkam,1,668,2806000,4200.5988023952095,1 BHK
Chennai,Medavakkam,1,664,2789000,4200.301204819277,1 BHK
Chennai,Medavakkam,1,657,2759000,4199.3911719939115,1 BHK
Chennai,Ambattur,2,886,3986999,4499.998871331828,2 BHK
Chennai,Ambattur,2,872,3924000,4500.0,2 BHK
Chennai,Aminjikarai,3,1503,22100000,14703.925482368597,3 BHK
Chennai,Anna Nagar,3,1540,26600000,17272.727272727272,3 BHK
Chennai,Kotturpuram,3,1200,11000000,9166.666666666666,3 BHK
Chennai,Anna Nagar,3,1375,24800000,18036.363636363636,3 BHK
Chennai,Anna Nagar,3,1525,27200000,17836.06557377049,3 BHK
Chennai,Medavakkam,1,653,2743000,4200.612557427259,1 BHK
Chennai,Medavakkam,1,656,2755000,4199.695121951219,1 BHK
Chennai,Anna Nagar,3,1875,33900000,18080.0,3 BHK
Chennai,Anna Nagar,3,1560,28000000,17948.71794871795,3 BHK
Chennai,Anna Nagar,3,1500,26400000,17600.0,3 BHK
Chennai,Anna Nagar,3,1565,27400000,17507.987220447285,3 BHK
Chennai,Anna Nagar,3,1520,27100000,17828.947368421053,3 BHK
Chennai,Ambattur,2,872,3800000,4357.798165137615,2 BHK
Chennai,Perumbakkam,2,790,20000000,25316.45569620253,2 BHK
Chennai,Virugambakkam,3,1913,4500000,2352.3261892315736,3 BHK
Chennai,NehruNagar,2,877,10000000,11402.508551881414,2 BHK
Chennai,Koyambedu,2,951,3300000,3470.031545741325,2 BHK
Chennai,Perumbakkam,2,855,3500000,4093.5672514619882,2 BHK
Chennai,Perumbakkam,2,855,12000000,14035.087719298246,2 BHK
Chennai,Koyambedu,3,1178,3600000,3056.0271646859082,3 BHK
Chennai,Perumbakkam,2,855,3400000,3976.6081871345027,2 BHK
Chennai,Perumbakkam,2,855,5808000,6792.982456140351,2 BHK
Chennai,Ambattur,2,939,6500000,6922.2577209797655,2 BHK
Chennai,Kovur,3,1453,7983000,5494.150034411562,3 BHK
Chennai,Nandambakkam,2,1034,17000000,16441.005802707932,2 BHK
Chennai,Koyambedu,3,1525,10400000,6819.672131147541,3 BHK
Chennai,Koyambedu,2,985,10600000,10761.421319796955,2 BHK
Chennai,Koyambedu,2,1002,4300000,4291.417165668663,2 BHK
Chennai,Kolathur,2,836,4300000,5143.540669856459,2 BHK
Chennai,Kolathur,2,836,4600000,5502.392344497608,2 BHK
Chennai,Kovur,2,934,4600000,4925.0535331905785,2 BHK
Chennai,Kovur,2,934,3881000,4155.246252676659,2 BHK
Chennai,Ambattur,2,721,3881000,5382.801664355063,2 BHK
Chennai,Ambattur,2,721,6400000,8876.560332871013,2 BHK
Chennai,Kovur,3,1350,5500000,4074.074074074074,3 BHK
Chennai,Kovur,2,1175,4500000,3829.7872340425533,2 BHK
Chennai,Kovur,2,934,11500000,12312.633832976446,2 BHK
Chennai,Mugalivakkam,4,2096,3211999,1532.4422709923665,4 BHK
Chennai,Mugalivakkam,1,584,22599999,38698.62842465754,1 BHK
Chennai,Kanathur Reddikuppam,4,5093,9200000,1806.4009424700569,4 BHK
Chennai,Poonamallee,3,2067,7900000,3821.96419932269,3 BHK
Chennai,Poonamallee,3,1600,6300000,3937.5,3 BHK
Chennai,Poonamallee,3,1450,6300000,4344.827586206897,3 BHK
Chennai,Poonamallee,3,1300,9400000,7230.7692307692305,3 BHK
Chennai,Sholinganallur,3,1561,8200000,5253.042921204356,3 BHK
Chennai,Sholinganallur,3,1307,6150000,4705.432287681714,3 BHK
Chennai,Sholinganallur,2,1024,6200000,6054.6875,2 BHK
Chennai,Sholinganallur,2,1027,6200000,6037.000973709834,2 BHK
Chennai,Sholinganallur,2,1025,2800000,2731.7073170731705,2 BHK
Chennai,Adambakkam,1,560,11700000,20892.85714285714,1 BHK
Chennai,Valasaravakkam,3,1569,8015000,5108.349267049076,3 BHK
Chennai,Valasaravakkam,2,1145,8155000,7122.270742358079,2 BHK
Chennai,Valasaravakkam,2,1165,7983000,6852.360515021459,2 BHK
Chennai,Nandambakkam,2,1034,5500000,5319.148936170212,2 BHK
Chennai,Pammal,2,1070,5500000,5140.186915887851,2 BHK
Chennai,Pammal,3,1070,13000000,12149.532710280373,3 BHK
Chennai,Ekkatuthangal,3,1560,3400000,2179.4871794871797,3 BHK
Chennai,Perumbakkam,2,855,9400000,10994.152046783625,2 BHK
Chennai,Thirumudivakkam,3,2018,14000000,6937.561942517344,3 BHK
Chennai,Kottivakkam,3,1400,26800000,19142.85714285714,3 BHK
Chennai,Kilpauk,3,1855,3244000,1748.787061994609,3 BHK
Chennai,Ambattur,2,721,14000000,19417.47572815534,2 BHK
Chennai,Kottivakkam,3,1400,7569000,5406.428571428572,3 BHK
Chennai,Korattur,2,1321,4300000,3255.109765329296,2 BHK
Chennai,Pammal,2,874,5000000,5720.823798627002,2 BHK
Chennai,Kovur,2,913,7500000,8214.676889375685,2 BHK
Chennai,Kattupakkam,3,1428,6000000,4201.680672268908,3 BHK
Chennai,Adambakkam,2,1000,5500000,5500.0,2 BHK
Chennai,Guindy,2,930,5527000,5943.010752688172,2 BHK
Chennai,Madipakkam,2,1005,4919000,4894.527363184079,2 BHK
Chennai,Kattankulathur,3,1174,5019000,4275.127768313459,3 BHK
Chennai,Kattankulathur,3,1198,4257000,3553.4223706176963,3 BHK
Chennai,Kattankulathur,2,1016,4257000,4189.96062992126,2 BHK
Chennai,Kattankulathur,2,1016,4206000,4139.763779527559,2 BHK
Chennai,Kattankulathur,2,1004,4114000,4097.609561752988,2 BHK
Chennai,Kattankulathur,2,982,8303000,8455.193482688392,2 BHK
Chennai,Sholinganallur,3,1444,6394000,4427.97783933518,3 BHK
Chennai,Perungudi,2,785,7364000,9380.891719745223,2 BHK
Chennai,Navallur,3,1567,8464000,5401.403956604978,3 BHK
Chennai,Navallur,3,1801,8148999,4524.707940033315,3 BHK
Chennai,Navallur,3,1734,10900000,6286.0438292964245,3 BHK
Chennai,Navallur,4,2330,4808000,2063.519313304721,4 BHK
Chennai,Navallur,2,1023,5593000,5467.253176930596,2 BHK
Chennai,Navallur,2,1190,5334000,4482.35294117647,2 BHK
Chennai,Navallur,2,1135,3400000,2995.5947136563877,2 BHK
Chennai,Moolacheri,2,612,2551000,4168.300653594772,2 BHK
Chennai,Singaperumal Koil,1,624,8303000,13306.089743589744,1 BHK
Chennai,Perungudi,2,785,6203000,7901.910828025478,2 BHK
Chennai,Perumbakkam,3,1443,4758000,3297.2972972972975,3 BHK
Chennai,Perumbakkam,2,1107,6645999,6003.612466124661,2 BHK
Chennai,Perumbakkam,3,1546,5825000,3767.7878395860284,3 BHK
Chennai,Perumbakkam,3,1355,9110000,6723.247232472325,3 BHK
Chennai,Perungudi,3,1481,7367000,4974.341661039838,3 BHK
Chennai,Perungudi,2,1198,3400000,2838.0634390651085,2 BHK
Chennai,Moolacheri,2,612,6312000,10313.725490196079,2 BHK
Chennai,Navallur,2,1058,6770999,6399.810018903591,2 BHK
Chennai,Mogappair,3,1110,6312000,5686.486486486487,3 BHK
Chennai,Navallur,2,1058,6701000,6333.648393194707,2 BHK
Chennai,Ponneri,3,1787,4722000,2642.417459429211,3 BHK
Chennai,Poonamallee,2,1077,3320000,3082.63695450325,2 BHK
Chennai,Maraimalai Nagar,2,977,3206000,3281.4738996929377,2 BHK
Chennai,Poonamallee,2,855,6740000,7883.040935672515,2 BHK
Chennai,Poonamallee,3,1510,9546000,6321.854304635762,3 BHK
Chennai,Pallavaram,3,1591,5558000,3493.4003771213074,3 BHK
Chennai,Velappanchavadi,2,1112,9549000,8587.230215827338,2 BHK
Chennai,Pallavaram,3,1345,23700000,17620.81784386617,3 BHK
Chennai,Nungambakkam,3,1532,3777000,2465.404699738903,3 BHK
Chennai,Ponneri,2,1035,7068000,6828.985507246377,2 BHK
Chennai,Velappanchavadi,2,1414,38400000,27157.001414427155,2 BHK
Chennai,Nungambakkam,3,2483,5987000,2411.1961337092225,3 BHK
Chennai,Mahindra World City,3,1478,22200000,15020.297699594046,3 BHK
Chennai,Nungambakkam,2,1438,7601000,5285.8136300417245,2 BHK
Chennai,Poonamallee,3,1715,7102000,4141.107871720116,3 BHK
Chennai,Mahindra World City,3,1605,4552000,2836.1370716510905,3 BHK
Chennai,Ponneri,2,1214,12200000,10049.423393739704,2 BHK
Chennai,Kolathur,3,2324,19000000,8175.559380378658,3 BHK
Chennai,Nungambakkam,2,1232,4722000,3832.7922077922076,2 BHK
Chennai,Maraimalai Nagar,2,977,29000000,29682.702149437053,2 BHK
Chennai,Semmancheri,4,6250,13600000,2176.0,4 BHK
Chennai,Pallikaranai,4,2712,3206000,1182.1533923303834,4 BHK
Chennai,Pallavaram,3,1591,9549000,6001.885606536769,3 BHK
Chennai,Pallavaram,3,1345,7503000,5578.438661710037,3 BHK
Chennai,Perumbakkam,3,1443,8039000,5571.0325710325715,3 BHK
Chennai,Perumbakkam,3,1546,4700000,3040.103492884864,3 BHK
Chennai,Purasawalkam,2,645,11000000,17054.263565891473,2 BHK
Chennai,Velachery,2,1217,2400000,1972.062448644207,2 BHK
Chennai,Avadi,2,677,2400000,3545.0516986706057,2 BHK
Chennai,Avadi,2,677,6800000,10044.313146233382,2 BHK
Chennai,Porur,2,1135,13000000,11453.74449339207,2 BHK
Chennai,Thoraipakkam OMR,3,1615,6800000,4210.526315789473,3 BHK
Chennai,Porur,2,1143,3936999,3444.443569553806,2 BHK
Chennai,Kattupakkam,2,1125,2796000,2485.3333333333335,2 BHK
Chennai,Anakaputhur,2,799,2303000,2882.3529411764707,2 BHK
Chennai,Anakaputhur,1,658,11800000,17933.130699088146,1 BHK
Chennai,Thoraipakkam OMR,2,1290,3465000,2686.046511627907,2 BHK
Chennai,Avadi,2,770,3982000,5171.428571428572,2 BHK
Chennai,Avadi,2,885,3711999,4194.349152542373,2 BHK
Chennai,Avadi,2,825,4004999,4854.544242424243,2 BHK
Chennai,Avadi,2,890,3779999,4247.189887640449,2 BHK
Chennai,Avadi,2,840,4095000,4875.0,2 BHK
Chennai,Avadi,2,910,3352000,3683.5164835164837,2 BHK
Chennai,Avadi,2,745,3645000,4892.61744966443,2 BHK
Chennai,Avadi,2,810,3936999,4860.492592592593,2 BHK
Chennai,Avadi,2,875,4117000,4705.142857142857,2 BHK
Chennai,Avadi,2,915,3510000,3836.065573770492,2 BHK
Chennai,Avadi,2,780,3710000,4756.410256410257,2 BHK
Chennai,Sembakkam,2,773,3400000,4398.447606727038,2 BHK
Chennai,Perumbakkam,2,855,6572000,7686.549707602339,2 BHK
Chennai,Madipakkam,2,1195,4748000,3973.2217573221756,2 BHK
Chennai,Madipakkam,2,896,7665000,8554.6875,2 BHK
Chennai,Valasaravakkam,2,1022,3800000,3718.1996086105673,2 BHK
Chennai,Perumbakkam,2,790,3800000,4810.126582278481,2 BHK
Chennai,Perumbakkam,2,790,3400000,4303.797468354431,2 BHK
Chennai,Madipakkam,2,896,3244000,3620.535714285714,2 BHK
Chennai,Ambattur,2,721,3244000,4499.3065187239945,2 BHK
Chennai,Ambattur,2,721,3800000,5270.457697642164,2 BHK
Chennai,TNHB,2,850,3800000,4470.588235294118,2 BHK
Chennai,Perumbakkam,2,790,4900000,6202.53164556962,2 BHK
Chennai,Kovur,2,940,5000000,5319.148936170212,2 BHK
Chennai,Manali,2,986,3900000,3955.3752535496956,2 BHK
Chennai,Perumbakkam,2,855,24200000,28304.09356725146,2 BHK
Chennai,Thiruvanmiyur,3,1938,24600000,12693.498452012383,3 BHK
Chennai,Thiruvanmiyur,3,1970,23300000,11827.41116751269,3 BHK
Chennai,Thiruvanmiyur,3,1871,17800000,9513.62907536077,3 BHK
Chennai,Thiruvanmiyur,2,1431,22799999,15932.913347309574,2 BHK
Chennai,Thiruvanmiyur,3,1831,3300000,1802.2938285090115,3 BHK
Chennai,Perumbakkam,2,855,3900000,4561.403508771929,2 BHK
Chennai,Thiruvanmiyur,3,1831,10100000,5516.111414527581,3 BHK
Chennai,Kolathur,3,1938,13700000,7069.143446852425,3 BHK
Chennai,Kolathur,3,2627,16900000,6433.193757137419,3 BHK
Chennai,Kolathur,3,3234,9759000,3017.6252319109462,3 BHK
Chennai,Kolathur,3,1859,3900000,2097.902097902098,3 BHK
Chennai,Perumbakkam,2,790,5808000,7351.898734177215,2 BHK
Chennai,Ambattur,2,939,4635000,4936.102236421725,2 BHK
Chennai,Ambattur,2,872,4635000,5315.366972477064,2 BHK
Chennai,Ambattur,2,872,4200000,4816.51376146789,2 BHK
Chennai,Pozhichalur,2,874,3244000,3711.670480549199,2 BHK
Chennai,Ambattur,2,721,4635000,6428.571428571428,2 BHK
Chennai,Ambattur,2,872,3250000,3727.064220183486,2 BHK
Chennai,Cholambedu,2,774,3486000,4503.875968992248,2 BHK
Chennai,Thirumullaivoyal,2,830,7812000,9412.048192771084,2 BHK
Chennai,Mogappair East,2,868,7605000,8761.52073732719,2 BHK
Chennai,Mogappair,2,845,16399999,19408.282840236687,2 BHK
Chennai,Anna Nagar,3,1215,16399999,13497.941563786007,3 BHK
Chennai,Anna Nagar,3,1215,20000000,16460.90534979424,3 BHK
Chennai,Adyar,3,1800,5808000,3226.6666666666665,3 BHK
Chennai,Ambattur,2,939,5737000,6109.6911608093715,2 BHK
Chennai,Ambattur,2,927,5737000,6188.7810140237325,2 BHK
Chennai,Ambattur,2,927,5808000,6265.37216828479,2 BHK
Chennai,Ambattur,2,939,3000000,3194.888178913738,2 BHK
Chennai,Pammal,2,820,8687000,10593.90243902439,2 BHK
Chennai,Sholinganallur,3,1358,8290000,6104.565537555229,3 BHK
Chennai,Sholinganallur,3,1296,6569000,5068.672839506173,3 BHK
Chennai,Sholinganallur,2,1027,6550000,6377.7994157740995,2 BHK
Chennai,Sholinganallur,2,1024,3881000,3790.0390625,2 BHK
Chennai,Ambattur,2,721,13300000,18446.601941747573,2 BHK
Chennai,Mogappair,3,1846,4710000,2551.462621885157,3 BHK
Chennai,Ambattur,2,1047,4737000,4524.355300859599,2 BHK
Chennai,Ambattur,2,1053,6717000,6378.917378917379,2 BHK
Chennai,Ambattur,3,1493,6730000,4507.702612190221,3 BHK
Chennai,Ambattur,3,1496,5695000,3806.818181818182,3 BHK
Chennai,Ambattur,3,1266,5682000,4488.1516587677725,3 BHK
Chennai,Ambattur,3,1263,5800000,4592.240696753761,3 BHK
Chennai,Porur,2,1097,19000000,17319.96353691887,2 BHK
Chennai,Guindy,3,1850,19000000,10270.27027027027,3 BHK
Chennai,Guindy,3,1850,19500000,10540.54054054054,3 BHK
Chennai,Guindy,3,1850,4500000,2432.4324324324325,3 BHK
Chennai,Pammal,2,854,3881000,4544.496487119438,2 BHK
Chennai,Ambattur,2,872,3244000,3720.183486238532,2 BHK
Chennai,Ambattur,2,721,5400000,7489.597780859916,2 BHK
Chennai,Koyambedu,2,600,5445000,9075.0,2 BHK
Chennai,Koyambedu,2,605,5600000,9256.198347107438,2 BHK
Chennai,Koyambedu,2,605,5573000,9211.570247933885,2 BHK
Chennai,Ambattur,2,939,8500000,9052.183173588925,2 BHK
Chennai,Mahindra World City,3,2220,5454000,2456.7567567567567,3 BHK
Chennai,Koyambedu,2,606,5600000,9240.924092409241,2 BHK
Chennai,Koyambedu,2,606,2324000,3834.983498349835,2 BHK
Chennai,Bakthavatchalapuram,1,560,9047000,16155.357142857143,1 BHK
Chennai,Mahindra World City,2,2223,5600000,2519.118308591993,2 BHK
Chennai,Koyambedu,2,607,4610000,7594.728171334432,2 BHK
Chennai,Porur,2,937,8500000,9071.504802561367,2 BHK
Chennai,Mahindra World City,4,2225,5808000,2610.3370786516853,4 BHK
Chennai,Mahindra World City,4,2224,5737000,2579.5863309352517,4 BHK
Chennai,Ambattur,2,927,7898000,8519.956850053937,2 BHK
Chennai,Mogappair,3,1179,10000000,8481.764206955047,3 BHK
Chennai,Mogappair,3,1507,8226000,5458.526874585269,3 BHK
Chennai,Mogappair,2,1228,9994000,8138.43648208469,2 BHK
Chennai,Mogappair,3,1492,9606000,6438.337801608579,3 BHK
Chennai,Mogappair,3,1434,8266000,5764.295676429568,3 BHK
Chennai,Mogappair,3,1234,7630000,6183.144246353322,3 BHK
Chennai,Mogappair,2,1139,7295000,6404.741000877963,2 BHK
Chennai,Mogappair,2,1089,11700000,10743.801652892562,2 BHK
Chennai,Mogappair,3,1749,9733000,5564.894225271583,3 BHK
Chennai,Mogappair,3,1453,10600000,7295.25120440468,3 BHK
Chennai,Mogappair,3,1592,8413000,5284.547738693467,3 BHK
Chennai,Mogappair,2,1256,8474000,6746.8152866242035,2 BHK
Chennai,Mogappair,3,1265,8487000,6709.090909090909,3 BHK
Chennai,Mogappair,2,1267,3881000,3063.1412786108917,2 BHK
Chennai,Ambattur,2,721,5737000,7957.004160887656,2 BHK
Chennai,Ambattur,2,927,3881000,4186.623516720604,2 BHK
Chennai,Ambattur,2,872,13000000,14908.256880733945,2 BHK
Chennai,Kottivakkam,2,1160,2250000,1939.655172413793,2 BHK
Chennai,Kelambakkam,1,636,6286000,9883.647798742139,1 BHK
Chennai,Porur,2,882,2311000,2620.1814058956916,2 BHK
Chennai,Bakthavatchalapuram,1,557,4326000,7766.606822262119,1 BHK
Chennai,Vanagaram,2,1030,4200000,4077.669902912621,2 BHK
Chennai,Kovur,2,960,7200000,7500.0,2 BHK
Chennai,Perumbakkam,3,1443,3350000,2321.5523215523217,3 BHK
Chennai,Perumbakkam,1,650,12500000,19230.76923076923,1 BHK
Chennai,Mogappair,2,1286,21800000,16951.788491446347,2 BHK
Chennai,Iyappanthangal,4,2621,4610000,1758.8706600534147,4 BHK
Chennai,Ambattur,2,872,3881000,4450.688073394495,2 BHK
Chennai,Ambattur,2,721,2630000,3647.7115117891817,2 BHK
Chennai,Ambattur,1,598,6720999,11239.128762541806,1 BHK
Chennai,Ambattur,3,1528,6253000,4092.277486910995,3 BHK
Chennai,Medavakkam,2,1489,10800000,7253.19006044325,2 BHK
Chennai,Medavakkam,4,2574,7362000,2860.13986013986,4 BHK
Chennai,Medavakkam,3,1753,4508000,2571.591557330291,3 BHK
Chennai,Ambattur,2,1025,4508000,4398.048780487805,2 BHK
Chennai,Ambattur,2,1025,10700000,10439.024390243903,2 BHK
Chennai,Medavakkam,4,2570,7354000,2861.47859922179,4 BHK
Chennai,Medavakkam,3,1751,10700000,6110.793832095946,3 BHK
Chennai,Medavakkam,4,2566,5733000,2234.2166796570536,4 BHK
Chennai,Medavakkam,2,1365,7320000,5362.6373626373625,2 BHK
Chennai,Medavakkam,3,1743,3244000,1861.1589213998852,3 BHK
Chennai,Ambattur,2,721,2751000,3815.5339805825242,2 BHK
Chennai,Medavakkam,1,655,7156000,10925.190839694656,1 BHK
Chennai,Medavakkam,3,1704,4074000,2390.845070422535,3 BHK
Chennai,Medavakkam,2,970,5439000,5607.216494845361,2 BHK
Chennai,Medavakkam,2,1295,5363000,4141.312741312741,2 BHK
Chennai,Medavakkam,2,1277,10800000,8457.321848081441,2 BHK
Chennai,Medavakkam,4,2575,7501000,2913.009708737864,4 BHK
Chennai,Medavakkam,3,1786,3000000,1679.7312430011198,3 BHK
Chennai,Pammal,2,820,3581000,4367.073170731707,2 BHK
Chennai,Perambur,1,591,3981000,6736.040609137056,1 BHK
Chennai,Perambur,2,657,13600000,20700.152207001523,2 BHK
Chennai,Iyappanthangal,4,2277,15100000,6631.53271848924,4 BHK
Chennai,Iyappanthangal,4,2533,13500000,5329.648637978681,4 BHK
Chennai,Iyappanthangal,4,2256,10900000,4831.560283687943,4 BHK
Chennai,Iyappanthangal,3,1825,6995999,3833.424109589041,3 BHK
Chennai,Iyappanthangal,2,1166,8964000,7687.821612349914,2 BHK
Chennai,Iyappanthangal,2,1494,14800000,9906.291834002677,2 BHK
Chennai,Iyappanthangal,4,2474,10800000,4365.400161681488,4 BHK
Chennai,Iyappanthangal,3,1800,11600000,6444.444444444444,3 BHK
Chennai,Iyappanthangal,3,1938,8040000,4148.606811145511,3 BHK
Chennai,Iyappanthangal,2,1340,18200000,13582.089552238805,2 BHK
Chennai,Korattur,3,2436,10600000,4351.3957307060755,3 BHK
Chennai,Sholinganallur,3,1846,17900000,9696.641386782232,3 BHK
Chennai,Korattur,3,2392,34200000,14297.658862876255,3 BHK
Chennai,Sholinganallur,4,4026,9764000,2425.2359662195727,4 BHK
Chennai,Korattur,3,1336,12900000,9655.688622754491,3 BHK
Chennai,Sholinganallur,3,2250,7820999,3475.9995555555556,3 BHK
Chennai,Korattur,2,1132,35500000,31360.42402826855,2 BHK
Chennai,Sholinganallur,4,4736,8924000,1884.2905405405406,4 BHK
Chennai,Sholinganallur,3,1552,10800000,6958.762886597938,3 BHK
Chennai,Sholinganallur,3,1889,40100000,21228.163049232397,3 BHK
Chennai,Sholinganallur,4,4727,33300000,7044.637190607151,4 BHK
Chennai,Sholinganallur,4,4452,33300000,7479.78436657682,4 BHK
Chennai,Sholinganallur,4,4451,35100000,7885.868344192317,4 BHK
Chennai,Sholinganallur,4,4690,9522000,2030.277185501066,4 BHK
Chennai,Sholinganallur,3,1656,32400000,19565.217391304348,3 BHK
Chennai,Sholinganallur,4,4321,10600000,2453.135848183291,4 BHK
Chennai,Sholinganallur,3,1859,32200000,17321.140398063475,3 BHK
Chennai,Sholinganallur,4,4297,7598999,1768.4428671165929,4 BHK
Chennai,Sholinganallur,3,1551,7309999,4713.087685364281,3 BHK
Chennai,Sholinganallur,3,1492,7952000,5329.758713136729,3 BHK
Chennai,Sholinganallur,3,1623,10500000,6469.500924214418,3 BHK
Chennai,Sholinganallur,4,2154,7809999,3625.811977715877,4 BHK
Chennai,Sholinganallur,3,1594,10300000,6461.7314930991215,3 BHK
Chennai,Navallur,3,1699,2392000,1407.8869923484403,3 BHK
Chennai,Singaperumal Koil,1,581,3581000,6163.511187607573,1 BHK
Chennai,Perambur,2,657,9228000,14045.66210045662,2 BHK
Chennai,Sholinganallur,3,1605,9234000,5753.271028037383,3 BHK
Chennai,Sholinganallur,3,1606,8354000,5201.7434620174345,3 BHK
Chennai,Sholinganallur,3,1453,6714000,4620.784583620097,3 BHK
Chennai,Perungudi,2,825,9533000,11555.151515151516,2 BHK
Chennai,Sholinganallur,3,1658,5475000,3302.1712907117007,3 BHK
Chennai,Perungudi,1,670,9545000,14246.268656716418,1 BHK
Chennai,Sholinganallur,3,1660,3960000,2385.5421686746986,3 BHK
Chennai,Perungudi,1,490,3361000,6859.183673469388,1 BHK
Chennai,Perungudi,1,415,5196000,12520.481927710844,1 BHK
Chennai,Perungudi,1,635,3481000,5481.889763779527,1 BHK
Chennai,Perungudi,1,430,7213000,16774.418604651164,1 BHK
Chennai,Perungudi,2,1173,9741000,8304.347826086956,2 BHK
Chennai,Perungudi,3,1584,7869000,4967.80303030303,3 BHK
Chennai,Mogappair,3,1290,5764000,4468.217054263566,3 BHK
Chennai,Mogappair,2,945,7686000,8133.333333333333,2 BHK
Chennai,Mogappair,3,1260,5642000,4477.777777777777,3 BHK
Chennai,Mogappair,2,925,8303000,8976.216216216217,2 BHK
Chennai,Sholinganallur,3,1444,8540000,5914.127423822714,3 BHK
Chennai,Mogappair,3,1400,9228000,6591.428571428572,3 BHK
Chennai,Sholinganallur,3,1453,9533000,6560.9084652443225,3 BHK
Chennai,Sholinganallur,3,1658,9545000,5756.936067551266,3 BHK
Chennai,Sholinganallur,3,1660,4544000,2737.3493975903616,3 BHK
Chennai,Navallur,2,967,5884000,6084.798345398139,2 BHK
Chennai,Navallur,2,1252,2664000,2127.7955271565497,2 BHK
Chennai,Navallur,1,567,4201000,7409.171075837742,1 BHK
Chennai,Navallur,2,894,7844000,8774.049217002237,2 BHK
Chennai,Navallur,3,1669,10300000,6171.360095865788,3 BHK
Chennai,Navallur,4,2200,4934000,2242.7272727272725,4 BHK
Chennai,Moolacheri,2,999,3501000,3504.5045045045044,2 BHK
Chennai,Navallur,2,745,3400000,4563.758389261745,2 BHK
Chennai,Moolacheri,2,603,11700000,19402.985074626864,2 BHK
Chennai,Navallur,4,2500,5800000,2320.0,4 BHK
Chennai,Moolacheri,2,1152,3143000,2728.2986111111113,2 BHK
Chennai,Moolacheri,1,603,17900000,29684.9087893864,1 BHK
Chennai,Vadapalani,3,1707,3200000,1874.6338605741066,3 BHK
Chennai,Moolacheri,1,612,18600000,30392.156862745098,1 BHK
Chennai,Vadapalani,3,1777,17200000,9679.23466516601,3 BHK
Chennai,Vadapalani,3,1645,14900000,9057.75075987842,3 BHK
Chennai,Vadapalani,3,1423,12200000,8573.436401967674,3 BHK
Chennai,Vadapalani,2,1163,14900000,12811.693895098882,2 BHK
Chennai,Vadapalani,3,1421,14900000,10485.573539760731,3 BHK
Chennai,Vadapalani,3,1428,12200000,8543.417366946778,3 BHK
Chennai,Vadapalani,2,1168,15000000,12842.465753424658,2 BHK
Chennai,Vadapalani,3,1434,10300000,7182.705718270572,3 BHK
Chennai,Vadapalani,2,983,17600000,17904.37436419125,2 BHK
Chennai,Vadapalani,3,1680,11299999,6726.189880952381,3 BHK
Chennai,Vadapalani,2,1077,11299999,10492.10677808728,2 BHK
Chennai,Vadapalani,2,1080,10300000,9537.037037037036,2 BHK
Chennai,Vadapalani,2,981,10200000,10397.553516819571,2 BHK
Chennai,Vadapalani,2,980,10200000,10408.163265306122,2 BHK
Chennai,Vadapalani,2,979,3200000,3268.641470888662,2 BHK
Chennai,Adyar,4,3595,48600000,13518.776077885952,4 BHK
Chennai,Adyar,3,2780,63200000,22733.812949640287,3 BHK
Chennai,Adyar,4,3615,57000000,15767.634854771784,4 BHK
Chennai,Adyar,3,3260,5955000,1826.6871165644172,3 BHK
Chennai,Perungudi,1,730,4934000,6758.904109589041,1 BHK
Chennai,Moolacheri,2,999,3400000,3403.4034034034034,2 BHK
Chennai,Moolacheri,2,603,5800000,9618.573797678275,2 BHK
Chennai,Moolacheri,1,603,3200000,5306.799336650083,1 BHK
Chennai,Moolacheri,1,612,5734000,9369.281045751633,1 BHK
Chennai,Mogappair,2,940,8052000,8565.95744680851,2 BHK
Chennai,Mogappair,3,1320,7442000,5637.878787878788,3 BHK
Chennai,Mogappair,3,1220,7869000,6450.0,3 BHK
Chennai,Mogappair,2,925,8540000,9232.432432432432,2 BHK
Chennai,Mogappair,3,1400,11500000,8214.285714285714,3 BHK
Chennai,Navallur,4,2021,9510000,4705.591291439881,4 BHK
Chennai,Navallur,3,1650,6611000,4006.6666666666665,3 BHK
Chennai,Navallur,2,1158,4942000,4267.702936096718,2 BHK
Chennai,Perungalathur,2,1131,2400000,2122.0159151193634,2 BHK
Chennai,Medavakkam,1,540,3650000,6759.259259259259,1 BHK
Chennai,Medavakkam,2,750,3350000,4466.666666666667,2 BHK
Chennai,Medavakkam,2,775,3600000,4645.1612903225805,2 BHK
Chennai,Peerakankaranai,3,1200,5400000,4500.0,3 BHK
Chennai,Chikkarayapuram,2,975,9500000,9743.589743589744,2 BHK
Chennai,Annamalai Colony,2,996,10200000,10240.963855421687,2 BHK
Chennai,Virugambakkam,2,1065,3500000,3286.3849765258215,2 BHK
Chennai,Perumbakkam,2,790,6500000,8227.848101265823,2 BHK
Chennai,Ayanambakkam,2,1159,6500000,5608.283002588439,2 BHK
Chennai,Ayanambakkam,2,1131,13500000,11936.33952254642,2 BHK
Chennai,Saidapet,3,1135,5116000,4507.488986784141,3 BHK
Chennai,Kovur,2,1066,6969000,6537.5234521575985,2 BHK
Chennai,Kovur,3,1452,6480000,4462.809917355372,3 BHK
Chennai,Kovur,3,1350,4435000,3285.185185185185,3 BHK
Chennai,Kovur,2,924,6570999,7111.470779220779,2 BHK
Chennai,Kovur,3,1369,5640000,4119.795471146823,3 BHK
Chennai,Kovur,2,1175,2952000,2512.340425531915,2 BHK
Chennai,Kovur,2,615,3000000,4878.048780487805,2 BHK
Chennai,Kodambakkam,1,450,3881000,8624.444444444445,1 BHK
Chennai,Ambattur,2,872,19000000,21788.990825688074,2 BHK
Chennai,Guindy,3,1850,6000000,3243.2432432432433,3 BHK
Chennai,Porur,2,1097,3800000,3463.992707383774,2 BHK
Chennai,Perumbakkam,2,790,3200000,4050.6329113924053,2 BHK
Chennai,Poonamallee,2,702,3200000,4558.404558404558,2 BHK
Chennai,Poonamallee,2,702,8400000,11965.811965811965,2 BHK
Chennai,Choolaimedu,2,840,8700000,10357.142857142857,2 BHK
Chennai,Kilpauk,3,977,8700000,8904.810644831115,3 BHK
Chennai,Kilpauk,3,977,3300000,3377.686796315251,3 BHK
Chennai,Kovur,2,823,5808000,7057.108140947752,2 BHK
Chennai,Ambattur,2,927,10500000,11326.860841423948,2 BHK
Chennai,Kilpauk,3,1136,3881000,3416.3732394366198,3 BHK
Chennai,Perumbakkam,2,790,4635000,5867.088607594937,2 BHK
Chennai,Ambattur,2,872,9500000,10894.495412844037,2 BHK
Chennai,Mogappair,2,1306,13700000,10490.045941807044,2 BHK
Chennai,Mogappair,3,1850,6659999,3599.9994594594596,3 BHK
Chennai,Ayanambakkam,2,1159,6498999,5607.41932700604,2 BHK
Chennai,Ayanambakkam,2,1131,5506000,4868.258178603006,2 BHK
Chennai,Ambattur,2,927,4600000,4962.243797195253,2 BHK
Chennai,Ambattur,2,721,3886999,5391.122052704577,2 BHK
Chennai,Ambattur,2,721,8281000,11485.436893203883,2 BHK
Chennai,Chromepet,3,1314,5206000,3961.9482496194823,3 BHK
Chennai,Chromepet,2,814,5255000,6455.773955773956,2 BHK
Chennai,Chromepet,2,822,6583000,8008.5158150851585,2 BHK
Chennai,Chitlapakkam,3,1038,4457000,4293.83429672447,3 BHK
Chennai,Medavakkam,2,750,5426000,7234.666666666667,2 BHK
Chennai,Medavakkam,2,917,2500000,2726.281352235551,2 BHK
Chennai,Perumbakkam,1,550,3500000,6363.636363636364,1 BHK
Chennai,Moolacheri,2,603,5808000,9631.8407960199,2 BHK
Chennai,Ambattur,2,721,4500000,6241.331484049931,2 BHK
Chennai,Triplicane,2,685,4635000,6766.423357664234,2 BHK
Chennai,Triplicane,2,685,11000000,16058.39416058394,2 BHK
Chennai,Royapettah,2,1000,5500000,5500.0,2 BHK
Chennai,Vanagaram,2,1218,14100000,11576.354679802957,2 BHK
Chennai,Thoraipakkam OMR,2,1222,5000000,4091.653027823241,2 BHK
Chennai,Sembakkam,2,1000,4700000,4700.0,2 BHK
Chennai,Medavakkam,2,850,11000000,12941.176470588236,2 BHK
Chennai,Mogappair,3,1590,4900000,3081.761006289308,3 BHK
Chennai,Medavakkam,3,1150,3700000,3217.391304347826,3 BHK
Chennai,Medavakkam,2,761,7200000,9461.235216819974,2 BHK
Chennai,Mogappair,2,1039,4199000,4041.385948026949,2 BHK
Chennai,Ullagaram,2,900,4200000,4666.666666666667,2 BHK
Chennai,Ullagaram,2,900,2725000,3027.777777777778,2 BHK
Chennai,Avadi,2,639,3600000,5633.802816901409,2 BHK
Chennai,Kelambakkam,3,1200,4450000,3708.3333333333335,3 BHK
Chennai,Madambakkam,2,856,2950000,3446.2616822429904,2 BHK
Chennai,Madambakkam,1,548,5116000,9335.766423357663,1 BHK
Chennai,Kovur,2,615,5737000,9328.455284552845,2 BHK
Chennai,Ambattur,2,927,3244000,3499.4606256742177,2 BHK
Chennai,Ambattur,2,721,18700000,25936.19972260749,2 BHK
Chennai,Guindy,3,1850,18500000,10000.0,3 BHK
Chennai,Guindy,3,1850,19200000,10378.378378378378,3 BHK
Chennai,Guindy,3,1850,8000000,4324.324324324324,3 BHK
Chennai,Velachery,2,815,3772000,4628.2208588957055,2 BHK
Chennai,Madambakkam,2,820,3200000,3902.439024390244,2 BHK
Chennai,Virugambakkam,1,562,3400000,6049.82206405694,1 BHK
Chennai,Anna Nagar,5,2400,7991000,3329.5833333333335,5+ BHK
Chennai,Manapakkam,3,1567,4138000,2640.7147415443524,3 BHK
Chennai,Vandalur,3,1335,3134000,2347.565543071161,3 BHK
Chennai,Perumbakkam,2,825,5278000,6397.575757575758,2 BHK
Chennai,Manapakkam,2,1035,32000000,30917.874396135267,2 BHK
Chennai,Besant Nagar,3,1580,23000000,14556.962025316456,3 BHK
Chennai,Kilpauk,3,1275,38000000,29803.92156862745,3 BHK
Chennai,Anna Nagar,3,2050,20099999,9804.87756097561,3 BHK
Chennai,Anna Nagar,2,1160,30000000,25862.068965517243,2 BHK
Chennai,Egmore,3,2145,3679999,1715.6172494172495,3 BHK
Chennai,Tiruporur Near Kelambakkam,3,1150,3822999,3324.3469565217392,3 BHK
Chennai,tambaram west,2,1062,4431000,4172.316384180791,2 BHK
Chennai,tambaram west,3,1231,28000000,22745.735174654754,3 BHK
Chennai,Egmore,2,1704,31000000,18192.4882629108,2 BHK
Chennai,Adyar,4,2610,26000000,9961.68582375479,4 BHK
Chennai,Annanagar West,3,1565,14300000,9137.380191693292,3 BHK
Chennai,Saidapet,2,1334,8417000,6309.5952023988,2 BHK
Chennai,Navallur,2,1295,30400000,23474.903474903476,2 BHK
Chennai,Raja Annamalai Puram,3,1851,3634000,1963.2631010264722,3 BHK
Chennai,Perumbakkam,2,920,2142000,2328.2608695652175,2 BHK
Chennai,Kelambakkam,1,612,21000000,34313.72549019608,1 BHK
Chennai,Anna Nagar,2,2062,7800000,3782.7352085354023,2 BHK
Chennai,Thoraipakkam OMR,3,1300,35000000,26923.076923076922,3 BHK
Chennai,Anna Nagar,3,2030,2334000,1149.7536945812808,3 BHK
Chennai,Thalambur,2,753,4920000,6533.86454183267,2 BHK
Chennai,Perumbakkam,3,1245,15000000,12048.192771084337,3 BHK
Chennai,Thoraipakkam OMR,2,1575,17900000,11365.079365079366,2 BHK
Chennai,Thoraipakkam OMR,3,1788,4819000,2695.1901565995527,3 BHK
Chennai,Perumbakkam,2,967,5420000,5604.9638055842815,2 BHK
Chennai,Perumbakkam,3,1207,5956000,4934.548467274233,3 BHK
Chennai,Pallikaranai,2,1254,9130000,7280.701754385965,2 BHK
Chennai,Pallikaranai,3,1922,3843000,1999.4797086368367,3 BHK
Chennai,Thalambur,3,1220,7134000,5847.540983606557,3 BHK
Chennai,Kelambakkam,3,1710,7579000,4432.163742690059,3 BHK
Chennai,Iyappanthangal,2,1166,43200000,37049.74271012007,2 BHK
Chennai,Nungambakkam,3,2056,11900000,5787.937743190661,3 BHK
Chennai,Iyappanthangal,3,1825,4798000,2629.041095890411,3 BHK
Chennai,Perumbakkam,3,1263,8644000,6844.022169437846,3 BHK
Chennai,Velappanchavadi,3,1358,6389000,4704.712812960236,3 BHK
Chennai,Velappanchavadi,2,983,5265000,5356.052899287894,2 BHK
Chennai,Kattupakkam,3,1170,12000000,10256.410256410256,3 BHK
Chennai,Choolaimedu,2,1030,4635000,4500.0,2 BHK
Chennai,Ambattur,2,872,3499000,4012.6146788990827,2 BHK
Chennai,Madambakkam,2,775,3499000,4514.8387096774195,2 BHK
Chennai,Madambakkam,2,775,7200000,9290.322580645161,2 BHK
Chennai,Madipakkam,2,1220,7400000,6065.573770491803,2 BHK
Chennai,Madipakkam,3,1310,6018000,4593.893129770992,3 BHK
Chennai,Madipakkam,2,1020,9738000,9547.058823529413,2 BHK
Chennai,Madipakkam,3,1855,4800000,2587.6010781671157,3 BHK
Chennai,Guduvancheri,2,1053,5800000,5508.072174738842,2 BHK
Chennai,Guduvancheri,3,1090,6200000,5688.073394495413,3 BHK
Chennai,Guduvancheri,3,1170,4700000,4017.094017094017,3 BHK
Chennai,Guduvancheri,3,976,4600000,4713.11475409836,3 BHK
Chennai,Guduvancheri,3,952,4000000,4201.680672268908,3 BHK
Chennai,Sunnambu Kolathur S Kolathur,2,800,4125000,5156.25,2 BHK
Chennai,Sunnambu Kolathur S Kolathur,2,825,3881000,4704.242424242424,2 BHK
Chennai,Ambattur,2,721,5808000,8055.478502080444,2 BHK
Chennai,Ambattur,2,939,5808000,6185.303514376997,2 BHK
Chennai,Ambattur,2,872,3000000,3440.3669724770643,2 BHK
Chennai,Perumbakkam,2,855,6800000,7953.216374269005,2 BHK
Chennai,Velachery,3,1158,4587000,3961.139896373057,3 BHK
Chennai,Kattupakkam,2,976,4864000,4983.606557377049,2 BHK
Chennai,Kattupakkam,2,1035,2486000,2401.9323671497586,2 BHK
Chennai,Kattupakkam,1,529,4573000,8644.61247637051,1 BHK
Chennai,Kattupakkam,2,973,6770999,6958.889003083248,2 BHK
Chennai,Mogappair,3,1110,5734000,5165.7657657657655,3 BHK
Chennai,Mogappair,2,925,7436000,8038.918918918919,2 BHK
Chennai,Manapakkam,3,1352,6913000,5113.165680473373,3 BHK
Chennai,Manapakkam,2,1257,8540000,6793.953858392999,2 BHK
Chennai,Mogappair,3,1400,5692000,4065.714285714286,3 BHK
Chennai,Manapakkam,2,1035,2740000,2647.3429951690823,2 BHK
Chennai,Thiruverkadu,1,563,6343000,11266.429840142097,1 BHK
Chennai,Thiruverkadu,3,1337,5542000,4145.100972326103,3 BHK
Chennai,Thiruverkadu,2,1165,5555000,4768.240343347639,2 BHK
Chennai,Mugalivakkam,2,1010,5519000,5464.3564356435645,2 BHK
Chennai,Thiruverkadu,2,1160,11500000,9913.793103448275,2 BHK
Chennai,Mugalivakkam,4,2096,2777000,1324.9045801526718,4 BHK
Chennai,Thiruverkadu,1,571,8563000,14996.497373029772,1 BHK
Chennai,Mugalivakkam,3,1557,4793000,3078.3558124598585,3 BHK
Chennai,Thiruverkadu,2,1004,2763000,2751.99203187251,2 BHK
Chennai,Thiruverkadu,1,568,9226000,16242.957746478873,1 BHK
Chennai,Mugalivakkam,3,1633,2703000,1655.2357624004899,3 BHK
Chennai,Thiruverkadu,1,555,5630000,10144.144144144144,1 BHK
Chennai,Thiruverkadu,2,1184,5756000,4861.486486486487,2 BHK
Chennai,Thiruverkadu,2,1211,2726000,2251.03220478943,2 BHK
Chennai,Thiruverkadu,1,560,8227000,14691.07142857143,1 BHK
Chennai,Karapakkam,3,1307,3306000,2529.4567712318285,3 BHK
Chennai,Karapakkam,1,538,8270999,15373.60408921933,1 BHK
Chennai,Karapakkam,3,1314,6567000,4997.7168949771685,3 BHK
Chennai,Karapakkam,2,1027,8548000,8323.271665043818,2 BHK
Chennai,Karapakkam,3,1358,6548000,4821.7967599410895,3 BHK
Chennai,Karapakkam,2,1024,16900000,16503.90625,2 BHK
Chennai,Karapakkam,4,2686,9826000,3658.227848101266,4 BHK
Chennai,Karapakkam,3,1561,8158000,5226.137091607944,3 BHK
Chennai,Karapakkam,3,1296,9857000,7605.70987654321,3 BHK
Chennai,Karapakkam,3,1566,11500000,7343.550446998723,3 BHK
Chennai,Karapakkam,3,1829,9845000,5382.722799343904,3 BHK
Chennai,Karapakkam,3,1564,12200000,7800.5115089514065,3 BHK
Chennai,Karapakkam,3,1944,16600000,8539.094650205761,3 BHK
Chennai,Karapakkam,4,2640,3372999,1277.6511363636364,4 BHK
Chennai,Karapakkam,1,549,16500000,30054.64480874317,1 BHK
Chennai,Karapakkam,4,2630,16399999,6235.741064638783,4 BHK
Chennai,Karapakkam,4,2616,10000000,3822.62996941896,4 BHK
Chennai,Karapakkam,3,1599,8029000,5021.263289555973,3 BHK
Chennai,Thalambur,4,2140,6380000,2981.308411214953,4 BHK
Chennai,Thalambur,3,1702,4659000,2737.367802585194,3 BHK
Chennai,Thalambur,3,1277,4699000,3679.7180892717306,3 BHK
Chennai,Thalambur,3,1288,4260000,3307.4534161490683,3 BHK
Chennai,Thalambur,2,1166,8048999,6903.086620926244,2 BHK
Chennai,Thalambur,4,2146,6360000,2963.653308480895,4 BHK
Chennai,Thalambur,3,1697,5808000,3422.5103123158515,3 BHK
Chennai,Ambattur,2,872,6700000,7683.48623853211,2 BHK
Chennai,Iyappanthangal,2,1123,6700000,5966.162065894924,2 BHK
Chennai,Iyappanthangal,2,1123,5200000,4630.454140694568,2 BHK
Chennai,Kovilambakkam,2,811,3432000,4231.812577065351,2 BHK
Chennai,Ullagaram,2,722,4171000,5777.008310249307,2 BHK
Chennai,Nanmangalam,2,869,3789000,4360.1841196777905,2 BHK
Chennai,Vellakkal,2,815,3789000,4649.079754601227,2 BHK
Chennai,Vellakkal,2,815,5412000,6640.490797546012,2 BHK
Chennai,Nanmangalam,2,984,4248000,4317.073170731707,2 BHK
Chennai,Nanmangalam,2,817,4040999,4946.143206854345,2 BHK
Chennai,Nanmangalam,2,898,4040999,4499.998886414254,2 BHK
Chennai,Nanmangalam,2,898,4694000,5227.1714922049,2 BHK
Chennai,Nanmangalam,2,978,4344000,4441.7177914110425,2 BHK
Chennai,Nanmangalam,2,905,4344000,4800.0,2 BHK
Chennai,Nanmangalam,2,905,4536000,5012.154696132597,2 BHK
Chennai,Nanmangalam,2,945,4536000,4800.0,2 BHK
Chennai,Nanmangalam,2,945,3321000,3514.285714285714,2 BHK
Chennai,Nanmangalam,2,738,3474000,4707.317073170731,2 BHK
Chennai,Nanmangalam,2,772,3321000,4301.813471502591,2 BHK
Chennai,Nanmangalam,2,738,3461000,4689.70189701897,2 BHK
Chennai,Ullagaram,2,721,5808000,8055.478502080444,2 BHK
Chennai,Ambattur,2,939,3945000,4201.277955271566,2 BHK
Chennai,Nanmangalam,2,822,3782000,4600.973236009732,2 BHK
Chennai,Nanmangalam,2,788,4314000,5474.619289340101,2 BHK
Chennai,Avadi,2,915,3974000,4343.169398907104,2 BHK
Chennai,Avadi,2,840,3906000,4650.0,2 BHK
Chennai,Avadi,2,825,4314000,5229.090909090909,2 BHK
Chennai,Avadi,2,915,3838000,4194.535519125683,2 BHK
Chennai,Avadi,2,810,4292000,5298.765432098766,2 BHK
Chennai,Avadi,2,910,5112000,5617.582417582417,2 BHK
Chennai,Nanmangalam,2,1065,3653000,3430.0469483568077,2 BHK
Chennai,Avadi,2,840,3653000,4348.809523809524,2 BHK
Chennai,Avadi,2,840,3724000,4433.333333333333,2 BHK
Chennai,Nanmangalam,2,776,5270000,6791.237113402062,2 BHK
Chennai,Nanmangalam,3,1098,8900000,8105.646630236794,3 BHK
Chennai,Siruseri,2,1655,3000000,1812.6888217522658,2 BHK
Chennai,Thiruverkadu,2,700,8214000,11734.285714285714,2 BHK
Chennai,Korattur,3,1439,3893000,2705.350938151494,3 BHK
Chennai,Korattur,2,614,10700000,17426.710097719868,2 BHK
Chennai,Korattur,4,1909,3420000,1791.5138816134101,4 BHK
Chennai,Nanmangalam,2,760,4238000,5576.315789473684,2 BHK
Chennai,Nanmangalam,2,831,3709000,4463.297232250301,2 BHK
Chennai,Padur,2,845,3400000,4023.6686390532545,2 BHK
Chennai,Perumbakkam,2,855,3881000,4539.181286549708,2 BHK
Chennai,Ambattur,2,721,6659999,9237.169209431346,2 BHK
Chennai,Ayanambakkam,2,1131,7753000,6854.995579133511,2 BHK
Chennai,Sholinganallur,3,1551,7458000,4808.510638297872,3 BHK
Chennai,Sholinganallur,3,1492,8113000,5437.667560321715,3 BHK
Chennai,Sholinganallur,3,1623,10700000,6592.729513247074,3 BHK
Chennai,Sholinganallur,4,2154,7968000,3699.1643454039,4 BHK
Chennai,Sholinganallur,3,1594,9100000,5708.908406524467,3 BHK
Chennai,Nanganallur,2,901,3892000,4319.644839067702,2 BHK
Chennai,Nanmangalam,2,772,3721000,4819.948186528497,2 BHK
Chennai,Nanmangalam,2,768,3761999,4898.436197916667,2 BHK
Chennai,Nanmangalam,2,836,5366000,6418.660287081339,2 BHK
Chennai,Nanmangalam,3,1118,4139000,3702.1466905187835,3 BHK
Chennai,Nanmangalam,2,881,3436999,3901.2474460839953,2 BHK
Chennai,Nanmangalam,2,763,11000000,14416.775884665793,2 BHK
Chennai,Velachery,3,1450,7000000,4827.586206896552,3 BHK
Chennai,Velachery,2,1070,12500000,11682.242990654206,2 BHK
Chennai,Thiruvanmiyur,2,1050,17000000,16190.47619047619,2 BHK
Chennai,Adyar,3,1450,3100000,2137.9310344827586,3 BHK
Chennai,Poonamallee,2,702,30000000,42735.042735042734,2 BHK
Chennai,Triplicane,2,3000,4635000,1545.0,2 BHK
Chennai,Ambattur,2,872,5808000,6660.5504587155965,2 BHK
Chennai,Ambattur,2,939,3924000,4178.91373801917,2 BHK
Chennai,Ambattur,2,721,9068000,12576.976421636617,2 BHK
Chennai,Mogappair,3,1110,2700000,2432.4324324324325,3 BHK
Chennai,Kelambakkam,2,626,5700000,9105.431309904154,2 BHK
Chennai,Padur,2,1147,9500000,8282.476024411508,2 BHK
Chennai,Navallur,4,2020,7800000,3861.3861386138615,4 BHK
Chennai,Navallur,3,1699,3881000,2284.2848734549734,3 BHK
Chennai,Ambattur,2,721,5506000,7636.615811373093,2 BHK
Chennai,Ambattur,2,927,3924000,4233.0097087378645,2 BHK
Chennai,Ambattur,2,872,3924000,4500.0,2 BHK
Chennai,Ambattur,2,872,7900000,9059.633027522936,2 BHK
Chennai,Padur,2,1441,5737000,3981.263011797363,2 BHK
Chennai,Ambattur,2,721,3986999,5529.818307905686,2 BHK
Chennai,Ambattur,2,886,3621000,4086.907449209932,2 BHK
Chennai,Kelambakkam,2,1050,3428000,3264.7619047619046,2 BHK
Chennai,Kelambakkam,2,994,4352000,4378.269617706237,2 BHK
Chennai,Kelambakkam,3,1262,4604000,3648.177496038035,3 BHK
Chennai,Kelambakkam,3,1335,8400000,6292.134831460674,3 BHK
Chennai,Navallur,3,1504,11500000,7646.276595744681,3 BHK
Chennai,Navallur,2,1158,6312000,5450.777202072539,2 BHK
Chennai,Navallur,2,1058,10300000,9735.349716446124,2 BHK
Chennai,Navallur,3,1699,2899000,1706.2978222483814,3 BHK
Chennai,Poonamallee,2,745,7800000,10469.79865771812,2 BHK
Chennai,Vengaivasal,2,1234,3300000,2674.230145867099,2 BHK
Chennai,Perumbakkam,2,855,12500000,14619.883040935672,2 BHK
Chennai,Thiruvanmiyur,2,1060,3244000,3060.377358490566,2 BHK
Chennai,Ambattur,2,721,4999000,6933.425797503467,2 BHK
Chennai,Kovilambakkam,3,1005,3027000,3011.9402985074626,3 BHK
Chennai,Tiruporur Near Kelambakkam,2,865,17000000,19653.179190751445,2 BHK
Chennai,Adyar,3,2000,4605000,2302.5,3 BHK
Chennai,Ambattur,2,721,29200000,40499.30651872399,2 BHK
Chennai,Kanathur Reddikuppam,5,5037,8763000,1739.7260273972602,5+ BHK
Chennai,Kanathur Reddikuppam,5,5093,4999000,981.5432947182408,5+ BHK
Chennai,Kanathur Reddikuppam,3,1865,3750000,2010.7238605898124,3 BHK
Chennai,Medavakkam,2,930,5821000,6259.139784946236,2 BHK
Chennai,Medavakkam,2,775,5659000,7301.935483870968,2 BHK
Chennai,Ambattur,3,1294,3115000,2407.2642967542506,3 BHK
Chennai,Pallavaram,2,1068,12600000,11797.752808988764,2 BHK
Chennai,Pallavaram,2,588,3700000,6292.517006802721,2 BHK
Chennai,Mogappair,3,1978,5654000,2858.442871587462,3 BHK
Chennai,Avadi,2,850,3700000,4352.941176470588,2 BHK
Chennai,Perumbakkam,3,1414,7492000,5298.444130127298,3 BHK
Chennai,Avadi,2,850,2000000,2352.9411764705883,2 BHK
Chennai,Velappanchavadi,3,1414,3600000,2545.968882602546,3 BHK
Chennai,Avadi,1,463,7195999,15542.114470842333,1 BHK
Chennai,Avadi,2,850,3244000,3816.470588235294,2 BHK
Chennai,Velappanchavadi,3,1358,5892000,4338.733431516936,3 BHK
Chennai,Ambattur,2,721,12000000,16643.55062413315,2 BHK
Chennai,Velappanchavadi,2,1112,12000000,10791.366906474821,2 BHK
Chennai,Adyar,3,1200,5426000,4521.666666666667,3 BHK
Chennai,Adyar,3,1200,4882000,4068.3333333333335,3 BHK
Chennai,Velappanchavadi,2,1024,4820000,4707.03125,2 BHK
Chennai,Ambattur,2,721,5263000,7299.5839112343965,2 BHK
Chennai,Ambattur,2,721,2059000,2855.755894590846,2 BHK
Chennai,Agaramthen,3,1462,3244000,2218.8782489740083,3 BHK
Chennai,Agaramthen,1,572,5858000,10241.258741258742,1 BHK
Chennai,Kovur,2,1160,8941000,7707.758620689655,2 BHK
Chennai,Ambattur,2,721,4757000,6597.780859916782,2 BHK
Chennai,Padi,3,1374,4051000,2948.326055312955,3 BHK
Chennai,Manikandan Nagar,2,865,4449000,5143.35260115607,2 BHK
Chennai,Kovilambakkam,2,719,6616000,9201.668984700973,2 BHK
Chennai,Kovilambakkam,2,809,6616000,8177.997527812114,2 BHK
Chennai,Kovilambakkam,3,1203,4190000,3482.959268495428,3 BHK
Chennai,Kovilambakkam,3,1203,11000000,9143.80714879468,3 BHK
Chennai,Manikandan Nagar,2,764,7300000,9554.973821989528,2 BHK
Chennai,Mugalivakkam,3,1775,7300000,4112.6760563380285,3 BHK
Chennai,Guduvancheri,3,1466,3800000,2592.087312414734,3 BHK
Chennai,Guduvancheri,3,1466,3881000,2647.3396998635744,3 BHK
Chennai,Perumbakkam,2,790,3881000,4912.658227848101,2 BHK
Chennai,Ambattur,2,721,2781000,3857.1428571428573,2 BHK
Chennai,Ambattur,2,721,4610000,6393.897364771151,2 BHK
Chennai,Kovur,1,618,3475000,5622.977346278317,1 BHK
Chennai,Kovur,2,913,3934000,4308.871851040526,2 BHK
Chennai,Selaiyur,2,931,9643000,10357.679914070892,2 BHK
Chennai,Korattur,2,622,6618000,10639.871382636657,2 BHK
Chennai,Korattur,3,1691,9165000,5419.869899467771,3 BHK
Chennai,Korattur,2,1138,5004000,4397.188049209139,2 BHK
Chennai,Thoraipakkam OMR,2,1222,6700000,5482.815057283143,2 BHK
Chennai,Kelambakkam,2,1044,3244000,3107.27969348659,2 BHK
Chennai,Porur,2,1123,7336000,6532.502226179875,2 BHK
Chennai,Ambattur,2,721,7213000,10004.160887656033,2 BHK
Chennai,Madipakkam,2,1310,12000000,9160.30534351145,2 BHK
Chennai,Perungudi,2,1173,11100000,9462.915601023018,2 BHK
Chennai,Thoraipakkam OMR,3,1613,9165000,5681.959082455052,3 BHK
Chennai,Thoraipakkam OMR,2,1493,5004000,3351.6409912926993,2 BHK
Chennai,Thoraipakkam OMR,2,1222,3965999,3245.4983633387887,2 BHK
Chennai,Kelambakkam,2,1044,16100000,15421.455938697318,2 BHK
Chennai,Kelambakkam,2,1044,14300000,13697.318007662836,2 BHK
Chennai,Thoraipakkam OMR,4,2153,3499000,1625.1741755689736,4 BHK
Chennai,Thoraipakkam OMR,3,1912,6767000,3539.225941422594,3 BHK
Chennai,Selaiyur,2,828,5045000,6092.995169082125,2 BHK
Chennai,Kovur,3,1340,6659999,4970.148507462686,3 BHK
Chennai,Kilkattalai,2,869,5060000,5822.784810126583,2 BHK
Chennai,Kilkattalai,3,1110,6312000,5686.486486486487,3 BHK
Chennai,Kilkattalai,2,920,5325000,5788.04347826087,2 BHK
Chennai,Kilkattalai,2,1052,5325000,5061.787072243346,2 BHK
Chennai,Kilkattalai,2,945,4794000,5073.015873015873,2 BHK
Chennai,Kilkattalai,2,945,3790999,4011.6391534391532,2 BHK
Chennai,Kelambakkam,3,1262,3244000,2570.5229793977815,3 BHK
Chennai,Kelambakkam,2,998,4400000,4408.817635270541,2 BHK
Chennai,Sithalapakkam,3,1100,4383000,3984.5454545454545,3 BHK
Chennai,Ambattur,2,927,5405000,5830.636461704423,2 BHK
Chennai,Medavakkam,2,974,4233000,4345.99589322382,2 BHK
Chennai,Medavakkam,3,1150,4795000,4169.565217391304,3 BHK
Chennai,Medavakkam,2,882,4085000,4631.519274376417,2 BHK
Chennai,Medavakkam,2,999,4124000,4128.128128128128,2 BHK
Chennai,Medavakkam,2,817,5389000,6596.083231334149,2 BHK
Chennai,Medavakkam,2,887,5295000,5969.5603156708,2 BHK
Chennai,Medavakkam,2,1159,5562000,4798.964624676445,2 BHK
Chennai,Medavakkam,2,929,2788000,3001.076426264801,2 BHK
Chennai,Medavakkam,3,1181,2788000,2360.7112616426757,3 BHK
Chennai,Medavakkam,1,464,5335000,11497.844827586207,1 BHK
Chennai,Medavakkam,1,464,5334000,11495.689655172413,1 BHK
Chennai,Kilkattalai,2,970,5334000,5498.969072164949,2 BHK
Chennai,Kilkattalai,2,970,3800000,3917.5257731958764,2 BHK
Chennai,Kilkattalai,2,970,6800000,7010.309278350515,2 BHK
Chennai,Perumbakkam,2,790,5300000,6708.860759493671,2 BHK
Chennai,Iyappanthangal,2,1153,3892000,3375.542064180399,2 BHK
Chennai,Kovilambakkam,1,830,11000000,13253.012048192772,1 BHK
Chennai,Padur,1,857,14500000,16919.486581096848,1 BHK
Chennai,Thiruvanmiyur,3,1200,3013000,2510.8333333333335,3 BHK
Chennai,Thoraipakkam,3,1700,3129000,1840.5882352941176,3 BHK
Chennai,Guduvancheri,2,861,3153000,3662.020905923345,2 BHK
Chennai,Guduvancheri,2,894,3500000,3914.9888143176736,2 BHK
Chennai,Guduvancheri,2,901,3500000,3884.5726970033297,2 BHK
Chennai,Guduvancheri,2,1000,4791000,4791.0,2 BHK
Chennai,Guduvancheri,2,1000,3536000,3536.0,2 BHK
Chennai,Sembakkam,2,848,2118000,2497.6415094339623,2 BHK
Chennai,Selaiyur,2,943,3150000,3340.402969247084,2 BHK
Chennai,Selaiyur,1,565,2988000,5288.495575221239,1 BHK
Chennai,Selaiyur,2,840,6720000,8000.0,2 BHK
Chennai,Selaiyur,2,797,4513000,5662.484316185696,2 BHK
Chennai,Chromepet,3,1120,3490999,3116.963392857143,3 BHK
Chennai,Chromepet,2,868,3285000,3784.5622119815666,2 BHK
Chennai,Selaiyur,2,930,16500000,17741.935483870966,2 BHK
Chennai,Selaiyur,2,876,4829000,5512.557077625571,2 BHK
Chennai,Thiruverkadu,3,1610,16500000,10248.447204968945,3 BHK
Chennai,Vengambakkam,3,1271,8200000,6451.612903225807,3 BHK
Chennai,Pallikaranai,4,2691,24200000,8992.939427722036,4 BHK
Chennai,Pallikaranai,2,1255,24600000,19601.593625498008,2 BHK
Chennai,Thiruvanmiyur,3,1938,23300000,12022.703818369453,3 BHK
Chennai,Thiruvanmiyur,3,1970,17800000,9035.532994923858,3 BHK
Chennai,Thiruvanmiyur,3,1871,22799999,12185.996258685194,3 BHK
Chennai,Thiruvanmiyur,2,1431,16500000,11530.398322851153,2 BHK
Chennai,Thiruvanmiyur,3,1831,4829000,2637.3566357181867,3 BHK
Chennai,Thiruverkadu,3,1610,3188000,1980.1242236024846,3 BHK
Chennai,Vengambakkam,3,1271,2572000,2023.60346184107,3 BHK
Chennai,Vengambakkam,2,839,6655000,7932.0619785458875,2 BHK
Chennai,Vengambakkam,1,677,5050000,7459.379615952733,1 BHK
Chennai,Selaiyur,3,1331,4605000,3459.8046581517656,3 BHK
Chennai,Selaiyur,2,970,2650000,2731.958762886598,2 BHK
Chennai,Selaiyur,2,881,6096000,6919.409761634506,2 BHK
Chennai,Selaiyur,1,531,5108000,9619.585687382298,1 BHK
Chennai,Madambakkam,3,1183,4810000,4065.934065934066,3 BHK
Chennai,Madambakkam,2,961,4469000,4650.364203954215,2 BHK
Chennai,Madambakkam,2,900,4963000,5514.444444444444,2 BHK
Chennai,Madambakkam,2,851,4728000,5555.816686251469,2 BHK
Chennai,Madambakkam,3,1201,3719000,3096.586178184846,3 BHK
Chennai,Madambakkam,3,1139,6884999,6044.775241439859,3 BHK
Chennai,Madambakkam,2,864,6258000,7243.055555555556,2 BHK
Chennai,Rajakilpakkam,3,1275,5076000,3981.176470588235,3 BHK
Chennai,Rajakilpakkam,3,1159,4692000,4048.3175150992233,3 BHK
Chennai,Rajakilpakkam,2,940,4325000,4601.063829787234,2 BHK
Chennai,Rajakilpakkam,2,869,6385000,7347.5258918296895,2 BHK
Chennai,Rajakilpakkam,2,801,6011000,7504.369538077403,2 BHK
Chennai,Sembakkam,3,1161,6011000,5177.433247200689,3 BHK
Chennai,Sembakkam,3,1093,5027000,4599.268069533395,3 BHK
Chennai,Sembakkam,2,931,3667000,3938.7755102040815,2 BHK
Chennai,Sembakkam,2,931,3021000,3244.8979591836733,2 BHK
Chennai,Madambakkam,2,965,2382000,2468.39378238342,2 BHK
Chennai,Madambakkam,2,795,3700000,4654.088050314465,2 BHK
Chennai,Agaramthen,1,627,3650000,5821.371610845295,1 BHK
Chennai,Avadi,2,850,3600000,4235.294117647059,2 BHK
Chennai,Avadi,2,850,39800000,46823.529411764706,2 BHK
Chennai,Egmore,4,3055,3650000,1194.7626841243862,4 BHK
Chennai,Egmore,4,2655,3600000,1355.9322033898304,4 BHK
Chennai,Egmore,4,3055,29600000,9689.034369885434,4 BHK
Chennai,Egmore,4,2655,21200000,7984.934086629002,4 BHK
Chennai,Egmore,3,1975,42600000,21569.620253164558,3 BHK
Chennai,Egmore,3,1415,18500000,13074.204946996466,3 BHK
Chennai,Egmore,4,2840,38300000,13485.915492957747,4 BHK
Chennai,Egmore,2,1325,24900000,18792.45283018868,2 BHK
Chennai,Egmore,4,2555,56100000,21956.947162426615,4 BHK
Chennai,Egmore,3,1660,52600000,31686.746987951807,3 BHK
Chennai,Raja Annamalai Puram,3,2610,75700000,29003.831417624522,3 BHK
Chennai,Raja Annamalai Puram,3,2450,48400000,19755.102040816328,3 BHK
Chennai,Raja Annamalai Puram,4,3225,51600000,16000.0,4 BHK
Chennai,Raja Annamalai Puram,3,2255,47300000,20975.60975609756,3 BHK
Chennai,Raja Annamalai Puram,3,2400,16700000,6958.333333333333,3 BHK
Chennai,Raja Annamalai Puram,3,2200,18200000,8272.727272727272,3 BHK
Chennai,Korattur,3,2226,17900000,8041.329739442947,3 BHK
Chennai,Korattur,3,2436,9764000,4008.210180623974,3 BHK
Chennai,Korattur,3,2392,6200000,2591.9732441471574,3 BHK
Chennai,Korattur,3,1336,18100000,13547.904191616766,3 BHK
Chennai,Thoraipakkam OMR,2,708,6400000,9039.54802259887,2 BHK
Chennai,Thoraipakkam OMR,3,1720,16100000,9360.46511627907,3 BHK
Chennai,Thoraipakkam OMR,2,734,16700000,22752.043596730244,2 BHK
Chennai,Thoraipakkam OMR,2,1576,13400000,8502.53807106599,2 BHK
Chennai,Thoraipakkam OMR,2,1636,3490999,2133.8624694376526,2 BHK
Chennai,Thoraipakkam OMR,2,1296,3285000,2534.722222222222,2 BHK
Chennai,Selaiyur,2,930,3619000,3891.3978494623657,2 BHK
Chennai,Selaiyur,2,876,2835000,3236.301369863014,2 BHK
Chennai,Madambakkam,2,742,8500000,11455.525606469002,2 BHK
Chennai,Madambakkam,1,654,3415000,5221.712538226299,1 BHK
Chennai,Madipakkam,3,1620,3500000,2160.4938271604938,3 BHK
Chennai,Sithalapakkam,2,833,7500000,9003.60144057623,2 BHK
Chennai,Keelma Nagar,1,545,4438000,8143.119266055046,1 BHK
Chennai,Velachery,2,1000,4114000,4114.0,2 BHK
Chennai,Medavakkam,2,822,4114000,5004.866180048662,2 BHK
Chennai,Medavakkam,2,763,3618000,4741.808650065531,2 BHK
Chennai,Medavakkam,2,763,7441000,9752.29357798165,2 BHK
Chennai,Medavakkam,1,670,7441000,11105.970149253732,1 BHK
Chennai,Madipakkam,3,1378,6647000,4823.657474600871,3 BHK
Chennai,Madipakkam,3,1378,6296000,4568.9404934687955,3 BHK
Chennai,Madipakkam,3,1231,5783000,4697.806661251016,3 BHK
Chennai,Madipakkam,2,1166,5157000,4422.813036020583,2 BHK
Chennai,Madipakkam,2,1071,4860000,4537.81512605042,2 BHK
Chennai,Madipakkam,2,955,4676000,4896.335078534032,2 BHK
Chennai,Madipakkam,2,900,4692000,5213.333333333333,2 BHK
Chennai,Madipakkam,2,866,4692000,5418.013856812933,2 BHK
Chennai,Perumbakkam,3,1173,4240000,3614.6632566069907,3 BHK
Chennai,Perumbakkam,3,1173,5781000,4928.388746803069,3 BHK
Chennai,Vengaivasal,3,1060,5273000,4974.528301886792,3 BHK
Chennai,Pallikaranai,3,1230,4700000,3821.1382113821137,3 BHK
Chennai,Pallikaranai,3,1122,4535000,4041.8894830659538,3 BHK
Chennai,Pallikaranai,2,1000,4186999,4186.999,2 BHK
Chennai,Pallikaranai,2,965,3904999,4046.6310880829014,2 BHK
Chennai,Pallikaranai,2,891,4331000,4860.830527497194,2 BHK
Chennai,Pallikaranai,2,831,7559999,9097.471720818292,2 BHK
Chennai,Kovilambakkam,2,833,7128000,8557.02280912365,2 BHK
Chennai,Medavakkam,3,1400,6318000,4512.857142857143,3 BHK
Chennai,Medavakkam,3,1320,5508000,4172.727272727273,3 BHK
Chennai,Medavakkam,3,1170,5335000,4559.82905982906,3 BHK
Chennai,Medavakkam,3,1020,4822000,4727.450980392156,3 BHK
Chennai,Medavakkam,2,988,5872000,5943.31983805668,2 BHK
Chennai,Medavakkam,2,893,5482000,6138.85778275476,2 BHK
Chennai,Sunnambu Kolathur S Kolathur,3,1263,5017000,3972.2882026920033,3 BHK
Chennai,Sunnambu Kolathur S Kolathur,3,1179,3864000,3277.35368956743,3 BHK
Chennai,Sunnambu Kolathur S Kolathur,3,1079,3332000,3088.044485634847,3 BHK
Chennai,Perumbakkam,2,966,4580000,4741.20082815735,2 BHK
Chennai,Vengaivasal,2,833,2188000,2626.6506602641057,2 BHK
Chennai,Sunnambu Kolathur S Kolathur,2,985,4491000,4559.390862944162,2 BHK
Chennai,Perumbakkam,1,522,5372000,10291.187739463601,1 BHK
Chennai,Sunnambu Kolathur S Kolathur,2,966,4143000,4288.819875776398,2 BHK
Chennai,Medavakkam,3,1221,4840000,3963.963963963964,3 BHK
Chennai,Sunnambu Kolathur S Kolathur,2,891,4589000,5150.392817059484,2 BHK
Chennai,Medavakkam,3,1100,4003000,3639.090909090909,3 BHK
Chennai,Medavakkam,2,1043,4331000,4152.444870565676,2 BHK
Chennai,Sunnambu Kolathur S Kolathur,2,861,4061000,4716.608594657375,2 BHK
Chennai,Kovilambakkam,2,833,3744000,4494.597839135654,2 BHK
Chennai,Medavakkam,2,923,3392000,3674.972914409534,2 BHK
Chennai,Medavakkam,2,851,2952000,3468.8601645123385,2 BHK
Chennai,Medavakkam,2,771,2503000,3246.4332036316473,2 BHK
Chennai,Medavakkam,2,671,5145000,7667.660208643815,2 BHK
Chennai,Medavakkam,1,569,4918000,8643.23374340949,1 BHK
Chennai,Nanmangalam,3,1225,4481000,3657.9591836734694,3 BHK
Chennai,Nanmangalam,3,1171,4136999,3532.8770281810416,3 BHK
Chennai,Nanmangalam,3,1067,3876000,3632.61480787254,3 BHK
Chennai,Nanmangalam,2,985,3636999,3692.384771573604,2 BHK
Chennai,Nanmangalam,2,923,3313000,3589.382448537378,2 BHK
Chennai,Nanmangalam,2,866,2352000,2715.935334872979,2 BHK
Chennai,Nanmangalam,2,789,6139000,7780.735107731305,2 BHK
Chennai,Nanmangalam,1,560,7051000,12591.07142857143,1 BHK
Chennai,Korattur,2,1253,5327000,4251.3966480446925,2 BHK
Chennai,Korattur,3,1439,4000000,2779.708130646282,3 BHK
Chennai,Medavakkam,2,943,4200000,4453.870625662778,2 BHK
Chennai,Avadi,2,935,31500000,33689.83957219251,2 BHK
Chennai,Gerugambakkam,2,910,3415000,3752.747252747253,2 BHK
Chennai,Egmore,3,1850,3152000,1703.7837837837837,3 BHK
Chennai,Sithalapakkam,2,833,3152000,3783.9135654261704,2 BHK
Chennai,Sithalapakkam,2,769,4784000,6221.066319895969,2 BHK
Chennai,Kovilambakkam,2,920,4784000,5200.0,2 BHK
Chennai,Kovilambakkam,2,920,4518000,4910.869565217391,2 BHK
Chennai,Kovilambakkam,2,869,4331000,4983.8895281933255,2 BHK
Chennai,Kovilambakkam,2,833,4331000,5199.279711884754,2 BHK
Chennai,Kovilambakkam,2,833,5202000,6244.897959183673,2 BHK
Chennai,Kovilambakkam,2,833,4797000,5758.703481392557,2 BHK
Chennai,Sithalapakkam,3,1269,4797000,3780.1418439716313,3 BHK
Chennai,Sithalapakkam,3,1170,4797000,4100.0,3 BHK
Chennai,Sithalapakkam,3,1170,4485000,3833.3333333333335,3 BHK
Chennai,Sithalapakkam,3,1094,4485000,4099.6343692870205,3 BHK
Chennai,Sithalapakkam,3,1094,4067000,3717.5502742230346,3 BHK
Chennai,Sithalapakkam,3,1094,3772000,3447.897623400366,3 BHK
Chennai,Sithalapakkam,2,992,3561999,3590.7247983870966,2 BHK
Chennai,Sithalapakkam,2,920,5319000,5781.521739130435,2 BHK
Chennai,Sithalapakkam,2,869,5319000,6120.828538550058,2 BHK
Chennai,Kovilambakkam,3,1023,5038000,4924.731182795699,3 BHK
Chennai,Kovilambakkam,3,1023,5900000,5767.350928641251,3 BHK
Chennai,Kovilambakkam,2,969,4500000,4643.962848297214,2 BHK
Chennai,Sholinganallur,2,1175,5850000,4978.723404255319,2 BHK
Chennai,Kundrathur,2,909,8200000,9020.902090209021,2 BHK
Chennai,Sholinganallur,3,1155,4118000,3565.3679653679656,3 BHK
Chennai,Porur,3,1400,3897999,2784.285,3 BHK
Chennai,Perungalathur,2,936,2613000,2791.6666666666665,2 BHK
Chennai,Perungalathur,2,886,4237000,4782.16704288939,2 BHK
Chennai,Perungalathur,2,594,15500000,26094.276094276094,2 BHK
Chennai,Perungalathur,2,963,15900000,16510.903426791276,2 BHK
Chennai,Valasaravakkam,3,1548,15600000,10077.519379844962,3 BHK
Chennai,Valasaravakkam,3,1591,15700000,9868.007542426147,3 BHK
Chennai,Valasaravakkam,3,1563,6000000,3838.7715930902114,3 BHK
Chennai,Valasaravakkam,3,1568,8108000,5170.918367346939,3 BHK
Chennai,Velachery,2,887,17600000,19842.16459977452,2 BHK
Chennai,Pallikaranai,2,1243,17600000,14159.29203539823,2 BHK
Chennai,Pallikaranai,4,2712,12600000,4646.017699115044,4 BHK
Chennai,Pallikaranai,4,2712,12000000,4424.778761061947,4 BHK
Chennai,Pallikaranai,3,1944,16500000,8487.654320987655,3 BHK
Chennai,Pallikaranai,3,1922,8200000,4266.389177939646,3 BHK
Chennai,Pallikaranai,4,2691,21400000,7952.434039390561,4 BHK
Chennai,Pallikaranai,2,1255,25400000,20239.043824701195,2 BHK
Chennai,Egmore,3,1341,24400000,18195.37658463833,3 BHK
Chennai,Egmore,3,1591,5600000,3519.7988686360777,3 BHK
Chennai,Egmore,3,1526,10000000,6553.07994757536,3 BHK
Chennai,Pallikaranai,2,830,10000000,12048.192771084337,2 BHK
Chennai,Madipakkam,3,1385,7800000,5631.768953068592,3 BHK
Chennai,Kilkattalai,3,1450,10000000,6896.551724137931,3 BHK
Chennai,Adambakkam,2,956,6681999,6989.53870292887,2 BHK
Chennai,Madipakkam,3,1385,5350000,3862.8158844765344,3 BHK
Chennai,Kovilambakkam,3,1285,5000000,3891.0505836575876,3 BHK
Chennai,Kovilambakkam,2,1028,5000000,4863.813229571984,2 BHK
Chennai,Ottiyambakkam,3,1250,5100000,4080.0,3 BHK
Chennai,Madipakkam,2,823,5282000,6417.982989064399,2 BHK
Chennai,Madipakkam,2,841,13400000,15933.412604042805,2 BHK
Chennai,Kilkattalai,2,915,14300000,15628.415300546449,2 BHK
Chennai,Velachery,3,1536,12900000,8398.4375,3 BHK
Chennai,Velachery,3,1639,10600000,6467.3581452104945,3 BHK
Chennai,Velachery,3,1475,13799999,9355.931525423728,3 BHK
Chennai,Velachery,2,1217,10000000,8216.926869350862,2 BHK
Chennai,Velachery,3,1582,10700000,6763.590391908976,3 BHK
Chennai,Velachery,2,1147,14000000,12205.754141238012,2 BHK
Chennai,Velachery,2,1234,9625000,7799.837925445705,2 BHK
Chennai,Velachery,3,1600,4920000,3075.0,3 BHK
Chennai,Velachery,2,1100,3675000,3340.909090909091,2 BHK
Chennai,Saidapet,2,615,3675000,5975.609756097561,2 BHK
Chennai,Medavakkam,2,750,6125000,8166.666666666667,2 BHK
Chennai,Medavakkam,2,755,5330000,7059.602649006622,2 BHK
Chennai,Perumbakkam,3,1263,4214000,3336.500395882819,3 BHK
Chennai,Perumbakkam,3,1099,3854999,3507.7333939945406,3 BHK
Chennai,Perumbakkam,2,869,5854000,6736.478711162255,2 BHK
Chennai,Perumbakkam,2,795,2570000,3232.7044025157234,2 BHK
Chennai,Madambakkam,3,1140,6018000,5278.9473684210525,3 BHK
Chennai,Perumbakkam,1,530,5999000,11318.867924528302,1 BHK
Chennai,Madambakkam,3,1180,4299000,3643.2203389830506,3 BHK
Chennai,Madambakkam,3,1180,3245000,2750.0,3 BHK
Chennai,Kovur,2,1108,2867000,2587.5451263537907,2 BHK
Chennai,Kovur,2,824,3045000,3695.3883495145633,2 BHK
Chennai,Kovur,2,721,3247999,4504.852981969487,2 BHK
Chennai,Kovur,2,769,8084000,10512.353706111833,2 BHK
Chennai,Kovur,2,824,2605000,3161.4077669902913,2 BHK
Chennai,Porur,2,1304,2605000,1997.6993865030674,2 BHK
Chennai,Kattupakkam,1,521,2495000,4788.867562380038,1 BHK
Chennai,Kattupakkam,1,521,4564000,8760.076775431862,1 BHK
Chennai,Kattupakkam,1,499,6100000,12224.448897795592,1 BHK
Chennai,Mogappair,2,815,6363000,7807.361963190184,2 BHK
Chennai,Maduravoyal,2,1019,3750000,3680.078508341511,2 BHK
Chennai,Maduravoyal,2,1010,3267000,3234.6534653465346,2 BHK
Chennai,Thoraipakkam,1,670,2573000,3840.2985074626868,1 BHK
Chennai,Kattankulathur,2,989,12100000,12234.580384226492,2 BHK
Chennai,Guduvancheri,2,780,5712000,7323.076923076923,2 BHK
Chennai,Palavakkam,3,1600,4163000,2601.875,3 BHK
Chennai,Thoraipakkam,2,1020,3250000,3186.274509803922,2 BHK
Chennai,Maraimalai Nagar,3,1225,4250000,3469.387755102041,3 BHK
Chennai,Maraimalai Nagar,2,985,7000000,7106.598984771574,2 BHK
Chennai,Porur,2,850,10500000,12352.941176470587,2 BHK
Chennai,Maduravoyal,3,1400,9000000,6428.571428571428,3 BHK
Chennai,Vettuvankani,3,1600,28200000,17625.0,3 BHK
Chennai,Palavakkam,3,1200,31100000,25916.666666666668,3 BHK
Chennai,Nungambakkam,3,1885,4900000,2599.46949602122,3 BHK
Chennai,Adyar,3,1500,36000000,24000.0,3 BHK
Chennai,Porur,2,876,36000000,41095.890410958906,2 BHK
Chennai,Raja Annamalai Puram,3,2777,36000000,12963.629816348577,3 BHK
Chennai,Raja Annamalai Puram,3,2777,3752000,1351.0983075261074,3 BHK
Chennai,Alwarpet,3,2777,4564000,1643.5001800504142,3 BHK
Chennai,Maduravoyal,2,815,28300000,34723.926380368095,2 BHK
Chennai,Nungambakkam,4,2652,11200000,4223.227752639517,4 BHK
Chennai,Nungambakkam,3,1885,12600000,6684.350132625995,3 BHK
Chennai,Kottivakkam,3,1600,6200000,3875.0,3 BHK
Chennai,Kottivakkam,3,1800,3180000,1766.6666666666667,3 BHK
Chennai,Maduravoyal,2,1019,4272000,4192.34543670265,2 BHK
Chennai,Maraimalai Nagar,2,966,4299000,4450.310559006211,2 BHK
Chennai,Medavakkam,2,890,3650000,4101.123595505618,2 BHK
Chennai,Kovilambakkam,2,920,4237000,4605.434782608696,2 BHK
Chennai,Vellakkal,2,745,4953000,6648.322147651007,2 BHK
Chennai,Medavakkam,2,800,4953000,6191.25,2 BHK
Chennai,Nanmangalam,2,1032,4432000,4294.573643410853,2 BHK
Chennai,Nanmangalam,2,1032,4704000,4558.139534883721,2 BHK
Chennai,Sithalapakkam,3,1108,5690000,5135.379061371841,3 BHK
Chennai,Medavakkam,2,980,5690000,5806.122448979592,2 BHK
Chennai,Kil Ayanambakkam,3,1211,5500000,4541.701073492981,3 BHK
Chennai,Kil Ayanambakkam,3,1211,5088000,4201.486374896779,3 BHK
Chennai,Ponniammanmedu,2,960,5088000,5300.0,2 BHK
Chennai,Medavakkam,3,1060,2500000,2358.490566037736,3 BHK
Chennai,Medavakkam,3,1060,4075000,3844.3396226415093,3 BHK
Chennai,Selaiyur,1,523,5040000,9636.711281070746,1 BHK
Chennai,Medavakkam,2,849,4372000,5149.587750294464,2 BHK
Chennai,Kovilambakkam,3,1050,4705000,4480.952380952381,3 BHK
Chennai,Nanmangalam,2,911,3270000,3589.4621295279912,2 BHK
Chennai,Ambattur,2,886,7108000,8022.573363431151,2 BHK
Chennai,Pammal,2,711,4705000,6617.440225035161,2 BHK
Chennai,Kanathur Reddikuppam,3,1481,4300000,2903.4436191762325,3 BHK
Chennai,Ambattur,2,886,5550000,6264.10835214447,2 BHK
Chennai,Pozhichalur,2,1000,5775000,5775.0,2 BHK
Chennai,Velachery,2,960,6286000,6547.916666666667,2 BHK
Chennai,Porur,2,808,5775000,7147.277227722772,2 BHK
Chennai,Porur,2,882,3808000,4317.460317460317,2 BHK
Chennai,Porur,2,808,6286000,7779.702970297029,2 BHK
Chennai,Porur,1,523,6286000,12019.120458891013,1 BHK
Chennai,Porur,2,882,5940000,6734.693877551021,2 BHK
Chennai,Porur,2,882,5460000,6190.476190476191,2 BHK
Chennai,Chromepet,2,990,5104000,5155.555555555556,2 BHK
Chennai,Chromepet,2,910,7320000,8043.956043956044,2 BHK
Chennai,Chromepet,2,880,3159000,3589.7727272727275,2 BHK
Chennai,Chromepet,3,1220,5600000,4590.163934426229,3 BHK
Chennai,Anakaputhur,2,880,6600000,7500.0,2 BHK
Chennai,Ambattur,3,1185,5160000,4354.430379746836,3 BHK
Chennai,Chromepet,3,1100,4240000,3854.5454545454545,3 BHK
Chennai,Chromepet,2,860,4083000,4747.674418604651,2 BHK
Chennai,Selaiyur,2,833,2070000,2484.9939975990396,2 BHK
Chennai,Selaiyur,2,780,2840000,3641.025641025641,2 BHK
Chennai,Pammal,1,450,2840000,6311.111111111111,1 BHK
Chennai,Kundrathur,2,789,6512000,8253.485424588087,2 BHK
Chennai,Kundrathur,2,789,6099000,7730.038022813688,2 BHK
Chennai,Madambakkam,3,1371,3800000,2771.6994894237782,3 BHK
Chennai,Madambakkam,3,1263,5424000,4294.536817102137,3 BHK
Chennai,Kundrathur,3,1168,5050000,4323.630136986301,3 BHK
Chennai,Madambakkam,2,1142,6900000,6042.031523642732,2 BHK
Chennai,Madambakkam,2,1000,6255000,6255.0,2 BHK
Chennai,Pallavaram,3,1453,5846000,4023.399862353751,3 BHK
Chennai,Ayapakkam,3,1331,5705000,4286.2509391435015,3 BHK
Chennai,Ayapakkam,3,1244,5691000,4574.75884244373,3 BHK
Chennai,Ayapakkam,3,1214,5597000,4610.378912685338,3 BHK
Chennai,Ayapakkam,3,1211,5500000,4541.701073492981,3 BHK
Chennai,Ayapakkam,3,1191,2707000,2272.879932829555,3 BHK
Chennai,Ambattur,3,1183,2707000,2288.2502113271344,3 BHK
Chennai,Pammal,2,752,7113000,9458.77659574468,2 BHK
Chennai,Pammal,2,752,2930000,3896.276595744681,2 BHK
Chennai,Kolathur,2,1355,6698999,4943.910701107011,2 BHK
Chennai,Pammal,2,637,5200000,8163.265306122449,2 BHK
Chennai,Kolathur,2,1276,46100000,36128.526645768026,2 BHK
Chennai,Pozhichalur,3,1200,4000000,3333.3333333333335,3 BHK
Chennai,Egmore,3,2882,3400000,1179.736294240111,3 BHK
Chennai,Madambakkam,2,912,6344000,6956.140350877193,2 BHK
Chennai,Selaiyur,1,627,4794000,7645.933014354067,1 BHK
Chennai,Sunnambu Kolathur S Kolathur,3,1220,14200000,11639.344262295082,3 BHK
Chennai,Sunnambu Kolathur S Kolathur,2,922,3159000,3426.247288503254,2 BHK
Chennai,Sunnambu Kolathur S Kolathur,1,560,3159000,5641.071428571428,1 BHK
Chennai,Velachery,3,1801,2240000,1243.753470294281,3 BHK
Chennai,Anakaputhur,2,854,4165000,4877.049180327869,2 BHK
Chennai,Anakaputhur,2,854,16900000,19789.227166276345,2 BHK
Chennai,Kolathur,4,3234,13700000,4236.239950525664,4 BHK
Chennai,Nungambakkam,5,3826,96900000,25326.711970726607,5+ BHK
Chennai,Thoraipakkam OMR,3,1720,14100000,8197.67441860465,3 BHK
Chennai,Nungambakkam,4,3800,9741000,2563.4210526315787,4 BHK
Chennai,Nungambakkam,4,3800,35500000,9342.105263157895,4 BHK
Chennai,Sholinganallur,3,1889,34800000,18422.44573848597,3 BHK
Chennai,Perungudi,3,1584,4564000,2881.313131313131,3 BHK
Chennai,Sholinganallur,4,4736,4564000,963.6824324324324,4 BHK
Chennai,Sholinganallur,4,4643,8400000,1809.1751023045445,4 BHK
Chennai,Vanagaram,2,815,8400000,10306.748466257668,2 BHK
Chennai,Vanagaram,2,815,13700000,16809.815950920245,2 BHK
Chennai,Porur,3,1529,16700000,10922.17135382603,3 BHK
Chennai,Maduravoyal,3,1529,51600000,33747.547416612164,3 BHK
Chennai,Thoraipakkam OMR,3,1720,35500000,20639.53488372093,3 BHK
Chennai,Sholinganallur,3,2229,8474000,3801.7048003589052,3 BHK
Chennai,Alwarpet,3,2348,13700000,5834.752981260647,3 BHK
Chennai,Sholinganallur,4,4736,3200000,675.6756756756756,4 BHK
Chennai,Ayanambakkam,3,1599,4000000,2501.5634771732334,3 BHK
Chennai,Thoraipakkam OMR,3,1720,8400000,4883.720930232558,3 BHK
Chennai,Perungalathur,2,832,4978000,5983.173076923077,2 BHK
Chennai,Selaiyur,2,980,9246000,9434.69387755102,2 BHK
Chennai,Maduravoyal,3,1529,8056999,5269.456507521256,3 BHK
Chennai,Ambattur INDUSTRIAL ESTATE,3,889,7678000,8636.670416197976,3 BHK
Chennai,Porur,3,1745,8798000,5041.833810888252,3 BHK
Chennai,Manapakkam,3,1465,3500000,2389.078498293515,3 BHK
Chennai,Madipakkam,3,1396,6344000,4544.412607449856,3 BHK
Chennai,Mogappair,3,1375,4794000,3486.5454545454545,3 BHK
Chennai,Perumbakkam,2,855,2912000,3405.847953216374,2 BHK
Chennai,Sunnambu Kolathur S Kolathur,3,1220,14100000,11557.377049180328,3 BHK
Chennai,Sunnambu Kolathur S Kolathur,2,922,8084000,8767.895878524945,2 BHK
Chennai,Sunnambu Kolathur S Kolathur,1,560,13700000,24464.285714285714,1 BHK
Chennai,Sholinganallur,3,1889,7113000,3765.4843832715724,3 BHK
Chennai,Porur,3,1304,20200000,15490.79754601227,3 BHK
Chennai,Thoraipakkam OMR,3,1720,7113000,4135.46511627907,3 BHK
Chennai,Velappanchavadi,3,1395,8145000,5838.709677419355,3 BHK
Chennai,Egmore,3,1263,7113000,5631.828978622328,3 BHK
Chennai,Velappanchavadi,3,1395,21100000,15125.448028673834,3 BHK
Chennai,Porur,2,1086,6344000,5841.620626151013,2 BHK
Chennai,Velappanchavadi,3,1395,5100000,3655.9139784946237,3 BHK
Chennai,Anna Nagar,3,1565,4579000,2925.8785942492013,3 BHK
Chennai,Ayanambakkam,2,1197,2800000,2339.1812865497077,2 BHK
Chennai,Selaiyur,2,956,7358000,7696.652719665272,2 BHK
Chennai,Selaiyur,2,864,3311999,3833.332175925926,2 BHK
Chennai,Selaiyur,1,521,10400000,19961.6122840691,1 BHK
Chennai,Poonamallee,3,1189,8145000,6850.294365012615,3 BHK
Chennai,Royapuram,2,1165,6360000,5459.227467811159,2 BHK
Chennai,Porur,2,1086,8478000,7806.629834254144,2 BHK
Chennai,Alwarpet,4,2781,7367000,2649.047105357785,4 BHK
Chennai,Madhavaram,2,1339,9557000,7137.415982076176,2 BHK
Chennai,Madhavaram,3,1785,6698999,3752.9406162464984,3 BHK
Chennai,Perungudi,2,1198,7375000,6156.093489148581,2 BHK
Chennai,Perungudi,3,1554,3350000,2155.7271557271556,3 BHK
Chennai,Kolathur,2,1276,3500000,2742.94670846395,2 BHK
Chennai,Kattupakkam,3,1172,5300000,4522.184300341297,3 BHK
Chennai,Kattupakkam,1,551,6500000,11796.733212341198,1 BHK
Chennai,Porur,1,522,3700000,7088.122605363985,1 BHK
Chennai,Selaiyur,3,1060,4000000,3773.5849056603774,3 BHK
Chennai,Guduvancheri,2,1600,5951000,3719.375,2 BHK
Chennai,Selaiyur,2,739,2455000,3322.056833558863,2 BHK
Chennai,Perumbakkam,2,790,7104000,8992.405063291139,2 BHK
Chennai,Madhavaram,2,1253,8740000,6975.259377494014,2 BHK
Chennai,Kanathur Reddikuppam,2,1480,54500000,36824.32432432433,2 BHK
Chennai,Kanathur Reddikuppam,3,1821,6716000,3688.0834706205383,3 BHK
Chennai,Thiruvanmiyur,3,1975,6739000,3412.1518987341774,3 BHK
Chennai,Nungambakkam,3,2599,13899999,5348.210465563679,3 BHK
Chennai,Velappanchavadi,3,1414,7386000,5223.479490806223,3 BHK
Chennai,Ambattur,3,1498,8145000,5437.249666221629,3 BHK
Chennai,Sholinganallur,3,1856,5500000,2963.362068965517,3 BHK
Chennai,Madhavaram,3,1555,5000000,3215.434083601286,3 BHK
Chennai,Porur,2,1086,4800000,4419.889502762431,2 BHK
Chennai,Selaiyur,3,1021,5780000,5661.116552399608,3 BHK
Chennai,Selaiyur,2,991,6552000,6611.503531786075,2 BHK
Chennai,Selaiyur,2,921,6550000,7111.834961997828,2 BHK
Chennai,Madambakkam,2,1100,6050000,5500.0,2 BHK
Chennai,Madambakkam,3,1240,6798000,5482.258064516129,3 BHK
Chennai,Madambakkam,3,1250,6010000,4808.0,3 BHK
Chennai,Madambakkam,3,1150,5898000,5128.695652173913,3 BHK
Chennai,Sembakkam,3,1269,5015000,3951.930654058314,3 BHK
Chennai,Sembakkam,3,1135,4653000,4099.559471365639,3 BHK
Chennai,Sembakkam,3,1115,7459999,6690.582062780269,3 BHK
Chennai,Rajakilpakkam,2,926,6473999,6991.359611231102,2 BHK
Chennai,Rajakilpakkam,2,818,6242000,7630.80684596577,2 BHK
Chennai,tambaram west,3,1200,5860000,4883.333333333333,3 BHK
Chennai,tambaram west,2,1030,6350000,6165.0485436893205,2 BHK
Chennai,tambaram west,2,990,6230000,6292.929292929293,2 BHK
Chennai,tambaram west,2,930,5200000,5591.397849462365,2 BHK
Chennai,Selaiyur,3,1210,5380000,4446.280991735537,3 BHK
Chennai,Selaiyur,3,1150,4850000,4217.391304347826,3 BHK
Chennai,Selaiyur,2,1010,8050000,7970.297029702971,2 BHK
Chennai,Selaiyur,2,960,7630000,7947.916666666667,2 BHK
Chennai,Selaiyur,2,844,6886000,8158.767772511848,2 BHK
Chennai,Tambaram Sanatoruim,3,1250,6886000,5508.8,3 BHK
Chennai,Tambaram Sanatoruim,3,1150,6576000,5718.260869565217,3 BHK
Chennai,Tambaram Sanatoruim,2,1030,6066000,5889.320388349514,2 BHK
Chennai,Tambaram Sanatoruim,2,1030,7419000,7202.9126213592235,2 BHK
Chennai,Tambaram Sanatoruim,2,980,7666000,7822.448979591837,2 BHK
Chennai,Tambaram Sanatoruim,2,930,6300000,6774.193548387097,2 BHK
Chennai,Madhavaram,3,1562,5200000,3329.0653008962868,3 BHK
Chennai,Madhavaram,3,1614,7859999,4869.887856257745,3 BHK
Chennai,Pammal,3,1220,13000000,10655.737704918032,3 BHK
Chennai,Pammal,3,1200,17100000,14250.0,3 BHK
Chennai,Chromepet,3,1240,12400000,10000.0,3 BHK
Chennai,Mogappair,3,1970,9226000,4683.248730964467,3 BHK
Chennai,Mogappair,4,2580,12200000,4728.6821705426355,4 BHK
Chennai,Mogappair,3,1880,7900000,4202.127659574468,3 BHK
Chennai,Mogappair,3,1390,8430000,6064.748201438849,3 BHK
Chennai,Mogappair,3,1850,6628000,3582.7027027027025,3 BHK
Chennai,Mogappair,2,1190,6534000,5490.756302521008,2 BHK
Chennai,Mogappair,2,1270,6534000,5144.881889763779,2 BHK
Chennai,Selaiyur,3,1217,5712000,4693.5086277732125,3 BHK
Chennai,Selaiyur,3,1199,5474000,4565.471226021685,3 BHK
Chennai,Selaiyur,3,1199,5271000,4396.163469557965,3 BHK
Chennai,Selaiyur,3,1060,4692000,4426.415094339623,3 BHK
Chennai,Selaiyur,2,995,3019000,3034.170854271357,2 BHK
Chennai,Selaiyur,2,956,5250000,5491.6317991631795,2 BHK
Chennai,Selaiyur,2,864,4800000,5555.555555555556,2 BHK
Chennai,Selaiyur,1,521,2850000,5470.249520153551,1 BHK
Chennai,Selaiyur,2,990,7065000,7136.363636363636,2 BHK
Chennai,Selaiyur,2,920,6422000,6980.434782608696,2 BHK
Chennai,Selaiyur,1,490,5872000,11983.673469387755,1 BHK
Chennai,Selaiyur,3,1395,5384000,3859.4982078853045,3 BHK
Chennai,Selaiyur,3,1283,4991000,3890.1013250194856,3 BHK
Chennai,Selaiyur,3,1149,4812000,4187.98955613577,3 BHK
Chennai,Selaiyur,2,1069,4665000,4363.891487371375,2 BHK
Chennai,Selaiyur,2,988,7433000,7523.27935222672,2 BHK
Chennai,Selaiyur,2,951,6131000,6446.898002103049,2 BHK
Chennai,Selaiyur,2,900,7666000,8517.777777777777,2 BHK
Chennai,Rajakilpakkam,3,1297,6300000,4857.363145720894,3 BHK
Chennai,Rajakilpakkam,3,1060,5200000,4905.66037735849,3 BHK
Chennai,Pammal,3,1220,5243000,4297.540983606557,3 BHK
Chennai,Pammal,3,1200,4165000,3470.8333333333335,3 BHK
Chennai,Chromepet,3,1240,5045000,4068.548387096774,3 BHK
Chennai,Pammal,3,1070,5049000,4718.691588785046,3 BHK
Chennai,Pammal,2,850,4949000,5822.35294117647,2 BHK
Chennai,Perumbakkam,2,1120,7600000,6785.714285714285,2 BHK
Chennai,Perumbakkam,2,1122,5780000,5151.515151515152,2 BHK
Chennai,Perumbakkam,2,1122,5480000,4884.135472370766,2 BHK
Chennai,Chromepet,3,1250,5112000,4089.6,3 BHK
Chennai,Chromepet,2,930,4283000,4605.376344086021,2 BHK
Chennai,Chromepet,2,880,5250000,5965.909090909091,2 BHK
Chennai,Selaiyur,2,951,6845000,7197.686645636172,2 BHK
Chennai,Madambakkam,2,780,5615000,7198.717948717948,2 BHK
Chennai,Madambakkam,2,1000,7020000,7020.0,2 BHK
Chennai,Selaiyur,3,1190,4930000,4142.857142857143,3 BHK
Chennai,Chitlapakkam,2,930,7800000,8387.09677419355,2 BHK
Chennai,Chromepet,3,1240,6700000,5403.225806451613,3 BHK
Chennai,Chromepet,2,860,6372000,7409.302325581395,2 BHK
Chennai,Chromepet,3,1300,2847000,2190.0,3 BHK
Chennai,Chromepet,2,1150,2827000,2458.2608695652175,2 BHK
Chennai,Madambakkam,3,1149,2100000,1827.6762402088773,3 BHK
Chennai,Pozhichalur,2,730,4893000,6702.739726027397,2 BHK
Chennai,Pozhichalur,2,725,6828000,9417.931034482759,2 BHK
Chennai,Pozhichalur,1,580,5674000,9782.758620689656,1 BHK
Chennai,Madambakkam,2,844,5471000,6482.227488151659,2 BHK
Chennai,Selaiyur,3,1217,4992000,4101.88989317995,3 BHK
Chennai,Selaiyur,2,995,7840000,7879.396984924623,2 BHK
Chennai,Selaiyur,2,956,7359999,7698.743723849372,2 BHK
Chennai,Selaiyur,2,864,7248999,8390.045138888889,2 BHK
Chennai,Iyyappanthangal,3,1300,3549000,2730.0,3 BHK
Chennai,Iyyappanthangal,3,1200,3270000,2725.0,3 BHK
Chennai,Iyyappanthangal,3,1181,2082999,1763.7586790855207,3 BHK
Chennai,Iyyappanthangal,1,543,2082999,3836.0939226519336,1 BHK
Chennai,Pammal,2,711,2540000,3572.4331926863574,2 BHK
Chennai,Pammal,1,453,2540000,5607.064017660045,1 BHK
Chennai,Pammal,1,453,2760000,6092.715231788079,1 BHK
Chennai,Pammal,2,635,3270000,5149.606299212598,2 BHK
Chennai,Pammal,2,635,2082999,3280.3133858267715,2 BHK
Chennai,Pammal,2,600,2082999,3471.665,2 BHK
Chennai,Pammal,2,635,4900000,7716.535433070866,2 BHK
Chennai,Kovur,2,913,4480000,4906.900328587076,2 BHK
Chennai,Chetpet,3,2883,2999000,1040.2358654179675,3 BHK
Chennai,Pammal,3,1120,2930000,2616.0714285714284,3 BHK
Chennai,Pammal,2,652,4000000,6134.9693251533745,2 BHK
Chennai,Pammal,2,460,2300000,5000.0,2 BHK
Chennai,Pammal,2,637,4770000,7488.226059654631,2 BHK
Chennai,Perumbakkam,2,790,2510000,3177.215189873418,2 BHK
Chennai,Avadi,2,570,4880000,8561.40350877193,2 BHK
Chennai,Medavakkam,2,1015,5900000,5812.8078817733995,2 BHK
Chennai,Selaiyur,2,717,3300000,4602.510460251046,2 BHK
Chennai,Shanthi Nagar,3,1135,7000000,6167.400881057269,3 BHK
Chennai,Kolapakkam,2,1047,3685000,3519.5797516714424,2 BHK
Chennai,Serapanacheri,2,780,5500000,7051.282051282052,2 BHK
Chennai,Perungalathur,3,1275,12500000,9803.921568627451,3 BHK
Chennai,Thoraipakkam,2,670,15000000,22388.059701492537,2 BHK
Chennai,Sunnambu Kolathur S Kolathur,3,1150,5900000,5130.434782608696,3 BHK
Chennai,Thiruvanmiyur,3,1400,8322000,5944.285714285715,3 BHK
Chennai,Thiruvanmiyur,3,1300,7798999,5999.23,3 BHK
Chennai,Adambakkam,2,995,8000000,8040.201005025126,2 BHK
Chennai,Kolapakkam,3,1193,13000000,10896.898575020956,3 BHK
Chennai,Kolapakkam,3,1118,5900000,5277.280858676208,3 BHK
Chennai,Perambur,3,1338,7028000,5252.615844544096,3 BHK
Chennai,Porur,3,1690,5750000,3402.3668639053253,3 BHK
Chennai,Porur,2,850,4793000,5638.823529411765,2 BHK
Chennai,Annamalai Colony,2,891,4000000,4489.337822671156,2 BHK
Chennai,Perumbakkam,3,1515,9004000,5943.234323432343,3 BHK
Chennai,Avadi,2,1004,38400000,38247.011952191235,2 BHK
Chennai,Saidapet,2,700,2070000,2957.1428571428573,2 BHK
Chennai,Annamalai Colony,3,1147,5243000,4571.054925893635,3 BHK
Chennai,Kotturpuram,3,2400,2999000,1249.5833333333333,3 BHK
Chennai,Pammal,1,450,2540000,5644.444444444444,1 BHK
Chennai,Pammal,3,1070,5005000,4677.570093457944,3 BHK
Chennai,Pammal,2,652,6050000,9279.141104294478,2 BHK
Chennai,Pozhichalur,2,635,4800000,7559.055118110236,2 BHK
Chennai,Medavakkam,2,910,6300000,6923.076923076923,2 BHK
Chennai,Medavakkam,2,1100,3299000,2999.090909090909,2 BHK
Chennai,Madhavaram,2,700,4537000,6481.428571428572,2 BHK
Chennai,Vanagaram,2,700,5843000,8347.142857142857,2 BHK
Chennai,Selaiyur,1,564,7200000,12765.95744680851,1 BHK
Chennai,Medavakkam,2,825,7198999,8726.059393939395,2 BHK
Chennai,Velachery,2,899,4324000,4809.788654060067,2 BHK
Chennai,Madipakkam,3,1458,2930000,2009.60219478738,3 BHK
Chennai,Chromepet,3,1178,16000000,13582.342954159592,3 BHK
Chennai,Medavakkam,2,920,8817000,9583.695652173914,2 BHK
Chennai,Pammal,2,637,2950000,4631.083202511774,2 BHK
Chennai,Palavakkam,3,2408,5200000,2159.468438538206,3 BHK
Chennai,Chromepet,3,1304,7100000,5444.78527607362,3 BHK
Chennai,Kuthambakkam,1,576,8508000,14770.833333333334,1 BHK
Chennai,Kilkattalai,2,811,3200000,3945.7459926017264,2 BHK
Chennai,Iyappanthangal,2,1123,16000000,14247.551202137132,2 BHK
Chennai,Chromepet,3,1210,3420000,2826.4462809917354,3 BHK
Chennai,Chromepet,2,690,25500000,36956.52173913043,2 BHK
Chennai,Porur,3,1708,5100000,2985.9484777517564,3 BHK
Chennai,Pammal,2,950,2280000,2400.0,2 BHK
Chennai,Kilpauk,3,2350,3850000,1638.2978723404256,3 BHK
Chennai,Madipakkam,2,804,4760000,5920.398009950249,2 BHK
Chennai,Avadi,2,453,5300000,11699.779249448124,2 BHK
Chennai,Perumbakkam,2,1015,4200000,4137.931034482759,2 BHK
Chennai,Sithalapakkam,2,1035,20500000,19806.763285024153,2 BHK
Chennai,Kilkattalai,2,793,4595000,5794.451450189155,2 BHK
Chennai,Adambakkam,1,510,3167000,6209.803921568628,1 BHK
Chennai,Anna Nagar East,3,1350,5200000,3851.8518518518517,3 BHK
Chennai,Guduvancheri,3,1149,2070000,1801.5665796344647,3 BHK
Chennai,Guduvancheri,2,792,8800000,11111.111111111111,2 BHK
Chennai,Madipakkam,2,830,7700000,9277.10843373494,2 BHK
Chennai,Pammal,1,450,2723000,6051.111111111111,1 BHK
Chennai,Virugambakkam,2,1034,6700000,6479.6905222437135,2 BHK
Chennai,Adambakkam,2,954,4500000,4716.981132075472,2 BHK
Chennai,Kanathur Reddikuppam,2,592,7358000,12429.054054054053,2 BHK
Chennai,Porur,3,1123,5874000,5230.632235084595,3 BHK
Chennai,Kolathur,2,860,11200000,13023.255813953489,2 BHK
Chennai,Chromepet,3,1038,6500000,6262.042389210019,3 BHK
Chennai,Chromepet,2,822,5150000,6265.206812652068,2 BHK
Chennai,Nanganallur,3,1400,12000000,8571.42857142857,3 BHK
Chennai,Iyyappanthangal,3,1130,3975000,3517.6991150442477,3 BHK
Chennai,Kovilambakkam,2,830,2400000,2891.5662650602408,2 BHK
Chennai,Kolathur,3,1600,4250000,2656.25,3 BHK
Chennai,tambaram west,2,772,6050000,7836.78756476684,2 BHK
Chennai,Avadi,1,570,2950000,5175.438596491228,1 BHK
Chennai,Madambakkam,2,850,5830000,6858.823529411765,2 BHK
Chennai,Medavakkam,2,1100,6540000,5945.454545454545,2 BHK
Chennai,Kuthambakkam,1,550,4096000,7447.272727272727,1 BHK
Chennai,Peerakankaranai,3,1423,2322000,1631.7638791286015,3 BHK
Chennai,Poonamallee,3,1151,4060000,3527.367506516073,3 BHK
Chennai,Peerakankaranai,1,612,6942000,11343.137254901962,1 BHK
Chennai,Poonamallee,2,855,2386000,2790.6432748538014,2 BHK
Chennai,Annanagar West,5,4818,7654000,1588.62598588626,5+ BHK
Chennai,Velachery,2,1068,2300000,2153.558052434457,2 BHK
Chennai,Pammal,2,612,22000000,35947.71241830065,2 BHK
Chennai,Pudupakkam,3,1472,4950000,3362.771739130435,3 BHK
Chennai,Avadi,2,570,4911000,8615.78947368421,2 BHK
Chennai,Anna Nagar,3,1524,3713000,2436.3517060367453,3 BHK
Chennai,Kovur,2,913,2760000,3023.001095290252,2 BHK
Chennai,Medavakkam,2,1045,7276000,6962.67942583732,2 BHK
Chennai,Medavakkam,2,790,21500000,27215.189873417723,2 BHK
Chennai,Pammal,2,600,16399999,27333.331666666665,2 BHK
Chennai,Pallikaranai,2,1323,6700000,5064.247921390778,2 BHK
Chennai,Thoraipakkam,4,2153,2949000,1369.716674407803,4 BHK
Chennai,Thoraipakkam,3,1611,7600000,4717.566728739913,3 BHK
Chennai,Thoraipakkam,2,685,6200000,9051.094890510949,2 BHK
Chennai,Kuthambakkam,1,362,6150000,16988.950276243093,1 BHK
Chennai,Adambakkam,2,881,7998999,9079.454029511919,2 BHK
Chennai,Kattupakkam,3,1123,24500000,21816.562778272484,3 BHK
Chennai,Iyyappanthangal,3,1123,8499000,7568.121104185218,3 BHK
Chennai,Anna Nagar,2,960,6998999,7290.623958333334,2 BHK
Chennai,Thoraipakkam OMR,4,2153,5950000,2763.585694379935,4 BHK
Chennai,Anna Nagar,2,1020,21900000,21470.58823529412,2 BHK
Chennai,Anna Nagar,2,836,39900000,47727.27272727273,2 BHK
Chennai,Porur,3,1200,2240000,1866.6666666666667,3 BHK
Chennai,Kotturpuram,3,1897,6900000,3637.3220875065895,3 BHK
Chennai,Nungambakkam,3,2056,5900000,2869.649805447471,3 BHK
Chennai,Pammal,2,560,4734000,8453.57142857143,2 BHK
Chennai,Maraimalai Nagar,3,1712,4734000,2765.1869158878503,3 BHK
Chennai,Maraimalai Nagar,2,1391,3731000,2682.2429906542056,2 BHK
Chennai,Kelambakkam,3,1246,2264000,1817.0144462279293,3 BHK
Chennai,Kelambakkam,3,1246,5213000,4183.788121990369,3 BHK
Chennai,Kelambakkam,2,982,2534000,2580.448065173116,2 BHK
Chennai,Kelambakkam,1,612,7500000,12254.901960784313,1 BHK
Chennai,Perungalathur,3,1193,9474000,7941.3243922883485,3 BHK
Chennai,Perungalathur,2,580,15000000,25862.068965517243,2 BHK
Chennai,Perungalathur,3,1450,8512000,5870.3448275862065,3 BHK
Chennai,Mugalivakkam,3,1364,4200000,3079.1788856304984,3 BHK
Chennai,Mogappair,3,1657,4300000,2595.051297525649,3 BHK
Chennai,Mogappair,2,1333,4400000,3300.8252063015752,2 BHK
Chennai,Iyyappanthangal,2,1100,4300000,3909.090909090909,2 BHK
Chennai,Iyyappanthangal,2,1125,10400000,9244.444444444445,2 BHK
Chennai,Iyyappanthangal,2,1165,6300000,5407.725321888412,2 BHK
Chennai,Iyyappanthangal,2,1125,6172000,5486.222222222223,2 BHK
Chennai,Iyappanthangal,3,1495,6300000,4214.046822742475,3 BHK
Chennai,Iyappanthangal,2,1130,5800000,5132.743362831859,2 BHK
Chennai,Kanathur Reddikuppam,2,1286,9500000,7387.2472783825815,2 BHK
Chennai,Iyappanthangal,2,1130,25400000,22477.87610619469,2 BHK
Chennai,Guduvancheri,3,1090,24400000,22385.32110091743,3 BHK
Chennai,Valasaravakkam,2,1312,3000000,2286.5853658536585,2 BHK
Chennai,Egmore,3,1591,3800000,2388.4349465744813,3 BHK
Chennai,Egmore,3,1526,7200000,4718.217562254259,3 BHK
Chennai,Madipakkam,2,706,7420000,10509.915014164306,2 BHK
Chennai,Madipakkam,2,787,6440000,8182.97331639136,2 BHK
Chennai,Madipakkam,3,1458,9613000,6593.278463648834,3 BHK
Chennai,Perambur,2,1060,9613000,9068.867924528302,2 BHK
Chennai,Perambur,2,920,7416000,8060.869565217391,2 BHK
Chennai,Maduravoyal,3,1479,11299999,7640.296822177147,3 BHK
Chennai,Valasaravakkam,3,1479,7026000,4750.507099391481,3 BHK
Chennai,Valasaravakkam,2,1141,6083000,5331.288343558283,2 BHK
Chennai,Navallur,4,2343,4153000,1772.5138711054203,4 BHK
Chennai,Navallur,3,1579,3553000,2250.1583280557315,3 BHK
Chennai,Mugalivakkam,2,1106,7152000,6466.546112115732,2 BHK
Chennai,Gerugambakkam,2,989,11100000,11223.458038422648,2 BHK
Chennai,Gerugambakkam,2,846,8981000,10615.839243498818,2 BHK
Chennai,Gowrivakkam,2,974,3289000,3376.7967145790553,2 BHK
Chennai,Mugalivakkam,3,1474,6400000,4341.926729986431,3 BHK
Chennai,Mugalivakkam,3,1633,4710000,2884.26209430496,3 BHK
Chennai,Mugalivakkam,1,598,4737000,7921.4046822742475,1 BHK
Chennai,Pallikaranai,2,1240,6717000,5416.935483870968,2 BHK
Chennai,Ambattur,2,1047,5821000,5559.694364851958,2 BHK
Chennai,Ambattur,2,1053,6730000,6391.263057929725,2 BHK
Chennai,Ambattur,3,1493,5695000,3814.4675150703283,3 BHK
Chennai,Ambattur,3,1294,5682000,4391.0355486862445,3 BHK
Chennai,Ambattur,3,1496,6739000,4504.679144385027,3 BHK
Chennai,Ambattur,3,1266,5385000,4253.554502369669,3 BHK
Chennai,Ambattur,3,1263,4702000,3722.882026920032,3 BHK
Chennai,Ambattur,3,1498,2358000,1574.098798397864,3 BHK
Chennai,Thalambur,3,1436,2340000,1629.5264623955431,3 BHK
Chennai,Thalambur,2,1254,3701000,2951.3556618819775,2 BHK
Chennai,Thalambur,1,629,3543000,5632.75039745628,1 BHK
Chennai,Thalambur,1,624,4762000,7631.410256410257,1 BHK
Chennai,Thalambur,2,987,11299999,11448.833839918947,2 BHK
Chennai,Thalambur,2,945,7026000,7434.920634920635,2 BHK
Chennai,Thalambur,2,1270,2340000,1842.5196850393702,2 BHK
Chennai,Navallur,4,2343,3701000,1579.5988049509176,4 BHK
Chennai,Navallur,3,1579,3543000,2243.8252058264725,3 BHK
Chennai,Thalambur,2,987,6400000,6484.295845997974,2 BHK
Chennai,Thalambur,2,945,8400000,8888.888888888889,2 BHK
Chennai,Thalambur,2,1270,6312000,4970.078740157481,2 BHK
Chennai,Pallikaranai,2,1240,12000000,9677.41935483871,2 BHK
Chennai,Navallur,3,1504,7931999,5273.935505319149,3 BHK
Chennai,Navallur,2,1058,7403000,6997.164461247637,2 BHK
Chennai,Ambattur,3,1833,8013000,4371.52209492635,3 BHK
Chennai,Vengaivasal,3,1469,6663000,4535.7385976855,3 BHK
Chennai,Vengaivasal,3,1371,49900000,36396.79066374909,3 BHK
Chennai,Vengaivasal,3,1484,5050000,3402.9649595687333,3 BHK
Chennai,Vengaivasal,2,1234,3342000,2708.265802269044,2 BHK
Chennai,Raja Annamalai Puram,3,2777,2470000,889.4490457328052,3 BHK
Chennai,Vandalur,3,1378,9980000,7242.380261248186,3 BHK
Chennai,Padur,2,748,9937000,13284.75935828877,2 BHK
Chennai,Guduvancheri,2,690,4928000,7142.028985507246,2 BHK
Chennai,Padur,4,2333,7198999,3085.726103729104,4 BHK
Chennai,Padur,4,2323,9548000,4110.202324580284,4 BHK
Chennai,Padur,2,1152,49900000,43315.97222222222,2 BHK
Chennai,Padur,3,1683,5050000,3000.5941770647655,3 BHK
Chennai,Padur,4,2232,2458000,1101.2544802867383,4 BHK
Chennai,Raja Annamalai Puram,3,2777,9900000,3564.998199495859,3 BHK
Chennai,Vandalur,3,1378,3244000,2354.136429608128,3 BHK
Chennai,Nanmangalam,1,523,6773999,12952.196940726577,1 BHK
Chennai,Pallikaranai,3,1436,7073000,4925.487465181059,3 BHK
Chennai,Ambattur,2,721,5965000,8273.231622746185,2 BHK
Chennai,Porur,2,1130,35100000,31061.94690265487,2 BHK
Chennai,Gowrivakkam,2,962,10500000,10914.760914760915,2 BHK
Chennai,Madambakkam,3,1250,9453000,7562.4,3 BHK
Chennai,Sholinganallur,4,4682,30700000,6557.026911576249,4 BHK
Chennai,Sholinganallur,3,1838,10600000,5767.138193688792,3 BHK
Chennai,Sholinganallur,3,1644,34200000,20802.919708029196,3 BHK
Chennai,Sholinganallur,4,4105,12900000,3142.5091352009745,4 BHK
Chennai,Sholinganallur,3,1846,35500000,19230.76923076923,3 BHK
Chennai,Sholinganallur,4,4026,8924000,2216.5921510183807,4 BHK
Chennai,Sholinganallur,3,2250,10800000,4800.0,3 BHK
Chennai,Sholinganallur,4,4736,40100000,8467.06081081081,4 BHK
Chennai,Sholinganallur,3,1552,33300000,21456.18556701031,3 BHK
Chennai,Sholinganallur,3,1889,33300000,17628.374801482267,3 BHK
Chennai,Sholinganallur,4,4727,35100000,7425.428390099429,4 BHK
Chennai,Sholinganallur,4,4452,9522000,2138.814016172507,4 BHK
Chennai,Sholinganallur,4,4451,32400000,7279.263086946754,4 BHK
Chennai,Sholinganallur,4,4690,10600000,2260.1279317697226,4 BHK
Chennai,Sholinganallur,3,1656,32200000,19444.444444444445,3 BHK
Chennai,Sholinganallur,4,4321,4640000,1073.8255033557048,4 BHK
Chennai,Sholinganallur,3,1859,3500000,1882.7326519634212,3 BHK
Chennai,Sholinganallur,4,4297,4456000,1037.0025599255293,4 BHK
Chennai,Ayanambakkam,2,1037,4445000,4286.403085824494,2 BHK
Chennai,Nanmangalam,2,777,35100000,45173.74517374517,2 BHK
Chennai,Nanmangalam,2,992,8303000,8369.959677419354,2 BHK
Chennai,Madambakkam,2,980,10500000,10714.285714285714,2 BHK
Chennai,Sholinganallur,4,4682,9453000,2019.0089705254165,4 BHK
Chennai,Sholinganallur,3,1444,30700000,21260.387811634348,3 BHK
Chennai,Sholinganallur,4,4026,7844000,1948.3358171882762,4 BHK
Chennai,Sholinganallur,3,2250,4147999,1843.555111111111,3 BHK
Chennai,Sholinganallur,4,4736,7848999,1657.3055320945946,4 BHK
Chennai,Ayanambakkam,3,1753,7880000,4495.151169423845,3 BHK
Chennai,Ayanambakkam,2,927,4170000,4498.3818770226535,2 BHK
Chennai,Ayanambakkam,3,1754,7804000,4449.258836944127,3 BHK
Chennai,Ayanambakkam,3,1761,7813000,4436.683702441795,3 BHK
Chennai,Ayanambakkam,2,932,4680000,5021.459227467811,2 BHK
Chennai,Ayanambakkam,3,1744,4676000,2681.1926605504586,3 BHK
Chennai,Ayanambakkam,3,1746,4667000,2672.966781214204,3 BHK
Chennai,Ayanambakkam,2,1046,4654000,4449.330783938814,2 BHK
Chennai,Ayanambakkam,2,1045,4698000,4495.693779904306,2 BHK
Chennai,Ayanambakkam,2,1043,4694000,4500.479386385427,2 BHK
Chennai,Ayanambakkam,2,1040,4609000,4431.7307692307695,2 BHK
Chennai,Ayanambakkam,2,1050,4604000,4384.761904761905,2 BHK
Chennai,Ayanambakkam,2,1049,4649000,4431.839847473784,2 BHK
Chennai,Ayanambakkam,2,1030,4645000,4509.708737864078,2 BHK
Chennai,Ayanambakkam,2,1029,4264000,4143.828960155491,2 BHK
Chennai,Ayanambakkam,2,1039,4260000,4100.09624639076,2 BHK
Chennai,Ayanambakkam,2,1038,4255000,4099.2292870905585,2 BHK
Chennai,Ayanambakkam,2,953,6480000,6799.580272822665,2 BHK
Chennai,Ayanambakkam,2,952,4435000,4658.6134453781515,2 BHK
Chennai,Ayanambakkam,2,951,6570999,6909.567823343848,2 BHK
Chennai,Kovur,3,1350,5640000,4177.777777777777,3 BHK
Chennai,Kovur,2,924,2952000,3194.805194805195,2 BHK
Chennai,Kovur,3,1369,2800000,2045.2885317750183,3 BHK
Chennai,Kovur,2,1175,10200000,8680.851063829787,2 BHK
Chennai,Kovur,2,615,8014000,13030.894308943089,2 BHK
Chennai,Poonamallee,1,698,10100000,14469.914040114612,1 BHK
Chennai,Vadapalani,2,980,9222000,9410.204081632653,2 BHK
Chennai,Poonamallee,2,1373,7681000,5594.319009468318,2 BHK
Chennai,Poonamallee,3,1740,9018000,5182.758620689655,3 BHK
Chennai,Poonamallee,3,1580,8901000,5633.544303797468,3 BHK
Chennai,Poonamallee,2,1316,3565999,2709.7256838905773,2 BHK
Chennai,Poonamallee,2,1545,3490000,2258.8996763754044,2 BHK
Chennai,Poonamallee,2,1525,7531000,4938.360655737705,2 BHK
Chennai,Poonamallee,1,611,7276000,11908.34697217676,1 BHK
Chennai,Poonamallee,1,598,8313000,13901.33779264214,1 BHK
Chennai,Maraimalai Nagar,3,1772,17900000,10101.580135440181,3 BHK
Chennai,Maraimalai Nagar,3,1712,18600000,10864.485981308411,3 BHK
Chennai,Maraimalai Nagar,3,1956,8424000,4306.748466257669,3 BHK
Chennai,Vadapalani,3,1707,7365000,4314.586994727592,3 BHK
Chennai,Vadapalani,3,1777,6188000,3482.2734946539113,3 BHK
Chennai,Iyappanthangal,3,1575,5621000,3568.8888888888887,3 BHK
Chennai,Iyappanthangal,3,1377,5846000,4245.461147421932,3 BHK
Chennai,Iyappanthangal,2,1157,6909999,5972.341400172861,2 BHK
Chennai,Iyappanthangal,2,1051,3188000,3033.301617507136,2 BHK
Chennai,Iyappanthangal,2,1093,6937000,6346.752058554437,2 BHK
Chennai,Iyappanthangal,3,1292,3347999,2591.3304953560373,3 BHK
Chennai,Iyappanthangal,1,596,4755000,7978.187919463087,1 BHK
Chennai,Iyappanthangal,3,1297,8515000,6565.1503469545105,3 BHK
Chennai,Iyappanthangal,1,626,4862000,7766.773162939297,1 BHK
Chennai,Iyappanthangal,2,889,5284000,5943.757030371204,2 BHK
Chennai,Iyappanthangal,3,1592,7830000,4918.341708542714,3 BHK
Chennai,Iyappanthangal,2,909,4899000,5389.438943894389,2 BHK
Chennai,Iyappanthangal,2,988,3097000,3134.6153846153848,2 BHK
Chennai,Iyappanthangal,3,1464,7130000,4870.218579234973,3 BHK
Chennai,Iyappanthangal,2,916,3102000,3386.4628820960697,2 BHK
Chennai,Iyappanthangal,1,579,8014000,13841.105354058722,1 BHK
Chennai,Iyappanthangal,3,1333,10100000,7576.894223555889,3 BHK
Chennai,Iyappanthangal,1,580,4175000,7198.275862068966,1 BHK
Chennai,Poonamallee,2,1373,4501000,3278.2228696285506,2 BHK
Chennai,Poonamallee,3,1740,4492000,2581.609195402299,3 BHK
Chennai,Ayanambakkam,2,933,4193000,4494.105037513397,2 BHK
Chennai,Ayanambakkam,2,1006,7844000,7797.216699801193,2 BHK
Chennai,Ayanambakkam,2,1004,4147999,4131.473107569721,2 BHK
Chennai,Ayanambakkam,2,937,7848999,8376.733191035219,2 BHK
Chennai,Ayanambakkam,2,953,4251000,4460.6505771248685,2 BHK
Chennai,Ayanambakkam,2,952,4577000,4807.773109243697,2 BHK
Chennai,Ayanambakkam,2,951,4573000,4808.622502628812,2 BHK
Chennai,Ayanambakkam,2,950,4246000,4469.473684210527,2 BHK
Chennai,Ayanambakkam,2,1023,5541000,5416.422287390029,2 BHK
Chennai,Ayanambakkam,2,1022,3070000,3003.913894324853,2 BHK
Chennai,Ayanambakkam,2,949,8424000,8876.712328767124,2 BHK
Chennai,Iyappanthangal,2,1036,7365000,7109.073359073359,2 BHK
Chennai,Iyappanthangal,1,574,6188000,10780.487804878048,1 BHK
Chennai,Iyappanthangal,1,579,2710000,4680.483592400691,1 BHK
Chennai,Iyappanthangal,3,1333,3260000,2445.6114028507127,3 BHK
Chennai,Iyappanthangal,1,580,2276000,3924.137931034483,1 BHK
Chennai,Vandalur,2,873,2272000,2602.5200458190147,2 BHK
Chennai,Vandalur,2,1051,2347000,2233.1113225499525,2 BHK
Chennai,Thalambur,1,607,5321000,8766.062602965403,1 BHK
Chennai,Thalambur,1,606,3457000,5704.620462046205,1 BHK
Chennai,Thalambur,1,626,5557000,8876.996805111821,1 BHK
Chennai,Thalambur,3,1419,4316000,3041.5785764622974,3 BHK
Chennai,Thalambur,2,922,5116000,5548.806941431671,2 BHK
Chennai,Thalambur,3,1482,4792000,3233.468286099865,3 BHK
Chennai,Thalambur,3,1151,4788000,4159.860990443093,3 BHK
Chennai,Thalambur,3,1278,4556000,3564.945226917058,3 BHK
Chennai,Thalambur,3,1277,3967000,3106.4996084573218,3 BHK
Chennai,Thalambur,2,1215,5246000,4317.6954732510285,2 BHK
Chennai,Thalambur,2,1058,3671000,3469.7542533081287,2 BHK
Chennai,Thalambur,3,1399,6570999,4696.925661186562,3 BHK
Chennai,Thalambur,2,979,5640000,5760.980592441267,2 BHK
Chennai,Kovur,3,1369,11500000,8400.292184075968,3 BHK
Chennai,Kovur,2,1175,9510000,8093.617021276596,2 BHK
Chennai,Kovur,2,615,6611000,10749.59349593496,2 BHK
Chennai,Navallur,4,2021,10300000,5096.486887679367,4 BHK
Chennai,Navallur,3,1650,5100000,3090.909090909091,3 BHK
Chennai,Navallur,2,1158,6167000,5325.561312607945,2 BHK
Chennai,Navallur,3,1699,46600000,27427.89876397881,3 BHK
Chennai,Navallur,3,1386,6500000,4689.75468975469,3 BHK
Chennai,Raja Annamalai Puram,3,2590,15300000,5907.335907335907,3 BHK
Chennai,Raja Annamalai Puram,3,3126,14700000,4702.495201535508,3 BHK
Chennai,Sholinganallur,2,1032,6164000,5972.868217054263,2 BHK
Chennai,Padur,4,3583,8345999,2329.3326821099636,4 BHK
Chennai,Padur,4,3452,7212000,2089.223638470452,4 BHK
Chennai,Padur,3,1441,14800000,10270.645385149202,3 BHK
Chennai,Padur,3,1951,18100000,9277.293695540748,3 BHK
Chennai,Padur,3,1686,4915000,2915.1838671411624,3 BHK
Chennai,Padur,4,3470,4906000,1413.8328530259366,4 BHK
Chennai,Padur,4,4251,5394000,1268.877911079746,4 BHK
Chennai,Padur,2,1149,15100000,13141.862489120975,2 BHK
Chennai,Padur,2,1147,6258000,5455.972101133391,2 BHK
Chennai,Padur,2,1261,17300000,13719.270420301347,2 BHK
Chennai,Padur,4,3549,6280000,1769.512538743308,4 BHK
Chennai,Padur,3,1463,7118000,4865.345181134655,3 BHK
Chennai,Padur,4,4065,2297000,565.0676506765068,4 BHK
Chennai,Padur,3,1468,8792000,5989.1008174386925,3 BHK
Chennai,Padur,3,1664,8836000,5310.096153846154,3 BHK
Chennai,Padur,2,428,6995999,16345.792056074766,2 BHK
Chennai,Karapakkam,3,1307,9119000,6977.046671767406,3 BHK
Chennai,Karapakkam,3,1314,6977000,5309.741248097413,3 BHK
Chennai,Karapakkam,2,1027,19000000,18500.486854917235,2 BHK
Chennai,Karapakkam,3,1358,10400000,7658.321060382916,3 BHK
Chennai,Karapakkam,2,1024,8721000,8516.6015625,2 BHK
Chennai,Karapakkam,4,2686,10400000,3871.92851824274,4 BHK
Chennai,Karapakkam,3,1561,13200000,8456.117873158231,3 BHK
Chennai,Karapakkam,3,1296,10400000,8024.691358024691,3 BHK
Chennai,Karapakkam,3,1566,13799999,8812.259897828862,3 BHK
Chennai,Karapakkam,3,1829,18600000,10169.49152542373,3 BHK
Chennai,Karapakkam,3,1564,18500000,11828.644501278772,3 BHK
Chennai,Karapakkam,3,1944,10600000,5452.674897119342,3 BHK
Chennai,Karapakkam,4,2630,4942000,1879.087452471483,4 BHK
Chennai,Karapakkam,4,2616,3289000,1257.262996941896,4 BHK
Chennai,Karapakkam,3,1599,4045000,2529.7060662914323,3 BHK
Chennai,Perungalathur,2,1131,4038000,3570.291777188329,2 BHK
Chennai,Porur,1,765,4988000,6520.261437908497,1 BHK
Chennai,Vandalur,2,1116,3990000,3575.2688172043013,2 BHK
Chennai,Vandalur,3,1360,50199999,36911.76397058823,3 BHK
Chennai,Vandalur,2,1101,45500000,41326.06721162579,2 BHK
Chennai,Raja Annamalai Puram,3,3170,76900000,24258.675078864355,3 BHK
Chennai,Raja Annamalai Puram,3,2789,44900000,16098.960200788813,3 BHK
Chennai,Raja Annamalai Puram,3,2533,63000000,24871.693643900515,3 BHK
Chennai,Raja Annamalai Puram,4,4273,5292000,1238.474139948514,4 BHK
Chennai,Raja Annamalai Puram,3,2498,4061999,1626.1004803843075,3 BHK
Chennai,Raja Annamalai Puram,4,3500,5533000,1580.857142857143,4 BHK
Chennai,Vandalur,3,1448,6800000,4696.132596685083,3 BHK
Chennai,Vandalur,2,1121,11000000,9812.667261373774,2 BHK
Chennai,Vandalur,3,1518,4500000,2964.4268774703555,3 BHK
Chennai,Valasaravakkam,2,1110,6500000,5855.855855855856,2 BHK
Chennai,Vettuvankani,3,1600,6458000,4036.25,3 BHK
Chennai,Medavakkam,2,910,8000000,8791.208791208792,2 BHK
Chennai,Porur,2,1100,4934000,4485.454545454545,2 BHK
Chennai,Chromepet,2,990,3400000,3434.343434343434,2 BHK
Chennai,Chromepet,3,1294,5800000,4482.225656877898,3 BHK
Chennai,Moolacheri,2,999,3143000,3146.1461461461463,2 BHK
Chennai,Moolacheri,2,603,3400000,5638.474295190713,2 BHK
Chennai,Moolacheri,2,1152,3200000,2777.777777777778,2 BHK
Chennai,Moolacheri,1,603,8108000,13446.102819237147,1 BHK
Chennai,Moolacheri,2,612,17600000,28758.169934640522,2 BHK
Chennai,Moolacheri,1,612,12600000,20588.235294117647,1 BHK
Chennai,Pallikaranai,2,1243,12000000,9654.062751407884,2 BHK
Chennai,Pallikaranai,4,2712,16500000,6084.070796460177,4 BHK
Chennai,Pallikaranai,3,1944,8200000,4218.106995884774,3 BHK
Chennai,Pallikaranai,3,1922,5957000,3099.375650364204,3 BHK
Chennai,Pallikaranai,4,2691,3300000,1226.3099219620958,4 BHK
Chennai,Pallikaranai,2,1255,9056000,7215.93625498008,2 BHK
Chennai,Iyappanthangal,2,1036,7917000,7641.891891891892,2 BHK
Chennai,Iyappanthangal,1,574,6652000,11588.850174216028,1 BHK
Chennai,Iyappanthangal,3,1575,6043000,3836.8253968253966,3 BHK
Chennai,Iyappanthangal,3,1377,6284000,4563.543936092956,3 BHK
Chennai,Iyappanthangal,2,1157,7429000,6420.916162489196,2 BHK
Chennai,Iyappanthangal,2,1051,3427000,3260.7040913415794,2 BHK
Chennai,Iyappanthangal,2,1093,7456999,6822.505946935041,2 BHK
Chennai,Iyappanthangal,3,1292,3599000,2785.6037151702785,3 BHK
Chennai,Iyappanthangal,1,596,5111000,8575.503355704697,1 BHK
Chennai,Iyappanthangal,3,1297,9154000,7057.825751734773,3 BHK
Chennai,Iyappanthangal,1,626,5226000,8348.242811501597,1 BHK
Chennai,Iyappanthangal,2,889,5681000,6390.326209223847,2 BHK
Chennai,Iyappanthangal,3,1592,8418000,5287.688442211055,3 BHK
Chennai,Iyappanthangal,2,909,5267000,5794.279427942794,2 BHK
Chennai,Iyappanthangal,2,988,3329000,3369.433198380567,2 BHK
Chennai,Iyappanthangal,3,1464,7664000,5234.972677595629,3 BHK
Chennai,Iyappanthangal,2,916,3335000,3640.829694323144,2 BHK
Chennai,Iyappanthangal,1,579,6800000,11744.386873920552,1 BHK
Chennai,Iyappanthangal,3,1333,5400000,4051.012753188297,3 BHK
Chennai,Iyappanthangal,1,580,2760000,4758.620689655172,1 BHK
Chennai,Maduravoyal,2,1110,3756000,3383.7837837837837,2 BHK
Chennai,Kilkattalai,2,811,6000000,7398.273736128237,2 BHK
Chennai,Pammal,2,600,2628000,4380.0,2 BHK
Chennai,Pammal,2,840,4100000,4880.952380952381,2 BHK
Chennai,Pammal,3,1220,2840000,2327.8688524590166,3 BHK
Chennai,Thiruneermalai,2,730,5243000,7182.191780821918,2 BHK
Chennai,Pammal,2,777,4480000,5765.7657657657655,2 BHK
Chennai,Kundrathur,2,789,6900000,8745.247148288974,2 BHK
Chennai,Pallavaram,3,1070,3900000,3644.8598130841124,3 BHK
Chennai,Pammal,3,1120,2520000,2250.0,3 BHK
Chennai,Pallavaram,3,1453,3500000,2408.8093599449417,3 BHK
Chennai,Kundrathur,1,1195,3000000,2510.460251046025,1 BHK
Chennai,Kundrathur,2,700,3295000,4707.142857142857,2 BHK
Chennai,Kumananchavadi,2,915,3865000,4224.043715846995,2 BHK
Chennai,Kumananchavadi,2,755,2840000,3761.58940397351,2 BHK
Chennai,Kolapakkam,2,845,3500000,4142.011834319526,2 BHK
Chennai,Pammal,2,777,6934999,8925.352638352639,2 BHK
Chennai,Mangadu,2,915,17000000,18579.234972677597,2 BHK
Chennai,Maduravoyal,2,1067,5536000,5188.3786316776,2 BHK
Chennai,Alwarpet,3,2348,7100000,3023.850085178876,3 BHK
Chennai,Anna Nagar,3,1215,5500000,4526.748971193416,3 BHK
Chennai,Vanagaram,2,1061,7100000,6691.800188501414,2 BHK
Chennai,Porur,2,1123,9072000,8078.361531611754,2 BHK
Chennai,Kilkattalai,1,811,2100000,2589.395807644883,1 BHK
Chennai,Iyappanthangal,2,1123,2000000,1780.9439002671415,2 BHK
Chennai,Arumbakkam,2,1260,2386000,1893.6507936507937,2 BHK
Chennai,Pammal,1,580,3918000,6755.172413793103,1 BHK
Chennai,Thiruverkadu,1,575,2600000,4521.739130434783,1 BHK
Chennai,Guduvancheri,2,982,8000000,8146.639511201629,2 BHK
Chennai,Egmore,3,2882,3200000,1110.3400416377515,3 BHK
Chennai,Pallavaram,1,571,3400000,5954.46584938704,1 BHK
Chennai,Pammal,5,3500,4115999,1175.9997142857144,5+ BHK
Chennai,Moolacheri,1,612,3560000,5816.993464052288,1 BHK
Chennai,Kundrathur,2,1052,5540000,5266.1596958174905,2 BHK
Chennai,Vanagaram,2,980,8901000,9082.65306122449,2 BHK
Chennai,Ambattur,2,890,3800000,4269.662921348315,2 BHK
Chennai,Poonamallee,2,1539,11000000,7147.498375568551,2 BHK
Chennai,Kolapakkam,3,1535,11500000,7491.85667752443,3 BHK
Chennai,Irandankattalai,2,1215,14000000,11522.633744855968,2 BHK
Chennai,Nanganallur,3,1200,11000000,9166.666666666666,3 BHK
Chennai,Nanganallur,3,1300,9000000,6923.076923076923,3 BHK
Chennai,Virugambakkam,3,1464,5700000,3893.44262295082,3 BHK
Chennai,Adambakkam,3,1191,2000000,1679.2611251049539,3 BHK
Chennai,Adambakkam,2,950,3100000,3263.157894736842,2 BHK
Chennai,Kolathur,2,830,2400000,2891.5662650602408,2 BHK
Chennai,Mevalurkuppam,1,520,7900000,15192.307692307691,1 BHK
Chennai,Pallikaranai,1,611,5407000,8849.427168576105,1 BHK
Chennai,Pozhichalur,1,580,6367000,10977.586206896553,1 BHK
Chennai,Mogappair,2,1190,7148999,6007.562184873949,2 BHK
Chennai,Thalambur,2,1442,6556000,4546.463245492372,2 BHK
Chennai,Padur,2,1499,5781000,3856.57104736491,2 BHK
Chennai,Padur,2,1683,32400000,19251.336898395723,2 BHK
Chennai,Madambakkam,3,1395,35500000,25448.028673835124,3 BHK
Chennai,Padur,1,1361,3740000,2747.9794268919914,1 BHK
Chennai,Sholinganallur,4,4321,7370000,1705.623698218005,4 BHK
Chennai,Sholinganallur,4,4736,7390000,1560.3885135135135,4 BHK
Chennai,Perungalathur,2,841,9557000,11363.85255648038,2 BHK
Chennai,Porur,2,1100,6342000,5765.454545454545,2 BHK
Chennai,Pallavaram,3,1345,61100000,45427.5092936803,3 BHK
Chennai,Perungudi,3,1554,7017000,4515.444015444015,3 BHK
Chennai,Poonamallee,3,1510,6800000,4503.311258278146,3 BHK
Chennai,Alwarpet,4,2781,3679999,1323.264653002517,4 BHK
Chennai,Porur,3,1340,7600000,5671.641791044776,3 BHK
Chennai,Porur,2,1130,4300000,3805.309734513274,2 BHK
Chennai,Perungalathur,2,780,5500000,7051.282051282052,2 BHK
Chennai,Egatoor,2,1295,3500000,2702.7027027027025,2 BHK
Chennai,Avadi,2,1081,2785000,2576.31822386679,2 BHK
Chennai,Virugambakkam,2,815,4809000,5900.613496932516,2 BHK
Chennai,Porur,1,510,2800000,5490.196078431372,1 BHK
Chennai,Pozhichalur,1,733,7213000,9840.381991814462,1 BHK
Chennai,Pammal,2,1093,10100000,9240.622140896614,2 BHK
Chennai,Pammal,1,570,10500000,18421.052631578947,1 BHK
Chennai,Perungudi,1,1173,14900000,12702.472293265133,1 BHK
Chennai,Padur,4,2323,9200000,3960.3960396039606,4 BHK
Chennai,Mogappair,3,1850,2840000,1535.1351351351352,3 BHK
Chennai,Korattur,3,2300,3400000,1478.2608695652175,3 BHK
Chennai,Siruseri,3,1655,5700000,3444.1087613293053,3 BHK
Chennai,Kundrathur,2,789,3800000,4816.223067173638,2 BHK
Chennai,Kundrathur,2,1044,2400000,2298.8505747126437,2 BHK
Chennai,Pammal,1,1300,4500000,3461.5384615384614,1 BHK
Chennai,Kundrathur,2,1168,6500000,5565.068493150685,2 BHK
Chennai,Pozhichalur,1,580,5000000,8620.689655172413,1 BHK
Chennai,Kolathur,2,858,6450000,7517.482517482517,2 BHK
Chennai,Porur,3,1130,5407000,4784.95575221239,3 BHK
Chennai,Kilkattalai,2,800,6367000,7958.75,2 BHK
Chennai,Iyyappanthangal,3,1180,7148999,6058.473728813559,3 BHK
Chennai,Madambakkam,3,1395,3740000,2681.0035842293905,3 BHK
Chennai,Padur,1,1361,7370000,5415.1359294636295,1 BHK
Chennai,Sholinganallur,4,4321,7390000,1710.2522564221244,4 BHK
Chennai,Perungalathur,2,841,6493000,7720.570749108205,2 BHK
Chennai,Porur,2,1100,6956999,6324.544545454545,2 BHK
Chennai,Pallavaram,3,1345,4335000,3223.0483271375465,3 BHK
Chennai,Perumbakkam,3,1443,4255000,2948.7179487179487,3 BHK
Chennai,Perumbakkam,3,1456,8100000,5563.186813186813,3 BHK
Chennai,Ambattur,2,867,8600000,9919.26182237601,2 BHK
Chennai,Iyyappanthangal,2,925,5600000,6054.054054054054,2 BHK
Chennai,Tambaram Sanatoruim,3,1102,12500000,11343.012704174229,3 BHK
Chennai,tambaram west,3,1270,6366000,5012.59842519685,3 BHK
Chennai,Madambakkam,3,1044,6800000,6513.409961685824,3 BHK
Chennai,Nandambakkam,3,1250,8000000,6400.0,3 BHK
Chennai,Kanathur Reddikuppam,2,1286,6100000,4743.390357698289,2 BHK
Chennai,Tambaram Sanatoruim,2,913,7209000,7895.947426067908,2 BHK
Chennai,Rajakilpakkam,3,1125,2000000,1777.7777777777778,3 BHK
Chennai,Korattur,2,888,7811000,8796.17117117117,2 BHK
Chennai,Kanathur Reddikuppam,3,1502,6233000,4149.800266311585,3 BHK
Chennai,Guduvancheri,2,598,5988000,10013.377926421404,2 BHK
Chennai,Gowrivakkam,2,1048,5710000,5448.473282442748,2 BHK
Chennai,Pallavaram,2,1212,3544000,2924.092409240924,2 BHK
Chennai,Pallavaram,2,1155,2600000,2251.082251082251,2 BHK
Chennai,Pallavaram,2,1021,3900000,3819.784524975514,2 BHK
Chennai,Pallavaram,2,588,2100000,3571.4285714285716,2 BHK
Chennai,Avadi,2,920,2100000,2282.608695652174,2 BHK
Chennai,Kundrathur,2,1195,2827000,2365.6903765690377,2 BHK
Chennai,Pammal,1,580,4305000,7422.413793103448,1 BHK
Chennai,Pammal,1,580,2000000,3448.2758620689656,1 BHK
Chennai,Pozhichalur,2,725,3900000,5379.310344827586,2 BHK
Chennai,Pammal,1,861,5700000,6620.20905923345,1 BHK
Chennai,Pammal,1,500,9083000,18166.0,1 BHK
Chennai,Kundrathur,3,1195,14900000,12468.619246861925,3 BHK
Chennai,Pammal,2,1300,9200000,7076.923076923077,2 BHK
Chennai,Pallavaram,3,1653,2840000,1718.0883242589232,3 BHK
Chennai,Kundrathur,2,1044,5310000,5086.206896551724,2 BHK
Chennai,Pammal,1,1300,4165000,3203.846153846154,1 BHK
Chennai,Kundrathur,2,1168,7540000,6455.479452054795,2 BHK
Chennai,Padur,2,1250,6500000,5200.0,2 BHK
Chennai,Medavakkam,2,833,5000000,6002.400960384153,2 BHK
Chennai,Chitlapakkam,3,1160,6400000,5517.241379310345,3 BHK
Chennai,Porur,3,1130,6500000,5752.212389380531,3 BHK
Chennai,Kilkattalai,2,820,5000000,6097.5609756097565,2 BHK
Chennai,Iyyappanthangal,3,1140,6450000,5657.894736842105,3 BHK
Chennai,Porur,3,1130,6366000,5633.628318584071,3 BHK
Chennai,Kilkattalai,2,800,2400000,3000.0,2 BHK
Chennai,Iyyappanthangal,3,1180,2400000,2033.8983050847457,3 BHK
Chennai,Kanathur Reddikuppam,2,1286,7811000,6073.872472783826,2 BHK
Chennai,Avadi,2,677,6233000,9206.794682422453,2 BHK
Chennai,Avadi,2,677,5988000,8844.903988183161,2 BHK
Chennai,Pallavaram,2,1021,2100000,2056.8070519098924,2 BHK
Chennai,Pallavaram,2,588,4400000,7482.993197278912,2 BHK
Chennai,Avadi,2,920,5500000,5978.260869565217,2 BHK
Chennai,Avadi,2,656,4700000,7164.634146341464,2 BHK
Chennai,Kelambakkam,2,995,4000000,4020.100502512563,2 BHK
Chennai,Kelambakkam,3,1212,10700000,8828.38283828383,3 BHK
Chennai,Kelambakkam,2,1000,4790000,4790.0,2 BHK
Chennai,Kelambakkam,2,975,3399000,3486.153846153846,2 BHK
Chennai,Gowrivakkam,3,1492,3472999,2327.7473190348524,3 BHK
Chennai,Thiruverkadu,2,1004,4281000,4263.94422310757,2 BHK
Chennai,Vengaivasal,2,912,3023000,3314.6929824561403,2 BHK
Chennai,Pallavaram,2,696,8500000,12212.643678160919,2 BHK
Chennai,Pallavaram,2,858,6266000,7303.030303030303,2 BHK
Chennai,Pallavaram,2,606,7600000,12541.25412541254,2 BHK
Chennai,Madipakkam,3,1160,6325000,5452.586206896552,3 BHK
Chennai,Avadi,3,1567,4915000,3136.5666879387363,3 BHK
Chennai,Egatoor,2,1295,9792000,7561.389961389961,2 BHK
Chennai,Pallikaranai,1,1255,4800000,3824.7011952191233,1 BHK
Chennai,Avadi,3,1299,36000000,27713.625866050807,3 BHK
Chennai,Pallikaranai,2,1943,6342000,3264.0247040658774,2 BHK
Chennai,Thalambur,2,1145,2703000,2360.6986899563317,2 BHK
Chennai,Chetpet,3,2400,12100000,5041.666666666667,3 BHK
Chennai,Poonamallee,3,1510,5839000,3866.887417218543,3 BHK
Chennai,Thiruverkadu,1,555,7900000,14234.234234234234,1 BHK
Chennai,Sholinganallur,3,1850,2760000,1491.8918918918919,3 BHK
Chennai,Iyyappanthangal,3,1123,5060000,4505.788067675869,3 BHK
Chennai,Nanganallur,3,1160,3270000,2818.9655172413795,3 BHK
Chennai,Pammal,2,600,2930000,4883.333333333333,2 BHK
Chennai,Pammal,3,1100,2070000,1881.8181818181818,3 BHK
Chennai,Pammal,2,711,18500000,26019.690576652603,2 BHK
Chennai,Pammal,2,637,19000000,29827.315541601256,2 BHK
Chennai,Pammal,1,450,18000000,40000.0,1 BHK
Chennai,Guindy,3,1850,3399000,1837.2972972972973,3 BHK
Chennai,Guindy,3,1850,8100000,4378.378378378378,3 BHK
Chennai,Guindy,3,1850,8600000,4648.648648648648,3 BHK
Chennai,Vengaivasal,2,912,5600000,6140.350877192983,2 BHK
Chennai,Tambaram Sanatoruim,3,1102,6800000,6170.598911070781,3 BHK
Chennai,tambaram west,3,1270,12500000,9842.51968503937,3 BHK
Chennai,Madambakkam,3,1044,19000000,18199.233716475097,3 BHK
Chennai,Tambaram Sanatoruim,2,913,7500000,8214.676889375685,2 BHK
Chennai,Nandambakkam,3,1250,5304000,4243.2,3 BHK
Chennai,T Nagar,3,1600,6493000,4058.125,3 BHK
Chennai,West Mambalam,2,720,6956999,9662.49861111111,2 BHK
Chennai,Perumbakkam,1,1326,6350000,4788.838612368024,1 BHK
Chennai,Perumbakkam,3,1443,5200000,3603.6036036036035,3 BHK
Chennai,Perumbakkam,3,1456,7000000,4807.692307692308,3 BHK
Chennai,Porur,3,1130,7108000,6290.265486725663,3 BHK
Chennai,Kilkattalai,2,830,5500000,6626.506024096386,2 BHK
Chennai,Valasaravakkam,2,1030,5500000,5339.805825242718,2 BHK
Chennai,Kanathur Reddikuppam,3,1481,18500000,12491.559756920999,3 BHK
Chennai,Porur,2,1079,51600000,47822.05746061168,2 BHK
Chennai,Porur,2,1079,7108000,6587.58109360519,2 BHK
Chennai,Guindy,3,1850,3310000,1789.1891891891892,3 BHK
Chennai,Alwarpet,3,2348,21400000,9114.139693356048,3 BHK
Chennai,Egmore,3,1341,2399000,1788.9634601043997,3 BHK
Chennai,Nungambakkam,4,5200,54400000,10461.538461538461,4 BHK
Chennai,Nungambakkam,5,7200,51600000,7166.666666666667,5+ BHK
Chennai,Alwarpet,3,2476,27300000,11025.848142164781,3 BHK
Chennai,Alwarpet,3,2348,22700000,9667.802385008517,3 BHK
Chennai,Alwarpet,4,2781,11000000,3955.4117224020138,4 BHK
Chennai,T Nagar,2,1606,6863000,4273.349937733499,2 BHK
Chennai,Thiruvanmiyur,3,1975,21300000,10784.810126582279,3 BHK
Chennai,Porur,3,1775,19000000,10704.225352112677,3 BHK
Chennai,Porur,2,1107,7500000,6775.067750677506,2 BHK
Chennai,Porur,4,3445,54400000,15791.00145137881,4 BHK
Chennai,T Nagar,3,1600,51600000,32250.0,3 BHK
Chennai,Alwarpet,3,2476,27599999,11147.010904684976,3 BHK
Chennai,Alwarpet,3,2348,26400000,11243.611584327087,3 BHK
Chennai,Alwarpet,4,2781,2975000,1069.7590794678174,4 BHK
Chennai,Velachery,3,2303,4326000,1878.419452887538,3 BHK
Chennai,Velachery,3,2204,6480000,2940.10889292196,3 BHK
Chennai,Medavakkam,1,575,4435000,7713.04347826087,1 BHK
Chennai,Medavakkam,2,862,6400000,7424.593967517401,2 BHK
Chennai,Kovur,3,1350,6700000,4962.962962962963,3 BHK
Chennai,Kovur,2,924,5200000,5627.705627705628,2 BHK
Chennai,Iyyappanthangal,3,1133,12000000,10591.35039717564,3 BHK
Chennai,Iyappanthangal,2,1231,6493000,5274.573517465476,2 BHK
Chennai,Madipakkam,2,811,6172000,7610.35758323058,2 BHK
Chennai,Virugambakkam,3,1636,3618000,2211.4914425427874,3 BHK
Chennai,Perumbakkam,3,1443,3800000,2633.4026334026335,3 BHK
Chennai,Kanathur Reddikuppam,2,1286,14300000,11119.751166407465,2 BHK
Chennai,Porur,2,804,6100000,7587.064676616916,2 BHK
Chennai,Kundrathur,2,1168,7209000,6172.08904109589,2 BHK
Chennai,Sholinganallur,4,2992,3295000,1101.2700534759358,4 BHK
Chennai,Korattur,2,888,9732000,10959.45945945946,2 BHK
Chennai,Kanathur Reddikuppam,3,1502,7109999,4733.68774966711,3 BHK
Chennai,Porur,2,845,6342000,7505.325443786982,2 BHK
Chennai,Pallavaram,2,1622,4687000,2889.6424167694204,2 BHK
Chennai,Pallavaram,2,1185,5100000,4303.797468354431,2 BHK
Chennai,Poonamallee,3,1510,6600000,4370.860927152318,3 BHK
Chennai,Poonamallee,2,1116,5300000,4749.103942652329,2 BHK
Chennai,Madipakkam,2,804,7100000,8830.845771144279,2 BHK
Chennai,Porur,3,1130,7100000,6283.185840707964,3 BHK
Chennai,Kovilambakkam,2,820,7100000,8658.536585365853,2 BHK
Chennai,Iyappanthangal,3,1123,5400000,4808.548530721282,3 BHK
Chennai,Iyappanthangal,2,1123,7100000,6322.350845948353,2 BHK
Chennai,Porur,2,1123,5400000,4808.548530721282,2 BHK
Chennai,Kovilambakkam,2,811,7100000,8754.62392108508,2 BHK
Chennai,Kattupakkam,2,1123,6600000,5877.114870881567,2 BHK
Chennai,Kovilambakkam,2,811,6600000,8138.10110974106,2 BHK
Chennai,Porur,2,1123,5100000,4541.406945681211,2 BHK
Chennai,Iyappanthangal,2,1123,5100000,4541.406945681211,2 BHK
Chennai,Iyappanthangal,2,1123,6400000,5699.020480854853,2 BHK
Chennai,Madipakkam,2,804,5400000,6716.417910447762,2 BHK
Chennai,Madipakkam,2,811,7100000,8754.62392108508,2 BHK
Chennai,Iyappanthangal,2,1123,6600000,5877.114870881567,2 BHK
Chennai,Madipakkam,2,804,5900000,7338.308457711443,2 BHK
Chennai,Madipakkam,2,811,4900000,6041.923551171393,2 BHK
Chennai,Iyappanthangal,2,1123,4900000,4363.3125556544965,2 BHK
Chennai,Iyappanthangal,3,1123,5000000,4452.359750667854,3 BHK
Chennai,Madipakkam,2,804,6900000,8582.089552238805,2 BHK
Chennai,Madipakkam,2,811,6900000,8508.014796547472,2 BHK
Chennai,Madipakkam,1,830,5200000,6265.060240963855,1 BHK
Chennai,Iyappanthangal,2,1123,7800000,6945.681211041852,2 BHK
Chennai,Iyappanthangal,2,1123,5800000,5164.737310774711,2 BHK
Chennai,Madipakkam,2,811,5000000,6165.228113440197,2 BHK
Chennai,Kovilambakkam,1,900,6500000,7222.222222222223,1 BHK
Chennai,Madipakkam,2,900,5200000,5777.777777777777,2 BHK
Chennai,Kovilambakkam,2,793,6700000,8448.928121059269,2 BHK
Chennai,Iyappanthangal,2,1100,5200000,4727.272727272727,2 BHK
Chennai,Kovilambakkam,2,811,5200000,6411.837237977805,2 BHK
Chennai,Iyappanthangal,2,1150,6700000,5826.086956521739,2 BHK
Chennai,Madipakkam,2,811,5200000,6411.837237977805,2 BHK
Chennai,Porur,2,1123,6700000,5966.162065894924,2 BHK
Chennai,Madipakkam,2,811,5100000,6288.5326757090015,2 BHK
Chennai,Madipakkam,2,804,5200000,6467.661691542288,2 BHK
Chennai,Madipakkam,2,804,6700000,8333.333333333334,2 BHK
Chennai,Porur,2,1123,6600000,5877.114870881567,2 BHK
Chennai,Kovilambakkam,2,811,6700000,8261.405672009865,2 BHK
Chennai,Kattupakkam,2,1123,5200000,4630.454140694568,2 BHK
Chennai,Iyappanthangal,3,1123,12000000,10685.66340160285,3 BHK
Chennai,Madipakkam,2,811,6350000,7829.839704069051,2 BHK
Chennai,Virugambakkam,3,1636,5200000,3178.484107579462,3 BHK
Chennai,Perumbakkam,3,1443,7000000,4851.004851004851,3 BHK
Chennai,Porur,3,1130,8792000,7780.530973451328,3 BHK
Chennai,Kilkattalai,2,830,8836000,10645.783132530121,2 BHK
Chennai,Valasaravakkam,2,1030,6995999,6792.232038834952,2 BHK
Chennai,Karapakkam,3,1566,9055000,5782.247765006386,3 BHK
Chennai,Karapakkam,3,1829,13799999,7545.106068890104,3 BHK
Chennai,Karapakkam,3,1564,18600000,11892.583120204603,3 BHK
Chennai,Karapakkam,3,1348,18500000,13724.035608308606,3 BHK
Chennai,Karapakkam,4,2630,3847000,1462.7376425855514,4 BHK
Chennai,Karapakkam,4,2616,2418000,924.3119266055046,4 BHK
Chennai,Karapakkam,3,1599,2962000,1852.4077548467792,3 BHK
Chennai,Thalambur,2,953,2181000,2288.5624344176285,2 BHK
Chennai,Thalambur,1,657,8559000,13027.397260273972,1 BHK
Chennai,Thalambur,2,773,6977000,9025.873221216041,2 BHK
Chennai,Thalambur,1,585,19000000,32478.63247863248,1 BHK
Chennai,Kanathur Reddikuppam,3,1502,10400000,6924.101198402131,3 BHK
Chennai,Karapakkam,4,2630,2142000,814.4486692015209,4 BHK
Chennai,Karapakkam,4,2616,2061000,787.8440366972477,4 BHK
Chennai,Karapakkam,3,1599,2107000,1317.6985616010006,3 BHK
Chennai,Singaperumal Koil,1,612,2117000,3459.150326797386,1 BHK
Chennai,Singaperumal Koil,1,589,3224000,5473.684210526316,1 BHK
Chennai,Singaperumal Koil,1,602,2082000,3458.471760797342,1 BHK
Chennai,Singaperumal Koil,1,605,7620999,12596.692561983471,1 BHK
Chennai,Singaperumal Koil,2,836,7289000,8718.8995215311,2 BHK
Chennai,Kanathur Reddikuppam,2,1385,31900000,23032.49097472924,2 BHK
Chennai,Kanathur Reddikuppam,2,1315,4103000,3120.152091254753,2 BHK
Chennai,Kanathur Reddikuppam,5,5037,3427000,680.365296803653,5+ BHK
Chennai,Kanathur Reddikuppam,5,5093,3030000,594.9342234439426,5+ BHK
Chennai,Medavakkam,2,873,2627000,3009.163802978236,2 BHK
Chennai,Madambakkam,2,826,2649000,3207.0217917675545,2 BHK
Chennai,Guduvancheri,2,947,4500000,4751.847940865892,2 BHK
Chennai,Guduvancheri,2,821,3499000,4261.875761266748,2 BHK
Chennai,Guduvancheri,2,828,4800000,5797.101449275362,2 BHK
Chennai,Pozhichalur,2,974,3500000,3593.429158110883,2 BHK
Chennai,Guduvancheri,2,904,4400000,4867.256637168141,2 BHK
Chennai,Pozhichalur,2,983,3753000,3817.9043743641914,2 BHK
Chennai,Guduvancheri,2,903,4226000,4679.955703211517,2 BHK
Chennai,Pozhichalur,2,974,4226000,4338.809034907597,2 BHK
Chennai,Pozhichalur,2,873,4809000,5508.591065292097,2 BHK
Chennai,Pozhichalur,2,983,4492000,4569.684638860631,2 BHK
Chennai,Pozhichalur,3,984,6038000,6136.178861788618,3 BHK
Chennai,Medavakkam,2,1002,3883000,3875.249500998004,2 BHK
Chennai,Medavakkam,2,936,7056000,7538.461538461538,2 BHK
Chennai,Medavakkam,3,1258,3601000,2862.4801271860097,3 BHK
Chennai,Medavakkam,2,809,3920000,4845.48825710754,2 BHK
Chennai,Medavakkam,3,1176,3836000,3261.904761904762,3 BHK
Chennai,Madambakkam,2,735,5500000,7482.993197278912,2 BHK
Chennai,Madambakkam,2,800,9442000,11802.5,2 BHK
Chennai,Madambakkam,2,783,6948000,8873.563218390804,2 BHK
Chennai,Thoraipakkam OMR,2,1060,4928000,4649.056603773585,2 BHK
Chennai,Pallavaram,3,1430,7339000,5132.167832167832,3 BHK
Chennai,Pallavaram,2,1040,7339000,7056.7307692307695,2 BHK
Chennai,Padur,2,1152,3799000,3297.7430555555557,2 BHK
Chennai,Ambattur INDUSTRIAL ESTATE,2,1529,4000000,2616.0889470241987,2 BHK
Chennai,Ambattur INDUSTRIAL ESTATE,3,1529,3795000,2482.0143884892086,3 BHK
Chennai,Kelambakkam,2,1000,15100000,15100.0,2 BHK
Chennai,Mevalurkuppam,2,855,14300000,16725.14619883041,2 BHK
Chennai,Kelambakkam,2,999,14300000,14314.314314314315,2 BHK
Chennai,Thoraipakkam OMR,3,2022,10300000,5093.966369930761,3 BHK
Chennai,Pallikaranai,4,2710,12700000,4686.346863468635,4 BHK
Chennai,Pallikaranai,4,2712,3283000,1210.5457227138643,4 BHK
Chennai,Pallikaranai,3,1944,3264000,1679.0123456790122,3 BHK
Chennai,Kottivakkam,3,1504,3210000,2134.308510638298,3 BHK
Chennai,Medavakkam,1,668,3264000,4886.22754491018,1 BHK
Chennai,Medavakkam,1,664,3210000,4834.3373493975905,1 BHK
Chennai,Medavakkam,1,653,3200000,4900.459418070444,1 BHK
Chennai,Medavakkam,1,664,3470000,5225.903614457831,1 BHK
Chennai,Medavakkam,1,653,7492000,11473.200612557428,1 BHK
Chennai,Medavakkam,1,651,7195999,11053.761904761905,1 BHK
Chennai,Medavakkam,1,706,5892000,8345.609065155808,1 BHK
Chennai,Velappanchavadi,3,1414,23000000,16265.912305516265,3 BHK
Chennai,Velappanchavadi,3,1358,5426000,3995.581737849779,3 BHK
Chennai,Velappanchavadi,2,1112,38700000,34802.1582733813,2 BHK
Chennai,Gopalapuram,2,1890,36500000,19312.169312169313,2 BHK
Chennai,Velappanchavadi,2,1024,16000000,15625.0,2 BHK
Chennai,Adyar,3,2017,5460000,2706.99058006941,3 BHK
Chennai,Adyar,3,1851,5375000,2903.8357644516477,3 BHK
Chennai,Anna Nagar,3,1476,4485000,3038.6178861788617,3 BHK
Chennai,Medavakkam,2,1092,7898999,7233.5155677655675,2 BHK
Chennai,Medavakkam,2,1075,8986000,8359.06976744186,2 BHK
Chennai,Selaiyur,2,975,3300000,3384.6153846153848,2 BHK
Chennai,Moolakadai,3,1301,8118000,6239.815526518063,3 BHK
Chennai,Moolakadai,3,1480,6132000,4143.243243243243,3 BHK
Chennai,Madhavaram,2,754,5197000,6892.572944297082,2 BHK
Chennai,Manapakkam,3,1476,8398000,5689.70189701897,3 BHK
Chennai,Manapakkam,2,1115,9515000,8533.632286995517,2 BHK
Chennai,Manapakkam,2,945,15200000,16084.656084656084,2 BHK
Chennai,Manapakkam,3,1527,13799999,9037.327439423707,3 BHK
Chennai,Manapakkam,3,1730,15400000,8901.734104046243,3 BHK
Chennai,Vadapalani,3,1450,14700000,10137.931034482759,3 BHK
Chennai,Vadapalani,3,1381,14800000,10716.871832005792,3 BHK
Chennai,Vadapalani,3,1545,16500000,10679.611650485436,3 BHK
Chennai,Vadapalani,3,1479,15500000,10480.054090601758,3 BHK
Chennai,Vadapalani,3,1483,14300000,9642.61631827377,3 BHK
Chennai,Vadapalani,3,1654,13600000,8222.49093107618,3 BHK
Chennai,Vadapalani,3,1552,5753000,3706.8298969072166,3 BHK
Chennai,Vadapalani,3,1430,5665000,3961.5384615384614,3 BHK
Chennai,Vadapalani,3,1363,13000000,9537.784299339692,3 BHK
Chennai,Vadapalani,1,523,17100000,32695.984703632887,1 BHK
Chennai,Vadapalani,1,515,12400000,24077.66990291262,1 BHK
Chennai,Mogappair,3,1880,3274000,1741.4893617021276,3 BHK
Chennai,Mogappair,3,1390,15500000,11151.079136690647,3 BHK
Chennai,Mogappair,3,1850,14300000,7729.72972972973,3 BHK
Chennai,Medavakkam,1,666,13600000,20420.42042042042,1 BHK
Chennai,Vadapalani,3,1363,3397000,2492.2964049889947,3 BHK
Chennai,Vadapalani,1,523,3636000,6952.198852772466,1 BHK
Chennai,Vadapalani,1,515,8000000,15533.980582524271,1 BHK
Chennai,Ayapakkam,2,755,4042000,5353.64238410596,2 BHK
Chennai,Ayapakkam,2,808,2622000,3245.0495049504952,2 BHK
Chennai,Kovur,3,1340,44300000,33059.701492537315,3 BHK
Chennai,Medavakkam,2,860,2472000,2874.4186046511627,2 BHK
Chennai,Selaiyur,1,570,4950000,8684.21052631579,1 BHK
Chennai,Nungambakkam,3,2642,6050000,2289.9318697956096,3 BHK
Chennai,Thaiyur,2,435,10700000,24597.701149425287,2 BHK
Chennai,Chromepet,2,900,34000000,37777.77777777778,2 BHK
Chennai,Sholinganallur,2,1100,22500000,20454.545454545456,2 BHK
Chennai,Iyyappanthangal,3,1790,16500000,9217.877094972067,3 BHK
Chennai,Nungambakkam,4,2788,24000000,8608.32137733142,4 BHK
Chennai,Nungambakkam,3,1404,5685000,4049.1452991452993,3 BHK
Chennai,Anna Nagar,3,1320,6256000,4739.393939393939,3 BHK
Chennai,Adyar,3,1500,50000000,33333.333333333336,3 BHK
Chennai,Medavakkam,3,1137,16500000,14511.873350923483,3 BHK
Chennai,Medavakkam,1,1123,8840000,7871.772039180766,1 BHK
Chennai,Gopalapuram,4,3000,24000000,8000.0,4 BHK
Chennai,Purasawalkam,3,1675,7500000,4477.611940298508,3 BHK
Chennai,Mogappair,2,1040,38000000,36538.46153846154,2 BHK
Chennai,Adyar,3,1500,7900000,5266.666666666667,3 BHK
Chennai,Medavakkam,3,1512,5654000,3739.4179894179892,3 BHK
Chennai,Nungambakkam,4,2652,3137000,1182.8808446455505,4 BHK
Chennai,Aminjikarai,2,938,8400000,8955.223880597016,2 BHK
Chennai,Perumbakkam,3,1414,18000000,12729.84441301273,3 BHK
Chennai,Velappanchavadi,2,592,10000000,16891.891891891893,2 BHK
Chennai,Choolaimedu,2,840,3400000,4047.6190476190477,2 BHK
Chennai,Kotturpuram,3,1600,3450000,2156.25,3 BHK
Chennai,Tondiarpet,3,1675,15000000,8955.223880597016,3 BHK
Chennai,Medavakkam,2,818,9736000,11902.200488997554,2 BHK
Chennai,Medavakkam,2,819,9500000,11599.5115995116,2 BHK
Chennai,Guindy,3,2200,13000000,5909.090909090909,3 BHK
Chennai,Navallur,3,2021,15600000,7718.951014349332,3 BHK
Chennai,Choolaimedu,3,1153,25000000,21682.56721595837,3 BHK
Chennai,Kilpauk,3,1404,17800000,12678.062678062679,3 BHK
Chennai,Ayanambakkam,4,2193,4568000,2082.9913360693113,4 BHK
Chennai,Nungambakkam,3,1260,3000000,2380.9523809523807,3 BHK
Chennai,Chetpet,3,1320,25000000,18939.39393939394,3 BHK
Chennai,East Tambaram,2,1075,20000000,18604.6511627907,2 BHK
Chennai,Rajakilpakkam,2,859,4817000,5607.683352735739,2 BHK
Chennai,Ayanavaram,3,2620,3790999,1446.946183206107,3 BHK
Chennai,T Nagar,3,1380,3814000,2763.768115942029,3 BHK
Chennai,Kelambakkam,3,1268,3783000,2983.4384858044164,3 BHK
Chennai,Kelambakkam,3,998,3802000,3809.619238476954,3 BHK
Chennai,Kelambakkam,3,1004,3779999,3764.9392430278886,3 BHK
Chennai,Kelambakkam,2,996,4794000,4813.253012048192,2 BHK
Chennai,Kelambakkam,2,1001,12200000,12187.812187812187,2 BHK
Chennai,Kelambakkam,2,995,12200000,12261.306532663317,2 BHK
Chennai,Kelambakkam,3,1262,17000000,13470.68145800317,3 BHK
Chennai,Thoraipakkam OMR,2,1632,18600000,11397.058823529413,2 BHK
Chennai,Thoraipakkam OMR,2,1636,3106000,1898.5330073349633,2 BHK
Chennai,Thoraipakkam OMR,4,2275,3084000,1355.6043956043957,4 BHK
Chennai,Thoraipakkam OMR,4,2488,3411999,1371.382234726688,4 BHK
Chennai,Thiruverkadu,2,638,4040000,6332.288401253919,2 BHK
Chennai,Kolapakkam,2,771,4384000,5686.121919584954,2 BHK
Chennai,Kolapakkam,2,853,3947999,4628.369284876905,2 BHK
Chennai,Kolapakkam,2,1010,2896000,2867.3267326732675,2 BHK
Chennai,Kolapakkam,2,1096,10200000,9306.569343065694,2 BHK
Chennai,Kolapakkam,2,987,3500000,3546.099290780142,2 BHK
Chennai,Kolapakkam,1,724,2800000,3867.403314917127,1 BHK
Chennai,Madipakkam,3,1210,3500000,2892.561983471074,3 BHK
Chennai,Perumbakkam,2,790,7850000,9936.708860759494,2 BHK
Chennai,Mudichur,2,760,3776000,4968.421052631579,2 BHK
Chennai,Perumbakkam,2,790,12800000,16202.531645569621,2 BHK
Chennai,Perambur,2,924,12800000,13852.813852813853,2 BHK
Chennai,Kelambakkam,2,994,15100000,15191.146881287727,2 BHK
Chennai,Thoraipakkam OMR,3,1717,7800000,4542.807221898661,3 BHK
Chennai,Thoraipakkam OMR,3,1707,22599999,13239.601054481547,3 BHK
Chennai,Thoraipakkam OMR,3,2025,4400000,2172.8395061728397,3 BHK
Chennai,Pallikaranai,2,1255,11200000,8924.302788844621,2 BHK
Chennai,Anna Nagar,2,1560,7659000,4909.615384615385,2 BHK
Chennai,Perumbakkam,2,967,4240000,4384.694932781799,2 BHK
Chennai,Virugambakkam,3,1610,3037000,1886.3354037267081,3 BHK
Chennai,Maraimalai Nagar,3,1712,4384000,2560.7476635514017,3 BHK
Chennai,Mappedu,2,1060,3947999,3724.5273584905663,2 BHK
Chennai,Ponneri,1,690,2896000,4197.101449275362,1 BHK
Chennai,Kolapakkam,2,1096,4500000,4105.839416058394,2 BHK
Chennai,Kolapakkam,2,987,5500000,5572.441742654509,2 BHK
Chennai,Kolapakkam,1,724,4400000,6077.348066298343,1 BHK
Chennai,Perumbakkam,2,970,11200000,11546.39175257732,2 BHK
Chennai,Korattur,2,1050,8100000,7714.285714285715,2 BHK
Chennai,Perumbakkam,2,967,9225000,9539.81385729059,2 BHK
Chennai,Virugambakkam,3,1610,6463000,4014.285714285714,3 BHK
Chennai,Medavakkam,3,1700,3038000,1787.0588235294117,3 BHK
Chennai,Pallikaranai,3,1922,32500000,16909.46930280957,3 BHK
Chennai,Pallikaranai,2,1243,11399999,9171.358809332261,2 BHK
Chennai,Pallikaranai,1,620,4120000,6645.1612903225805,1 BHK
Chennai,Abiramapuram,3,2316,6704000,2894.6459412780655,3 BHK
Chennai,Annamalai Colony,2,1202,4485000,3731.281198003328,2 BHK
Chennai,Mappedu,2,1030,11900000,11553.398058252427,2 BHK
Chennai,Kolathur,2,1277,44200000,34612.3727486296,2 BHK
Chennai,Selaiyur,2,975,8604000,8824.615384615385,2 BHK
Chennai,Pallavaram,3,1653,8604000,5205.08166969147,3 BHK
Chennai,T Nagar,3,2600,11000000,4230.7692307692305,3 BHK
Chennai,Kolathur,3,1639,5885000,3590.6040268456377,3 BHK
Chennai,Kolathur,3,1639,40599999,24771.201342281878,3 BHK
Chennai,Alwarpet,3,875,19300000,22057.14285714286,3 BHK
Chennai,Ponneri,1,1214,36300000,29901.153212520592,1 BHK
Chennai,Saidapet,3,2684,37500000,13971.684053651266,3 BHK
Chennai,Adyar,2,1550,12500000,8064.5161290322585,2 BHK
Chennai,Adyar,4,2380,19500000,8193.27731092437,4 BHK
Chennai,Chetpet,3,2500,18000000,7200.0,3 BHK
Chennai,T Nagar,3,1050,10000000,9523.809523809523,3 BHK
Chennai,Anna Nagar,2,1150,3400000,2956.521739130435,2 BHK
Chennai,Tondiarpet,3,1675,6769000,4041.194029850746,3 BHK
Chennai,Medavakkam,2,818,3840000,4694.376528117359,2 BHK
Chennai,Medavakkam,2,819,21500000,26251.52625152625,2 BHK
Chennai,Kolapakkam,3,1358,4300000,3166.4212076583212,3 BHK
Chennai,Kovur,1,614,7500000,12214.983713355048,1 BHK
Chennai,Annamalai Colony,3,2451,23000000,9383.92492860057,3 BHK
Chennai,Selaiyur,2,900,24600000,27333.333333333332,2 BHK
Chennai,Kottivakkam,2,920,12000000,13043.478260869566,2 BHK
Chennai,Adyar,3,2000,2896000,1448.0,3 BHK
Chennai,Annanagar West,3,1540,11399999,7402.596753246753,3 BHK
Chennai,Vadapalani,2,1200,3500000,2916.6666666666665,2 BHK
Chennai,Kolapakkam,1,724,9225000,12741.71270718232,1 BHK
Chennai,Annamalai Colony,2,1202,6463000,5376.871880199667,2 BHK
Chennai,Perumbakkam,2,740,3038000,4105.405405405405,2 BHK
Chennai,Pallikaranai,3,1922,10800000,5619.1467221644125,3 BHK
Chennai,Pallikaranai,2,1243,7850000,6315.366049879324,2 BHK
Chennai,Pallikaranai,1,620,3106000,5009.677419354839,1 BHK
Chennai,Nungambakkam,2,1210,3233000,2671.900826446281,2 BHK
Chennai,Perambur,2,924,2862000,3097.4025974025976,2 BHK
Chennai,Thiruverkadu,2,520,3519000,6767.307692307692,2 BHK
Chennai,Thiruverkadu,2,667,3233000,4847.076461769116,2 BHK
Chennai,Avadi,2,734,3519000,4794.277929155313,2 BHK
Chennai,Thiruverkadu,2,732,24000000,32786.88524590164,2 BHK
Chennai,Thiruverkadu,2,667,3475000,5209.895052473763,2 BHK
Chennai,Thiruverkadu,2,588,25200000,42857.142857142855,2 BHK
Chennai,Poonamallee,1,4658,25299999,5431.515457277802,1 BHK
Chennai,Thiruverkadu,2,722,27599999,38227.14542936288,2 BHK
Chennai,Anna Nagar,3,2661,13500000,5073.280721533258,3 BHK
Chennai,Anna Nagar,3,2661,10100000,3795.565576850808,3 BHK
Chennai,West Mambalam,3,2044,10200000,4990.2152641878665,3 BHK
Chennai,Anna Nagar,2,1150,10200000,8869.565217391304,2 BHK
Chennai,Pallikaranai,3,1922,6651000,3460.4578563995838,3 BHK
Chennai,Pallikaranai,3,1943,6645999,3420.483273288729,3 BHK
Chennai,Pallikaranai,3,1929,6587000,3414.722654224987,3 BHK
Chennai,Pallikaranai,2,1255,15000000,11952.191235059761,2 BHK
Chennai,Pallikaranai,2,1254,4800000,3827.751196172249,2 BHK
Chennai,Pallikaranai,2,1243,28500000,22928.399034593724,2 BHK
Chennai,Annanagar West,2,1555,33000000,21221.86495176849,2 BHK
Chennai,Thiruverkadu,2,1004,3769000,3753.9840637450197,2 BHK
Chennai,Nungambakkam,3,2208,15000000,6793.478260869565,3 BHK
Chennai,Guindy,4,2475,9736000,3933.7373737373737,4 BHK
Chennai,Vandalur,1,877,9500000,10832.383124287344,1 BHK
Chennai,Ayanambakkam,4,2193,9750000,4445.9644322845415,4 BHK
Chennai,Nungambakkam,3,1260,5398000,4284.126984126984,3 BHK
Chennai,Chetpet,3,1320,2900000,2196.969696969697,3 BHK
Chennai,Mogappair East,3,1511,26200000,17339.510258107213,3 BHK
Chennai,Vandalur,3,1272,27000000,21226.415094339623,3 BHK
Chennai,Kovur,1,614,7150000,11644.951140065146,1 BHK
Chennai,Adyar,3,1500,18300000,12200.0,3 BHK
Chennai,Adyar,3,1545,23200000,15016.181229773463,3 BHK
Chennai,Valasaravakkam,2,1100,25000000,22727.272727272728,2 BHK
Chennai,Thoraipakkam,3,1701,24000000,14109.347442680775,3 BHK
Chennai,Thoraipakkam,4,2275,45000000,19780.21978021978,4 BHK
Chennai,Arumbakkam,3,2160,50199999,23240.74027777778,3 BHK
Chennai,Kotturpuram,3,1843,3861999,2095.4959305480197,3 BHK
Chennai,Nungambakkam,3,2056,4276000,2079.7665369649803,3 BHK
Chennai,Nungambakkam,3,2600,30000000,11538.461538461539,3 BHK
Chennai,Semmancheri,2,868,6006000,6919.354838709677,2 BHK
Chennai,Semmancheri,2,961,5561000,5786.680541103017,2 BHK
Chennai,Adyar,3,2500,7000000,2800.0,3 BHK
Chennai,Medavakkam,3,1183,46000000,38884.19273034658,3 BHK
Chennai,Madipakkam,2,975,10200000,10461.538461538461,2 BHK
Chennai,T Nagar,3,3200,7500000,2343.75,3 BHK
Chennai,Raja Annamalai Puram,3,1800,3800000,2111.1111111111113,3 BHK
Chennai,Velachery,3,1280,3500000,2734.375,3 BHK
Chennai,Kodambakkam,2,921,8900000,9663.40933767644,2 BHK
Chennai,Perumbakkam,2,740,9000000,12162.162162162162,2 BHK
Chennai,Velachery,3,1149,20000000,17406.440382941688,3 BHK
Chennai,Royapettah,2,2030,3776000,1860.0985221674878,2 BHK
Chennai,Royapettah,1,620,3779999,6096.772580645162,1 BHK
Chennai,T Nagar,3,1380,4794000,3473.913043478261,3 BHK
Chennai,Kelambakkam,2,994,12200000,12273.64185110664,2 BHK
Chennai,Thoraipakkam OMR,2,1636,12800000,7823.960880195599,2 BHK
Chennai,Thoraipakkam OMR,4,2275,12800000,5626.373626373626,4 BHK
Chennai,Thoraipakkam OMR,4,2488,15100000,6069.131832797428,4 BHK
Chennai,Thoraipakkam OMR,3,1717,10000000,5824.111822947,3 BHK
Chennai,Thoraipakkam OMR,3,1707,16000000,9373.169302870532,3 BHK
Chennai,Thoraipakkam OMR,3,2025,4115999,2032.5920987654322,3 BHK
Chennai,Virugambakkam,3,1205,6600000,5477.178423236514,3 BHK
Chennai,Purasawalkam,3,1450,20000000,13793.103448275862,3 BHK
Chennai,Porur,2,980,12000000,12244.897959183674,2 BHK
Chennai,Padur,3,1685,22300000,13234.421364985163,3 BHK
Chennai,Sholinganallur,4,2750,8400000,3054.5454545454545,4 BHK
Chennai,Perumbakkam,4,2574,9500000,3690.7536907536905,4 BHK
Chennai,Anna Nagar,3,2232,31200000,13978.494623655914,3 BHK
Chennai,Choolaimedu,2,840,5775000,6875.0,2 BHK
Chennai,Kodambakkam,2,950,11900000,12526.315789473685,2 BHK
Chennai,Mylapore,3,1950,11299999,5794.871282051282,3 BHK
Chennai,Sholinganallur,2,1050,9500000,9047.619047619048,2 BHK
Chennai,Kilpauk,2,1035,7000000,6763.285024154589,2 BHK
Chennai,Kotturpuram,2,1196,12400000,10367.89297658863,2 BHK
Chennai,Velachery,2,1215,8500000,6995.884773662551,2 BHK
Chennai,Anna Nagar,2,990,5598000,5654.545454545455,2 BHK
Chennai,Kodambakkam,3,1350,7200000,5333.333333333333,3 BHK
Chennai,Aminjikarai,2,1025,3900000,3804.878048780488,2 BHK
Chennai,Kelambakkam,3,1310,5421000,4138.167938931298,3 BHK
Chennai,Velachery,3,1265,6000000,4743.083003952569,3 BHK
Chennai,Medavakkam,2,810,2900000,3580.246913580247,2 BHK
Chennai,Kelambakkam,2,1265,26200000,20711.462450592884,2 BHK
Chennai,Kovur,2,913,27000000,29572.836801752463,2 BHK
Chennai,Raja Annamalai Puram,3,1800,17700000,9833.333333333334,3 BHK
Chennai,Velachery,3,1280,28200000,22031.25,3 BHK
Chennai,Kodambakkam,2,921,3776000,4099.891422366993,2 BHK
Chennai,Thiruvanmiyur,3,1540,6909999,4487.012337662338,3 BHK
Chennai,Saidapet,2,1881,12700000,6751.727804359383,2 BHK
Chennai,Selaiyur,2,821,15000000,18270.401948842875,2 BHK
Chennai,Kolapakkam,3,1389,7500000,5399.5680345572355,3 BHK
Chennai,Sholinganallur,3,1850,20000000,10810.81081081081,3 BHK
Chennai,Guindy,3,2200,42000000,19090.909090909092,3 BHK
Chennai,Selaiyur,1,1050,23000000,21904.761904761905,1 BHK
Chennai,Kotturpuram,3,1553,18200000,11719.253058596265,3 BHK
Chennai,Raja Annamalai Puram,4,2956,10000000,3382.9499323410014,4 BHK
Chennai,Mylapore,3,1751,11000000,6282.124500285551,3 BHK
Chennai,Thiruvanmiyur,3,1884,6000000,3184.7133757961783,3 BHK
Chennai,T Nagar,2,810,11000000,13580.246913580248,2 BHK
Chennai,Kilpauk,2,1100,30500000,27727.272727272728,2 BHK
Chennai,Shenoy Nagar,2,700,30500000,43571.42857142857,2 BHK
Chennai,Alwarpet,3,875,11000000,12571.42857142857,3 BHK
Chennai,Gopalapuram,3,1500,11000000,7333.333333333333,3 BHK
Chennai,Alwarpet,3,875,6500000,7428.571428571428,3 BHK
Chennai,Alwarpet,3,875,5000000,5714.285714285715,3 BHK
Chennai,Velachery,3,1170,3800000,3247.863247863248,3 BHK
Chennai,Kovilambakkam,3,1406,7000000,4978.662873399716,3 BHK
Chennai,Ashok Nagar,2,645,7250000,11240.31007751938,2 BHK
Chennai,Pallikaranai,1,620,4485000,7233.870967741936,1 BHK
Chennai,Mogappair,2,1320,11900000,9015.151515151516,2 BHK
Chennai,Selaiyur,4,1450,18600000,12827.586206896553,4 BHK
Chennai,Selaiyur,2,975,12800000,13128.205128205129,2 BHK
Chennai,Pallavaram,3,1653,12800000,7743.496672716274,3 BHK
Chennai,Thoraipakkam OMR,3,1717,7784999,4534.070471753058,3 BHK
Chennai,Thoraipakkam OMR,3,1707,9000000,5272.4077328646745,3 BHK
Chennai,Thoraipakkam OMR,3,2025,4200000,2074.074074074074,3 BHK
Chennai,Choolaimedu,2,865,5644000,6524.85549132948,2 BHK
Chennai,Mylapore,2,630,2954000,4688.888888888889,2 BHK
Chennai,Medavakkam,2,940,4895000,5207.446808510638,2 BHK
Chennai,Moolacheri,2,1152,2998000,2602.4305555555557,2 BHK
Chennai,Moolacheri,2,999,3800000,3803.803803803804,2 BHK
Chennai,Moolacheri,1,612,6800000,11111.111111111111,1 BHK
Chennai,Adyar,3,2235,11000000,4921.700223713647,3 BHK
Chennai,Korattur,3,1300,43300000,33307.692307692305,3 BHK
Chennai,Mogappair East,3,1538,36000000,23407.02210663199,3 BHK
Chennai,Raja Annamalai Puram,3,2400,23000000,9583.333333333334,3 BHK
Chennai,Nungambakkam,3,2587,8200000,3169.694626981059,3 BHK
Chennai,Adyar,3,2777,6800000,2448.6856319769536,3 BHK
Chennai,Thiruvanmiyur,3,1605,5990000,3732.0872274143303,3 BHK
Chennai,Mahindra World City,4,1947,2900000,1489.4709809964047,4 BHK
Chennai,Korattur,3,1300,4500000,3461.5384615384614,3 BHK
Chennai,Iyyappanthangal,3,1158,9000000,7772.020725388601,3 BHK
Chennai,Kattupakkam,1,711,26500000,37271.44866385373,1 BHK
Chennai,Porur,2,878,27000000,30751.708428246013,2 BHK
Chennai,Choolaimedu,2,1025,26500000,25853.658536585364,2 BHK
Chennai,T Nagar,3,1608,4079999,2537.3128109452737,3 BHK
Chennai,Kodambakkam,3,2044,5017000,2454.500978473581,3 BHK
Chennai,Thiruvanmiyur,3,2075,11000000,5301.204819277108,3 BHK
Chennai,Medavakkam,2,887,11500000,12965.050732807214,2 BHK
Chennai,Valasaravakkam,2,865,23600000,27283.236994219653,2 BHK
Chennai,Mogappair East,3,1538,12000000,7802.340702210663,3 BHK
Chennai,Anna Nagar,3,1150,3753000,3263.478260869565,3 BHK
Chennai,Adyar,2,1618,3769000,2329.4190358467245,2 BHK
Chennai,Anna Nagar,3,1200,8000000,6666.666666666667,3 BHK
Chennai,Medavakkam,2,816,6800000,8333.333333333334,2 BHK
Chennai,Vandalur,1,877,7250000,8266.818700114025,1 BHK
Chennai,Villivakkam,3,1500,44200000,29466.666666666668,3 BHK
Chennai,Korattur,3,1300,9202000,7078.461538461538,3 BHK
Chennai,Selaiyur,4,1450,3500000,2413.793103448276,4 BHK
Chennai,T Nagar,3,2600,8000000,3076.923076923077,3 BHK
Chennai,Thoraipakkam OMR,2,1227,5000000,4074.9796251018747,2 BHK
Chennai,Medavakkam,2,1009,2995000,2968.2854311199208,2 BHK
Chennai,Valasaravakkam,1,1044,2999000,2872.605363984674,1 BHK
Chennai,East Tambaram,2,1366,3200000,2342.606149341142,2 BHK
Chennai,Rajakilpakkam,2,789,11000000,13941.69835234474,2 BHK
Chennai,Rajakilpakkam,2,789,11500000,14575.411913814956,2 BHK
Chennai,Tharapakkam,1,834,23600000,28297.36211031175,1 BHK
Chennai,Anna Nagar,3,1150,23000000,20000.0,3 BHK
Chennai,Adyar,2,1618,8200000,5067.985166872682,2 BHK
Chennai,Anna Nagar,3,1200,7500000,6250.0,3 BHK
Chennai,Thiruvanmiyur,3,1605,7122000,4437.383177570094,3 BHK
Chennai,Mahindra World City,4,1947,6731999,3457.6266050333847,4 BHK
Chennai,Padur,4,2223,4376000,1968.5110211426002,4 BHK
Chennai,Mogappair,3,1370,3871000,2825.5474452554745,3 BHK
Chennai,Mogappair,3,1295,5458000,4214.671814671815,3 BHK
Chennai,Mogappair,1,620,6267000,10108.064516129032,1 BHK
Chennai,Mogappair,1,615,3871000,6294.308943089431,1 BHK
Chennai,Mogappair,2,1050,8690000,8276.190476190477,2 BHK
Chennai,Mogappair,2,945,7095000,7507.936507936508,2 BHK
Chennai,Mogappair,1,615,7078000,11508.943089430893,1 BHK
Chennai,Navallur,4,2021,5501000,2721.919841662543,4 BHK
Chennai,Navallur,3,1650,3156000,1912.7272727272727,3 BHK
Chennai,Navallur,3,1504,7050000,4687.5,3 BHK
Chennai,Navallur,2,1158,4805000,4149.395509499136,2 BHK
Chennai,Navallur,2,734,8387000,11426.430517711171,2 BHK
Chennai,Navallur,3,1699,6847000,4030.0176574455563,3 BHK
Chennai,Navallur,2,1158,6241000,5389.464594127807,2 BHK
Chennai,Navallur,4,2021,2747000,1359.228104898565,4 BHK
Chennai,Navallur,3,1650,2651000,1606.6666666666667,3 BHK
Chennai,Navallur,3,1504,3046000,2025.2659574468084,3 BHK
Chennai,Navallur,1,639,7406999,11591.547730829421,1 BHK
Chennai,Navallur,1,639,3156000,4938.967136150235,1 BHK
Chennai,Navallur,2,734,7050000,9604.90463215259,2 BHK
Chennai,Moolacheri,3,1710,4805000,2809.941520467836,3 BHK
Chennai,Navallur,1,639,4690000,7339.593114241002,1 BHK
Chennai,Navallur,1,639,4079000,6383.411580594679,1 BHK
Chennai,Navallur,2,734,4095000,5579.019073569482,2 BHK
Chennai,Moolacheri,2,1144,7011000,6128.4965034965035,2 BHK
Chennai,Moolacheri,2,995,5682000,5710.552763819095,2 BHK
Chennai,Moolacheri,2,999,4723000,4727.727727727728,2 BHK
Chennai,Moolacheri,3,1710,4022000,2352.0467836257308,3 BHK
Chennai,Moolacheri,3,1386,2356000,1699.8556998556999,3 BHK
Chennai,Moolacheri,2,1152,7089000,6153.645833333333,2 BHK
Chennai,Moolacheri,2,981,5383000,5487.257900101937,2 BHK
Chennai,Moolacheri,1,612,5335000,8717.320261437908,1 BHK
Chennai,Padur,3,1916,4536000,2367.4321503131523,3 BHK
Chennai,Padur,3,1455,5165000,3549.828178694158,3 BHK
Chennai,Padur,3,1442,5135000,3561.0263522884884,3 BHK
Chennai,Padur,3,1226,4384000,3575.8564437194127,3 BHK
Chennai,Padur,3,1396,5050000,3617.478510028653,3 BHK
Chennai,Padur,3,1388,5080000,3659.942363112392,3 BHK
Chennai,Padur,3,1185,4284000,3615.1898734177216,3 BHK
Chennai,Padur,3,1365,4347000,3184.6153846153848,3 BHK
Chennai,Padur,3,1373,3807000,2772.760378732702,3 BHK
Chennai,Padur,3,1158,3703000,3197.754749568221,3 BHK
Chennai,Padur,3,1175,3761999,3201.7012765957447,3 BHK
Chennai,Padur,2,1029,2297000,2232.2643343051504,2 BHK
Chennai,Padur,2,1001,3711000,3707.2927072927073,2 BHK
Chennai,Padur,2,1017,3663000,3601.7699115044247,2 BHK
Chennai,Padur,2,621,2275000,3663.4460547504027,2 BHK
Chennai,Padur,2,1003,2264000,2257.2283150548355,2 BHK
Chennai,Padur,2,990,2257000,2279.7979797979797,2 BHK
Chennai,Padur,2,615,2249000,3656.910569105691,2 BHK
Chennai,Padur,2,612,7305000,11936.274509803921,2 BHK
Chennai,Padur,2,610,7873000,12906.557377049181,2 BHK
Chennai,Padur,2,608,7344000,12078.947368421053,2 BHK
Chennai,Navallur,3,1699,7598000,4472.042377869335,3 BHK
Chennai,Navallur,3,1831,7088000,3871.1086837793555,3 BHK
Chennai,Navallur,3,1708,12400000,7259.953161592506,3 BHK
Chennai,Navallur,3,1831,5396000,2947.023484434735,3 BHK
Chennai,Navallur,3,1708,5045000,2953.7470725995317,3 BHK
Chennai,Navallur,3,2903,12000000,4133.654839820875,3 BHK
Chennai,Navallur,2,1255,5208000,4149.800796812749,2 BHK
Chennai,Navallur,2,1058,4390000,4149.3383742911155,2 BHK
Chennai,Navallur,3,2903,2141000,737.5129176713745,3 BHK
Chennai,Navallur,2,1255,2066000,1646.215139442231,2 BHK
Chennai,Navallur,2,1058,2509000,2371.4555765595464,2 BHK
Chennai,Navallur,1,498,2472000,4963.855421686747,1 BHK
Chennai,Navallur,1,498,5372000,10787.14859437751,1 BHK
Chennai,Moolacheri,2,612,4891000,7991.830065359477,2 BHK
Chennai,Moolacheri,2,603,16100000,26699.83416252073,2 BHK
Chennai,Padur,3,1452,7869000,5419.421487603306,3 BHK
Chennai,Padur,3,1322,2499000,1890.3177004538577,3 BHK
Chennai,Mogappair,4,2580,18600000,7209.302325581395,4 BHK
Chennai,Mogappair,3,1290,6252000,4846.511627906977,3 BHK
Chennai,Avadi,2,677,11299999,16691.283604135893,2 BHK
Chennai,Vadapalani,3,1777,11299999,6359.031513787282,3 BHK
Chennai,Vadapalani,2,638,15000000,23510.971786833856,2 BHK
Chennai,Vadapalani,2,1080,14900000,13796.296296296296,2 BHK
Chennai,Vadapalani,2,1077,14900000,13834.726090993501,2 BHK
Chennai,Vadapalani,3,1434,12200000,8507.670850767085,3 BHK
Chennai,Vadapalani,3,1428,14900000,10434.173669467787,3 BHK
Chennai,Vadapalani,2,1163,17600000,15133.276010318143,2 BHK
Chennai,Vadapalani,3,1421,17200000,12104.152005629838,3 BHK
Chennai,Vadapalani,2,1168,17900000,15325.342465753425,2 BHK
Chennai,Vadapalani,3,1680,10300000,6130.952380952381,3 BHK
Chennai,Vadapalani,3,1645,10200000,6200.607902735563,3 BHK
Chennai,Vadapalani,3,1707,23200000,13591.095489162273,3 BHK
Chennai,Vadapalani,2,983,22000000,22380.467955239063,2 BHK
Chennai,Vadapalani,2,980,28200000,28775.51020408163,2 BHK
Chennai,Vadapalani,3,2400,5994000,2497.5,3 BHK
Chennai,Vadapalani,3,2272,10200000,4489.43661971831,3 BHK
Chennai,Vadapalani,3,2908,10300000,3541.953232462173,3 BHK
Chennai,Vadapalani,2,631,6183000,9798.732171156893,2 BHK
Chennai,Vadapalani,2,979,17800000,18181.81818181818,2 BHK
Chennai,Vadapalani,2,981,19100000,19469.928644240572,2 BHK
Chennai,Vadapalani,1,631,22900000,36291.60063391442,1 BHK
Chennai,Thiruvanmiyur,3,1430,23300000,16293.706293706293,3 BHK
Chennai,Thiruvanmiyur,3,1531,24200000,15806.66231221424,3 BHK
Chennai,Thiruvanmiyur,3,1832,24600000,13427.947598253275,3 BHK
Chennai,Thiruvanmiyur,3,1871,5700000,3046.4991982896845,3 BHK
Chennai,Thiruvanmiyur,3,1937,4300000,2219.927723283428,3 BHK
Chennai,Thiruvanmiyur,3,1969,4549000,2310.3098019299136,3 BHK
Chennai,Kovur,2,1169,3500000,2994.011976047904,2 BHK
Chennai,Kovur,2,915,2475000,2704.9180327868853,2 BHK
Chennai,OMR Road,2,1058,5444000,5145.557655954632,2 BHK
Chennai,Kelambakkam,3,1250,5476000,4380.8,3 BHK
Chennai,Thiruverkadu,1,570,5285000,9271.929824561403,1 BHK
Chennai,Pallikaranai,2,914,5444000,5956.236323851203,2 BHK
Chennai,Velachery,2,920,4999000,5433.695652173913,2 BHK
Chennai,Velachery,2,884,5285000,5978.506787330317,2 BHK
Chennai,Velachery,2,914,6154000,6733.0415754923415,2 BHK
Chennai,Velachery,2,830,17800000,21445.78313253012,2 BHK
Chennai,Madipakkam,2,884,22799999,25791.85407239819,2 BHK
Chennai,Vadapalani,1,628,24200000,38535.03184713376,1 BHK
Chennai,Thiruvanmiyur,2,1431,24600000,17190.775681341718,2 BHK
Chennai,Thiruvanmiyur,3,1831,5600000,3058.4380120152923,3 BHK
Chennai,Thiruvanmiyur,3,1938,4549000,2347.265221878225,3 BHK
Chennai,Thiruvanmiyur,3,1970,2900000,1472.0812182741117,3 BHK
Chennai,Urapakkam,3,1571,3200000,2036.9191597708466,3 BHK
Chennai,Siruseri,2,1058,5476000,5175.803402646503,2 BHK
Chennai,tambaram west,2,800,5476000,6845.0,2 BHK
Chennai,Madipakkam,2,925,4999000,5404.324324324324,2 BHK
Chennai,Kovilambakkam,2,920,5476000,5952.173913043478,2 BHK
Chennai,Kovilambakkam,2,920,5444000,5917.391304347826,2 BHK
Chennai,Kovilambakkam,2,830,5285000,6367.469879518072,2 BHK
Chennai,Kovilambakkam,2,920,3200000,3478.2608695652175,2 BHK
Chennai,Kovilambakkam,2,914,5200000,5689.277899343545,2 BHK
Chennai,Kovilambakkam,2,884,4650000,5260.180995475113,2 BHK
Chennai,Siruseri,1,580,3250000,5603.448275862069,1 BHK
Chennai,GST Road,2,945,5444000,5760.846560846561,2 BHK
Chennai,tambaram west,2,1000,5476000,5476.0,2 BHK
Chennai,Pallavaram,1,625,4999000,7998.4,1 BHK
Chennai,Madipakkam,2,914,5285000,5782.2757111597375,2 BHK
Chennai,Medavakkam,2,923,5285000,5725.893824485373,2 BHK
Chennai,Pallikaranai,2,830,5444000,6559.036144578313,2 BHK
Chennai,Pallikaranai,1,884,4999000,5654.977375565611,1 BHK
Chennai,Velachery,2,884,5476000,6194.570135746606,2 BHK
Chennai,Pallikaranai,2,914,5476000,5991.247264770241,2 BHK
Chennai,Velachery,2,830,5200000,6265.060240963855,2 BHK
Chennai,Pallikaranai,2,920,3863000,4198.913043478261,2 BHK
Chennai,Pallikaranai,2,920,5200000,5652.173913043478,2 BHK
Chennai,Pallavaram,2,945,5476000,5794.708994708994,2 BHK
Chennai,East Tambaram,2,765,4999000,6534.640522875817,2 BHK
Chennai,200 Feet Radial Road,2,945,5285000,5592.592592592592,2 BHK
Chennai,Pallikaranai,2,767,3300000,4302.477183833116,2 BHK
Chennai,Pallikaranai,2,830,5100000,6144.578313253012,2 BHK
Chennai,Pallikaranai,2,884,2700000,3054.298642533937,2 BHK
Chennai,Kelambakkam,2,983,5444000,5538.148524923703,2 BHK
Chennai,Pallavaram,2,930,5285000,5682.795698924731,2 BHK
Chennai,East Tambaram,2,819,4999000,6103.785103785104,2 BHK
Chennai,Kilkattalai,2,915,5285000,5775.956284153005,2 BHK
Chennai,Kilkattalai,2,884,4999000,5654.977375565611,2 BHK
Chennai,Kovilambakkam,2,832,5285000,6352.163461538462,2 BHK
Chennai,Madipakkam,2,885,5476000,6187.570621468926,2 BHK
Chennai,Madipakkam,2,835,5476000,6558.083832335329,2 BHK
Chennai,Medavakkam,2,920,5476000,5952.173913043478,2 BHK
Chennai,Kilkattalai,2,920,5285000,5744.565217391304,2 BHK
Chennai,Madipakkam,2,920,4999000,5433.695652173913,2 BHK
Chennai,Medavakkam,2,925,5285000,5713.513513513513,2 BHK
Chennai,Ullagaram,2,884,5444000,6158.371040723982,2 BHK
Chennai,Kovilambakkam,2,831,5444000,6551.143200962695,2 BHK
Chennai,Madipakkam,2,890,4999000,5616.853932584269,2 BHK
Chennai,Madipakkam,2,914,5476000,5991.247264770241,2 BHK
Chennai,Kovilambakkam,2,914,4999000,5469.365426695843,2 BHK
Chennai,Madipakkam,2,834,5444000,6527.57793764988,2 BHK
Chennai,Velachery,2,830,5476000,6597.590361445783,2 BHK
Chennai,Velachery,2,914,5476000,5991.247264770241,2 BHK
Chennai,Velachery,2,914,3300000,3610.503282275711,2 BHK
Chennai,Velachery,2,920,4979000,5411.95652173913,2 BHK
Chennai,Velachery,2,920,5000000,5434.782608695652,2 BHK
Chennai,tambaram west,2,750,5100000,6800.0,2 BHK
Chennai,OMR Road,2,1158,3900000,3367.875647668394,2 BHK
Chennai,Navallur,2,1058,2205000,2084.1209829867676,2 BHK
Chennai,Pallavaram,2,1025,2205000,2151.2195121951218,2 BHK
Chennai,Ambattur,2,930,2450000,2634.4086021505377,2 BHK
Chennai,Adhanur,2,752,3450000,4587.765957446809,2 BHK
Chennai,Adhanur,2,752,6500000,8643.617021276596,2 BHK
Chennai,tambaram west,2,700,4549000,6498.571428571428,2 BHK
Chennai,Ullagaram,2,750,4100000,5466.666666666667,2 BHK
Chennai,Pallavaram,3,1180,3399000,2880.508474576271,3 BHK
Chennai,Egattur,2,1058,4004000,3784.499054820416,2 BHK
Chennai,Ambattur,2,930,11000000,11827.956989247312,2 BHK
Chennai,Ambattur,2,760,4150000,5460.526315789473,2 BHK
Chennai,Ambattur,2,965,3500000,3626.943005181347,2 BHK
Chennai,Sholinganallur,3,1642,3913000,2383.0694275274054,3 BHK
Chennai,Ambattur,3,1000,3486000,3486.0,3 BHK
Chennai,Ambattur,2,821,4161999,5069.426309378807,2 BHK
Chennai,tambaram east,2,775,2999000,3869.6774193548385,2 BHK
Chennai,Ambattur,2,840,2900000,3452.3809523809523,2 BHK
Chennai,Ambattur,2,925,7051000,7622.7027027027025,2 BHK
Chennai,Ambattur,2,705,4796000,6802.836879432624,2 BHK
Chennai,Perungalathur,2,806,4100000,5086.848635235732,2 BHK
Chennai,Korattur,3,1439,3496000,2429.4649061848504,3 BHK
Chennai,Ambattur,2,1090,3601000,3303.669724770642,2 BHK
Chennai,Ambattur,2,925,7500000,8108.108108108108,2 BHK
Chennai,Ambattur,2,760,2513000,3306.5789473684213,2 BHK
Chennai,Ambattur,2,783,8000000,10217.113665389528,2 BHK
Chennai,Vadapalani,2,1100,14000000,12727.272727272728,2 BHK
Chennai,Vandalur,1,577,4000000,6932.409012131716,1 BHK
Chennai,Mogappair,3,1190,6800000,5714.285714285715,3 BHK
Chennai,Palavakkam,3,1400,5400000,3857.1428571428573,3 BHK
Chennai,Sunnambu Kolathur S Kolathur,2,720,4600000,6388.888888888889,2 BHK
Chennai,Sunnambu Kolathur S Kolathur,3,1285,7834999,6097.275486381323,3 BHK
Chennai,Sunnambu Kolathur S Kolathur,2,943,3000000,3181.336161187699,2 BHK
Chennai,Sunnambu Kolathur S Kolathur,2,800,11100000,13875.0,2 BHK
Chennai,Korattur,3,1599,7834999,4899.936835522201,3 BHK
Chennai,Ambattur,2,740,2408000,3254.054054054054,2 BHK
Chennai,Pallikaranai VGP Shanti Nagar,3,1700,5500000,3235.294117647059,3 BHK
Chennai,Korattur,3,1599,3400000,2126.3289555972483,3 BHK
Chennai,Selaiyur,2,688,4500000,6540.697674418605,2 BHK
