Price,Area,Location,No. of Bedrooms,Resale,MaintenanceStaff,Gymnasium,SwimmingPool,LandscapedGardens,JoggingTrack,RainWaterHarvesting,IndoorGames,ShoppingMall,Intercom,SportsFacility,ATM,ClubHouse,School,24X7Security,PowerBackup,CarParking,StaffQuarter,Cafeteria,MultipurposeRoom,Hospital,WashingMachine,Gasconnection,AC,Wifi,Children'splayarea,LiftAvailable,BED,VaastuCompliant,Microwave,GolfCourse,TV,DiningTable,Sofa,Wardrobe,Refrigerator,price_inr,total_sqft_clean,bhk,price_per_sqft,locality_standard,bhk_category,size_bucket,quality_flag,city,age_bucket,amenity_score,amenity_count_total
5500000,1310,Perungalathur,3,0,0,0,0,0,0,0,0,0,0,0,0,0,0,0,0,0,0,0,0,0,0,0,0,0,0,0,0,0,0,0,0,0,0,0,0,5500000,1310,3,4198.473282442748,Perungalathur,3 BHK,1000-1500 sqft,Valid,Chennai,Not available in source data,0,35
5350000,1126,Madhavaram,2,0,0,1,1,1,0,1,1,0,0,0,0,1,0,0,1,0,0,0,1,0,0,0,0,0,1,1,0,0,0,0,0,0,0,0,0,5350000,1126,2,4751.332149200711,Madhavaram,2 BHK,1000-1500 sqft,Valid,Chennai,Not available in source data,10,35
8205000,1307,Karapakkam,3,0,0,1,1,1,1,1,1,0,1,1,0,1,0,1,1,1,0,1,1,0,0,0,0,0,1,0,0,0,0,0,0,0,0,0,0,8205000,1307,3,6277.735271614384,Karapakkam,3 BHK,1000-1500 sqft,Valid,Chennai,Not available in source data,15,35
23400000,3600,Thiruvidandhai,3,0,0,1,1,0,1,0,0,0,0,0,0,1,0,1,1,0,0,1,0,0,0,0,0,0,1,0,0,0,0,0,0,0,0,0,0,23400000,3600,3,6500.0,Thiruvidandhai,3 BHK,2500+ sqft,Valid,Chennai,Not available in source data,8,35
10100000,1700,Iyappanthangal,3,0,0,1,1,1,1,0,0,0,0,0,0,1,0,0,1,0,0,0,1,0,0,0,0,0,1,0,0,1,0,0,0,0,0,0,0,10100000,1700,3,5941.176470588235,Iyappanthangal,3 BHK,1500-2500 sqft,Valid,Chennai,Not available in source data,9,35
2950000,576,Mevalurkuppam,1,0,0,1,1,1,1,1,1,0,1,1,0,1,0,1,1,1,1,0,0,0,0,0,0,0,1,1,0,1,0,0,0,0,0,0,0,2950000,576,1,5121.527777777777,Mevalurkuppam,1 BHK,500-1000 sqft,Valid,Chennai,Not available in source data,16,35
7600000,1207,Kolapakkam,3,0,0,1,1,0,1,1,1,0,1,0,0,1,0,1,1,1,0,0,0,0,0,0,0,0,1,1,0,1,0,0,0,0,0,0,0,7600000,1207,3,6296.603148301574,Kolapakkam,3 BHK,1000-1500 sqft,Valid,Chennai,Not available in source data,13,35
2234000,604,Kundrathur,2,0,0,1,0,0,0,0,0,0,0,0,0,0,0,0,0,1,0,0,0,0,0,0,0,0,0,0,0,0,0,0,0,0,0,0,0,2234000,604,2,3698.6754966887415,Kundrathur,2 BHK,500-1000 sqft,Valid,Chennai,Not available in source data,2,35
5521000,986,Pammal,2,0,0,0,0,0,0,0,0,0,0,0,0,0,0,0,0,0,0,0,0,0,0,0,0,0,0,1,0,0,0,0,0,0,0,0,0,5521000,986,2,5599.3914807302235,Pammal,2 BHK,500-1000 sqft,Valid,Chennai,Not available in source data,1,35
6321000,1345,Puzhal,3,0,0,1,1,1,0,1,1,0,0,0,0,0,0,1,1,1,0,0,1,0,0,0,0,0,1,1,0,1,0,0,0,0,0,0,0,6321000,1345,3,4699.628252788104,Puzhal,3 BHK,1000-1500 sqft,Valid,Chennai,Not available in source data,12,35
3404000,510,Selaiyur,1,0,0,0,0,0,0,0,0,0,0,0,0,0,0,0,1,0,0,0,0,0,0,0,0,0,0,0,0,0,0,0,0,0,0,0,0,3404000,510,1,6674.509803921569,Selaiyur,1 BHK,500-1000 sqft,Valid,Chennai,Not available in source data,1,35
11600000,1508,Thoraipakkam OMR,3,0,0,1,1,1,1,1,1,0,1,0,0,1,0,0,1,1,0,0,1,0,0,0,0,0,0,1,0,0,0,0,0,0,0,0,0,11600000,1508,3,7692.307692307692,Thoraipakkam OMR,3 BHK,1500-2500 sqft,Valid,Chennai,Not available in source data,12,35
6536000,1245,Karapakkam,2,0,0,1,1,0,1,0,0,0,1,0,0,0,0,1,1,1,0,1,1,0,0,0,0,0,1,1,0,0,0,0,0,0,0,0,0,6536000,1245,2,5249.7991967871485,Karapakkam,2 BHK,1000-1500 sqft,Valid,Chennai,Not available in source data,11,35
24200000,1565,Anna Nagar,3,0,0,0,0,1,0,0,0,0,0,0,0,0,0,0,1,0,0,0,0,0,0,0,0,0,0,1,0,1,0,0,0,0,0,0,0,24200000,1565,3,15463.258785942491,Anna Nagar,3 BHK,1500-2500 sqft,Valid,Chennai,Not available in source data,4,35
8162000,1306,Mogappair,2,0,0,1,1,0,0,0,0,0,0,0,0,0,0,0,0,0,0,0,0,0,0,0,0,0,0,0,0,0,0,0,0,0,0,0,0,8162000,1306,2,6249.617151607963,Mogappair,2 BHK,1000-1500 sqft,Valid,Chennai,Not available in source data,2,35
6190000,1113,Sholinganallur,2,0,0,1,0,0,1,1,0,0,0,0,0,0,0,0,1,0,0,0,1,0,0,0,0,0,1,0,0,0,0,0,0,0,0,0,0,6190000,1113,2,5561.545372866128,Sholinganallur,2 BHK,1000-1500 sqft,Valid,Chennai,Not available in source data,6,35
9613000,1479,Mogappair,3,0,0,1,1,0,0,0,1,0,0,0,0,0,0,1,1,1,0,0,0,0,0,0,0,0,1,1,0,0,0,0,0,0,0,0,0,9613000,1479,3,6499.661933739013,Mogappair,3 BHK,1000-1500 sqft,Valid,Chennai,Not available in source data,8,35
7542000,1640,Sholinganallur,3,0,1,1,1,1,1,1,1,1,1,0,1,1,1,1,1,1,1,1,0,1,0,0,0,0,1,1,0,1,0,0,0,0,0,0,0,7542000,1640,3,4598.780487804878,Sholinganallur,3 BHK,1500-2500 sqft,Valid,Chennai,Not available in source data,21,35
6338000,1112,Medavakkam,2,0,0,0,0,0,0,0,0,0,0,0,0,0,0,0,1,0,0,0,0,0,0,0,0,0,0,0,0,0,0,0,0,0,0,0,0,6338000,1112,2,5699.640287769784,Medavakkam,2 BHK,1000-1500 sqft,Valid,Chennai,Not available in source data,1,35
2724000,645,Avadi,2,0,1,1,1,1,1,1,1,0,0,0,0,1,0,1,1,0,0,0,1,0,0,0,0,0,1,1,0,0,0,0,0,0,0,0,0,2724000,645,2,4223.2558139534885,Avadi,2 BHK,500-1000 sqft,Valid,Chennai,Not available in source data,13,35
3388000,738,Tiruvottiyur,2,0,0,0,0,0,0,0,0,0,0,0,0,0,0,0,0,0,0,0,0,0,0,0,0,0,0,0,0,0,0,0,0,0,0,0,0,3388000,738,2,4590.785907859078,Tiruvottiyur,2 BHK,500-1000 sqft,Valid,Chennai,Not available in source data,0,35
3175000,804,Perungalathur,2,0,0,0,0,0,0,0,0,0,0,0,0,0,0,0,0,0,0,0,0,0,0,0,0,0,1,1,0,0,0,0,0,0,0,0,0,3175000,804,2,3949.0049751243782,Perungalathur,2 BHK,500-1000 sqft,Valid,Chennai,Not available in source data,2,35
19100000,2474,Iyappanthangal,4,0,0,1,1,0,1,1,1,1,0,0,1,1,1,1,1,1,1,0,1,1,0,0,0,0,1,1,0,1,0,0,0,0,0,0,0,19100000,2474,4,7720.291026677445,Iyappanthangal,4 BHK,1500-2500 sqft,Valid,Chennai,Not available in source data,18,35
4065999,701,Manapakkam,2,0,0,0,0,0,0,0,0,0,0,0,0,0,0,0,0,0,0,0,0,0,0,0,0,0,0,0,0,0,0,0,0,0,0,0,0,4065999,701,2,5800.283880171184,Manapakkam,2 BHK,500-1000 sqft,Valid,Chennai,Not available in source data,0,35
6500000,1350,Madipakkam,2,1,0,0,0,0,0,0,0,0,1,0,0,0,0,0,0,0,0,0,0,0,0,0,0,0,0,1,0,0,0,0,0,0,0,0,0,6500000,1350,2,4814.814814814815,Madipakkam,2 BHK,1000-1500 sqft,Valid,Chennai,Not available in source data,2,35
5500000,785,Thiruvanmiyur,2,1,0,0,0,0,0,0,0,0,0,0,0,0,0,0,0,0,0,0,0,0,0,0,0,0,0,0,0,0,0,0,0,0,0,0,0,5500000,785,2,7006.369426751592,Thiruvanmiyur,2 BHK,500-1000 sqft,Valid,Chennai,Not available in source data,0,35
3500000,538,Ramapuram,1,1,1,1,1,1,0,1,0,0,1,1,0,1,0,1,1,1,0,0,0,0,0,0,0,0,1,1,0,1,0,0,0,0,0,0,0,3500000,538,1,6505.576208178439,Ramapuram,1 BHK,500-1000 sqft,Valid,Chennai,Not available in source data,14,35
17000000,1361,Saidapet,2,0,0,1,1,1,1,0,0,0,0,0,0,1,0,0,1,0,0,0,0,0,0,0,0,0,1,1,0,0,0,0,0,0,0,0,0,17000000,1361,2,12490.815576781779,Saidapet,2 BHK,1000-1500 sqft,Valid,Chennai,Not available in source data,8,35
2499000,677,Avadi,2,0,0,0,0,1,1,0,0,0,0,0,0,0,1,1,1,1,0,0,0,1,0,0,0,0,1,1,1,0,0,0,0,0,0,0,0,2499000,677,2,3691.2850812407682,Avadi,2 BHK,500-1000 sqft,Valid,Chennai,Not available in source data,10,35
4165999,868,Pammal,2,0,0,0,0,0,0,0,0,0,0,0,0,0,0,0,0,0,0,0,0,0,0,0,0,0,0,0,0,0,0,0,0,0,0,0,0,4165999,868,2,4799.53801843318,Pammal,2 BHK,500-1000 sqft,Valid,Chennai,Not available in source data,0,35
4875000,920,Madipakkam,2,0,0,0,0,0,0,0,0,0,0,0,0,0,0,0,0,0,0,0,0,0,0,0,0,0,0,1,0,0,0,0,0,0,0,0,0,4875000,920,2,5298.913043478261,Madipakkam,2 BHK,500-1000 sqft,Valid,Chennai,Not available in source data,1,35
3442000,850,Poonamallee,2,0,0,0,0,0,0,0,0,0,0,0,0,0,0,0,0,0,0,0,0,0,0,0,0,0,0,0,0,0,0,0,0,0,0,0,0,3442000,850,2,4049.4117647058824,Poonamallee,2 BHK,500-1000 sqft,Valid,Chennai,Not available in source data,0,35
4165000,850,Pammal,2,0,0,0,0,0,0,0,0,0,0,0,0,0,0,0,0,0,0,0,0,0,0,0,0,0,0,0,0,0,0,0,0,0,0,0,0,4165000,850,2,4900.0,Pammal,2 BHK,500-1000 sqft,Valid,Chennai,Not available in source data,0,35
5298000,1019,Pallavaram,2,0,0,0,0,0,0,0,0,0,0,0,0,0,0,0,0,0,0,0,0,0,0,0,0,0,0,0,0,0,0,0,0,0,0,0,0,5298000,1019,2,5199.214916584887,Pallavaram,2 BHK,1000-1500 sqft,Valid,Chennai,Not available in source data,0,35
5184000,1080,Pammal,3,0,0,0,0,0,0,0,0,0,0,0,0,0,0,0,0,0,0,0,0,0,0,0,0,0,0,1,0,0,0,0,0,0,0,0,0,5184000,1080,3,4800.0,Pammal,3 BHK,1000-1500 sqft,Valid,Chennai,Not available in source data,1,35
10000000,1943,Maraimalai Nagar,3,0,0,1,1,0,0,0,0,0,0,1,0,1,0,0,1,0,0,0,0,0,0,0,0,0,1,1,0,0,0,0,0,0,0,0,0,10000000,1943,3,5146.68039114771,Maraimalai Nagar,3 BHK,1500-2500 sqft,Valid,Chennai,Not available in source data,7,35
6225000,1245,Madambakkam,3,0,0,0,0,0,0,1,0,0,0,0,0,0,0,0,0,1,0,0,0,0,0,0,0,0,0,1,0,1,0,0,0,0,0,0,0,6225000,1245,3,5000.0,Madambakkam,3 BHK,1000-1500 sqft,Valid,Chennai,Not available in source data,4,35
5599000,817,Perungudi,2,0,0,0,0,0,0,1,0,0,0,0,0,0,0,0,1,0,0,0,0,0,0,0,0,0,0,0,0,0,0,0,0,0,0,0,0,5599000,817,2,6853.1211750306,Perungudi,2 BHK,500-1000 sqft,Valid,Chennai,Not available in source data,2,35
6100000,1185,Iyappanthangal,3,0,0,0,0,0,0,0,0,0,0,0,0,0,0,0,1,1,0,0,0,0,0,0,0,0,0,0,0,0,0,0,0,0,0,0,0,6100000,1185,3,5147.679324894515,Iyappanthangal,3 BHK,1000-1500 sqft,Valid,Chennai,Not available in source data,2,35
2960000,779,Kolapakkam,2,0,0,0,0,0,0,0,0,0,0,0,0,0,0,1,0,1,0,0,0,0,0,0,0,0,0,0,0,0,0,0,0,0,0,0,0,2960000,779,2,3799.7432605905005,Kolapakkam,2 BHK,500-1000 sqft,Valid,Chennai,Not available in source data,2,35
7200000,1330,Villivakkam,2,0,0,0,0,0,0,0,0,0,1,0,0,0,0,0,0,0,0,0,0,0,0,0,0,0,0,0,0,0,0,0,0,0,0,0,0,7200000,1330,2,5413.533834586467,Villivakkam,2 BHK,1000-1500 sqft,Valid,Chennai,Not available in source data,1,35
35000000,2011,Adyar,4,1,0,0,0,0,0,0,0,0,0,0,0,0,0,0,0,0,0,0,0,0,0,0,0,0,0,0,0,0,0,0,0,0,0,0,0,35000000,2011,4,17404.2764793635,Adyar,4 BHK,1500-2500 sqft,Valid,Chennai,Not available in source data,0,35
4998000,1112,Navallur,2,0,0,1,0,0,1,0,0,0,0,0,0,0,0,1,0,0,0,0,0,0,0,0,0,0,1,0,0,0,0,0,0,0,0,0,0,4998000,1112,2,4494.604316546763,Navallur,2 BHK,1000-1500 sqft,Valid,Chennai,Not available in source data,4,35
3400000,612,Moolacheri,2,0,0,1,1,1,1,1,1,0,1,0,0,1,0,1,1,1,0,0,1,0,0,0,0,0,1,0,0,0,0,0,0,0,0,0,0,3400000,612,2,5555.555555555556,Moolacheri,2 BHK,500-1000 sqft,Valid,Chennai,Not available in source data,13,35
6500000,900,Chromepet,2,0,0,0,0,0,0,0,0,0,0,0,0,0,0,0,1,0,0,0,0,0,0,0,0,0,0,1,0,0,0,0,0,0,0,0,0,6500000,900,2,7222.222222222223,Chromepet,2 BHK,500-1000 sqft,Valid,Chennai,Not available in source data,2,35
8675000,1641,Nandambakkam,3,0,0,0,0,0,0,0,0,0,0,0,0,0,0,0,1,0,0,0,0,0,0,0,0,0,0,1,0,0,0,0,0,0,0,0,0,8675000,1641,3,5286.4107251675805,Nandambakkam,3 BHK,1500-2500 sqft,Valid,Chennai,Not available in source data,2,35
6259000,963,Anna Nagar,2,0,0,1,0,0,0,0,0,0,1,1,0,1,0,0,1,0,0,0,0,0,0,0,0,0,1,1,0,0,0,0,0,0,0,0,0,6259000,963,2,6499.4807892004155,Anna Nagar,2 BHK,500-1000 sqft,Valid,Chennai,Not available in source data,7,35
3400000,1062,Kelambakkam,3,0,0,1,1,1,1,1,1,1,0,1,1,1,1,1,1,1,1,0,1,1,0,0,0,0,1,1,0,1,0,0,0,0,0,0,0,3400000,1062,3,3201.5065913371,Kelambakkam,3 BHK,1000-1500 sqft,Valid,Chennai,Not available in source data,20,35
12000000,940,Vadapalani,2,0,0,0,0,0,0,0,0,0,0,0,0,0,0,0,1,0,0,0,0,0,0,0,0,0,0,1,0,0,0,0,0,0,0,0,0,12000000,940,2,12765.95744680851,Vadapalani,2 BHK,500-1000 sqft,Valid,Chennai,Not available in source data,2,35
5999000,1400,Kumananchavadi,3,1,0,0,0,0,0,0,0,0,0,0,0,0,0,0,0,0,0,0,0,0,0,0,0,0,0,0,0,0,0,0,0,0,0,0,0,5999000,1400,3,4285.0,Kumananchavadi,3 BHK,1000-1500 sqft,Valid,Chennai,Not available in source data,0,35
10400000,1671,Thoraipakkam OMR,3,0,0,1,0,1,1,0,1,0,1,0,0,0,0,1,1,0,0,0,0,0,0,0,0,0,0,0,0,0,0,0,0,0,0,0,0,10400000,1671,3,6223.818073010174,Thoraipakkam OMR,3 BHK,1500-2500 sqft,Valid,Chennai,Not available in source data,7,35
8000000,1952,Sholinganallur,3,0,0,0,0,0,0,0,0,0,0,0,0,0,0,0,0,0,0,0,0,0,0,0,0,0,0,1,0,0,0,0,0,0,0,0,0,8000000,1952,3,4098.360655737705,Sholinganallur,3 BHK,1500-2500 sqft,Valid,Chennai,Not available in source data,1,35
5003000,944,Sholinganallur,2,0,0,0,0,0,0,1,0,0,0,0,0,0,0,1,1,0,0,0,0,0,0,0,0,0,0,1,0,1,0,0,0,0,0,0,0,5003000,944,2,5299.78813559322,Sholinganallur,2 BHK,500-1000 sqft,Valid,Chennai,Not available in source data,5,35
4192000,975,Porur,1,0,0,0,0,0,0,0,0,0,0,0,0,0,0,0,1,0,0,0,0,0,0,0,0,0,0,1,0,0,0,0,0,0,0,0,0,4192000,975,1,4299.48717948718,Porur,1 BHK,500-1000 sqft,Valid,Chennai,Not available in source data,2,35
5500000,1060,Periyapanicheri,3,0,0,0,0,0,0,0,0,0,0,0,0,0,0,0,0,0,0,0,0,0,0,0,0,0,0,0,0,0,0,0,0,0,0,0,0,5500000,1060,3,5188.679245283019,Periyapanicheri,3 BHK,1000-1500 sqft,Valid,Chennai,Not available in source data,0,35
9110000,1481,Perungudi,3,0,0,0,0,1,0,1,0,0,1,0,0,0,0,0,1,1,0,0,0,0,0,0,0,0,0,1,0,0,0,0,0,0,0,0,0,9110000,1481,3,6151.249155975692,Perungudi,3 BHK,1000-1500 sqft,Valid,Chennai,Not available in source data,6,35
3377000,965,Selaiyur,2,0,0,0,0,0,0,1,0,0,0,0,0,0,0,0,0,0,0,0,0,0,0,0,0,0,0,0,0,0,0,0,0,0,0,0,0,3377000,965,2,3499.481865284974,Selaiyur,2 BHK,500-1000 sqft,Valid,Chennai,Not available in source data,1,35
5978000,1128,Manikandan Nagar,3,0,0,0,0,0,0,0,0,0,0,0,0,0,0,0,0,0,0,0,0,0,0,0,0,0,0,0,0,0,0,0,0,0,0,0,0,5978000,1128,3,5299.645390070922,Manikandan Nagar,3 BHK,1000-1500 sqft,Valid,Chennai,Not available in source data,0,35
6000000,1219,Porur,3,0,0,0,0,0,0,0,0,0,0,0,0,0,0,0,0,0,0,0,0,0,0,0,0,0,0,0,0,0,0,0,0,0,0,0,0,6000000,1219,3,4922.0672682526665,Porur,3 BHK,1000-1500 sqft,Valid,Chennai,Not available in source data,0,35
12000000,1300,Kodambakkam,2,1,0,0,0,0,0,0,0,0,0,0,0,0,0,0,1,0,0,0,0,0,0,0,0,0,0,0,0,0,0,0,0,0,0,0,0,12000000,1300,2,9230.76923076923,Kodambakkam,2 BHK,1000-1500 sqft,Valid,Chennai,Not available in source data,1,35
9086000,1298,Velachery,3,0,0,0,0,0,0,0,0,0,0,0,0,0,0,0,0,0,0,0,0,0,0,0,0,0,0,0,0,0,0,0,0,0,0,0,0,9086000,1298,3,7000.0,Velachery,3 BHK,1000-1500 sqft,Valid,Chennai,Not available in source data,0,35
9500000,1900,Sholinganallur,3,1,0,1,1,0,0,0,0,0,0,0,0,0,0,0,0,0,0,0,0,0,0,0,0,0,1,1,0,0,0,0,0,0,0,0,0,9500000,1900,3,5000.0,Sholinganallur,3 BHK,1500-2500 sqft,Valid,Chennai,Not available in source data,4,35
5500000,1213,East Tambaram,3,0,1,1,0,1,1,0,1,0,0,1,0,0,0,0,1,1,0,0,1,0,0,0,0,0,1,1,0,0,0,0,0,0,0,0,0,5500000,1213,3,4534.212695795548,East Tambaram,3 BHK,1000-1500 sqft,Valid,Chennai,Not available in source data,11,35
20000000,1560,Gopalapuram,3,1,0,0,0,0,0,0,0,0,0,0,0,0,0,0,0,0,0,0,0,0,0,0,0,0,0,0,0,0,0,0,0,0,0,0,0,20000000,1560,3,12820.51282051282,Gopalapuram,3 BHK,1500-2500 sqft,Valid,Chennai,Not available in source data,0,35
17500000,2325,Navallur,3,0,0,1,1,1,1,1,0,0,1,1,0,1,1,1,1,1,1,1,0,0,0,0,0,0,1,1,0,1,0,0,0,0,0,0,0,17500000,2325,3,7526.881720430108,Navallur,3 BHK,1500-2500 sqft,Valid,Chennai,Not available in source data,17,35
6800000,1389,Mevalurkuppam,3,0,0,1,1,1,1,1,1,0,1,1,0,1,0,1,1,1,1,0,0,0,0,0,0,0,1,1,0,1,0,0,0,0,0,0,0,6800000,1389,3,4895.608351331894,Mevalurkuppam,3 BHK,1000-1500 sqft,Valid,Chennai,Not available in source data,16,35
6463000,1250,Medavakkam,3,0,0,1,0,1,0,0,1,0,0,0,0,0,0,0,0,0,0,0,0,0,0,0,0,0,1,1,0,1,0,0,0,0,0,0,0,6463000,1250,3,5170.4,Medavakkam,3 BHK,1000-1500 sqft,Valid,Chennai,Not available in source data,6,35
6409999,1603,Avadi,3,0,0,1,1,1,1,1,1,0,1,0,0,1,0,1,0,0,0,0,1,0,0,0,0,0,1,1,0,0,0,0,0,0,0,0,0,6409999,1603,3,3998.751715533375,Avadi,3 BHK,1500-2500 sqft,Valid,Chennai,Not available in source data,12,35
5000000,1000,Sunnambu Kolathur S Kolathur,2,0,0,0,0,0,0,0,0,0,0,0,0,0,0,0,0,0,0,0,0,0,0,0,0,0,0,0,0,0,0,0,0,0,0,0,0,5000000,1000,2,5000.0,Sunnambu Kolathur S Kolathur,2 BHK,1000-1500 sqft,Valid,Chennai,Not available in source data,0,35
5261000,1238,Perumbakkam,3,0,0,0,0,0,1,0,0,0,0,0,0,0,0,1,1,0,0,0,0,0,0,0,0,0,1,1,0,0,0,0,0,0,0,0,0,5261000,1238,3,4249.596122778676,Perumbakkam,3 BHK,1000-1500 sqft,Valid,Chennai,Not available in source data,5,35
3083000,801,Cholambedu,2,0,0,0,0,0,0,0,0,0,0,0,0,0,0,0,0,0,0,0,0,0,0,0,0,0,0,0,0,0,0,0,0,0,0,0,0,3083000,801,2,3848.9388264669165,Cholambedu,2 BHK,500-1000 sqft,Valid,Chennai,Not available in source data,0,35
3000000,789,Urapakkam,2,0,0,0,0,0,0,0,0,0,0,0,0,0,0,0,0,0,0,0,0,0,0,0,0,0,0,0,0,0,0,0,0,0,0,0,0,3000000,789,2,3802.2813688212927,Urapakkam,2 BHK,500-1000 sqft,Valid,Chennai,Not available in source data,0,35
43000000,2533,Raja Annamalai Puram,3,1,0,1,1,1,0,0,1,0,1,0,0,0,0,1,1,1,0,0,0,0,0,0,0,0,0,1,0,0,0,0,0,0,0,0,0,43000000,2533,3,16975.917883932096,Raja Annamalai Puram,3 BHK,2500+ sqft,Valid,Chennai,Not available in source data,9,35
4153000,923,Madhavaram,2,0,0,0,0,0,0,0,0,0,0,0,0,0,0,1,0,0,0,0,0,0,0,0,0,0,0,1,0,0,0,0,0,0,0,0,0,4153000,923,2,4499.458288190683,Madhavaram,2 BHK,500-1000 sqft,Valid,Chennai,Not available in source data,2,35
13200000,2000,Perungudi,3,1,0,0,0,0,0,0,0,0,0,0,0,0,0,0,0,0,0,0,0,0,0,0,0,0,0,0,0,0,0,0,0,0,0,0,0,13200000,2000,3,6600.0,Perungudi,3 BHK,1500-2500 sqft,Valid,Chennai,Not available in source data,0,35
3850000,960,Madipakkam,2,0,0,0,0,0,0,0,0,0,0,0,0,0,0,1,0,1,0,0,0,0,0,0,0,0,0,0,0,0,0,0,0,0,0,0,0,3850000,960,2,4010.4166666666665,Madipakkam,2 BHK,500-1000 sqft,Valid,Chennai,Not available in source data,2,35
19300000,1170,Besant Nagar,2,0,0,0,0,1,0,0,0,0,0,0,0,0,0,0,1,0,0,0,0,0,0,0,0,0,0,1,0,0,0,0,0,0,0,0,0,19300000,1170,2,16495.726495726496,Besant Nagar,2 BHK,1000-1500 sqft,Valid,Chennai,Not available in source data,3,35
9000000,1471,Medavakkam,3,0,0,1,1,0,0,0,0,0,1,1,0,1,0,0,1,0,0,0,0,0,0,0,0,0,1,1,0,0,0,0,0,0,0,0,0,9000000,1471,3,6118.286879673691,Medavakkam,3 BHK,1000-1500 sqft,Valid,Chennai,Not available in source data,8,35
6500000,1181,Peerakankaranai,3,0,0,0,0,0,0,0,0,0,0,0,0,0,0,0,1,0,0,0,0,0,0,0,0,0,0,1,0,0,0,0,0,0,0,0,0,6500000,1181,3,5503.81033022862,Peerakankaranai,3 BHK,1000-1500 sqft,Valid,Chennai,Not available in source data,2,35
3072000,768,Nanmangalam,2,0,0,0,0,0,0,0,0,0,0,0,0,0,0,0,0,0,0,0,0,0,0,0,0,0,0,1,0,0,0,0,0,0,0,0,0,3072000,768,2,4000.0,Nanmangalam,2 BHK,500-1000 sqft,Valid,Chennai,Not available in source data,1,35
4800000,657,Jamalia,2,0,0,0,0,0,0,0,0,0,0,0,0,0,0,0,0,0,0,0,0,0,0,0,0,0,0,1,0,0,0,0,0,0,0,0,0,4800000,657,2,7305.936073059361,Jamalia,2 BHK,500-1000 sqft,Valid,Chennai,Not available in source data,1,35
7400000,1187,Iyappanthangal,3,0,0,0,0,0,0,0,0,0,0,0,0,0,0,0,0,1,0,0,0,0,0,0,0,0,0,0,0,0,0,0,0,0,0,0,0,7400000,1187,3,6234.203875315922,Iyappanthangal,3 BHK,1000-1500 sqft,Valid,Chennai,Not available in source data,1,35
2500000,700,Avadi,2,0,0,0,0,1,1,0,0,0,0,0,0,0,1,1,1,1,0,0,0,1,0,0,0,0,1,1,0,0,0,0,0,0,0,0,0,2500000,700,2,3571.4285714285716,Avadi,2 BHK,500-1000 sqft,Valid,Chennai,Not available in source data,9,35
4100000,954,Nanmangalam,2,1,0,0,0,0,0,0,0,0,0,0,0,0,0,0,0,0,0,0,0,0,0,0,0,0,0,0,0,0,0,0,0,0,0,0,0,4100000,954,2,4297.6939203354295,Nanmangalam,2 BHK,500-1000 sqft,Valid,Chennai,Not available in source data,0,35
3032000,722,Nanmangalam,2,0,0,0,0,0,0,0,0,0,0,0,0,0,0,0,0,0,0,0,0,0,0,0,0,0,0,0,0,0,0,0,0,0,0,0,0,3032000,722,2,4199.445983379502,Nanmangalam,2 BHK,500-1000 sqft,Valid,Chennai,Not available in source data,0,35
9746000,1645,Sholinganallur,3,1,0,1,1,1,0,0,1,0,1,1,0,1,0,1,1,0,0,0,1,0,0,0,0,0,1,1,0,1,0,0,0,0,0,0,0,9746000,1645,3,5924.620060790274,Sholinganallur,3 BHK,1500-2500 sqft,Valid,Chennai,Not available in source data,13,35
6203000,1443,Perumbakkam,3,0,0,1,1,1,1,1,1,1,0,0,1,1,1,1,1,1,1,0,1,1,0,0,0,0,1,1,0,1,0,0,0,0,0,0,0,6203000,1443,3,4298.683298683299,Perumbakkam,3 BHK,1000-1500 sqft,Valid,Chennai,Not available in source data,19,35
3500000,894,Guduvancheri,2,0,0,0,0,0,0,0,0,0,0,0,0,0,0,0,0,0,0,0,0,0,0,0,0,0,0,0,0,0,0,0,0,0,0,0,0,3500000,894,2,3914.9888143176736,Guduvancheri,2 BHK,500-1000 sqft,Valid,Chennai,Not available in source data,0,35
7936000,1323,Chromepet,3,0,0,0,0,0,0,0,0,0,0,0,0,0,0,0,0,0,0,0,0,0,0,0,0,0,0,1,0,0,0,0,0,0,0,0,0,7936000,1323,3,5998.48828420257,Chromepet,3 BHK,1000-1500 sqft,Valid,Chennai,Not available in source data,1,35
4000000,745,Sembakkam,2,0,0,0,0,0,0,0,0,0,0,0,0,0,0,0,0,0,0,0,0,0,0,0,0,0,0,1,0,0,0,0,0,0,0,0,0,4000000,745,2,5369.127516778523,Sembakkam,2 BHK,500-1000 sqft,Valid,Chennai,Not available in source data,1,35
2800000,560,Adambakkam,1,1,0,0,0,0,0,0,0,0,0,0,0,0,0,0,0,0,0,0,0,0,0,0,0,0,0,0,0,0,0,0,0,0,0,0,0,2800000,560,1,5000.0,Adambakkam,1 BHK,500-1000 sqft,Valid,Chennai,Not available in source data,0,35
43099999,2056,Nungambakkam,2,0,0,1,1,0,0,0,0,0,1,1,0,1,0,0,1,0,0,0,0,0,0,0,0,0,1,1,0,0,0,0,0,0,0,0,0,43099999,2056,2,20963.03453307393,Nungambakkam,2 BHK,1500-2500 sqft,Valid,Chennai,Not available in source data,8,35
10000000,920,T Nagar,3,1,0,0,0,0,0,0,0,0,0,0,0,0,0,0,0,0,0,0,0,0,0,0,0,0,0,0,0,0,0,0,0,0,0,0,0,10000000,920,3,10869.565217391304,T Nagar,3 BHK,500-1000 sqft,Valid,Chennai,Not available in source data,0,35
9000000,1250,K K Nagar,2,1,1,1,1,1,0,0,0,0,1,1,0,1,0,1,1,0,0,0,1,0,0,0,0,0,1,1,0,0,0,0,0,0,0,0,0,9000000,1250,2,7200.0,K K Nagar,2 BHK,1000-1500 sqft,Valid,Chennai,Not available in source data,12,35
3881000,721,Ambattur,2,0,0,0,0,0,0,0,0,0,0,0,0,0,0,0,0,0,0,0,0,0,0,0,0,0,0,0,0,0,0,0,0,0,0,0,0,3881000,721,2,5382.801664355063,Ambattur,2 BHK,500-1000 sqft,Valid,Chennai,Not available in source data,0,35
3300000,855,Perumbakkam,2,0,0,0,0,0,0,0,0,0,0,0,0,0,0,0,0,1,0,0,0,0,0,0,0,0,0,0,0,0,0,0,0,0,0,0,0,3300000,855,2,3859.6491228070176,Perumbakkam,2 BHK,500-1000 sqft,Valid,Chennai,Not available in source data,1,35
11700000,1569,Valasaravakkam,3,0,0,1,0,0,0,0,0,0,1,0,0,0,0,0,1,0,0,0,0,0,0,0,0,0,1,1,0,1,0,0,0,0,0,0,0,11700000,1569,3,7456.97896749522,Valasaravakkam,3 BHK,1500-2500 sqft,Valid,Chennai,Not available in source data,6,35
13600000,850,Anna Nagar,2,0,0,1,1,0,0,1,0,0,1,1,0,1,0,1,1,0,0,0,0,0,1,1,0,0,1,1,1,0,1,0,0,1,1,0,1,13600000,850,2,16000.0,Anna Nagar,2 BHK,500-1000 sqft,Valid,Chennai,Not available in source data,17,35
7000000,1140,Porur,2,0,0,1,1,0,0,0,0,0,0,1,0,1,0,0,1,0,0,0,0,0,0,0,0,0,1,1,0,0,0,0,0,0,0,0,0,7000000,1140,2,6140.350877192983,Porur,2 BHK,1000-1500 sqft,Valid,Chennai,Not available in source data,7,35
2771000,660,Perungalathur,1,0,0,0,0,0,0,0,0,0,0,0,0,0,0,0,0,0,0,0,0,0,0,0,0,0,0,0,0,0,0,0,0,0,0,0,0,2771000,660,1,4198.484848484848,Perungalathur,1 BHK,500-1000 sqft,Valid,Chennai,Not available in source data,0,35
2699000,643,Perungalathur,1,0,0,0,0,0,0,0,0,0,0,0,0,0,0,0,0,0,0,0,0,0,0,0,0,0,0,0,0,0,0,0,0,0,0,0,0,2699000,643,1,4197.51166407465,Perungalathur,1 BHK,500-1000 sqft,Valid,Chennai,Not available in source data,0,35
5022000,1196,Perungalathur,2,0,0,0,0,0,0,0,0,0,0,0,0,0,0,0,0,0,0,0,0,0,0,0,0,0,0,0,0,0,0,0,0,0,0,0,0,5022000,1196,2,4198.996655518395,Perungalathur,2 BHK,1000-1500 sqft,Valid,Chennai,Not available in source data,0,35
2657000,633,Perungalathur,1,0,0,0,0,0,0,0,0,0,0,0,0,0,0,0,0,0,0,0,0,0,0,0,0,0,0,0,0,0,0,0,0,0,0,0,0,2657000,633,1,4197.472353870458,Perungalathur,1 BHK,500-1000 sqft,Valid,Chennai,Not available in source data,0,35
3888000,926,Perungalathur,2,0,0,0,0,0,0,0,0,0,0,0,0,0,0,0,0,0,0,0,0,0,0,0,0,0,0,0,0,0,0,0,0,0,0,0,0,3888000,926,2,4198.704103671706,Perungalathur,2 BHK,500-1000 sqft,Valid,Chennai,Not available in source data,0,35
2729000,650,Perungalathur,1,0,0,0,0,0,0,0,0,0,0,0,0,0,0,0,0,0,0,0,0,0,0,0,0,0,0,0,0,0,0,0,0,0,0,0,0,2729000,650,1,4198.461538461538,Perungalathur,1 BHK,500-1000 sqft,Valid,Chennai,Not available in source data,0,35
8108000,1931,Perungalathur,3,0,0,0,0,0,0,0,0,0,0,0,0,0,0,0,0,0,0,0,0,0,0,0,0,0,0,0,0,0,0,0,0,0,0,0,0,8108000,1931,3,4198.860693940963,Perungalathur,3 BHK,1500-2500 sqft,Valid,Chennai,Not available in source data,0,35
3306000,538,Karapakkam,1,0,0,1,1,1,1,1,1,0,1,1,0,1,0,1,1,1,0,1,1,0,0,0,0,0,1,0,0,0,0,0,0,0,0,0,0,3306000,538,1,6144.981412639405,Karapakkam,1 BHK,500-1000 sqft,Valid,Chennai,Not available in source data,15,35
8248999,1314,Karapakkam,3,0,0,1,1,1,1,1,1,0,1,1,0,1,0,1,1,1,0,1,1,0,0,0,0,0,1,0,0,0,0,0,0,0,0,0,0,8248999,1314,3,6277.77701674277,Karapakkam,3 BHK,1000-1500 sqft,Valid,Chennai,Not available in source data,15,35
6447000,1027,Karapakkam,2,0,0,1,1,1,1,1,1,0,1,1,0,1,0,1,1,1,0,1,1,0,0,0,0,0,1,0,0,0,0,0,0,0,0,0,0,6447000,1027,2,6277.507302823758,Karapakkam,2 BHK,1000-1500 sqft,Valid,Chennai,Not available in source data,15,35
8525000,1358,Karapakkam,3,0,0,1,1,1,1,1,1,0,1,1,0,1,0,1,1,1,0,1,1,0,0,0,0,0,1,0,0,0,0,0,0,0,0,0,0,8525000,1358,3,6277.614138438881,Karapakkam,3 BHK,1000-1500 sqft,Valid,Chennai,Not available in source data,15,35
6428000,1024,Karapakkam,2,0,0,1,1,1,1,1,1,0,1,1,0,1,0,1,1,1,0,1,1,0,0,0,0,0,1,0,0,0,0,0,0,0,0,0,0,6428000,1024,2,6277.34375,Karapakkam,2 BHK,1000-1500 sqft,Valid,Chennai,Not available in source data,15,35
16800000,2686,Karapakkam,4,0,0,1,1,1,1,1,1,0,1,1,0,1,0,1,1,1,0,1,1,0,0,0,0,0,1,0,0,0,0,0,0,0,0,0,0,16800000,2686,4,6254.653760238272,Karapakkam,4 BHK,2500+ sqft,Valid,Chennai,Not available in source data,15,35
9799000,1561,Karapakkam,3,0,0,1,1,1,1,1,1,0,1,1,0,1,0,1,1,1,0,1,1,0,0,0,0,0,1,0,0,0,0,0,0,0,0,0,0,9799000,1561,3,6277.386290839206,Karapakkam,3 BHK,1500-2500 sqft,Valid,Chennai,Not available in source data,15,35
8136000,1296,Karapakkam,3,0,0,1,1,1,1,1,1,0,1,1,0,1,0,1,1,1,0,1,1,0,0,0,0,0,1,0,0,0,0,0,0,0,0,0,0,8136000,1296,3,6277.777777777777,Karapakkam,3 BHK,1000-1500 sqft,Valid,Chennai,Not available in source data,15,35
9831000,1566,Karapakkam,3,0,0,1,1,1,1,1,1,0,1,1,0,1,0,1,1,1,0,1,1,0,0,0,0,0,1,0,0,0,0,0,0,0,0,0,0,9831000,1566,3,6277.777777777777,Karapakkam,3 BHK,1500-2500 sqft,Valid,Chennai,Not available in source data,15,35
11399999,1829,Karapakkam,3,0,0,1,1,1,1,1,1,0,1,1,0,1,0,1,1,1,0,1,1,0,0,0,0,0,1,0,0,0,0,0,0,0,0,0,0,11399999,1829,3,6232.9136139967195,Karapakkam,3 BHK,1500-2500 sqft,Valid,Chennai,Not available in source data,15,35
9818000,1564,Karapakkam,3,0,0,1,1,1,1,1,1,0,1,1,0,1,0,1,1,1,0,1,1,0,0,0,0,0,1,0,0,0,0,0,0,0,0,0,0,9818000,1564,3,6277.493606138108,Karapakkam,3 BHK,1500-2500 sqft,Valid,Chennai,Not available in source data,15,35
8462000,1348,Karapakkam,3,0,0,1,1,1,1,1,1,0,1,1,0,1,0,1,1,1,0,1,1,0,0,0,0,0,1,0,0,0,0,0,0,0,0,0,0,8462000,1348,3,6277.448071216617,Karapakkam,3 BHK,1000-1500 sqft,Valid,Chennai,Not available in source data,15,35
12200000,1944,Karapakkam,3,0,0,1,1,1,1,1,1,0,1,1,0,1,0,1,1,1,0,1,1,0,0,0,0,0,1,0,0,0,0,0,0,0,0,0,0,12200000,1944,3,6275.720164609053,Karapakkam,3 BHK,1500-2500 sqft,Valid,Chennai,Not available in source data,15,35
16500000,2640,Karapakkam,4,0,0,1,1,1,1,1,1,0,1,1,0,1,0,1,1,1,0,1,1,0,0,0,0,0,1,0,0,0,0,0,0,0,0,0,0,16500000,2640,4,6250.0,Karapakkam,4 BHK,2500+ sqft,Valid,Chennai,Not available in source data,15,35
3372999,549,Karapakkam,1,0,0,1,1,1,1,1,1,0,1,1,0,1,0,1,1,1,0,1,1,0,0,0,0,0,1,0,0,0,0,0,0,0,0,0,0,3372999,549,1,6143.896174863388,Karapakkam,1 BHK,500-1000 sqft,Valid,Chennai,Not available in source data,15,35
16500000,2630,Karapakkam,4,0,0,1,1,1,1,1,1,0,1,1,0,1,0,1,1,1,0,1,1,0,0,0,0,0,1,0,0,0,0,0,0,0,0,0,0,16500000,2630,4,6273.764258555133,Karapakkam,4 BHK,2500+ sqft,Valid,Chennai,Not available in source data,15,35
16399999,2616,Karapakkam,4,0,0,1,1,1,1,1,1,0,1,1,0,1,0,1,1,1,0,1,1,0,0,0,0,0,1,0,0,0,0,0,0,0,0,0,0,16399999,2616,4,6269.112767584098,Karapakkam,4 BHK,2500+ sqft,Valid,Chennai,Not available in source data,15,35
10000000,1599,Karapakkam,3,0,0,1,1,1,1,1,1,0,1,1,0,1,0,1,1,1,0,1,1,0,0,0,0,0,1,0,0,0,0,0,0,0,0,0,0,10000000,1599,3,6253.908692933083,Karapakkam,3 BHK,1500-2500 sqft,Valid,Chennai,Not available in source data,15,35
42900000,6600,Thiruvidandhai,4,0,0,1,1,0,1,0,0,0,0,0,0,1,0,1,1,0,0,1,0,0,0,0,0,0,1,0,0,0,0,0,0,0,0,0,0,42900000,6600,4,6500.0,Thiruvidandhai,4 BHK,2500+ sqft,Valid,Chennai,Not available in source data,8,35
23400000,3600,Thiruvidandhai,4,0,0,1,1,0,1,0,0,0,0,0,0,1,0,1,1,0,0,1,0,0,0,0,0,0,1,0,0,0,0,0,0,0,0,0,0,23400000,3600,4,6500.0,Thiruvidandhai,4 BHK,2500+ sqft,Valid,Chennai,Not available in source data,8,35
6834000,1140,Iyappanthangal,2,0,0,1,1,1,1,0,0,0,0,0,0,1,0,0,1,0,0,0,1,0,0,0,0,0,1,0,0,1,0,0,0,0,0,0,0,6834000,1140,2,5994.736842105263,Iyappanthangal,2 BHK,1000-1500 sqft,Valid,Chennai,Not available in source data,9,35
6773999,1130,Iyappanthangal,2,0,0,1,1,1,1,0,0,0,0,0,0,1,0,0,1,0,0,0,1,0,0,0,0,0,1,0,0,1,0,0,0,0,0,0,0,6773999,1130,2,5994.689380530974,Iyappanthangal,2 BHK,1000-1500 sqft,Valid,Chennai,Not available in source data,9,35
7194000,1200,Iyappanthangal,2,0,0,1,1,1,1,0,0,0,0,0,0,1,0,0,1,0,0,0,1,0,0,0,0,0,1,0,0,1,0,0,0,0,0,0,0,7194000,1200,2,5995.0,Iyappanthangal,2 BHK,1000-1500 sqft,Valid,Chennai,Not available in source data,9,35
3990000,855,Mevalurkuppam,2,0,0,1,1,1,1,1,1,0,1,1,0,1,0,1,1,1,1,0,0,0,0,0,0,0,1,1,0,1,0,0,0,0,0,0,0,3990000,855,2,4666.666666666667,Mevalurkuppam,2 BHK,500-1000 sqft,Valid,Chennai,Not available in source data,16,35
3806000,635,Iyappanthangal,1,0,0,1,1,1,1,0,0,0,0,0,0,1,0,0,1,0,0,0,1,0,0,0,0,0,1,0,0,1,0,0,0,0,0,0,0,3806000,635,1,5993.700787401574,Iyappanthangal,1 BHK,500-1000 sqft,Valid,Chennai,Not available in source data,9,35
7044000,1175,Iyappanthangal,2,0,0,1,1,1,1,0,0,0,0,0,0,1,0,0,1,0,0,0,1,0,0,0,0,0,1,0,0,1,0,0,0,0,0,0,0,7044000,1175,2,5994.893617021276,Iyappanthangal,2 BHK,1000-1500 sqft,Valid,Chennai,Not available in source data,9,35
9861000,1645,Iyappanthangal,3,0,0,1,1,1,1,0,0,0,0,0,0,1,0,0,1,0,0,0,1,0,0,0,0,0,1,0,0,1,0,0,0,0,0,0,0,9861000,1645,3,5994.52887537994,Iyappanthangal,3 BHK,1500-2500 sqft,Valid,Chennai,Not available in source data,9,35
7014000,1170,Iyappanthangal,2,0,0,1,1,1,1,0,0,0,0,0,0,1,0,0,1,0,0,0,1,0,0,0,0,0,1,0,0,1,0,0,0,0,0,0,0,7014000,1170,2,5994.871794871795,Iyappanthangal,2 BHK,1000-1500 sqft,Valid,Chennai,Not available in source data,9,35
10500000,1760,Iyappanthangal,3,0,0,1,1,1,1,0,0,0,0,0,0,1,0,0,1,0,0,0,1,0,0,0,0,0,1,0,0,1,0,0,0,0,0,0,0,10500000,1760,3,5965.909090909091,Iyappanthangal,3 BHK,1500-2500 sqft,Valid,Chennai,Not available in source data,9,35
10400000,1740,Iyappanthangal,3,0,0,1,1,1,1,0,0,0,0,0,0,1,0,0,1,0,0,0,1,0,0,0,0,0,1,0,0,1,0,0,0,0,0,0,0,10400000,1740,3,5977.0114942528735,Iyappanthangal,3 BHK,1500-2500 sqft,Valid,Chennai,Not available in source data,9,35
7134000,1190,Iyappanthangal,2,0,0,1,1,1,1,0,0,0,0,0,0,1,0,0,1,0,0,0,1,0,0,0,0,0,1,0,0,1,0,0,0,0,0,0,0,7134000,1190,2,5994.957983193277,Iyappanthangal,2 BHK,1000-1500 sqft,Valid,Chennai,Not available in source data,9,35
10300000,1730,Iyappanthangal,3,0,0,1,1,1,1,0,0,0,0,0,0,1,0,0,1,0,0,0,1,0,0,0,0,0,1,0,0,1,0,0,0,0,0,0,0,10300000,1730,3,5953.757225433526,Iyappanthangal,3 BHK,1500-2500 sqft,Valid,Chennai,Not available in source data,9,35
7295999,1536,Madhavaram,3,0,0,1,1,1,0,1,1,0,0,0,0,1,0,0,1,0,0,0,1,0,0,0,0,0,1,1,0,0,0,0,0,0,0,0,0,7295999,1536,3,4749.999348958333,Madhavaram,3 BHK,1500-2500 sqft,Valid,Chennai,Not available in source data,10,35
6360000,1339,Madhavaram,2,0,0,1,1,1,0,1,1,0,0,0,0,1,0,0,1,0,0,0,1,0,0,0,0,0,1,1,0,0,0,0,0,0,0,0,0,6360000,1339,2,4749.813293502614,Madhavaram,2 BHK,1000-1500 sqft,Valid,Chennai,Not available in source data,10,35
8507000,1791,Madhavaram,3,0,0,1,1,1,0,1,1,0,0,0,0,1,0,0,1,0,0,0,1,0,0,0,0,0,1,1,0,0,0,0,0,0,0,0,0,8507000,1791,3,4749.860413176996,Madhavaram,3 BHK,1500-2500 sqft,Valid,Chennai,Not available in source data,10,35
5500000,936,Kolapakkam,2,0,0,1,1,0,1,1,1,0,1,0,0,1,0,1,1,1,0,0,0,0,0,0,0,0,1,1,0,1,0,0,0,0,0,0,0,5500000,936,2,5876.068376068376,Kolapakkam,2 BHK,500-1000 sqft,Valid,Chennai,Not available in source data,13,35
7550000,1179,Kolapakkam,3,0,0,1,1,0,1,1,1,0,1,0,0,1,0,1,1,1,0,0,0,0,0,0,0,0,1,1,0,1,0,0,0,0,0,0,0,7550000,1179,3,6403.731976251061,Kolapakkam,3 BHK,1000-1500 sqft,Valid,Chennai,Not available in source data,13,35
5735000,988,Kolapakkam,2,0,0,1,1,0,1,1,1,0,1,0,0,1,0,1,1,1,0,0,0,0,0,0,0,0,1,1,0,1,0,0,0,0,0,0,0,5735000,988,2,5804.655870445344,Kolapakkam,2 BHK,500-1000 sqft,Valid,Chennai,Not available in source data,13,35
5560000,955,Kolapakkam,2,0,0,1,1,0,1,1,1,0,1,0,0,1,0,1,1,1,0,0,0,0,0,0,0,0,1,1,0,1,0,0,0,0,0,0,0,5560000,955,2,5821.989528795812,Kolapakkam,2 BHK,500-1000 sqft,Valid,Chennai,Not available in source data,13,35
7700000,1224,Kolapakkam,3,0,0,1,1,0,1,1,1,0,1,0,0,1,0,1,1,1,0,0,0,0,0,0,0,0,1,1,0,1,0,0,0,0,0,0,0,7700000,1224,3,6290.849673202614,Kolapakkam,3 BHK,1000-1500 sqft,Valid,Chennai,Not available in source data,13,35
5580000,958,Kolapakkam,2,0,0,1,1,0,1,1,1,0,1,0,0,1,0,1,1,1,0,0,0,0,0,0,0,0,1,1,0,1,0,0,0,0,0,0,0,5580000,958,2,5824.634655532359,Kolapakkam,2 BHK,500-1000 sqft,Valid,Chennai,Not available in source data,13,35
5520000,948,Kolapakkam,2,0,0,1,1,0,1,1,1,0,1,0,0,1,0,1,1,1,0,0,0,0,0,0,0,0,1,1,0,1,0,0,0,0,0,0,0,5520000,948,2,5822.784810126583,Kolapakkam,2 BHK,500-1000 sqft,Valid,Chennai,Not available in source data,13,35
2397000,648,Kundrathur,2,0,0,1,0,0,0,0,0,0,0,0,0,0,0,0,0,1,0,0,0,0,0,0,0,0,0,0,0,0,0,0,0,0,0,0,0,2397000,648,2,3699.074074074074,Kundrathur,2 BHK,500-1000 sqft,Valid,Chennai,Not available in source data,2,35
3746000,625,Iyappanthangal,1,0,0,1,1,1,1,0,0,0,0,0,0,1,0,0,1,0,0,0,1,0,0,0,0,0,1,0,0,1,0,0,0,0,0,0,0,3746000,625,1,5993.6,Iyappanthangal,1 BHK,500-1000 sqft,Valid,Chennai,Not available in source data,9,35
7253000,1210,Iyappanthangal,2,0,0,1,1,1,1,0,0,0,0,0,0,1,0,0,1,0,0,0,1,0,0,0,0,0,1,0,0,1,0,0,0,0,0,0,0,7253000,1210,2,5994.214876033057,Iyappanthangal,2 BHK,1000-1500 sqft,Valid,Chennai,Not available in source data,9,35
7283000,1215,Iyappanthangal,2,0,0,1,1,1,1,0,0,0,0,0,0,1,0,0,1,0,0,0,1,0,0,0,0,0,1,0,0,1,0,0,0,0,0,0,0,7283000,1215,2,5994.238683127572,Iyappanthangal,2 BHK,1000-1500 sqft,Valid,Chennai,Not available in source data,9,35
10900000,1790,Iyappanthangal,3,0,0,1,1,1,1,0,0,0,0,0,0,1,0,0,1,0,0,0,1,0,0,0,0,0,1,0,0,1,0,0,0,0,0,0,0,10900000,1790,3,6089.385474860335,Iyappanthangal,3 BHK,1500-2500 sqft,Valid,Chennai,Not available in source data,9,35
7056999,1502,Kanathur Reddikuppam,3,0,0,1,1,1,1,1,1,0,0,1,0,1,0,1,1,0,1,0,1,0,0,0,0,0,1,1,0,1,0,0,0,0,0,0,0,7056999,1502,3,4698.401464713715,Kanathur Reddikuppam,3 BHK,1500-2500 sqft,Valid,Chennai,Not available in source data,15,35
29200000,5037,Kanathur Reddikuppam,5,0,0,1,1,1,1,1,1,0,0,1,0,1,0,1,1,0,1,0,1,0,0,0,0,0,1,1,0,1,0,0,0,0,0,0,0,29200000,5037,5,5797.101449275362,Kanathur Reddikuppam,5+ BHK,2500+ sqft,Valid,Chennai,Not available in source data,15,35
29500000,5093,Kanathur Reddikuppam,5,0,0,1,1,1,1,1,1,0,0,1,0,1,0,1,1,0,1,0,1,0,0,0,0,0,1,1,0,1,0,0,0,0,0,0,0,29500000,5093,5,5792.263891615943,Kanathur Reddikuppam,5+ BHK,2500+ sqft,Valid,Chennai,Not available in source data,15,35
8763000,1865,Kanathur Reddikuppam,3,0,0,1,1,1,1,1,1,0,0,1,0,1,0,1,1,0,1,0,1,0,0,0,0,0,1,1,0,1,0,0,0,0,0,0,0,8763000,1865,3,4698.659517426274,Kanathur Reddikuppam,3 BHK,1500-2500 sqft,Valid,Chennai,Not available in source data,15,35
6025000,1076,Pammal,2,0,0,0,0,0,0,0,0,0,0,0,0,0,0,0,0,0,0,0,0,0,0,0,0,0,0,1,0,0,0,0,0,0,0,0,0,6025000,1076,2,5599.442379182156,Pammal,2 BHK,1000-1500 sqft,Valid,Chennai,Not available in source data,1,35
5768000,1030,Pammal,2,0,0,0,0,0,0,0,0,0,0,0,0,0,0,0,0,0,0,0,0,0,0,0,0,0,0,1,0,0,0,0,0,0,0,0,0,5768000,1030,2,5600.0,Pammal,2 BHK,1000-1500 sqft,Valid,Chennai,Not available in source data,1,35
4547000,812,Pammal,2,0,0,0,0,0,0,0,0,0,0,0,0,0,0,0,0,0,0,0,0,0,0,0,0,0,0,1,0,0,0,0,0,0,0,0,0,4547000,812,2,5599.753694581281,Pammal,2 BHK,500-1000 sqft,Valid,Chennai,Not available in source data,1,35
5208000,930,Pammal,2,0,0,0,0,0,0,0,0,0,0,0,0,0,0,0,0,0,0,0,0,0,0,0,0,0,0,1,0,0,0,0,0,0,0,0,0,5208000,930,2,5600.0,Pammal,2 BHK,500-1000 sqft,Valid,Chennai,Not available in source data,1,35
7280000,1300,Pammal,3,0,0,0,0,0,0,0,0,0,0,0,0,0,0,0,0,0,0,0,0,0,0,0,0,0,0,1,0,0,0,0,0,0,0,0,0,7280000,1300,3,5600.0,Pammal,3 BHK,1000-1500 sqft,Valid,Chennai,Not available in source data,1,35
6495000,1382,Puzhal,3,0,0,1,1,1,0,1,1,0,0,0,0,0,0,1,1,1,0,0,1,0,0,0,0,0,1,1,0,1,0,0,0,0,0,0,0,6495000,1382,3,4699.710564399421,Puzhal,3 BHK,1000-1500 sqft,Valid,Chennai,Not available in source data,12,35
6791000,1445,Puzhal,3,0,0,1,1,1,0,1,1,0,0,0,0,0,0,1,1,1,0,0,1,0,0,0,0,0,1,1,0,1,0,0,0,0,0,0,0,6791000,1445,3,4699.653979238754,Puzhal,3 BHK,1000-1500 sqft,Valid,Chennai,Not available in source data,12,35
7289000,1551,Puzhal,3,0,0,1,1,1,0,1,1,0,0,0,0,0,0,1,1,1,0,0,1,0,0,0,0,0,1,1,0,1,0,0,0,0,0,0,0,7289000,1551,3,4699.548678272083,Puzhal,3 BHK,1500-2500 sqft,Valid,Chennai,Not available in source data,12,35
7642000,1626,Puzhal,3,0,0,1,1,1,0,1,1,0,0,0,0,0,0,1,1,1,0,0,1,0,0,0,0,0,1,1,0,1,0,0,0,0,0,0,0,7642000,1626,3,4699.876998769988,Puzhal,3 BHK,1500-2500 sqft,Valid,Chennai,Not available in source data,12,35
4641000,753,Selaiyur,2,0,0,0,0,0,0,0,0,0,0,0,0,0,0,0,1,0,0,0,0,0,0,0,0,0,0,0,0,0,0,0,0,0,0,0,0,4641000,753,2,6163.346613545817,Selaiyur,2 BHK,500-1000 sqft,Valid,Chennai,Not available in source data,1,35
4907000,801,Selaiyur,2,0,0,0,0,0,0,0,0,0,0,0,0,0,0,0,1,0,0,0,0,0,0,0,0,0,0,0,0,0,0,0,0,0,0,0,0,4907000,801,2,6126.092384519351,Selaiyur,2 BHK,500-1000 sqft,Valid,Chennai,Not available in source data,1,35
4685000,761,Selaiyur,2,0,0,0,0,0,0,0,0,0,0,0,0,0,0,0,1,0,0,0,0,0,0,0,0,0,0,0,0,0,0,0,0,0,0,0,0,4685000,761,2,6156.373193166885,Selaiyur,2 BHK,500-1000 sqft,Valid,Chennai,Not available in source data,1,35
4498000,727,Selaiyur,2,0,0,0,0,0,0,0,0,0,0,0,0,0,0,0,1,0,0,0,0,0,0,0,0,0,0,0,0,0,0,0,0,0,0,0,0,4498000,727,2,6187.07015130674,Selaiyur,2 BHK,500-1000 sqft,Valid,Chennai,Not available in source data,1,35
4812000,784,Selaiyur,2,0,0,0,0,0,0,0,0,0,0,0,0,0,0,0,1,0,0,0,0,0,0,0,0,0,0,0,0,0,0,0,0,0,0,0,0,4812000,784,2,6137.755102040816,Selaiyur,2 BHK,500-1000 sqft,Valid,Chennai,Not available in source data,1,35
11000000,1431,Thoraipakkam OMR,3,0,0,1,1,1,1,1,1,0,1,0,0,1,0,0,1,1,0,0,1,0,0,0,0,0,0,1,0,0,0,0,0,0,0,0,0,11000000,1431,3,7686.932215234102,Thoraipakkam OMR,3 BHK,1000-1500 sqft,Valid,Chennai,Not available in source data,12,35
11500000,1494,Thoraipakkam OMR,3,0,0,1,1,1,1,1,1,0,1,0,0,1,0,0,1,1,0,0,1,0,0,0,0,0,0,1,0,0,0,0,0,0,0,0,0,11500000,1494,3,7697.456492637216,Thoraipakkam OMR,3 BHK,1000-1500 sqft,Valid,Chennai,Not available in source data,12,35
10000000,1296,Thoraipakkam OMR,3,0,0,1,1,1,1,1,1,0,1,0,0,1,0,0,1,1,0,0,1,0,0,0,0,0,0,1,0,0,0,0,0,0,0,0,0,10000000,1296,3,7716.049382716049,Thoraipakkam OMR,3 BHK,1000-1500 sqft,Valid,Chennai,Not available in source data,12,35
10000000,1302,Thoraipakkam OMR,3,0,0,1,1,1,1,1,1,0,1,0,0,1,0,0,1,1,0,0,1,0,0,0,0,0,0,1,0,0,0,0,0,0,0,0,0,10000000,1302,3,7680.491551459293,Thoraipakkam OMR,3 BHK,1000-1500 sqft,Valid,Chennai,Not available in source data,12,35
11000000,1432,Thoraipakkam OMR,3,0,0,1,1,1,1,1,1,0,1,0,0,1,0,0,1,1,0,0,1,0,0,0,0,0,0,1,0,0,0,0,0,0,0,0,0,11000000,1432,3,7681.564245810056,Thoraipakkam OMR,3 BHK,1000-1500 sqft,Valid,Chennai,Not available in source data,12,35
10500000,1367,Thoraipakkam OMR,3,0,0,1,1,1,1,1,1,0,1,0,0,1,0,0,1,1,0,0,1,0,0,0,0,0,0,1,0,0,0,0,0,0,0,0,0,10500000,1367,3,7681.053401609363,Thoraipakkam OMR,3 BHK,1000-1500 sqft,Valid,Chennai,Not available in source data,12,35
10400000,1349,Thoraipakkam OMR,3,0,0,1,1,1,1,1,1,0,1,0,0,1,0,0,1,1,0,0,1,0,0,0,0,0,0,1,0,0,0,0,0,0,0,0,0,10400000,1349,3,7709.41438102298,Thoraipakkam OMR,3 BHK,1000-1500 sqft,Valid,Chennai,Not available in source data,12,35
12000000,1551,Thoraipakkam OMR,3,0,0,1,1,1,1,1,1,0,1,0,0,1,0,0,1,1,0,0,1,0,0,0,0,0,0,1,0,0,0,0,0,0,0,0,0,12000000,1551,3,7736.943907156673,Thoraipakkam OMR,3 BHK,1500-2500 sqft,Valid,Chennai,Not available in source data,12,35
11500000,1485,Thoraipakkam OMR,3,0,0,1,1,1,1,1,1,0,1,0,0,1,0,0,1,1,0,0,1,0,0,0,0,0,0,1,0,0,0,0,0,0,0,0,0,11500000,1485,3,7744.107744107744,Thoraipakkam OMR,3 BHK,1000-1500 sqft,Valid,Chennai,Not available in source data,12,35
10400000,1353,Thoraipakkam OMR,3,0,0,1,1,1,1,1,1,0,1,0,0,1,0,0,1,1,0,0,1,0,0,0,0,0,0,1,0,0,0,0,0,0,0,0,0,10400000,1353,3,7686.622320768663,Thoraipakkam OMR,3 BHK,1000-1500 sqft,Valid,Chennai,Not available in source data,12,35
10400000,1352,Thoraipakkam OMR,3,0,0,1,1,1,1,1,1,0,1,0,0,1,0,0,1,1,0,0,1,0,0,0,0,0,0,1,0,0,0,0,0,0,0,0,0,10400000,1352,3,7692.307692307692,Thoraipakkam OMR,3 BHK,1000-1500 sqft,Valid,Chennai,Not available in source data,12,35
10800000,1396,Thoraipakkam OMR,3,0,0,1,1,1,1,1,1,0,1,0,0,1,0,0,1,1,0,0,1,0,0,0,0,0,0,1,0,0,0,0,0,0,0,0,0,10800000,1396,3,7736.389684813754,Thoraipakkam OMR,3 BHK,1000-1500 sqft,Valid,Chennai,Not available in source data,12,35
6504000,1239,Karapakkam,2,0,0,1,1,0,1,0,0,0,1,0,0,0,0,1,1,1,0,1,1,0,0,0,0,0,1,1,0,0,0,0,0,0,0,0,0,6504000,1239,2,5249.394673123486,Karapakkam,2 BHK,1000-1500 sqft,Valid,Chennai,Not available in source data,11,35
8646000,1647,Karapakkam,3,0,0,1,1,0,1,0,0,0,1,0,0,0,0,1,1,1,0,1,1,0,0,0,0,0,1,1,0,0,0,0,0,0,0,0,0,8646000,1647,3,5249.544626593807,Karapakkam,3 BHK,1500-2500 sqft,Valid,Chennai,Not available in source data,11,35
6452000,1229,Karapakkam,2,0,0,1,1,0,1,0,0,0,1,0,0,0,0,1,1,1,0,1,1,0,0,0,0,0,1,1,0,0,0,0,0,0,0,0,0,6452000,1229,2,5249.79658258747,Karapakkam,2 BHK,1000-1500 sqft,Valid,Chennai,Not available in source data,11,35
8494000,1618,Karapakkam,3,0,0,1,1,0,1,0,0,0,1,0,0,0,0,1,1,1,0,1,1,0,0,0,0,0,1,1,0,0,0,0,0,0,0,0,0,8494000,1618,3,5249.690976514215,Karapakkam,3 BHK,1500-2500 sqft,Valid,Chennai,Not available in source data,11,35
6441000,1227,Karapakkam,2,0,0,1,1,0,1,0,0,0,1,0,0,0,0,1,1,1,0,1,1,0,0,0,0,0,1,1,0,0,0,0,0,0,0,0,0,6441000,1227,2,5249.388753056235,Karapakkam,2 BHK,1000-1500 sqft,Valid,Chennai,Not available in source data,11,35
6462000,1231,Karapakkam,2,0,0,1,1,0,1,0,0,0,1,0,0,0,0,1,1,1,0,1,1,0,0,0,0,0,1,1,0,0,0,0,0,0,0,0,0,6462000,1231,2,5249.3907392363935,Karapakkam,2 BHK,1000-1500 sqft,Valid,Chennai,Not available in source data,11,35
6456999,1230,Karapakkam,2,0,0,1,1,0,1,0,0,0,1,0,0,0,0,1,1,1,0,1,1,0,0,0,0,0,1,1,0,0,0,0,0,0,0,0,0,6456999,1230,2,5249.592682926829,Karapakkam,2 BHK,1000-1500 sqft,Valid,Chennai,Not available in source data,11,35
8421000,1604,Karapakkam,3,0,0,1,1,0,1,0,0,0,1,0,0,0,0,1,1,1,0,1,1,0,0,0,0,0,1,1,0,0,0,0,0,0,0,0,0,8421000,1604,3,5250.0,Karapakkam,3 BHK,1500-2500 sqft,Valid,Chennai,Not available in source data,11,35
6342000,1208,Karapakkam,2,0,0,1,1,0,1,0,0,0,1,0,0,0,0,1,1,1,0,1,1,0,0,0,0,0,1,1,0,0,0,0,0,0,0,0,0,6342000,1208,2,5250.0,Karapakkam,2 BHK,1000-1500 sqft,Valid,Chennai,Not available in source data,11,35
2766000,527,Karapakkam,1,0,0,1,1,0,1,0,0,0,1,0,0,0,0,1,1,1,0,1,1,0,0,0,0,0,1,1,0,0,0,0,0,0,0,0,0,2766000,527,1,5248.576850094877,Karapakkam,1 BHK,500-1000 sqft,Valid,Chennai,Not available in source data,11,35
9357000,1671,Thoraipakkam OMR,3,0,0,1,0,1,0,0,1,0,1,0,0,0,0,1,1,0,0,0,0,0,0,0,0,0,0,0,0,0,0,0,0,0,0,0,0,9357000,1671,3,5599.640933572711,Thoraipakkam OMR,3 BHK,1500-2500 sqft,Valid,Chennai,Not available in source data,6,35
8431000,1606,Karapakkam,3,0,0,1,1,0,1,0,0,0,1,0,0,0,0,1,1,1,0,1,1,0,0,0,0,0,1,1,0,0,0,0,0,0,0,0,0,8431000,1606,3,5249.688667496886,Karapakkam,3 BHK,1500-2500 sqft,Valid,Chennai,Not available in source data,11,35
10200000,1827,Thoraipakkam OMR,4,0,0,1,0,1,0,0,1,0,1,0,0,0,0,1,1,0,0,0,0,0,0,0,0,0,0,0,0,0,0,0,0,0,0,0,0,10200000,1827,4,5582.922824302134,Thoraipakkam OMR,4 BHK,1500-2500 sqft,Valid,Chennai,Not available in source data,6,35
8473000,1614,Karapakkam,3,0,0,1,1,0,1,0,0,0,1,0,0,0,0,1,1,1,0,1,1,0,0,0,0,0,1,1,0,0,0,0,0,0,0,0,0,8473000,1614,3,5249.690210656753,Karapakkam,3 BHK,1500-2500 sqft,Valid,Chennai,Not available in source data,11,35
6300000,1200,Karapakkam,2,0,0,1,1,0,1,0,0,0,1,0,0,0,0,1,1,1,0,1,1,0,0,0,0,0,1,1,0,0,0,0,0,0,0,0,0,6300000,1200,2,5250.0,Karapakkam,2 BHK,1000-1500 sqft,Valid,Chennai,Not available in source data,11,35
8657000,1546,Thoraipakkam OMR,3,0,0,1,0,1,0,0,1,0,1,0,0,0,0,1,1,0,0,0,0,0,0,0,0,0,0,0,0,0,0,0,0,0,0,0,0,8657000,1546,3,5599.611901681759,Thoraipakkam OMR,3 BHK,1500-2500 sqft,Valid,Chennai,Not available in source data,6,35
8237000,1569,Karapakkam,3,0,0,1,1,0,1,0,0,0,1,0,0,0,0,1,1,1,0,1,1,0,0,0,0,0,1,1,0,0,0,0,0,0,0,0,0,8237000,1569,3,5249.840662842575,Karapakkam,3 BHK,1500-2500 sqft,Valid,Chennai,Not available in source data,11,35
8131000,1452,Thoraipakkam OMR,2,0,0,1,0,1,0,0,1,0,1,0,0,0,0,1,1,0,0,0,0,0,0,0,0,0,0,0,0,0,0,0,0,0,0,0,0,8131000,1452,2,5599.862258953168,Thoraipakkam OMR,2 BHK,1000-1500 sqft,Valid,Chennai,Not available in source data,6,35
3013000,574,Karapakkam,1,0,0,1,1,0,1,0,0,0,1,0,0,0,0,1,1,1,0,1,1,0,0,0,0,0,1,1,0,0,0,0,0,0,0,0,0,3013000,574,1,5249.128919860627,Karapakkam,1 BHK,500-1000 sqft,Valid,Chennai,Not available in source data,11,35
3024000,576,Karapakkam,1,0,0,1,1,0,1,0,0,0,1,0,0,0,0,1,1,1,0,1,1,0,0,0,0,0,1,1,0,0,0,0,0,0,0,0,0,3024000,576,1,5250.0,Karapakkam,1 BHK,500-1000 sqft,Valid,Chennai,Not available in source data,11,35
7201000,1286,Thoraipakkam OMR,2,0,0,1,0,1,0,0,1,0,1,0,0,0,0,1,1,0,0,0,0,0,0,0,0,0,0,0,0,0,0,0,0,0,0,0,0,7201000,1286,2,5599.533437013997,Thoraipakkam OMR,2 BHK,1000-1500 sqft,Valid,Chennai,Not available in source data,6,35
6909000,1316,Karapakkam,2,0,0,1,1,0,1,0,0,0,1,0,0,0,0,1,1,1,0,1,1,0,0,0,0,0,1,1,0,0,0,0,0,0,0,0,0,6909000,1316,2,5250.0,Karapakkam,2 BHK,1000-1500 sqft,Valid,Chennai,Not available in source data,11,35
8680000,1550,Thoraipakkam OMR,3,0,0,1,0,1,0,0,1,0,1,0,0,0,0,1,1,0,0,0,0,0,0,0,0,0,0,0,0,0,0,0,0,0,0,0,0,8680000,1550,3,5600.0,Thoraipakkam OMR,3 BHK,1500-2500 sqft,Valid,Chennai,Not available in source data,6,35
8158000,1554,Karapakkam,3,0,0,1,1,0,1,0,0,0,1,0,0,0,0,1,1,1,0,1,1,0,0,0,0,0,1,1,0,0,0,0,0,0,0,0,0,8158000,1554,3,5249.67824967825,Karapakkam,3 BHK,1500-2500 sqft,Valid,Chennai,Not available in source data,11,35
7956999,1421,Thoraipakkam OMR,2,0,0,1,0,1,0,0,1,0,1,0,0,0,0,1,1,0,0,0,0,0,0,0,0,0,0,0,0,0,0,0,0,0,0,0,0,7956999,1421,2,5599.577058409571,Thoraipakkam OMR,2 BHK,1000-1500 sqft,Valid,Chennai,Not available in source data,6,35
2971000,566,Karapakkam,1,0,0,1,1,0,1,0,0,0,1,0,0,0,0,1,1,1,0,1,1,0,0,0,0,0,1,1,0,0,0,0,0,0,0,0,0,2971000,566,1,5249.116607773852,Karapakkam,1 BHK,500-1000 sqft,Valid,Chennai,Not available in source data,11,35
6762000,1288,Karapakkam,2,0,0,1,1,0,1,0,0,0,1,0,0,0,0,1,1,1,0,1,1,0,0,0,0,0,1,1,0,0,0,0,0,0,0,0,0,6762000,1288,2,5250.0,Karapakkam,2 BHK,1000-1500 sqft,Valid,Chennai,Not available in source data,11,35
7218000,1289,Thoraipakkam OMR,2,0,0,1,0,1,0,0,1,0,1,0,0,0,0,1,1,0,0,0,0,0,0,0,0,0,0,0,0,0,0,0,0,0,0,0,0,7218000,1289,2,5599.689681923972,Thoraipakkam OMR,2 BHK,1000-1500 sqft,Valid,Chennai,Not available in source data,6,35
2982000,568,Karapakkam,1,0,0,1,1,0,1,0,0,0,1,0,0,0,0,1,1,1,0,1,1,0,0,0,0,0,1,1,0,0,0,0,0,0,0,0,0,2982000,568,1,5250.0,Karapakkam,1 BHK,500-1000 sqft,Valid,Chennai,Not available in source data,11,35
8205000,1563,Karapakkam,3,0,0,1,1,0,1,0,0,0,1,0,0,0,0,1,1,1,0,1,1,0,0,0,0,0,1,1,0,0,0,0,0,0,0,0,0,8205000,1563,3,5249.520153550864,Karapakkam,3 BHK,1500-2500 sqft,Valid,Chennai,Not available in source data,11,35
8920000,1593,Thoraipakkam OMR,3,0,0,1,0,1,0,0,1,0,1,0,0,0,0,1,1,0,0,0,0,0,0,0,0,0,0,0,0,0,0,0,0,0,0,0,0,8920000,1593,3,5599.497802887633,Thoraipakkam OMR,3 BHK,1500-2500 sqft,Valid,Chennai,Not available in source data,6,35
6834999,1302,Karapakkam,2,0,0,1,1,0,1,0,0,0,1,0,0,0,0,1,1,1,0,1,1,0,0,0,0,0,1,1,0,0,0,0,0,0,0,0,0,6834999,1302,2,5249.615207373272,Karapakkam,2 BHK,1000-1500 sqft,Valid,Chennai,Not available in source data,11,35
8556000,1528,Thoraipakkam OMR,3,0,0,1,0,1,0,0,1,0,1,0,0,0,0,1,1,0,0,0,0,0,0,0,0,0,0,0,0,0,0,0,0,0,0,0,0,8556000,1528,3,5599.476439790576,Thoraipakkam OMR,3 BHK,1500-2500 sqft,Valid,Chennai,Not available in source data,6,35
2961000,564,Karapakkam,1,0,0,1,1,0,1,0,0,0,1,0,0,0,0,1,1,1,0,1,1,0,0,0,0,0,1,1,0,0,0,0,0,0,0,0,0,2961000,564,1,5250.0,Karapakkam,1 BHK,500-1000 sqft,Valid,Chennai,Not available in source data,11,35
11500000,1846,Mogappair,3,0,0,1,1,0,0,0,0,0,0,0,0,0,0,0,0,0,0,0,0,0,0,0,0,0,0,0,0,0,0,0,0,0,0,0,0,11500000,1846,3,6229.685807150596,Mogappair,3 BHK,1500-2500 sqft,Valid,Chennai,Not available in source data,2,35
11500000,1850,Mogappair,3,0,0,1,1,0,0,0,0,0,0,0,0,0,0,0,0,0,0,0,0,0,0,0,0,0,0,0,0,0,0,0,0,0,0,0,0,11500000,1850,3,6216.216216216216,Mogappair,3 BHK,1500-2500 sqft,Valid,Chennai,Not available in source data,2,35
4140000,920,Mugalivakkam,2,0,0,1,0,1,1,0,1,0,0,0,0,0,1,1,1,1,0,0,0,0,0,0,0,0,1,1,0,0,0,0,0,0,0,0,0,4140000,920,2,4500.0,Mugalivakkam,2 BHK,500-1000 sqft,Valid,Chennai,Not available in source data,10,35
4284000,952,Mugalivakkam,2,0,0,1,0,1,1,0,1,0,0,0,0,0,1,1,1,1,0,0,0,0,0,0,0,0,1,1,0,0,0,0,0,0,0,0,0,4284000,952,2,4500.0,Mugalivakkam,2 BHK,500-1000 sqft,Valid,Chennai,Not available in source data,10,35
4275000,950,Mugalivakkam,2,0,0,1,0,1,1,0,1,0,0,0,0,0,1,1,1,1,0,0,0,0,0,0,0,0,1,1,0,0,0,0,0,0,0,0,0,4275000,950,2,4500.0,Mugalivakkam,2 BHK,500-1000 sqft,Valid,Chennai,Not available in source data,10,35
4009000,891,Mugalivakkam,2,0,0,1,0,1,1,0,1,0,0,0,0,0,1,1,1,1,0,0,0,0,0,0,0,0,1,1,0,0,0,0,0,0,0,0,0,4009000,891,2,4499.438832772166,Mugalivakkam,2 BHK,500-1000 sqft,Valid,Chennai,Not available in source data,10,35
4302000,956,Mugalivakkam,2,0,0,1,0,1,1,0,1,0,0,0,0,0,1,1,1,1,0,0,0,0,0,0,0,0,1,1,0,0,0,0,0,0,0,0,0,4302000,956,2,4500.0,Mugalivakkam,2 BHK,500-1000 sqft,Valid,Chennai,Not available in source data,10,35
4077000,906,Mugalivakkam,2,0,0,1,0,1,1,0,1,0,0,0,0,0,1,1,1,1,0,0,0,0,0,0,0,0,1,1,0,0,0,0,0,0,0,0,0,4077000,906,2,4500.0,Mugalivakkam,2 BHK,500-1000 sqft,Valid,Chennai,Not available in source data,10,35
4441000,987,Mugalivakkam,2,0,0,1,0,1,1,0,1,0,0,0,0,0,1,1,1,1,0,0,0,0,0,0,0,0,1,1,0,0,0,0,0,0,0,0,0,4441000,987,2,4499.493414387031,Mugalivakkam,2 BHK,500-1000 sqft,Valid,Chennai,Not available in source data,10,35
4468000,993,Mugalivakkam,2,0,0,1,0,1,1,0,1,0,0,0,0,0,1,1,1,1,0,0,0,0,0,0,0,0,1,1,0,0,0,0,0,0,0,0,0,4468000,993,2,4499.496475327291,Mugalivakkam,2 BHK,500-1000 sqft,Valid,Chennai,Not available in source data,10,35
4171000,927,Mugalivakkam,2,0,0,1,0,1,1,0,1,0,0,0,0,0,1,1,1,1,0,0,0,0,0,0,0,0,1,1,0,0,0,0,0,0,0,0,0,4171000,927,2,4499.460625674218,Mugalivakkam,2 BHK,500-1000 sqft,Valid,Chennai,Not available in source data,10,35
4239000,942,Mugalivakkam,2,0,0,1,0,1,1,0,1,0,0,0,0,0,1,1,1,1,0,0,0,0,0,0,0,0,1,1,0,0,0,0,0,0,0,0,0,4239000,942,2,4500.0,Mugalivakkam,2 BHK,500-1000 sqft,Valid,Chennai,Not available in source data,10,35
4189000,931,Mugalivakkam,2,0,0,1,0,1,1,0,1,0,0,0,0,0,1,1,1,1,0,0,0,0,0,0,0,0,1,1,0,0,0,0,0,0,0,0,0,4189000,931,2,4499.462943071966,Mugalivakkam,2 BHK,500-1000 sqft,Valid,Chennai,Not available in source data,10,35
3892000,865,Mugalivakkam,2,0,0,1,0,1,1,0,1,0,0,0,0,0,1,1,1,1,0,0,0,0,0,0,0,0,1,1,0,0,0,0,0,0,0,0,0,3892000,865,2,4499.421965317919,Mugalivakkam,2 BHK,500-1000 sqft,Valid,Chennai,Not available in source data,10,35
15000000,1161,Anna Nagar,3,0,1,0,0,0,0,1,0,0,1,0,0,0,0,1,1,1,0,0,0,0,0,0,0,0,0,1,0,1,0,0,0,0,0,0,0,15000000,1161,3,12919.896640826873,Anna Nagar,3 BHK,1000-1500 sqft,Valid,Chennai,Not available in source data,8,35
27300000,1500,Adyar,3,0,0,0,0,0,0,0,0,0,0,0,0,0,0,0,1,0,0,0,0,0,0,0,0,0,0,0,0,0,0,0,0,0,0,0,0,27300000,1500,3,18200.0,Adyar,3 BHK,1500-2500 sqft,Valid,Chennai,Not available in source data,1,35
7784999,1437,Sholinganallur,3,0,0,1,0,0,1,1,0,0,0,0,0,0,0,0,1,0,0,0,1,0,0,0,0,0,1,0,0,0,0,0,0,0,0,0,0,7784999,1437,3,5417.53583855254,Sholinganallur,3 BHK,1000-1500 sqft,Valid,Chennai,Not available in source data,6,35
7841000,1310,Sholinganallur,3,0,0,1,0,0,1,1,0,0,0,0,0,0,0,0,1,0,0,0,1,0,0,0,0,0,1,0,0,0,0,0,0,0,0,0,0,7841000,1310,3,5985.496183206107,Sholinganallur,3 BHK,1000-1500 sqft,Valid,Chennai,Not available in source data,6,35
5663000,1006,Sholinganallur,2,0,0,1,0,0,1,1,0,0,0,0,0,0,0,0,1,0,0,0,1,0,0,0,0,0,1,0,0,0,0,0,0,0,0,0,0,5663000,1006,2,5629.224652087475,Sholinganallur,2 BHK,1000-1500 sqft,Valid,Chennai,Not available in source data,6,35
6224000,1120,Sholinganallur,2,0,0,1,0,0,1,1,0,0,0,0,0,0,0,0,1,0,0,0,1,0,0,0,0,0,1,0,0,0,0,0,0,0,0,0,0,6224000,1120,2,5557.142857142857,Sholinganallur,2 BHK,1000-1500 sqft,Valid,Chennai,Not available in source data,6,35
6219000,1119,Sholinganallur,2,0,0,1,0,0,1,1,0,0,0,0,0,0,0,0,1,0,0,0,1,0,0,0,0,0,1,0,0,0,0,0,0,0,0,0,0,6219000,1119,2,5557.640750670242,Sholinganallur,2 BHK,1000-1500 sqft,Valid,Chennai,Not available in source data,6,35
6214000,1118,Sholinganallur,2,0,0,1,0,0,1,1,0,0,0,0,0,0,0,0,1,0,0,0,1,0,0,0,0,0,1,0,0,0,0,0,0,0,0,0,0,6214000,1118,2,5558.139534883721,Sholinganallur,2 BHK,1000-1500 sqft,Valid,Chennai,Not available in source data,6,35
5778000,1004,Sholinganallur,2,0,0,1,0,0,1,1,0,0,0,0,0,0,0,0,1,0,0,0,1,0,0,0,0,0,1,0,0,0,0,0,0,0,0,0,0,5778000,1004,2,5754.980079681275,Sholinganallur,2 BHK,1000-1500 sqft,Valid,Chennai,Not available in source data,6,35
6200000,1115,Sholinganallur,2,0,0,1,0,0,1,1,0,0,0,0,0,0,0,0,1,0,0,0,1,0,0,0,0,0,1,0,0,0,0,0,0,0,0,0,0,6200000,1115,2,5560.538116591928,Sholinganallur,2 BHK,1000-1500 sqft,Valid,Chennai,Not available in source data,6,35
6195000,1114,Sholinganallur,2,0,0,1,0,0,1,1,0,0,0,0,0,0,0,0,1,0,0,0,1,0,0,0,0,0,1,0,0,0,0,0,0,0,0,0,0,6195000,1114,2,5561.041292639138,Sholinganallur,2 BHK,1000-1500 sqft,Valid,Chennai,Not available in source data,6,35
5648000,1003,Sholinganallur,2,0,0,1,0,0,1,1,0,0,0,0,0,0,0,0,1,0,0,0,1,0,0,0,0,0,1,0,0,0,0,0,0,0,0,0,0,5648000,1003,2,5631.106679960119,Sholinganallur,2 BHK,1000-1500 sqft,Valid,Chennai,Not available in source data,6,35
6245000,1094,Sholinganallur,2,0,0,1,0,0,1,1,0,0,0,0,0,0,0,0,1,0,0,0,1,0,0,0,0,0,1,0,0,0,0,0,0,0,0,0,0,6245000,1094,2,5708.409506398538,Sholinganallur,2 BHK,1000-1500 sqft,Valid,Chennai,Not available in source data,6,35
5816000,1026,Sholinganallur,2,0,0,1,0,0,1,1,0,0,0,0,0,0,0,0,1,0,0,0,1,0,0,0,0,0,1,0,0,0,0,0,0,0,0,0,0,5816000,1026,2,5668.615984405458,Sholinganallur,2 BHK,1000-1500 sqft,Valid,Chennai,Not available in source data,6,35
6141000,1103,Sholinganallur,2,0,0,1,0,0,1,1,0,0,0,0,0,0,0,0,1,0,0,0,1,0,0,0,0,0,1,0,0,0,0,0,0,0,0,0,0,6141000,1103,2,5567.5430643699,Sholinganallur,2 BHK,1000-1500 sqft,Valid,Chennai,Not available in source data,6,35
6003000,1075,Sholinganallur,2,0,0,1,0,0,1,1,0,0,0,0,0,0,0,0,1,0,0,0,1,0,0,0,0,0,1,0,0,0,0,0,0,0,0,0,0,6003000,1075,2,5584.186046511628,Sholinganallur,2 BHK,1000-1500 sqft,Valid,Chennai,Not available in source data,6,35
5993000,1073,Sholinganallur,2,0,0,1,0,0,1,1,0,0,0,0,0,0,0,0,1,0,0,0,1,0,0,0,0,0,1,0,0,0,0,0,0,0,0,0,0,5993000,1073,2,5585.274930102516,Sholinganallur,2 BHK,1000-1500 sqft,Valid,Chennai,Not available in source data,6,35
5682000,1010,Sholinganallur,2,0,0,1,0,0,1,1,0,0,0,0,0,0,0,0,1,0,0,0,1,0,0,0,0,0,1,0,0,0,0,0,0,0,0,0,0,5682000,1010,2,5625.742574257426,Sholinganallur,2 BHK,1000-1500 sqft,Valid,Chennai,Not available in source data,6,35
5678000,1009,Sholinganallur,2,0,0,1,0,0,1,1,0,0,0,0,0,0,0,0,1,0,0,0,1,0,0,0,0,0,1,0,0,0,0,0,0,0,0,0,0,5678000,1009,2,5627.3538156590685,Sholinganallur,2 BHK,1000-1500 sqft,Valid,Chennai,Not available in source data,6,35
6776000,1124,Sholinganallur,2,0,0,1,0,0,1,1,0,0,0,0,0,0,0,0,1,0,0,0,1,0,0,0,0,0,1,0,0,0,0,0,0,0,0,0,0,6776000,1124,2,6028.46975088968,Sholinganallur,2 BHK,1000-1500 sqft,Valid,Chennai,Not available in source data,6,35
6853000,1133,Sholinganallur,2,0,0,1,0,0,1,1,0,0,0,0,0,0,0,0,1,0,0,0,1,0,0,0,0,0,1,0,0,0,0,0,0,0,0,0,0,6853000,1133,2,6048.543689320389,Sholinganallur,2 BHK,1000-1500 sqft,Valid,Chennai,Not available in source data,6,35
7527000,1158,Mogappair,2,0,0,1,1,0,0,0,1,0,0,0,0,0,0,1,1,1,0,0,0,0,0,0,0,0,1,1,0,0,0,0,0,0,0,0,0,7527000,1158,2,6500.0,Mogappair,2 BHK,1000-1500 sqft,Valid,Chennai,Not available in source data,8,35
6662000,1025,Mogappair,2,0,0,1,1,0,0,0,1,0,0,0,0,0,0,1,1,1,0,0,0,0,0,0,0,0,1,1,0,0,0,0,0,0,0,0,0,6662000,1025,2,6499.512195121952,Mogappair,2 BHK,1000-1500 sqft,Valid,Chennai,Not available in source data,8,35
10300000,1594,Mogappair,3,0,0,1,1,0,0,0,1,0,0,0,0,0,0,1,1,1,0,0,0,0,0,0,0,0,1,1,0,0,0,0,0,0,0,0,0,10300000,1594,3,6461.7314930991215,Mogappair,3 BHK,1500-2500 sqft,Valid,Chennai,Not available in source data,8,35
6083000,1106,Mugalivakkam,2,0,0,1,1,0,0,1,1,0,0,0,0,0,0,0,1,1,0,0,1,0,0,0,0,0,1,1,0,1,0,0,0,0,0,0,0,6083000,1106,2,5500.0,Mugalivakkam,2 BHK,1000-1500 sqft,Valid,Chennai,Not available in source data,10,35
10200000,1816,Mugalivakkam,3,0,0,1,1,0,0,1,1,0,0,0,0,0,0,0,1,1,0,0,1,0,0,0,0,0,1,1,0,1,0,0,0,0,0,0,0,10200000,1816,3,5616.7400881057265,Mugalivakkam,3 BHK,1500-2500 sqft,Valid,Chennai,Not available in source data,10,35
11500000,2096,Mugalivakkam,4,0,0,1,1,0,0,1,1,0,0,0,0,0,0,0,1,1,0,0,1,0,0,0,0,0,1,1,0,1,0,0,0,0,0,0,0,11500000,2096,4,5486.641221374046,Mugalivakkam,4 BHK,1500-2500 sqft,Valid,Chennai,Not available in source data,10,35
8563000,1557,Mugalivakkam,3,0,0,1,1,0,0,1,1,0,0,0,0,0,0,0,1,1,0,0,1,0,0,0,0,0,1,1,0,1,0,0,0,0,0,0,0,8563000,1557,3,5499.678869621066,Mugalivakkam,3 BHK,1500-2500 sqft,Valid,Chennai,Not available in source data,10,35
3211999,584,Mugalivakkam,1,0,0,1,1,0,0,1,1,0,0,0,0,0,0,0,1,1,0,0,1,0,0,0,0,0,1,1,0,1,0,0,0,0,0,0,0,3211999,584,1,5499.998287671233,Mugalivakkam,1 BHK,500-1000 sqft,Valid,Chennai,Not available in source data,10,35
8981000,1633,Mugalivakkam,3,0,0,1,1,0,0,1,1,0,0,0,0,0,0,0,1,1,0,0,1,0,0,0,0,0,1,1,0,1,0,0,0,0,0,0,0,8981000,1633,3,5499.693815064299,Mugalivakkam,3 BHK,1500-2500 sqft,Valid,Chennai,Not available in source data,10,35
3289000,598,Mugalivakkam,1,0,0,1,1,0,0,1,1,0,0,0,0,0,0,0,1,1,0,0,1,0,0,0,0,0,1,1,0,1,0,0,0,0,0,0,0,3289000,598,1,5500.0,Mugalivakkam,1 BHK,500-1000 sqft,Valid,Chennai,Not available in source data,10,35
5461000,993,Mugalivakkam,2,0,0,1,1,0,0,1,1,0,0,0,0,0,0,0,1,1,0,0,1,0,0,0,0,0,1,1,0,1,0,0,0,0,0,0,0,5461000,993,2,5499.496475327291,Mugalivakkam,2 BHK,500-1000 sqft,Valid,Chennai,Not available in source data,10,35
39000000,2200,Purasaiwakkam,4,0,0,0,0,1,0,0,0,0,0,0,0,0,0,0,1,0,0,0,0,0,0,0,0,0,0,1,0,0,0,0,0,0,0,0,0,39000000,2200,4,17727.272727272728,Purasaiwakkam,4 BHK,1500-2500 sqft,Valid,Chennai,Not available in source data,3,35
5226000,917,Medavakkam,2,0,0,0,0,0,0,0,0,0,0,0,0,0,0,0,1,0,0,0,0,0,0,0,0,0,0,0,0,0,0,0,0,0,0,0,0,5226000,917,2,5699.018538713195,Medavakkam,2 BHK,500-1000 sqft,Valid,Chennai,Not available in source data,1,35
6629000,1163,Medavakkam,3,0,0,0,0,0,0,0,0,0,0,0,0,0,0,0,1,0,0,0,0,0,0,0,0,0,0,0,0,0,0,0,0,0,0,0,0,6629000,1163,3,5699.914015477214,Medavakkam,3 BHK,1000-1500 sqft,Valid,Chennai,Not available in source data,1,35
5580000,979,Medavakkam,2,0,0,0,0,0,0,0,0,0,0,0,0,0,0,0,1,0,0,0,0,0,0,0,0,0,0,0,0,0,0,0,0,0,0,0,0,5580000,979,2,5699.693564862104,Medavakkam,2 BHK,500-1000 sqft,Valid,Chennai,Not available in source data,1,35
5295000,929,Medavakkam,2,0,0,0,0,0,0,0,0,0,0,0,0,0,0,0,1,0,0,0,0,0,0,0,0,0,0,0,0,0,0,0,0,0,0,0,0,5295000,929,2,5699.677072120559,Medavakkam,2 BHK,500-1000 sqft,Valid,Chennai,Not available in source data,1,35
5889000,906,East Tambaram,2,0,0,0,0,0,0,0,0,0,0,0,1,0,1,0,0,0,0,0,0,0,0,0,0,0,0,0,0,0,0,0,0,0,0,0,0,5889000,906,2,6500.0,East Tambaram,2 BHK,500-1000 sqft,Valid,Chennai,Not available in source data,2,35
6123000,942,East Tambaram,2,0,0,0,0,0,0,0,0,0,0,0,1,0,1,0,0,0,0,0,0,0,0,0,0,0,0,0,0,0,0,0,0,0,0,0,0,6123000,942,2,6500.0,East Tambaram,2 BHK,500-1000 sqft,Valid,Chennai,Not available in source data,2,35
6552000,1008,East Tambaram,2,0,0,0,0,0,0,0,0,0,0,0,1,0,1,0,0,0,0,0,0,0,0,0,0,0,0,0,0,0,0,0,0,0,0,0,0,6552000,1008,2,6500.0,East Tambaram,2 BHK,1000-1500 sqft,Valid,Chennai,Not available in source data,2,35
7780000,1197,East Tambaram,3,0,0,0,0,0,0,0,0,0,0,0,1,0,1,0,0,0,0,0,0,0,0,0,0,0,0,0,0,0,0,0,0,0,0,0,0,7780000,1197,3,6499.582289055973,East Tambaram,3 BHK,1000-1500 sqft,Valid,Chennai,Not available in source data,2,35
6584000,1013,East Tambaram,2,0,0,0,0,0,0,0,0,0,0,0,1,0,1,0,0,0,0,0,0,0,0,0,0,0,0,0,0,0,0,0,0,0,0,0,0,6584000,1013,2,6499.506416584402,East Tambaram,2 BHK,1000-1500 sqft,Valid,Chennai,Not available in source data,2,35
7163000,1102,East Tambaram,3,0,0,0,0,0,0,0,0,0,0,0,1,0,1,0,0,0,0,0,0,0,0,0,0,0,0,0,0,0,0,0,0,0,0,0,0,7163000,1102,3,6500.0,East Tambaram,3 BHK,1000-1500 sqft,Valid,Chennai,Not available in source data,2,35
5934000,913,East Tambaram,2,0,0,0,0,0,0,0,0,0,0,0,1,0,1,0,0,0,0,0,0,0,0,0,0,0,0,0,0,0,0,0,0,0,0,0,0,5934000,913,2,6499.452354874042,East Tambaram,2 BHK,500-1000 sqft,Valid,Chennai,Not available in source data,2,35
10200000,1571,Maduravoyal,3,0,0,1,1,0,0,0,0,0,0,0,0,1,0,0,1,1,0,0,0,0,0,0,0,0,1,1,0,0,0,0,0,0,0,0,0,10200000,1571,3,6492.679821769573,Maduravoyal,3 BHK,1500-2500 sqft,Valid,Chennai,Not available in source data,7,35
7415000,1141,Maduravoyal,2,0,0,1,1,0,0,0,0,0,0,0,0,1,0,0,1,1,0,0,0,0,0,0,0,0,1,1,0,0,0,0,0,0,0,0,0,7415000,1141,2,6498.685363716038,Maduravoyal,2 BHK,1000-1500 sqft,Valid,Chennai,Not available in source data,7,35
6758000,1040,Maduravoyal,2,0,0,1,1,0,0,0,0,0,0,0,0,1,0,0,1,1,0,0,0,0,0,0,0,0,1,1,0,0,0,0,0,0,0,0,0,6758000,1040,2,6498.076923076923,Maduravoyal,2 BHK,1000-1500 sqft,Valid,Chennai,Not available in source data,7,35
9612000,1479,Maduravoyal,3,0,0,1,1,0,0,0,0,0,0,0,0,1,0,0,1,1,0,0,0,0,0,0,0,0,1,1,0,0,0,0,0,0,0,0,0,9612000,1479,3,6498.985801217039,Maduravoyal,3 BHK,1000-1500 sqft,Valid,Chennai,Not available in source data,7,35
7252000,1116,Maduravoyal,2,0,0,1,1,0,0,0,0,0,0,0,0,1,0,0,1,1,0,0,0,0,0,0,0,0,1,1,0,0,0,0,0,0,0,0,0,7252000,1116,2,6498.20788530466,Maduravoyal,2 BHK,1000-1500 sqft,Valid,Chennai,Not available in source data,7,35
7525000,1158,Maduravoyal,2,0,0,1,1,0,0,0,0,0,0,0,0,1,0,0,1,1,0,0,0,0,0,0,0,0,1,1,0,0,0,0,0,0,0,0,0,7525000,1158,2,6498.272884283247,Maduravoyal,2 BHK,1000-1500 sqft,Valid,Chennai,Not available in source data,7,35
6667000,1026,Maduravoyal,2,0,0,1,1,0,0,0,0,0,0,0,0,1,0,0,1,1,0,0,0,0,0,0,0,0,1,1,0,0,0,0,0,0,0,0,0,6667000,1026,2,6498.050682261209,Maduravoyal,2 BHK,1000-1500 sqft,Valid,Chennai,Not available in source data,7,35
6661000,1025,Maduravoyal,2,0,0,1,1,0,0,0,0,0,0,0,0,1,0,0,1,1,0,0,0,0,0,0,0,0,1,1,0,0,0,0,0,0,0,0,0,6661000,1025,2,6498.536585365854,Maduravoyal,2 BHK,1000-1500 sqft,Valid,Chennai,Not available in source data,7,35
10300000,1594,Maduravoyal,3,0,0,1,1,0,0,0,0,0,0,0,0,1,0,0,1,1,0,0,0,0,0,0,0,0,1,1,0,0,0,0,0,0,0,0,0,10300000,1594,3,6461.7314930991215,Maduravoyal,3 BHK,1500-2500 sqft,Valid,Chennai,Not available in source data,7,35
10100000,1568,Maduravoyal,3,0,0,1,1,0,0,0,0,0,0,0,0,1,0,0,1,1,0,0,0,0,0,0,0,0,1,1,0,0,0,0,0,0,0,0,0,10100000,1568,3,6441.326530612245,Maduravoyal,3 BHK,1500-2500 sqft,Valid,Chennai,Not available in source data,7,35
6934000,1067,Maduravoyal,2,0,0,1,1,0,0,0,0,0,0,0,0,1,0,0,1,1,0,0,0,0,0,0,0,0,1,1,0,0,0,0,0,0,0,0,0,6934000,1067,2,6498.594189315839,Maduravoyal,2 BHK,1000-1500 sqft,Valid,Chennai,Not available in source data,7,35
6967000,1515,Sholinganallur,3,0,1,1,1,1,1,1,1,1,1,0,1,1,1,1,1,1,1,1,0,1,0,0,0,0,1,1,0,1,0,0,0,0,0,0,0,6967000,1515,3,4598.679867986799,Sholinganallur,3 BHK,1500-2500 sqft,Valid,Chennai,Not available in source data,21,35
6506999,1415,Sholinganallur,2,0,1,1,1,1,1,1,1,1,1,0,1,1,1,1,1,1,1,1,0,1,0,0,0,0,1,1,0,1,0,0,0,0,0,0,0,6506999,1415,2,4598.585865724382,Sholinganallur,2 BHK,1000-1500 sqft,Valid,Chennai,Not available in source data,21,35
2529000,541,Tiruvottiyur,1,0,0,0,0,0,0,0,0,0,0,0,0,0,0,0,0,0,0,0,0,0,0,0,0,0,0,0,0,0,0,0,0,0,0,0,0,2529000,541,1,4674.676524953789,Tiruvottiyur,1 BHK,500-1000 sqft,Valid,Chennai,Not available in source data,0,35
2542000,544,Tiruvottiyur,1,0,0,0,0,0,0,0,0,0,0,0,0,0,0,0,0,0,0,0,0,0,0,0,0,0,0,0,0,0,0,0,0,0,0,0,0,2542000,544,1,4672.794117647059,Tiruvottiyur,1 BHK,500-1000 sqft,Valid,Chennai,Not available in source data,0,35
3404999,742,Tiruvottiyur,2,0,0,0,0,0,0,0,0,0,0,0,0,0,0,0,0,0,0,0,0,0,0,0,0,0,0,0,0,0,0,0,0,0,0,0,0,3404999,742,2,4588.9474393531,Tiruvottiyur,2 BHK,500-1000 sqft,Valid,Chennai,Not available in source data,0,35
3397000,740,Tiruvottiyur,2,0,0,0,0,0,0,0,0,0,0,0,0,0,0,0,0,0,0,0,0,0,0,0,0,0,0,0,0,0,0,0,0,0,0,0,0,3397000,740,2,4590.540540540541,Tiruvottiyur,2 BHK,500-1000 sqft,Valid,Chennai,Not available in source data,0,35
2525000,540,Tiruvottiyur,1,0,0,0,0,0,0,0,0,0,0,0,0,0,0,0,0,0,0,0,0,0,0,0,0,0,0,0,0,0,0,0,0,0,0,0,0,2525000,540,1,4675.925925925926,Tiruvottiyur,1 BHK,500-1000 sqft,Valid,Chennai,Not available in source data,0,35
3392000,739,Tiruvottiyur,2,0,0,0,0,0,0,0,0,0,0,0,0,0,0,0,0,0,0,0,0,0,0,0,0,0,0,0,0,0,0,0,0,0,0,0,0,3392000,739,2,4589.986468200271,Tiruvottiyur,2 BHK,500-1000 sqft,Valid,Chennai,Not available in source data,0,35
2725000,586,Tiruvottiyur,1,0,0,0,0,0,0,0,0,0,0,0,0,0,0,0,0,0,0,0,0,0,0,0,0,0,0,0,0,0,0,0,0,0,0,0,0,2725000,586,1,4650.170648464164,Tiruvottiyur,1 BHK,500-1000 sqft,Valid,Chennai,Not available in source data,0,35
3327000,724,Tiruvottiyur,2,0,0,0,0,0,0,0,0,0,0,0,0,0,0,0,0,0,0,0,0,0,0,0,0,0,0,0,0,0,0,0,0,0,0,0,0,3327000,724,2,4595.303867403315,Tiruvottiyur,2 BHK,500-1000 sqft,Valid,Chennai,Not available in source data,0,35
2710000,583,Tiruvottiyur,1,0,0,0,0,0,0,0,0,0,0,0,0,0,0,0,0,0,0,0,0,0,0,0,0,0,0,0,0,0,0,0,0,0,0,0,0,2710000,583,1,4648.370497427101,Tiruvottiyur,1 BHK,500-1000 sqft,Valid,Chennai,Not available in source data,0,35
2567000,550,Tiruvottiyur,1,0,0,0,0,0,0,0,0,0,0,0,0,0,0,0,0,0,0,0,0,0,0,0,0,0,0,0,0,0,0,0,0,0,0,0,0,2567000,550,1,4667.272727272727,Tiruvottiyur,1 BHK,500-1000 sqft,Valid,Chennai,Not available in source data,0,35
3418000,745,Tiruvottiyur,2,0,0,0,0,0,0,0,0,0,0,0,0,0,0,0,0,0,0,0,0,0,0,0,0,0,0,0,0,0,0,0,0,0,0,0,0,3418000,745,2,4587.919463087248,Tiruvottiyur,2 BHK,500-1000 sqft,Valid,Chennai,Not available in source data,0,35
2708000,582,Tiruvottiyur,1,0,0,0,0,0,0,0,0,0,0,0,0,0,0,0,0,0,0,0,0,0,0,0,0,0,0,0,0,0,0,0,0,0,0,0,0,2708000,582,1,4652.920962199312,Tiruvottiyur,1 BHK,500-1000 sqft,Valid,Chennai,Not available in source data,0,35
2550000,546,Tiruvottiyur,1,0,0,0,0,0,0,0,0,0,0,0,0,0,0,0,0,0,0,0,0,0,0,0,0,0,0,0,0,0,0,0,0,0,0,0,0,2550000,546,1,4670.32967032967,Tiruvottiyur,1 BHK,500-1000 sqft,Valid,Chennai,Not available in source data,0,35
3427000,747,Tiruvottiyur,2,0,0,0,0,0,0,0,0,0,0,0,0,0,0,0,0,0,0,0,0,0,0,0,0,0,0,0,0,0,0,0,0,0,0,0,0,3427000,747,2,4587.684069611781,Tiruvottiyur,2 BHK,500-1000 sqft,Valid,Chennai,Not available in source data,0,35
2259000,572,Perungalathur,2,0,0,0,0,0,0,0,0,0,0,0,0,0,0,0,0,0,0,0,0,0,0,0,0,0,1,1,0,0,0,0,0,0,0,0,0,2259000,572,2,3949.3006993006993,Perungalathur,2 BHK,500-1000 sqft,Valid,Chennai,Not available in source data,2,35
2014000,510,Perungalathur,1,0,0,0,0,0,0,0,0,0,0,0,0,0,0,0,0,0,0,0,0,0,0,0,0,0,1,1,0,0,0,0,0,0,0,0,0,2014000,510,1,3949.0196078431372,Perungalathur,1 BHK,500-1000 sqft,Valid,Chennai,Not available in source data,2,35
2772000,702,Perungalathur,2,0,0,0,0,0,0,0,0,0,0,0,0,0,0,0,0,0,0,0,0,0,0,0,0,0,1,1,0,0,0,0,0,0,0,0,0,2772000,702,2,3948.7179487179487,Perungalathur,2 BHK,500-1000 sqft,Valid,Chennai,Not available in source data,2,35
3183000,806,Perungalathur,2,0,0,0,0,0,0,0,0,0,0,0,0,0,0,0,0,0,0,0,0,0,0,0,0,0,1,1,0,0,0,0,0,0,0,0,0,3183000,806,2,3949.131513647643,Perungalathur,2 BHK,500-1000 sqft,Valid,Chennai,Not available in source data,2,35
2788000,706,Perungalathur,2,0,0,0,0,0,0,0,0,0,0,0,0,0,0,0,0,0,0,0,0,0,0,0,0,0,1,1,0,0,0,0,0,0,0,0,0,2788000,706,2,3949.0084985835692,Perungalathur,2 BHK,500-1000 sqft,Valid,Chennai,Not available in source data,2,35
2002000,507,Perungalathur,1,0,0,0,0,0,0,0,0,0,0,0,0,0,0,0,0,0,0,0,0,0,0,0,0,0,1,1,0,0,0,0,0,0,0,0,0,2002000,507,1,3948.7179487179487,Perungalathur,1 BHK,500-1000 sqft,Valid,Chennai,Not available in source data,2,35
2768000,701,Perungalathur,2,0,0,0,0,0,0,0,0,0,0,0,0,0,0,0,0,0,0,0,0,0,0,0,0,0,1,1,0,0,0,0,0,0,0,0,0,2768000,701,2,3948.644793152639,Perungalathur,2 BHK,500-1000 sqft,Valid,Chennai,Not available in source data,2,35
2765000,700,Perungalathur,2,0,0,0,0,0,0,0,0,0,0,0,0,0,0,0,0,0,0,0,0,0,0,0,0,0,1,1,0,0,0,0,0,0,0,0,0,2765000,700,2,3950.0,Perungalathur,2 BHK,500-1000 sqft,Valid,Chennai,Not available in source data,2,35
3242000,821,Perungalathur,2,0,0,0,0,0,0,0,0,0,0,0,0,0,0,0,0,0,0,0,0,0,0,0,0,0,1,1,0,0,0,0,0,0,0,0,0,3242000,821,2,3948.8428745432398,Perungalathur,2 BHK,500-1000 sqft,Valid,Chennai,Not available in source data,2,35
2456000,622,Perungalathur,2,0,0,0,0,0,0,0,0,0,0,0,0,0,0,0,0,0,0,0,0,0,0,0,0,0,1,1,0,0,0,0,0,0,0,0,0,2456000,622,2,3948.5530546623795,Perungalathur,2 BHK,500-1000 sqft,Valid,Chennai,Not available in source data,2,35
2449000,620,Perungalathur,2,0,0,0,0,0,0,0,0,0,0,0,0,0,0,0,0,0,0,0,0,0,0,0,0,0,1,1,0,0,0,0,0,0,0,0,0,2449000,620,2,3950.0,Perungalathur,2 BHK,500-1000 sqft,Valid,Chennai,Not available in source data,2,35
2445000,619,Perungalathur,2,0,0,0,0,0,0,0,0,0,0,0,0,0,0,0,0,0,0,0,0,0,0,0,0,0,1,1,0,0,0,0,0,0,0,0,0,2445000,619,2,3949.919224555735,Perungalathur,2 BHK,500-1000 sqft,Valid,Chennai,Not available in source data,2,35
2476000,627,Perungalathur,2,0,0,0,0,0,0,0,0,0,0,0,0,0,0,0,0,0,0,0,0,0,0,0,0,0,1,1,0,0,0,0,0,0,0,0,0,2476000,627,2,3948.96331738437,Perungalathur,2 BHK,500-1000 sqft,Valid,Chennai,Not available in source data,2,35
2061000,522,Perungalathur,1,0,0,0,0,0,0,0,0,0,0,0,0,0,0,0,0,0,0,0,0,0,0,0,0,0,1,1,0,0,0,0,0,0,0,0,0,2061000,522,1,3948.2758620689656,Perungalathur,1 BHK,500-1000 sqft,Valid,Chennai,Not available in source data,2,35
2425000,614,Perungalathur,2,0,0,0,0,0,0,0,0,0,0,0,0,0,0,0,0,0,0,0,0,0,0,0,0,0,1,1,0,0,0,0,0,0,0,0,0,2425000,614,2,3949.511400651466,Perungalathur,2 BHK,500-1000 sqft,Valid,Chennai,Not available in source data,2,35
3199000,810,Perungalathur,2,0,0,0,0,0,0,0,0,0,0,0,0,0,0,0,0,0,0,0,0,0,0,0,0,0,1,1,0,0,0,0,0,0,0,0,0,3199000,810,2,3949.382716049383,Perungalathur,2 BHK,500-1000 sqft,Valid,Chennai,Not available in source data,2,35
2050000,519,Perungalathur,1,0,0,0,0,0,0,0,0,0,0,0,0,0,0,0,0,0,0,0,0,0,0,0,0,0,1,1,0,0,0,0,0,0,0,0,0,2050000,519,1,3949.90366088632,Perungalathur,1 BHK,500-1000 sqft,Valid,Chennai,Not available in source data,2,35
2441000,618,Perungalathur,2,0,0,0,0,0,0,0,0,0,0,0,0,0,0,0,0,0,0,0,0,0,0,0,0,0,1,1,0,0,0,0,0,0,0,0,0,2441000,618,2,3949.8381877022653,Perungalathur,2 BHK,500-1000 sqft,Valid,Chennai,Not available in source data,2,35
17600000,2277,Iyappanthangal,4,0,0,1,1,0,1,1,1,1,0,0,1,1,1,1,1,1,1,0,1,1,0,0,0,0,1,1,0,1,0,0,0,0,0,0,0,17600000,2277,4,7729.468599033817,Iyappanthangal,4 BHK,1500-2500 sqft,Valid,Chennai,Not available in source data,18,35
13000000,1800,Iyappanthangal,3,0,0,1,1,0,1,1,1,1,0,0,1,1,1,1,1,1,1,0,1,1,0,0,0,0,1,1,0,1,0,0,0,0,0,0,0,13000000,1800,3,7222.222222222223,Iyappanthangal,3 BHK,1500-2500 sqft,Valid,Chennai,Not available in source data,18,35
19500000,2533,Iyappanthangal,4,0,0,1,1,0,1,1,1,1,0,0,1,1,1,1,1,1,1,0,1,1,0,0,0,0,1,1,0,1,0,0,0,0,0,0,0,19500000,2533,4,7698.381365969207,Iyappanthangal,4 BHK,2500+ sqft,Valid,Chennai,Not available in source data,18,35
13899999,1938,Iyappanthangal,3,0,0,1,1,0,1,1,1,1,0,0,1,1,1,1,1,1,1,0,1,1,0,0,0,0,1,1,0,1,0,0,0,0,0,0,0,13899999,1938,3,7172.3421052631575,Iyappanthangal,3 BHK,1500-2500 sqft,Valid,Chennai,Not available in source data,18,35
20200000,2621,Iyappanthangal,4,0,0,1,1,0,1,1,1,1,0,0,1,1,1,1,1,1,1,0,1,1,0,0,0,0,1,1,0,1,0,0,0,0,0,0,0,20200000,2621,4,7706.982067913011,Iyappanthangal,4 BHK,2500+ sqft,Valid,Chennai,Not available in source data,18,35
14300000,1990,Iyappanthangal,3,0,0,1,1,0,1,1,1,1,0,0,1,1,1,1,1,1,1,0,1,1,0,0,0,0,1,1,0,1,0,0,0,0,0,0,0,14300000,1990,3,7185.929648241206,Iyappanthangal,3 BHK,1500-2500 sqft,Valid,Chennai,Not available in source data,18,35
13100000,1825,Iyappanthangal,3,0,0,1,1,0,1,1,1,1,0,0,1,1,1,1,1,1,1,0,1,1,0,0,0,0,1,1,0,1,0,0,0,0,0,0,0,13100000,1825,3,7178.082191780822,Iyappanthangal,3 BHK,1500-2500 sqft,Valid,Chennai,Not available in source data,18,35
5712000,952,East Tambaram,2,0,0,0,0,0,0,0,0,0,0,0,0,0,0,0,0,0,0,0,0,0,0,0,0,0,0,0,0,0,0,0,0,0,0,0,0,5712000,952,2,6000.0,East Tambaram,2 BHK,500-1000 sqft,Valid,Chennai,Not available in source data,0,35
4776000,796,East Tambaram,2,0,0,0,0,0,0,0,0,0,0,0,0,0,0,0,0,0,0,0,0,0,0,0,0,0,0,0,0,0,0,0,0,0,0,0,0,4776000,796,2,6000.0,East Tambaram,2 BHK,500-1000 sqft,Valid,Chennai,Not available in source data,0,35
7620000,1270,East Tambaram,3,0,0,0,0,0,0,0,0,0,0,0,0,0,0,0,0,0,0,0,0,0,0,0,0,0,0,0,0,0,0,0,0,0,0,0,0,7620000,1270,3,6000.0,East Tambaram,3 BHK,1000-1500 sqft,Valid,Chennai,Not available in source data,0,35
5580000,930,East Tambaram,2,0,0,0,0,0,0,0,0,0,0,0,0,0,0,0,0,0,0,0,0,0,0,0,0,0,0,0,0,0,0,0,0,0,0,0,0,5580000,930,2,6000.0,East Tambaram,2 BHK,500-1000 sqft,Valid,Chennai,Not available in source data,0,35
5382000,897,East Tambaram,2,0,0,0,0,0,0,0,0,0,0,0,0,0,0,0,0,0,0,0,0,0,0,0,0,0,0,0,0,0,0,0,0,0,0,0,0,5382000,897,2,6000.0,East Tambaram,2 BHK,500-1000 sqft,Valid,Chennai,Not available in source data,0,35
4695000,821,Gowrivakkam,2,0,0,0,0,0,0,1,0,0,0,0,0,0,0,0,0,0,0,0,0,0,0,0,0,0,0,0,0,0,0,0,0,0,0,0,0,4695000,821,2,5718.63580998782,Gowrivakkam,2 BHK,500-1000 sqft,Valid,Chennai,Not available in source data,1,35
5833000,1020,Gowrivakkam,3,0,0,0,0,0,0,1,0,0,0,0,0,0,0,0,0,0,0,0,0,0,0,0,0,0,0,0,0,0,0,0,0,0,0,0,0,5833000,1020,3,5718.6274509803925,Gowrivakkam,3 BHK,1000-1500 sqft,Valid,Chennai,Not available in source data,1,35
5267000,921,Gowrivakkam,2,0,0,0,0,0,0,1,0,0,0,0,0,0,0,0,0,0,0,0,0,0,0,0,0,0,0,0,0,0,0,0,0,0,0,0,0,5267000,921,2,5718.783930510315,Gowrivakkam,2 BHK,500-1000 sqft,Valid,Chennai,Not available in source data,1,35
7028000,1229,Gowrivakkam,3,0,0,0,0,0,0,1,0,0,0,0,0,0,0,0,0,0,0,0,0,0,0,0,0,0,0,0,0,0,0,0,0,0,0,0,0,7028000,1229,3,5718.4703010577705,Gowrivakkam,3 BHK,1000-1500 sqft,Valid,Chennai,Not available in source data,1,35
5101000,892,Gowrivakkam,2,0,0,0,0,0,0,1,0,0,0,0,0,0,0,0,0,0,0,0,0,0,0,0,0,0,0,0,0,0,0,0,0,0,0,0,0,5101000,892,2,5718.609865470852,Gowrivakkam,2 BHK,500-1000 sqft,Valid,Chennai,Not available in source data,1,35
3597000,629,Gowrivakkam,1,0,0,0,0,0,0,1,0,0,0,0,0,0,0,0,0,0,0,0,0,0,0,0,0,0,0,0,0,0,0,0,0,0,0,0,0,3597000,629,1,5718.600953895071,Gowrivakkam,1 BHK,500-1000 sqft,Valid,Chennai,Not available in source data,1,35
13300000,1846,Mogappair,3,0,0,1,1,0,0,0,0,0,0,0,0,0,0,0,0,0,0,0,0,0,0,0,0,0,0,0,0,0,0,0,0,0,0,0,0,13300000,1846,3,7204.767063921993,Mogappair,3 BHK,1500-2500 sqft,Valid,Chennai,Not available in source data,2,35
9500000,1306,Mogappair,2,0,0,1,1,0,0,0,0,0,0,0,0,0,0,0,0,0,0,0,0,0,0,0,0,0,0,0,0,0,0,0,0,0,0,0,0,9500000,1306,2,7274.119448698316,Mogappair,2 BHK,1000-1500 sqft,Valid,Chennai,Not available in source data,2,35
13700000,1850,Mogappair,3,0,0,1,1,0,0,0,0,0,0,0,0,0,0,0,0,0,0,0,0,0,0,0,0,0,0,0,0,0,0,0,0,0,0,0,0,13700000,1850,3,7405.405405405405,Mogappair,3 BHK,1500-2500 sqft,Valid,Chennai,Not available in source data,2,35
6333000,1092,Manapakkam,2,0,0,0,0,0,0,0,0,0,0,0,0,0,0,0,0,0,0,0,0,0,0,0,0,0,0,1,0,0,0,0,0,0,0,0,0,6333000,1092,2,5799.450549450549,Manapakkam,2 BHK,1000-1500 sqft,Valid,Chennai,Not available in source data,1,35
4065999,701,Manapakkam,2,0,0,0,0,0,0,0,0,0,0,0,0,0,0,0,0,0,0,0,0,0,0,0,0,0,0,1,0,0,0,0,0,0,0,0,0,4065999,701,2,5800.283880171184,Manapakkam,2 BHK,500-1000 sqft,Valid,Chennai,Not available in source data,1,35
4513000,778,Manapakkam,2,0,0,0,0,0,0,0,0,0,0,0,0,0,0,0,0,0,0,0,0,0,0,0,0,0,0,1,0,0,0,0,0,0,0,0,0,4513000,778,2,5800.7712082262215,Manapakkam,2 BHK,500-1000 sqft,Valid,Chennai,Not available in source data,1,35
2743000,638,Poonamallee,1,0,0,0,0,0,0,0,0,0,0,0,0,0,0,0,0,0,0,0,0,0,0,0,0,0,0,0,0,0,0,0,0,0,0,0,0,2743000,638,1,4299.373040752351,Poonamallee,1 BHK,500-1000 sqft,Valid,Chennai,Not available in source data,0,35
2089999,550,Mudichur,1,0,0,0,0,0,0,0,0,0,0,0,0,0,0,0,0,0,0,0,0,0,0,0,0,0,0,0,0,0,0,0,0,0,0,0,0,2089999,550,1,3799.998181818182,Mudichur,1 BHK,500-1000 sqft,Valid,Chennai,Not available in source data,0,35
33500000,2684,Saidapet,4,0,0,1,1,1,1,0,0,0,0,0,0,1,0,0,1,0,0,0,0,0,0,0,0,0,1,1,0,0,0,0,0,0,0,0,0,33500000,2684,4,12481.371087928464,Saidapet,4 BHK,2500+ sqft,Valid,Chennai,Not available in source data,8,35
21600000,1733,Saidapet,3,0,0,1,1,1,1,0,0,0,0,0,0,1,0,0,1,0,0,0,0,0,0,0,0,0,1,1,0,0,0,0,0,0,0,0,0,21600000,1733,3,12463.93537218696,Saidapet,3 BHK,1500-2500 sqft,Valid,Chennai,Not available in source data,8,35
2499000,677,Avadi,2,0,0,1,0,1,1,0,0,0,0,0,0,0,1,1,1,1,0,0,0,1,0,0,0,0,1,1,1,0,0,0,0,0,0,0,0,2499000,677,2,3691.2850812407682,Avadi,2 BHK,500-1000 sqft,Valid,Chennai,Not available in source data,11,35
2827000,589,Pammal,1,0,0,0,0,0,0,0,0,0,0,0,0,0,0,0,0,0,0,0,0,0,0,0,0,0,0,0,0,0,0,0,0,0,0,0,0,2827000,589,1,4799.6604414261465,Pammal,1 BHK,500-1000 sqft,Valid,Chennai,Not available in source data,0,35
4684000,976,Pammal,2,0,0,0,0,0,0,0,0,0,0,0,0,0,0,0,0,0,0,0,0,0,0,0,0,0,0,0,0,0,0,0,0,0,0,0,0,4684000,976,2,4799.180327868852,Pammal,2 BHK,500-1000 sqft,Valid,Chennai,Not available in source data,0,35
4204000,876,Pammal,2,0,0,0,0,0,0,0,0,0,0,0,0,0,0,0,0,0,0,0,0,0,0,0,0,0,0,0,0,0,0,0,0,0,0,0,0,4204000,876,2,4799.086757990867,Pammal,2 BHK,500-1000 sqft,Valid,Chennai,Not available in source data,0,35
5908000,1231,Pammal,3,0,0,0,0,0,0,0,0,0,0,0,0,0,0,0,0,0,0,0,0,0,0,0,0,0,0,0,0,0,0,0,0,0,0,0,0,5908000,1231,3,4799.350121852152,Pammal,3 BHK,1000-1500 sqft,Valid,Chennai,Not available in source data,0,35
2500000,677,Avadi,2,0,0,0,0,1,1,0,0,0,0,0,0,0,1,1,1,1,0,0,0,1,0,0,0,0,1,1,1,0,0,0,0,0,0,0,0,2500000,677,2,3692.7621861152143,Avadi,2 BHK,500-1000 sqft,Valid,Chennai,Not available in source data,10,35
2750000,677,Avadi,2,0,0,1,0,1,1,0,0,0,0,0,0,0,1,1,1,1,0,0,0,1,0,0,0,0,1,1,0,0,1,0,0,0,0,0,0,2750000,677,2,4062.0384047267357,Avadi,2 BHK,500-1000 sqft,Valid,Chennai,Not available in source data,11,35
4684000,884,Madipakkam,2,0,0,0,0,0,0,0,0,0,0,0,0,0,0,0,0,0,0,0,0,0,0,0,0,0,0,1,0,0,0,0,0,0,0,0,0,4684000,884,2,5298.6425339366515,Madipakkam,2 BHK,500-1000 sqft,Valid,Chennai,Not available in source data,1,35
4843000,914,Madipakkam,2,0,0,0,0,0,0,0,0,0,0,0,0,0,0,0,0,0,0,0,0,0,0,0,0,0,0,1,0,0,0,0,0,0,0,0,0,4843000,914,2,5298.687089715536,Madipakkam,2 BHK,500-1000 sqft,Valid,Chennai,Not available in source data,1,35
4398000,830,Madipakkam,2,0,0,0,0,0,0,0,0,0,0,0,0,0,0,0,0,0,0,0,0,0,0,0,0,0,0,1,0,0,0,0,0,0,0,0,0,4398000,830,2,5298.795180722892,Madipakkam,2 BHK,500-1000 sqft,Valid,Chennai,Not available in source data,1,35
3442000,850,Poonamallee,2,0,0,0,0,0,0,0,0,0,0,0,0,0,0,0,1,0,0,0,0,0,0,0,0,0,0,0,0,0,0,0,0,0,0,0,0,3442000,850,2,4049.4117647058824,Poonamallee,2 BHK,500-1000 sqft,Valid,Chennai,Not available in source data,1,35
3554999,900,Poonamallee,2,0,0,0,0,0,0,0,0,0,0,0,0,0,0,0,1,0,0,0,0,0,0,0,0,0,0,0,0,0,0,0,0,0,0,0,0,3554999,900,2,3949.998888888889,Poonamallee,2 BHK,500-1000 sqft,Valid,Chennai,Not available in source data,1,35
3554999,900,Poonamallee,2,0,0,0,0,0,0,0,0,0,0,0,0,0,0,0,0,0,0,0,0,0,0,0,0,0,0,0,0,0,0,0,0,0,0,0,0,3554999,900,2,3949.998888888889,Poonamallee,2 BHK,500-1000 sqft,Valid,Chennai,Not available in source data,0,35
3627000,930,Poonamallee,2,0,0,0,0,0,0,0,0,0,0,0,0,0,0,0,1,0,0,0,0,0,0,0,0,0,0,0,0,0,0,0,0,0,0,0,0,3627000,930,2,3900.0,Poonamallee,2 BHK,500-1000 sqft,Valid,Chennai,Not available in source data,1,35
3675000,750,Pammal,2,0,0,0,0,0,0,0,0,0,0,0,0,0,0,0,0,0,0,0,0,0,0,0,0,0,0,0,0,0,0,0,0,0,0,0,0,3675000,750,2,4900.0,Pammal,2 BHK,500-1000 sqft,Valid,Chennai,Not available in source data,0,35
5243000,1070,Pammal,2,0,0,0,0,0,0,0,0,0,0,0,0,0,0,0,0,0,0,0,0,0,0,0,0,0,0,0,0,0,0,0,0,0,0,0,0,5243000,1070,2,4900.0,Pammal,2 BHK,1000-1500 sqft,Valid,Chennai,Not available in source data,0,35
6181000,951,West Tambaram,2,0,0,0,0,0,0,1,0,0,0,0,0,0,0,0,0,0,0,0,0,0,0,0,0,0,0,0,0,1,0,0,0,0,0,0,0,6181000,951,2,6499.474237644585,West Tambaram,2 BHK,500-1000 sqft,Valid,Chennai,Not available in source data,2,35
3159000,486,West Tambaram,1,0,0,0,0,0,0,1,0,0,0,0,0,0,0,0,0,0,0,0,0,0,0,0,0,0,0,0,0,1,0,0,0,0,0,0,0,3159000,486,1,6500.0,West Tambaram,1 BHK,<500 sqft,Valid,Chennai,Not available in source data,2,35
5993000,922,West Tambaram,2,0,0,0,0,0,0,1,0,0,0,0,0,0,0,0,0,0,0,0,0,0,0,0,0,0,0,0,0,1,0,0,0,0,0,0,0,5993000,922,2,6500.0,West Tambaram,2 BHK,500-1000 sqft,Valid,Chennai,Not available in source data,2,35
8131000,1251,West Tambaram,3,0,0,0,0,0,0,1,0,0,0,0,0,0,0,0,0,0,0,0,0,0,0,0,0,0,0,0,0,1,0,0,0,0,0,0,0,8131000,1251,3,6499.600319744205,West Tambaram,3 BHK,1000-1500 sqft,Valid,Chennai,Not available in source data,2,35
6955000,1070,West Tambaram,2,0,0,0,0,0,0,1,0,0,0,0,0,0,0,0,0,0,0,0,0,0,0,0,0,0,0,0,0,1,0,0,0,0,0,0,0,6955000,1070,2,6500.0,West Tambaram,2 BHK,1000-1500 sqft,Valid,Chennai,Not available in source data,2,35
5205000,1001,Pallavaram,2,0,0,0,0,0,0,0,0,0,0,0,0,0,0,0,0,0,0,0,0,0,0,0,0,0,0,0,0,0,0,0,0,0,0,0,0,5205000,1001,2,5199.8001998002,Pallavaram,2 BHK,1000-1500 sqft,Valid,Chennai,Not available in source data,0,35
5460000,1050,Pallavaram,2,0,0,0,0,0,0,0,0,0,0,0,0,0,0,0,0,0,0,0,0,0,0,0,0,0,0,0,0,0,0,0,0,0,0,0,0,5460000,1050,2,5200.0,Pallavaram,2 BHK,1000-1500 sqft,Valid,Chennai,Not available in source data,0,35
4617000,888,Pallavaram,2,0,0,0,0,0,0,0,0,0,0,0,0,0,0,0,0,0,0,0,0,0,0,0,0,0,0,0,0,0,0,0,0,0,0,0,0,4617000,888,2,5199.324324324324,Pallavaram,2 BHK,500-1000 sqft,Valid,Chennai,Not available in source data,0,35
6240000,1200,Pallavaram,3,0,0,0,0,0,0,0,0,0,0,0,0,0,0,0,0,0,0,0,0,0,0,0,0,0,0,0,0,0,0,0,0,0,0,0,0,6240000,1200,3,5200.0,Pallavaram,3 BHK,1000-1500 sqft,Valid,Chennai,Not available in source data,0,35
11500000,1000,Alwarpet,2,1,0,0,0,0,0,0,0,0,1,0,0,0,0,0,1,0,0,0,0,0,0,0,0,0,1,1,0,0,0,0,0,0,0,0,0,11500000,1000,2,11500.0,Alwarpet,2 BHK,1000-1500 sqft,Valid,Chennai,Not available in source data,4,35
8000000,1000,Adambakkam,2,0,0,0,0,0,0,0,0,0,1,0,0,0,0,0,0,0,0,0,0,0,0,0,0,0,0,1,0,0,0,0,0,0,0,0,0,8000000,1000,2,8000.0,Adambakkam,2 BHK,1000-1500 sqft,Valid,Chennai,Not available in source data,2,35
3479999,725,Pammal,2,0,0,0,0,0,0,0,0,0,0,0,0,0,0,0,0,0,0,0,0,0,0,0,0,0,0,1,0,0,0,0,0,0,0,0,0,3479999,725,2,4799.998620689656,Pammal,2 BHK,500-1000 sqft,Valid,Chennai,Not available in source data,1,35
3868000,806,Pammal,2,0,0,0,0,0,0,0,0,0,0,0,0,0,0,0,0,0,0,0,0,0,0,0,0,0,0,1,0,0,0,0,0,0,0,0,0,3868000,806,2,4799.007444168735,Pammal,2 BHK,500-1000 sqft,Valid,Chennai,Not available in source data,1,35
3628000,756,Pammal,2,0,0,0,0,0,0,0,0,0,0,0,0,0,0,0,0,0,0,0,0,0,0,0,0,0,0,1,0,0,0,0,0,0,0,0,0,3628000,756,2,4798.941798941799,Pammal,2 BHK,500-1000 sqft,Valid,Chennai,Not available in source data,1,35
3676000,766,Pammal,2,0,0,0,0,0,0,0,0,0,0,0,0,0,0,0,0,0,0,0,0,0,0,0,0,0,0,1,0,0,0,0,0,0,0,0,0,3676000,766,2,4798.9556135770235,Pammal,2 BHK,500-1000 sqft,Valid,Chennai,Not available in source data,1,35
5000000,1000,Madambakkam,2,0,0,0,0,0,0,1,0,0,0,0,0,0,0,0,0,1,0,0,0,0,0,0,0,0,0,1,0,1,0,0,0,0,0,0,0,5000000,1000,2,5000.0,Madambakkam,2 BHK,1000-1500 sqft,Valid,Chennai,Not available in source data,4,35
5015000,1003,Madambakkam,2,0,0,0,0,0,0,1,0,0,0,0,0,0,0,0,0,1,0,0,0,0,0,0,0,0,0,1,0,1,0,0,0,0,0,0,0,5015000,1003,2,5000.0,Madambakkam,2 BHK,1000-1500 sqft,Valid,Chennai,Not available in source data,4,35
5805000,1161,Madambakkam,3,0,0,0,0,0,0,1,0,0,0,0,0,0,0,0,0,1,0,0,0,0,0,0,0,0,0,1,0,1,0,0,0,0,0,0,0,5805000,1161,3,5000.0,Madambakkam,3 BHK,1000-1500 sqft,Valid,Chennai,Not available in source data,4,35
4490000,898,Madambakkam,2,0,0,0,0,0,0,1,0,0,0,0,0,0,0,0,0,1,0,0,0,0,0,0,0,0,0,1,0,1,0,0,0,0,0,0,0,4490000,898,2,5000.0,Madambakkam,2 BHK,500-1000 sqft,Valid,Chennai,Not available in source data,4,35
5599000,815,Perungudi,2,0,0,0,0,0,0,1,0,0,0,0,0,0,0,0,1,0,0,0,0,0,0,0,0,0,0,0,0,0,0,0,0,0,0,0,0,5599000,815,2,6869.938650306748,Perungudi,2 BHK,500-1000 sqft,Valid,Chennai,Not available in source data,2,35
2900000,560,Iyappanthangal,1,0,0,0,0,0,0,0,0,0,0,0,0,0,0,0,1,1,0,0,0,0,0,0,0,0,0,0,0,0,0,0,0,0,0,0,0,2900000,560,1,5178.571428571428,Iyappanthangal,1 BHK,500-1000 sqft,Valid,Chennai,Not available in source data,2,35
2800000,540,Iyappanthangal,1,0,0,0,0,0,0,0,0,0,0,0,0,0,0,0,1,1,0,0,0,0,0,0,0,0,0,0,0,0,0,0,0,0,0,0,0,2800000,540,1,5185.185185185185,Iyappanthangal,1 BHK,500-1000 sqft,Valid,Chennai,Not available in source data,2,35
5400000,1035,Iyappanthangal,2,0,0,0,0,0,0,0,0,0,0,0,0,0,0,0,1,1,0,0,0,0,0,0,0,0,0,0,0,0,0,0,0,0,0,0,0,5400000,1035,2,5217.391304347826,Iyappanthangal,2 BHK,1000-1500 sqft,Valid,Chennai,Not available in source data,2,35
17400000,1250,Annanagar West,3,0,0,0,0,0,0,0,0,0,0,0,0,0,0,0,1,0,0,0,0,0,0,0,0,0,1,1,0,0,0,0,0,0,0,0,0,17400000,1250,3,13920.0,Annanagar West,3 BHK,1000-1500 sqft,Valid,Chennai,Not available in source data,3,35
2500000,570,Thiruverkadu,2,0,0,1,1,0,0,1,1,0,0,1,1,1,0,0,1,1,0,0,0,0,0,0,0,0,1,1,0,0,0,0,0,0,0,0,0,2500000,570,2,4385.964912280701,Thiruverkadu,2 BHK,500-1000 sqft,Valid,Chennai,Not available in source data,11,35
2475000,570,Thiruverkadu,1,0,0,1,1,0,0,1,1,0,0,1,1,1,0,0,1,1,0,0,0,0,0,0,0,0,1,1,0,0,0,0,0,0,0,0,0,2475000,570,1,4342.105263157895,Thiruverkadu,1 BHK,500-1000 sqft,Valid,Chennai,Not available in source data,11,35
2480000,575,Thiruverkadu,1,0,0,1,1,0,0,1,1,0,0,1,1,1,0,0,1,1,0,0,0,0,0,0,0,0,1,1,0,0,0,0,0,0,0,0,0,2480000,575,1,4313.04347826087,Thiruverkadu,1 BHK,500-1000 sqft,Valid,Chennai,Not available in source data,11,35
5300000,1020,Maduravoyal,2,0,0,1,1,0,0,0,0,0,0,0,0,0,0,0,1,0,0,0,0,0,0,0,0,0,1,1,0,0,0,0,0,0,0,0,0,5300000,1020,2,5196.078431372549,Maduravoyal,2 BHK,1000-1500 sqft,Valid,Chennai,Not available in source data,5,35
2520000,677,Avadi,2,0,0,1,0,1,1,0,0,0,0,0,0,0,1,1,1,1,0,0,0,1,0,0,0,0,1,1,1,0,0,0,0,0,0,0,0,2520000,677,2,3722.304283604136,Avadi,2 BHK,500-1000 sqft,Valid,Chennai,Not available in source data,11,35
2675000,677,Avadi,1,0,0,1,0,1,1,0,0,0,0,1,0,0,1,1,1,1,0,0,0,1,0,0,0,0,1,1,0,0,0,0,0,0,0,0,0,2675000,677,1,3951.2555391432793,Avadi,1 BHK,500-1000 sqft,Valid,Chennai,Not available in source data,11,35
2475000,677,Avadi,2,0,0,1,0,1,1,0,0,0,0,0,0,0,1,1,1,1,0,0,0,1,0,0,0,0,1,1,1,0,0,0,0,0,0,0,0,2475000,677,2,3655.834564254062,Avadi,2 BHK,500-1000 sqft,Valid,Chennai,Not available in source data,11,35
3443000,900,Urapakkam,2,0,0,0,0,0,0,0,0,0,0,0,0,0,0,0,0,1,0,0,0,0,0,0,0,0,0,0,0,0,0,0,0,0,0,0,0,3443000,900,2,3825.5555555555557,Urapakkam,2 BHK,500-1000 sqft,Valid,Chennai,Not available in source data,1,35
2003000,552,Urapakkam,1,0,0,0,0,0,0,0,0,0,0,0,0,0,0,0,0,1,0,0,0,0,0,0,0,0,0,0,0,0,0,0,0,0,0,0,0,2003000,552,1,3628.623188405797,Urapakkam,1 BHK,500-1000 sqft,Valid,Chennai,Not available in source data,1,35
3347000,881,Kolapakkam,2,0,0,0,0,0,0,0,0,0,0,0,0,0,0,1,0,1,0,0,0,0,0,0,0,0,0,0,0,0,0,0,0,0,0,0,0,3347000,881,2,3799.0919409761636,Kolapakkam,2 BHK,500-1000 sqft,Valid,Chennai,Not available in source data,2,35
2731000,700,Urapakkam,2,0,0,0,0,0,0,0,0,0,0,0,0,0,0,0,0,1,0,0,0,0,0,0,0,0,0,0,0,0,0,0,0,0,0,0,0,2731000,700,2,3901.4285714285716,Urapakkam,2 BHK,500-1000 sqft,Valid,Chennai,Not available in source data,1,35
3700000,892,Avadi,2,0,0,0,0,0,0,0,0,0,0,0,0,0,0,0,0,0,0,0,0,0,0,0,0,0,1,0,0,0,0,0,0,0,0,0,0,3700000,892,2,4147.982062780269,Avadi,2 BHK,500-1000 sqft,Valid,Chennai,Not available in source data,1,35
5000000,840,tambaram west,2,0,0,0,0,0,0,0,0,0,0,0,0,0,0,0,0,0,0,0,0,0,0,0,0,0,1,1,0,0,0,0,0,0,0,0,0,5000000,840,2,5952.380952380952,tambaram west,2 BHK,500-1000 sqft,Valid,Chennai,Not available in source data,2,35
12000000,900,Perungudi,2,0,0,0,0,0,0,0,0,0,0,0,0,0,0,0,0,0,0,0,0,0,0,0,0,0,0,0,0,0,0,0,0,0,0,0,0,12000000,900,2,13333.333333333334,Perungudi,2 BHK,500-1000 sqft,Valid,Chennai,Not available in source data,0,35
10000000,1200,Perungudi,3,0,0,0,0,0,0,0,0,0,0,0,0,0,0,0,0,0,0,0,0,0,0,0,0,0,0,0,0,0,0,0,0,0,0,0,0,10000000,1200,3,8333.333333333334,Perungudi,3 BHK,1000-1500 sqft,Valid,Chennai,Not available in source data,0,35
8500000,1500,Guindy,3,1,0,1,0,0,1,1,0,0,1,0,0,0,0,1,1,1,0,0,0,0,0,0,0,0,1,1,0,0,0,0,0,0,0,0,0,8500000,1500,3,5666.666666666667,Guindy,3 BHK,1500-2500 sqft,Valid,Chennai,Not available in source data,9,35
5750000,1100,Maduravoyal,2,0,0,1,1,0,0,0,0,0,0,1,0,0,0,0,1,0,0,0,0,0,0,0,0,0,1,1,0,0,0,0,0,0,0,0,0,5750000,1100,2,5227.272727272727,Maduravoyal,2 BHK,1000-1500 sqft,Valid,Chennai,Not available in source data,6,35
5350000,1045,Maduravoyal,2,0,0,1,1,0,0,0,0,0,0,0,0,0,0,0,1,0,0,0,0,0,0,0,0,0,1,1,0,0,0,0,0,0,0,0,0,5350000,1045,2,5119.617224880383,Maduravoyal,2 BHK,1000-1500 sqft,Valid,Chennai,Not available in source data,5,35
2480000,677,Avadi,2,0,0,1,0,1,1,0,0,0,0,0,0,0,1,1,1,1,0,0,0,1,0,0,0,0,1,1,1,0,0,0,0,0,0,0,0,2480000,677,2,3663.2200886262926,Avadi,2 BHK,500-1000 sqft,Valid,Chennai,Not available in source data,11,35
2495000,677,Avadi,2,0,0,1,0,1,1,0,0,0,0,0,0,0,1,1,1,1,0,0,0,1,0,0,0,0,1,1,1,0,0,0,0,0,0,0,0,2495000,677,2,3685.3766617429837,Avadi,2 BHK,500-1000 sqft,Valid,Chennai,Not available in source data,11,35
4200000,1054,Avadi,2,0,0,0,0,0,0,0,0,0,0,0,0,0,0,0,0,0,0,0,0,0,0,0,0,0,1,0,0,0,0,0,0,0,0,0,0,4200000,1054,2,3984.819734345351,Avadi,2 BHK,1000-1500 sqft,Valid,Chennai,Not available in source data,1,35
4230000,1055,Avadi,2,0,0,0,0,0,0,0,0,0,0,0,0,0,0,0,0,0,0,0,0,0,0,0,0,0,1,0,0,0,0,0,0,0,0,0,0,4230000,1055,2,4009.478672985782,Avadi,2 BHK,1000-1500 sqft,Valid,Chennai,Not available in source data,1,35
2500000,677,Avadi,2,0,0,1,0,1,1,0,0,0,0,0,0,0,1,1,1,1,0,0,0,1,0,0,0,0,1,1,1,0,0,0,0,0,0,0,0,2500000,677,2,3692.7621861152143,Avadi,2 BHK,500-1000 sqft,Valid,Chennai,Not available in source data,11,35
2295000,574,Avadi,1,0,0,0,0,0,0,0,0,0,0,0,0,0,0,0,0,0,0,0,0,0,0,0,0,0,1,0,0,0,0,0,0,0,0,0,0,2295000,574,1,3998.257839721254,Avadi,1 BHK,500-1000 sqft,Valid,Chennai,Not available in source data,1,35
3701000,892,Avadi,2,0,0,0,0,0,0,0,0,0,0,0,0,0,0,0,0,0,0,0,0,0,0,0,0,0,1,0,0,0,0,0,0,0,0,0,0,3701000,892,2,4149.103139013453,Avadi,2 BHK,500-1000 sqft,Valid,Chennai,Not available in source data,1,35
2525000,677,Avadi,2,0,0,1,0,1,1,0,0,0,0,0,0,0,1,1,1,1,0,0,0,1,0,0,0,0,1,1,1,0,0,0,0,0,0,0,0,2525000,677,2,3729.6898079763664,Avadi,2 BHK,500-1000 sqft,Valid,Chennai,Not available in source data,11,35
2450000,570,Avadi,1,0,0,1,1,1,1,1,1,0,1,1,0,1,0,1,0,0,0,0,1,0,0,0,0,0,1,1,0,0,0,0,0,0,0,0,0,2450000,570,1,4298.245614035088,Avadi,1 BHK,500-1000 sqft,Valid,Chennai,Not available in source data,13,35
2460000,570,Avadi,1,0,0,1,1,1,1,1,1,0,1,1,0,1,0,1,1,0,0,0,1,0,0,0,0,0,1,1,0,0,0,0,0,0,0,0,0,2460000,570,1,4315.789473684211,Avadi,1 BHK,500-1000 sqft,Valid,Chennai,Not available in source data,14,35
4300000,1100,Thiruverkadu,1,0,0,1,1,0,0,1,1,0,0,1,1,1,0,0,1,1,0,0,0,0,0,0,0,0,1,1,0,0,0,0,0,0,0,0,0,4300000,1100,1,3909.090909090909,Thiruverkadu,1 BHK,1000-1500 sqft,Valid,Chennai,Not available in source data,11,35
4200000,915,Thiruverkadu,1,0,0,1,1,0,0,1,1,0,0,1,1,1,0,0,1,1,0,0,0,0,0,0,0,0,1,1,0,0,0,0,0,0,0,0,0,4200000,915,1,4590.163934426229,Thiruverkadu,1 BHK,500-1000 sqft,Valid,Chennai,Not available in source data,11,35
4250000,1000,Thiruverkadu,1,0,0,1,1,0,0,1,1,0,0,1,1,1,0,0,1,1,0,0,0,0,0,0,0,0,1,1,0,0,0,0,0,0,0,0,0,4250000,1000,1,4250.0,Thiruverkadu,1 BHK,1000-1500 sqft,Valid,Chennai,Not available in source data,11,35
4350000,1200,Thiruverkadu,1,0,0,1,1,0,0,1,1,0,1,1,1,1,0,0,1,1,0,0,0,0,0,0,0,0,1,1,0,0,0,0,0,0,0,0,0,4350000,1200,1,3625.0,Thiruverkadu,1 BHK,1000-1500 sqft,Valid,Chennai,Not available in source data,12,35
2400000,570,Thiruverkadu,1,0,0,1,1,0,0,1,1,0,0,1,1,1,0,0,1,1,0,0,0,0,0,0,0,0,1,1,0,0,0,0,0,0,0,0,0,2400000,570,1,4210.526315789473,Thiruverkadu,1 BHK,500-1000 sqft,Valid,Chennai,Not available in source data,11,35
2450000,550,Thiruverkadu,1,0,0,1,1,0,0,1,1,0,0,1,1,1,0,0,1,1,0,0,0,0,0,0,0,0,1,1,0,0,0,0,0,0,0,0,0,2450000,550,1,4454.545454545455,Thiruverkadu,1 BHK,500-1000 sqft,Valid,Chennai,Not available in source data,11,35
2490000,570,Thiruverkadu,1,0,0,1,1,0,0,1,1,0,0,1,1,1,0,0,1,1,0,0,0,0,0,0,0,0,1,1,0,0,0,0,0,0,0,0,0,2490000,570,1,4368.421052631579,Thiruverkadu,1 BHK,500-1000 sqft,Valid,Chennai,Not available in source data,11,35
2400000,550,Thiruverkadu,1,0,0,1,1,0,0,1,1,0,0,1,1,1,0,0,1,1,0,0,0,0,0,0,0,0,1,1,0,0,0,0,0,0,0,0,0,2400000,550,1,4363.636363636364,Thiruverkadu,1 BHK,500-1000 sqft,Valid,Chennai,Not available in source data,11,35
2485000,570,Thiruverkadu,1,0,0,1,1,0,0,1,1,0,0,1,1,1,0,0,1,1,0,0,0,0,0,0,0,0,1,1,0,0,0,0,0,0,0,0,0,2485000,570,1,4359.649122807017,Thiruverkadu,1 BHK,500-1000 sqft,Valid,Chennai,Not available in source data,11,35
2500000,570,Thiruverkadu,1,0,0,1,1,0,0,1,1,0,0,1,1,1,0,0,1,1,0,0,0,0,0,0,0,0,1,1,0,0,0,0,0,0,0,0,0,2500000,570,1,4385.964912280701,Thiruverkadu,1 BHK,500-1000 sqft,Valid,Chennai,Not available in source data,11,35
2475000,575,Thiruverkadu,1,0,0,1,1,0,0,1,1,0,0,1,1,1,0,0,1,1,0,0,0,0,0,0,0,0,1,1,0,0,0,0,0,0,0,0,0,2475000,575,1,4304.347826086957,Thiruverkadu,1 BHK,500-1000 sqft,Valid,Chennai,Not available in source data,11,35
2700000,677,Avadi,1,0,0,1,0,1,1,0,0,0,0,1,0,0,1,1,1,1,0,0,0,1,0,0,0,0,1,1,0,0,0,0,0,0,0,0,0,2700000,677,1,3988.1831610044314,Avadi,1 BHK,500-1000 sqft,Valid,Chennai,Not available in source data,11,35
2650000,677,Avadi,2,0,0,1,0,1,1,0,0,0,0,0,0,0,1,1,1,1,0,0,0,1,0,0,0,0,1,1,0,0,0,0,0,0,0,0,0,2650000,677,2,3914.327917282127,Avadi,2 BHK,500-1000 sqft,Valid,Chennai,Not available in source data,10,35
2675000,677,Avadi,2,0,0,1,0,1,1,0,0,0,0,1,0,0,1,1,1,1,0,0,0,1,0,0,0,0,1,1,0,0,0,0,0,0,0,0,0,2675000,677,2,3951.2555391432793,Avadi,2 BHK,500-1000 sqft,Valid,Chennai,Not available in source data,11,35
4841000,1077,Navallur,2,0,0,1,0,0,1,0,0,0,0,0,0,0,0,1,0,0,0,0,0,0,0,0,0,0,1,0,0,0,0,0,0,0,0,0,0,4841000,1077,2,4494.893221912721,Navallur,2 BHK,1000-1500 sqft,Valid,Chennai,Not available in source data,4,35
4688000,1043,Navallur,2,0,0,1,0,0,1,0,0,0,0,0,0,0,0,1,0,0,0,0,0,0,0,0,0,0,1,0,0,0,0,0,0,0,0,0,0,4688000,1043,2,4494.726749760307,Navallur,2 BHK,1000-1500 sqft,Valid,Chennai,Not available in source data,4,35
6054000,1347,Navallur,3,0,0,1,0,0,1,0,0,0,0,0,0,0,0,1,0,0,0,0,0,0,0,0,0,0,1,0,0,0,0,0,0,0,0,0,0,6054000,1347,3,4494.432071269488,Navallur,3 BHK,1000-1500 sqft,Valid,Chennai,Not available in source data,4,35
5758000,1281,Navallur,3,0,0,1,0,0,1,0,0,0,0,0,0,0,0,1,0,0,0,0,0,0,0,0,0,0,1,0,0,0,0,0,0,0,0,0,0,5758000,1281,3,4494.925839188134,Navallur,3 BHK,1000-1500 sqft,Valid,Chennai,Not available in source data,4,35
5937000,1321,Navallur,3,0,0,1,0,0,1,0,0,0,0,0,0,0,0,1,0,0,0,0,0,0,0,0,0,0,1,0,0,0,0,0,0,0,0,0,0,5937000,1321,3,4494.322482967449,Navallur,3 BHK,1000-1500 sqft,Valid,Chennai,Not available in source data,4,35
6117000,1361,Navallur,3,0,0,1,0,0,1,0,0,0,0,0,0,0,0,1,0,0,0,0,0,0,0,0,0,0,1,0,0,0,0,0,0,0,0,0,0,6117000,1361,3,4494.489346069066,Navallur,3 BHK,1000-1500 sqft,Valid,Chennai,Not available in source data,4,35
5816000,1294,Navallur,3,0,0,1,0,0,1,0,0,0,0,0,0,0,0,1,0,0,0,0,0,0,0,0,0,0,1,0,0,0,0,0,0,0,0,0,0,5816000,1294,3,4494.590417310665,Navallur,3 BHK,1000-1500 sqft,Valid,Chennai,Not available in source data,4,35
4904000,1091,Navallur,2,0,0,1,0,0,1,0,0,0,0,0,0,0,0,1,0,0,0,0,0,0,0,0,0,0,1,0,0,0,0,0,0,0,0,0,0,4904000,1091,2,4494.958753437214,Navallur,2 BHK,1000-1500 sqft,Valid,Chennai,Not available in source data,4,35
4665000,1038,Navallur,2,0,0,1,0,0,1,0,0,0,0,0,0,0,0,1,0,0,0,0,0,0,0,0,0,0,1,0,0,0,0,0,0,0,0,0,0,4665000,1038,2,4494.219653179191,Navallur,2 BHK,1000-1500 sqft,Valid,Chennai,Not available in source data,4,35
4481000,997,Navallur,2,0,0,1,0,0,1,0,0,0,0,0,0,0,0,1,0,0,0,0,0,0,0,0,0,0,1,0,0,0,0,0,0,0,0,0,0,4481000,997,2,4494.483450351053,Navallur,2 BHK,500-1000 sqft,Valid,Chennai,Not available in source data,4,35
6461000,994,Korattur,2,0,0,1,0,0,0,0,0,0,1,1,0,1,0,0,1,0,0,0,0,0,0,0,0,0,1,1,0,0,0,0,0,0,0,0,0,6461000,994,2,6500.0,Korattur,2 BHK,500-1000 sqft,Valid,Chennai,Not available in source data,7,35
6396000,984,Korattur,2,0,0,1,0,0,0,0,0,0,1,1,0,1,0,0,1,0,0,0,0,0,0,0,0,0,1,1,0,0,0,0,0,0,0,0,0,6396000,984,2,6500.0,Korattur,2 BHK,500-1000 sqft,Valid,Chennai,Not available in source data,7,35
6636000,1031,Korattur,2,0,0,1,0,0,0,0,0,0,1,1,0,1,0,0,1,0,0,0,0,0,0,0,0,0,1,1,0,0,0,0,0,0,0,0,0,6636000,1031,2,6436.4694471387,Korattur,2 BHK,1000-1500 sqft,Valid,Chennai,Not available in source data,7,35
6259000,963,Korattur,2,0,0,1,0,0,0,0,0,0,1,1,0,1,0,0,1,0,0,0,0,0,0,0,0,0,1,1,0,0,0,0,0,0,0,0,0,6259000,963,2,6499.4807892004155,Korattur,2 BHK,500-1000 sqft,Valid,Chennai,Not available in source data,7,35
6389000,983,Korattur,2,0,0,1,0,0,0,0,0,0,1,1,0,1,0,0,1,0,0,0,0,0,0,0,0,0,1,1,0,0,0,0,0,0,0,0,0,6389000,983,2,6499.491353001017,Korattur,2 BHK,500-1000 sqft,Valid,Chennai,Not available in source data,7,35
6396000,984,Anna Nagar,2,0,0,1,0,0,0,0,0,0,1,1,0,1,0,0,1,0,0,0,0,0,0,0,0,0,1,1,0,0,0,0,0,0,0,0,0,6396000,984,2,6500.0,Anna Nagar,2 BHK,500-1000 sqft,Valid,Chennai,Not available in source data,7,35
5400000,840,tambaram west,2,0,0,0,0,0,0,0,0,0,0,0,0,0,0,0,0,0,0,0,0,0,0,0,0,0,1,1,0,0,0,0,0,0,0,0,0,5400000,840,2,6428.571428571428,tambaram west,2 BHK,500-1000 sqft,Valid,Chennai,Not available in source data,2,35
5050000,840,tambaram west,2,0,0,0,0,0,0,0,0,0,0,0,0,0,0,0,0,0,0,0,0,0,0,0,0,0,0,1,0,0,0,0,0,0,0,0,0,5050000,840,2,6011.9047619047615,tambaram west,2 BHK,500-1000 sqft,Valid,Chennai,Not available in source data,1,35
3800000,550,Chromepet,1,0,0,0,0,0,0,0,0,0,0,0,0,0,0,0,0,0,0,0,0,0,0,0,0,0,0,0,0,0,0,0,0,0,0,0,0,3800000,550,1,6909.090909090909,Chromepet,1 BHK,500-1000 sqft,Valid,Chennai,Not available in source data,0,35
4934000,999,Moolacheri,2,0,0,1,1,1,1,1,1,0,1,0,0,1,0,1,1,1,0,0,1,0,0,0,0,0,1,0,0,0,0,0,0,0,0,0,0,4934000,999,2,4938.938938938939,Moolacheri,2 BHK,500-1000 sqft,Valid,Chennai,Not available in source data,13,35
3400000,603,Moolacheri,2,0,0,1,1,1,1,1,1,0,1,0,0,1,0,1,1,1,0,0,1,0,0,0,0,0,1,0,0,0,0,0,0,0,0,0,0,3400000,603,2,5638.474295190713,Moolacheri,2 BHK,500-1000 sqft,Valid,Chennai,Not available in source data,13,35
5800000,1152,Moolacheri,2,0,0,1,1,1,1,1,1,0,1,0,0,1,0,1,1,1,0,0,1,0,0,0,0,0,1,0,0,0,0,0,0,0,0,0,0,5800000,1152,2,5034.722222222223,Moolacheri,2 BHK,1000-1500 sqft,Valid,Chennai,Not available in source data,13,35
3143000,603,Moolacheri,1,0,0,1,1,1,1,1,1,0,1,0,0,1,0,1,1,1,0,0,1,0,0,0,0,0,1,0,0,0,0,0,0,0,0,0,0,3143000,603,1,5212.271973466003,Moolacheri,1 BHK,500-1000 sqft,Valid,Chennai,Not available in source data,13,35
3200000,612,Moolacheri,1,0,0,1,1,1,1,1,1,0,1,0,0,1,0,1,1,1,0,0,1,0,0,0,0,0,1,0,0,0,0,0,0,0,0,0,0,3200000,612,1,5228.75816993464,Moolacheri,1 BHK,500-1000 sqft,Valid,Chennai,Not available in source data,13,35
4020000,804,Pammal,2,0,0,0,0,0,0,0,0,0,0,0,0,0,0,0,0,0,0,0,0,0,0,0,0,0,0,0,0,1,0,0,0,0,0,0,0,4020000,804,2,5000.0,Pammal,2 BHK,500-1000 sqft,Valid,Chennai,Not available in source data,1,35
4750000,950,Pammal,3,0,0,0,0,0,0,0,0,0,0,0,0,0,0,0,0,0,0,0,0,0,0,0,0,0,0,0,0,1,0,0,0,0,0,0,0,4750000,950,3,5000.0,Pammal,3 BHK,500-1000 sqft,Valid,Chennai,Not available in source data,1,35
4455000,891,Pammal,2,0,0,0,0,0,0,0,0,0,0,0,0,0,0,0,0,0,0,0,0,0,0,0,0,0,0,0,0,1,0,0,0,0,0,0,0,4455000,891,2,5000.0,Pammal,2 BHK,500-1000 sqft,Valid,Chennai,Not available in source data,1,35
3020000,604,Pammal,1,0,0,0,0,0,0,0,0,0,0,0,0,0,0,0,0,0,0,0,0,0,0,0,0,0,0,0,0,1,0,0,0,0,0,0,0,3020000,604,1,5000.0,Pammal,1 BHK,500-1000 sqft,Valid,Chennai,Not available in source data,1,35
4285000,857,Pammal,2,0,0,0,0,0,0,0,0,0,0,0,0,0,0,0,0,0,0,0,0,0,0,0,0,0,0,0,0,1,0,0,0,0,0,0,0,4285000,857,2,5000.0,Pammal,2 BHK,500-1000 sqft,Valid,Chennai,Not available in source data,1,35
3865000,773,Pammal,2,0,0,0,0,0,0,0,0,0,0,0,0,0,0,0,0,0,0,0,0,0,0,0,0,0,0,0,0,1,0,0,0,0,0,0,0,3865000,773,2,5000.0,Pammal,2 BHK,500-1000 sqft,Valid,Chennai,Not available in source data,1,35
5025000,1005,Pammal,3,0,0,0,0,0,0,0,0,0,0,0,0,0,0,0,0,0,0,0,0,0,0,0,0,0,0,0,0,1,0,0,0,0,0,0,0,5025000,1005,3,5000.0,Pammal,3 BHK,1000-1500 sqft,Valid,Chennai,Not available in source data,1,35
4250000,850,Pammal,2,0,0,0,0,0,0,0,0,0,0,0,0,0,0,0,0,0,0,0,0,0,0,0,0,0,0,0,0,1,0,0,0,0,0,0,0,4250000,850,2,5000.0,Pammal,2 BHK,500-1000 sqft,Valid,Chennai,Not available in source data,1,35
6265000,895,Tambaram Sanatoruim,2,0,0,0,0,0,0,0,0,0,0,0,0,0,0,0,0,0,0,0,0,0,0,0,0,0,0,1,0,0,0,0,0,0,0,0,0,6265000,895,2,7000.0,Tambaram Sanatoruim,2 BHK,500-1000 sqft,Valid,Chennai,Not available in source data,1,35
5070000,845,tambaram west,2,0,0,0,0,0,0,0,0,0,0,0,0,0,0,0,0,0,0,0,0,0,0,0,0,0,0,0,0,0,0,0,0,0,0,0,0,5070000,845,2,6000.0,tambaram west,2 BHK,500-1000 sqft,Valid,Chennai,Not available in source data,0,35
5850000,975,tambaram west,2,0,0,0,0,0,0,0,0,0,0,0,0,0,0,0,0,0,0,0,0,0,0,0,0,0,0,1,0,0,0,0,0,0,0,0,0,5850000,975,2,6000.0,tambaram west,2 BHK,500-1000 sqft,Valid,Chennai,Not available in source data,1,35
3000000,550,Irumbuliyur,1,0,0,0,0,0,0,0,0,0,0,0,0,0,0,0,0,0,0,0,0,0,0,0,0,0,0,1,0,0,0,0,0,0,0,0,0,3000000,550,1,5454.545454545455,Irumbuliyur,1 BHK,500-1000 sqft,Valid,Chennai,Not available in source data,1,35
3510000,900,Poonamallee,2,0,0,0,0,0,0,0,0,0,0,0,0,0,0,0,1,0,0,0,0,0,0,0,0,0,0,0,0,0,0,0,0,0,0,0,0,3510000,900,2,3900.0,Poonamallee,2 BHK,500-1000 sqft,Valid,Chennai,Not available in source data,1,35
2750000,550,Irumbuliyur,1,0,0,0,0,0,0,0,0,0,0,0,0,0,0,0,0,0,0,0,0,0,0,0,0,0,0,0,0,0,0,0,0,0,0,0,0,2750000,550,1,5000.0,Irumbuliyur,1 BHK,500-1000 sqft,Valid,Chennai,Not available in source data,0,35
2850000,550,tambaram west,1,0,0,0,0,0,0,0,0,0,0,0,0,0,0,0,0,0,0,0,0,0,0,0,0,0,0,0,0,0,0,0,0,0,0,0,0,2850000,550,1,5181.818181818182,tambaram west,1 BHK,500-1000 sqft,Valid,Chennai,Not available in source data,0,35
6600000,900,Chromepet,2,0,0,0,0,0,0,0,0,0,0,0,0,0,0,0,0,0,0,0,0,0,0,0,0,0,0,0,0,0,0,0,0,0,0,0,0,6600000,900,2,7333.333333333333,Chromepet,2 BHK,500-1000 sqft,Valid,Chennai,Not available in source data,0,35
6948000,1069,Anna Nagar,2,0,0,1,0,0,0,0,0,0,1,1,0,1,0,0,1,0,0,0,0,0,0,0,0,0,1,1,0,0,0,0,0,0,0,0,0,6948000,1069,2,6499.532273152479,Anna Nagar,2 BHK,1000-1500 sqft,Valid,Chennai,Not available in source data,7,35
6461000,994,Anna Nagar,2,0,0,1,0,0,0,0,0,0,1,1,0,1,0,0,1,0,0,0,0,0,0,0,0,0,1,1,0,0,0,0,0,0,0,0,0,6461000,994,2,6500.0,Anna Nagar,2 BHK,500-1000 sqft,Valid,Chennai,Not available in source data,7,35
6389000,983,Anna Nagar,2,0,0,1,0,0,0,0,0,0,1,1,0,1,0,0,1,0,0,0,0,0,0,0,0,0,1,1,0,0,0,0,0,0,0,0,0,6389000,983,2,6499.491353001017,Anna Nagar,2 BHK,500-1000 sqft,Valid,Chennai,Not available in source data,7,35
6389000,983,Annanagar West,2,0,0,1,0,0,0,0,0,0,1,1,0,1,0,0,1,0,0,0,0,0,0,0,0,0,1,1,0,0,0,0,0,0,0,0,0,6389000,983,2,6499.491353001017,Annanagar West,2 BHK,500-1000 sqft,Valid,Chennai,Not available in source data,7,35
4831000,880,tambaram west,2,0,0,0,0,0,0,0,0,0,0,0,0,0,0,0,0,0,0,0,0,0,0,0,0,0,0,0,0,0,0,0,0,0,0,0,0,4831000,880,2,5489.772727272727,tambaram west,2 BHK,500-1000 sqft,Valid,Chennai,Not available in source data,0,35
9548000,1469,Kolathur,3,0,0,1,0,0,1,1,0,0,0,0,0,0,0,1,1,0,0,0,0,0,0,0,0,0,1,1,0,1,0,0,0,0,0,0,0,9548000,1469,3,6499.659632402995,Kolathur,3 BHK,1000-1500 sqft,Valid,Chennai,Not available in source data,8,35
6396000,984,Kolathur,2,0,0,1,0,0,1,1,0,0,0,0,0,0,0,1,1,0,0,0,0,0,0,0,0,0,1,1,0,1,0,0,0,0,0,0,0,6396000,984,2,6500.0,Kolathur,2 BHK,500-1000 sqft,Valid,Chennai,Not available in source data,8,35
9158000,1409,Kolathur,3,0,0,1,0,0,1,1,0,0,0,0,0,0,0,1,1,0,0,0,0,0,0,0,0,0,1,1,0,1,0,0,0,0,0,0,0,9158000,1409,3,6499.645138396026,Kolathur,3 BHK,1000-1500 sqft,Valid,Chennai,Not available in source data,8,35
6389000,983,Kolathur,2,0,0,1,0,0,1,1,0,0,0,0,0,0,0,1,1,0,0,0,0,0,0,0,0,0,1,1,0,1,0,0,0,0,0,0,0,6389000,983,2,6499.491353001017,Kolathur,2 BHK,500-1000 sqft,Valid,Chennai,Not available in source data,8,35
6831000,1051,Kolathur,2,0,0,1,0,0,1,1,0,0,0,0,0,0,0,1,1,0,0,0,0,0,0,0,0,0,1,1,0,1,0,0,0,0,0,0,0,6831000,1051,2,6499.524262607041,Kolathur,2 BHK,1000-1500 sqft,Valid,Chennai,Not available in source data,8,35
6636000,1021,Kolathur,2,0,0,1,0,0,1,1,0,0,0,0,0,0,0,1,1,0,0,0,0,0,0,0,0,0,1,1,0,1,0,0,0,0,0,0,0,6636000,1021,2,6499.510284035259,Kolathur,2 BHK,1000-1500 sqft,Valid,Chennai,Not available in source data,8,35
6461000,994,Kolathur,2,0,0,1,0,0,1,1,0,0,0,0,0,0,0,1,1,0,0,0,0,0,0,0,0,0,1,1,0,1,0,0,0,0,0,0,0,6461000,994,2,6500.0,Kolathur,2 BHK,500-1000 sqft,Valid,Chennai,Not available in source data,8,35
6565000,1010,Kolathur,2,0,0,1,0,0,1,1,0,0,0,0,0,0,0,1,1,0,0,0,0,0,0,0,0,0,1,1,0,1,0,0,0,0,0,0,0,6565000,1010,2,6500.0,Kolathur,2 BHK,1000-1500 sqft,Valid,Chennai,Not available in source data,8,35
8222000,1265,Kolathur,3,0,0,1,0,0,1,1,0,0,0,0,0,0,0,1,1,0,0,0,0,0,0,0,0,0,1,1,0,1,0,0,0,0,0,0,0,8222000,1265,3,6499.604743083004,Kolathur,3 BHK,1000-1500 sqft,Valid,Chennai,Not available in source data,8,35
6948000,1069,Kolathur,2,0,0,1,0,0,1,1,0,0,0,0,0,0,0,1,1,0,0,0,0,0,0,0,0,0,1,1,0,1,0,0,0,0,0,0,0,6948000,1069,2,6499.532273152479,Kolathur,2 BHK,1000-1500 sqft,Valid,Chennai,Not available in source data,8,35
6259000,963,Kolathur,2,0,0,1,0,0,1,1,0,0,0,0,0,0,0,1,1,0,0,0,0,0,0,0,0,0,1,1,0,1,0,0,0,0,0,0,0,6259000,963,2,6499.4807892004155,Kolathur,2 BHK,500-1000 sqft,Valid,Chennai,Not available in source data,8,35
3229000,897,tambaram west,2,0,0,0,0,0,0,0,0,0,0,0,0,0,0,0,0,0,0,0,0,0,0,0,0,0,0,0,0,0,0,0,0,0,0,0,0,3229000,897,2,3599.777034559643,tambaram west,2 BHK,500-1000 sqft,Valid,Chennai,Not available in source data,0,35
4000000,900,Thirumullaivoyal,2,0,0,0,0,0,0,0,0,0,0,0,0,0,0,0,0,0,0,0,0,0,0,0,0,0,0,0,0,0,0,0,0,0,0,0,0,4000000,900,2,4444.444444444444,Thirumullaivoyal,2 BHK,500-1000 sqft,Valid,Chennai,Not available in source data,0,35
8222000,1265,Korattur,3,0,0,1,0,0,0,0,0,0,1,1,0,1,0,0,1,0,0,0,0,0,0,0,0,0,1,1,0,0,0,0,0,0,0,0,0,8222000,1265,3,6499.604743083004,Korattur,3 BHK,1000-1500 sqft,Valid,Chennai,Not available in source data,7,35
6948000,1069,Korattur,2,0,0,1,0,0,0,0,0,0,1,1,0,1,0,0,1,0,0,0,0,0,0,0,0,0,1,1,0,0,0,0,0,0,0,0,0,6948000,1069,2,6499.532273152479,Korattur,2 BHK,1000-1500 sqft,Valid,Chennai,Not available in source data,7,35
9158000,1409,Korattur,3,0,0,1,0,0,0,0,0,0,1,1,0,1,0,0,1,0,0,0,0,0,0,0,0,0,1,1,0,0,0,0,0,0,0,0,0,9158000,1409,3,6499.645138396026,Korattur,3 BHK,1000-1500 sqft,Valid,Chennai,Not available in source data,7,35
6389000,983,Korattur,2,0,0,1,0,0,0,0,0,0,1,0,0,1,0,0,1,0,0,0,0,0,0,0,0,0,1,1,0,0,0,0,0,0,0,0,0,6389000,983,2,6499.491353001017,Korattur,2 BHK,500-1000 sqft,Valid,Chennai,Not available in source data,6,35
9548000,1469,Korattur,3,0,0,1,0,0,0,0,0,0,1,1,0,1,0,0,1,0,0,0,0,0,0,0,0,0,1,1,0,0,0,0,0,0,0,0,0,9548000,1469,3,6499.659632402995,Korattur,3 BHK,1000-1500 sqft,Valid,Chennai,Not available in source data,7,35
6565000,1010,Korattur,2,0,0,1,0,0,0,0,0,0,1,1,0,1,0,0,1,0,0,0,0,0,0,0,0,0,1,1,0,0,0,0,0,0,0,0,0,6565000,1010,2,6500.0,Korattur,2 BHK,1000-1500 sqft,Valid,Chennai,Not available in source data,7,35
9158000,1409,Korattur,3,0,0,1,0,0,0,0,0,0,1,0,0,1,0,0,1,0,0,0,0,0,0,0,0,0,1,1,0,0,0,0,0,0,0,0,0,9158000,1409,3,6499.645138396026,Korattur,3 BHK,1000-1500 sqft,Valid,Chennai,Not available in source data,6,35
6636000,1021,Korattur,2,0,0,1,0,0,0,0,0,0,1,1,0,1,0,0,1,0,0,0,0,0,0,0,0,0,1,1,0,0,0,0,0,0,0,0,0,6636000,1021,2,6499.510284035259,Korattur,2 BHK,1000-1500 sqft,Valid,Chennai,Not available in source data,7,35
6461000,994,Korattur,2,0,0,1,0,0,0,0,0,0,0,1,0,1,0,0,1,0,0,0,0,0,0,0,0,0,1,1,0,0,0,0,0,0,0,0,0,6461000,994,2,6500.0,Korattur,2 BHK,500-1000 sqft,Valid,Chennai,Not available in source data,6,35
8222000,1265,Korattur,3,0,0,1,0,0,0,0,0,0,0,1,0,1,0,0,1,0,0,0,0,0,0,0,0,0,1,1,0,0,0,0,0,0,0,0,0,8222000,1265,3,6499.604743083004,Korattur,3 BHK,1000-1500 sqft,Valid,Chennai,Not available in source data,6,35
7052000,1085,Velachery,2,0,0,0,0,1,1,1,0,0,0,0,0,0,0,0,1,0,0,0,0,0,0,0,0,0,0,0,0,0,0,0,0,0,0,0,0,7052000,1085,2,6499.539170506912,Velachery,2 BHK,1000-1500 sqft,Valid,Chennai,Not available in source data,4,35
4000000,600,Iyappanthangal,1,1,0,1,1,0,1,1,1,1,0,0,1,1,1,1,1,1,1,0,1,1,0,0,0,0,1,1,0,1,0,0,0,0,0,0,0,4000000,600,1,6666.666666666667,Iyappanthangal,1 BHK,500-1000 sqft,Valid,Chennai,Not available in source data,18,35
8353000,1971,Singaperumal Koil,3,0,0,1,1,1,1,1,0,0,1,0,0,1,0,1,1,1,1,0,1,0,0,0,0,0,1,1,0,1,0,0,0,0,0,0,0,8353000,1971,3,4237.950279046169,Singaperumal Koil,3 BHK,1500-2500 sqft,Valid,Chennai,Not available in source data,15,35
7252000,1595,Singaperumal Koil,3,0,0,1,1,1,1,1,0,0,1,1,0,1,0,1,1,1,1,0,1,0,0,0,0,0,1,1,0,1,0,0,0,0,0,0,0,7252000,1595,3,4546.7084639498435,Singaperumal Koil,3 BHK,1500-2500 sqft,Valid,Chennai,Not available in source data,16,35
11399999,1827,Thoraipakkam OMR,4,0,0,1,0,1,1,0,1,0,1,0,0,0,0,1,1,0,0,0,0,0,0,0,0,0,0,0,0,0,0,0,0,0,0,0,0,11399999,1827,4,6239.7367268746575,Thoraipakkam OMR,4 BHK,1500-2500 sqft,Valid,Chennai,Not available in source data,7,35
8037000,1286,Thoraipakkam OMR,2,0,0,1,0,1,1,0,1,0,1,0,0,0,0,1,1,0,0,0,0,0,0,0,0,0,0,0,0,0,0,0,0,0,0,0,0,8037000,1286,2,6249.611197511664,Thoraipakkam OMR,2 BHK,1000-1500 sqft,Valid,Chennai,Not available in source data,7,35
8881000,1421,Thoraipakkam OMR,2,0,0,1,0,1,1,0,1,0,1,0,0,0,0,1,1,0,0,0,0,0,0,0,0,0,0,0,0,0,0,0,0,0,0,0,0,8881000,1421,2,6249.824067558057,Thoraipakkam OMR,2 BHK,1000-1500 sqft,Valid,Chennai,Not available in source data,7,35
9956000,1593,Thoraipakkam OMR,3,0,0,1,0,1,1,0,1,0,1,0,0,0,0,1,1,0,0,0,0,0,0,0,0,0,0,0,0,0,0,0,0,0,0,0,0,9956000,1593,3,6249.843063402385,Thoraipakkam OMR,3 BHK,1500-2500 sqft,Valid,Chennai,Not available in source data,7,35
9550000,1528,Thoraipakkam OMR,3,0,0,1,0,1,1,0,1,0,1,0,0,0,0,1,1,0,0,0,0,0,0,0,0,0,0,0,0,0,0,0,0,0,0,0,0,9550000,1528,3,6250.0,Thoraipakkam OMR,3 BHK,1500-2500 sqft,Valid,Chennai,Not available in source data,7,35
9387000,1951,Sholinganallur,4,0,0,0,0,0,0,0,0,0,0,0,0,0,0,1,1,0,0,0,0,0,0,0,0,0,0,1,0,0,0,0,0,0,0,0,0,9387000,1951,4,4811.378780112763,Sholinganallur,4 BHK,1500-2500 sqft,Valid,Chennai,Not available in source data,3,35
9400000,1951,Sholinganallur,4,0,0,0,0,0,0,0,0,0,0,0,0,0,0,0,1,0,0,0,0,0,0,0,0,0,0,1,0,0,0,0,0,0,0,0,0,9400000,1951,4,4818.0420297283445,Sholinganallur,4 BHK,1500-2500 sqft,Valid,Chennai,Not available in source data,2,35
6500000,1191,Ayapakkam,3,0,0,0,0,0,0,0,0,0,1,0,0,0,0,0,0,0,0,0,0,0,0,0,0,0,0,0,0,0,0,0,0,0,0,0,0,6500000,1191,3,5457.5986565911,Ayapakkam,3 BHK,1000-1500 sqft,Valid,Chennai,Not available in source data,1,35
3581000,591,Perambur,1,0,0,1,1,0,0,0,1,0,0,0,1,0,0,0,0,1,0,0,0,0,0,0,0,0,0,0,0,0,0,0,0,0,0,0,0,3581000,591,1,6059.22165820643,Perambur,1 BHK,500-1000 sqft,Valid,Chennai,Not available in source data,5,35
7150000,1180,Perambur,3,0,0,1,1,0,0,0,1,0,0,0,1,0,0,0,0,1,0,0,0,0,0,0,0,0,0,0,0,0,0,0,0,0,0,0,0,7150000,1180,3,6059.322033898305,Perambur,3 BHK,1000-1500 sqft,Valid,Chennai,Not available in source data,5,35
5793000,956,Perambur,2,0,0,1,1,0,0,0,1,0,0,0,1,0,0,0,0,1,0,0,0,0,0,0,0,0,0,0,0,0,0,0,0,0,0,0,0,5793000,956,2,6059.623430962343,Perambur,2 BHK,500-1000 sqft,Valid,Chennai,Not available in source data,5,35
3981000,657,Perambur,2,0,0,1,1,0,0,0,1,0,0,0,1,0,0,0,0,1,0,0,0,0,0,0,0,0,0,0,0,0,0,0,0,0,0,0,0,3981000,657,2,6059.3607305936075,Perambur,2 BHK,500-1000 sqft,Valid,Chennai,Not available in source data,5,35
4165000,1225,Singaperumal Koil,3,0,0,1,1,0,1,1,1,0,0,0,0,0,0,1,1,1,0,0,0,0,0,0,0,0,1,0,0,1,0,0,0,0,0,0,0,4165000,1225,3,3400.0,Singaperumal Koil,3 BHK,1000-1500 sqft,Valid,Chennai,Not available in source data,10,35
3321000,977,Singaperumal Koil,2,0,0,1,1,0,1,1,1,0,0,0,0,0,0,1,1,1,0,0,0,0,0,0,0,0,1,0,0,1,0,0,0,0,0,0,0,3321000,977,2,3399.181166837257,Singaperumal Koil,2 BHK,500-1000 sqft,Valid,Chennai,Not available in source data,10,35
6948999,900,Chromepet,2,0,0,0,0,0,0,1,0,0,0,0,0,0,0,0,0,1,0,0,0,0,0,0,0,0,0,1,0,1,0,0,0,0,0,0,0,6948999,900,2,7721.11,Chromepet,2 BHK,500-1000 sqft,Valid,Chennai,Not available in source data,4,35
6912000,895,Chromepet,2,0,0,0,0,0,0,1,0,0,0,0,0,0,0,0,0,1,0,0,0,0,0,0,0,0,0,1,0,1,0,0,0,0,0,0,0,6912000,895,2,7722.905027932961,Chromepet,2 BHK,500-1000 sqft,Valid,Chennai,Not available in source data,4,35
6765000,875,Chromepet,2,0,0,0,0,0,0,1,0,0,0,0,0,0,0,0,0,1,0,0,0,0,0,0,0,0,0,1,0,1,0,0,0,0,0,0,0,6765000,875,2,7731.428571428572,Chromepet,2 BHK,500-1000 sqft,Valid,Chennai,Not available in source data,4,35
4939000,932,Sholinganallur,2,0,0,0,0,0,0,1,0,0,0,0,0,0,0,1,1,0,0,0,0,0,0,0,0,0,0,1,0,1,0,0,0,0,0,0,0,4939000,932,2,5299.356223175966,Sholinganallur,2 BHK,500-1000 sqft,Valid,Chennai,Not available in source data,5,35
10800000,1671,Thoraipakkam OMR,3,0,0,1,0,1,0,0,1,0,1,0,0,0,0,1,1,0,0,0,0,0,0,0,0,0,1,1,0,0,0,0,0,0,0,0,0,10800000,1671,3,6463.195691202873,Thoraipakkam OMR,3 BHK,1500-2500 sqft,Valid,Chennai,Not available in source data,8,35
8494000,1286,Thoraipakkam OMR,2,0,0,1,0,1,0,0,1,0,1,0,0,0,0,1,1,0,0,0,0,0,0,0,0,0,1,1,0,0,0,0,0,0,0,0,0,8494000,1286,2,6604.9766718507,Thoraipakkam OMR,2 BHK,1000-1500 sqft,Valid,Chennai,Not available in source data,8,35
10100000,1528,Thoraipakkam OMR,3,0,0,1,0,1,0,0,1,0,1,0,0,0,0,1,1,0,0,0,0,0,0,0,0,0,1,1,0,0,0,0,0,0,0,0,0,10100000,1528,3,6609.947643979058,Thoraipakkam OMR,3 BHK,1500-2500 sqft,Valid,Chennai,Not available in source data,8,35
6845000,875,Tambaram Sanatoruim,2,0,0,0,0,0,0,0,0,0,0,0,0,0,0,0,0,0,0,0,0,0,0,0,0,0,0,1,0,0,0,0,0,0,0,0,0,6845000,875,2,7822.857142857143,Tambaram Sanatoruim,2 BHK,500-1000 sqft,Valid,Chennai,Not available in source data,1,35
4599000,1278,Kelambakkam,2,0,0,1,1,1,1,1,1,0,0,0,0,1,0,0,1,0,0,0,0,0,0,0,0,0,0,1,0,1,0,0,0,0,0,0,0,4599000,1278,2,3598.5915492957747,Kelambakkam,2 BHK,1000-1500 sqft,Valid,Chennai,Not available in source data,10,35
6136000,1705,Kelambakkam,3,0,0,1,1,1,1,1,1,0,0,0,0,1,0,0,1,0,0,0,0,0,0,0,0,0,0,1,0,1,0,0,0,0,0,0,0,6136000,1705,3,3598.826979472141,Kelambakkam,3 BHK,1500-2500 sqft,Valid,Chennai,Not available in source data,10,35
4394000,1221,Kelambakkam,2,0,0,1,1,1,1,1,1,0,0,0,0,1,0,0,1,0,0,0,0,0,0,0,0,0,0,1,0,1,0,0,0,0,0,0,0,4394000,1221,2,3598.689598689599,Kelambakkam,2 BHK,1000-1500 sqft,Valid,Chennai,Not available in source data,10,35
5708000,1586,Kelambakkam,3,0,0,1,1,1,1,1,1,0,0,0,0,1,0,0,1,0,0,0,0,0,0,0,0,0,0,1,0,1,0,0,0,0,0,0,0,5708000,1586,3,3598.9911727616645,Kelambakkam,3 BHK,1500-2500 sqft,Valid,Chennai,Not available in source data,10,35
6201000,1723,Kelambakkam,3,0,0,1,1,1,1,1,1,0,0,0,0,1,0,0,1,0,0,0,0,0,0,0,0,0,0,1,0,1,0,0,0,0,0,0,0,6201000,1723,3,3598.955310504933,Kelambakkam,3 BHK,1500-2500 sqft,Valid,Chennai,Not available in source data,10,35
5502000,1529,Kelambakkam,3,0,0,1,1,1,1,1,1,0,0,0,0,1,0,0,1,0,0,0,0,0,0,0,0,0,0,1,0,1,0,0,0,0,0,0,0,5502000,1529,3,3598.4303466317856,Kelambakkam,3 BHK,1500-2500 sqft,Valid,Chennai,Not available in source data,10,35
4451000,1237,Kelambakkam,2,0,0,1,1,1,1,1,1,0,0,0,0,1,0,0,1,0,0,0,0,0,0,0,0,0,0,1,0,1,0,0,0,0,0,0,0,4451000,1237,2,3598.2215036378334,Kelambakkam,2 BHK,1000-1500 sqft,Valid,Chennai,Not available in source data,10,35
5995000,1666,Kelambakkam,3,0,0,1,1,1,1,1,1,0,0,0,0,1,0,0,1,0,0,0,0,0,0,0,0,0,0,1,0,1,0,0,0,0,0,0,0,5995000,1666,3,3598.4393757503003,Kelambakkam,3 BHK,1500-2500 sqft,Valid,Chennai,Not available in source data,10,35
9662000,1546,Thoraipakkam OMR,3,0,0,1,0,1,1,0,1,0,1,0,0,0,0,1,1,0,0,0,0,0,0,0,0,0,0,0,0,0,0,0,0,0,0,0,0,9662000,1546,3,6249.6765847348,Thoraipakkam OMR,3 BHK,1500-2500 sqft,Valid,Chennai,Not available in source data,7,35
9075000,1452,Thoraipakkam OMR,2,0,0,1,0,1,1,0,1,0,1,0,0,0,0,1,1,0,0,0,0,0,0,0,0,0,0,0,0,0,0,0,0,0,0,0,0,9075000,1452,2,6250.0,Thoraipakkam OMR,2 BHK,1000-1500 sqft,Valid,Chennai,Not available in source data,7,35
9687000,1550,Thoraipakkam OMR,3,0,0,1,0,1,1,0,1,0,1,0,0,0,0,1,1,0,0,0,0,0,0,0,0,0,0,0,0,0,0,0,0,0,0,0,0,9687000,1550,3,6249.677419354839,Thoraipakkam OMR,3 BHK,1500-2500 sqft,Valid,Chennai,Not available in source data,7,35
9500000,1444,Madipakkam,3,0,0,1,1,0,1,0,1,0,0,0,0,0,0,1,0,0,0,0,0,0,0,0,0,0,1,0,0,0,0,0,0,0,0,0,0,9500000,1444,3,6578.9473684210525,Madipakkam,3 BHK,1000-1500 sqft,Valid,Chennai,Not available in source data,6,35
10100000,1541,Madipakkam,3,0,0,1,1,0,1,0,1,0,0,0,0,0,0,1,0,0,0,0,0,0,0,0,0,0,1,0,0,0,0,0,0,0,0,0,0,10100000,1541,3,6554.185593770279,Madipakkam,3 BHK,1500-2500 sqft,Valid,Chennai,Not available in source data,6,35
9200000,1395,Madipakkam,3,0,0,1,1,0,1,0,1,0,0,0,0,0,0,1,0,0,0,0,0,0,0,0,0,0,1,0,0,0,0,0,0,0,0,0,0,9200000,1395,3,6594.982078853047,Madipakkam,3 BHK,1000-1500 sqft,Valid,Chennai,Not available in source data,6,35
47500000,2500,Chetpet,3,0,0,1,1,0,0,0,0,0,0,0,0,0,0,0,1,0,0,0,0,0,0,0,0,0,0,1,0,0,0,0,0,0,0,0,0,47500000,2500,3,19000.0,Chetpet,3 BHK,2500+ sqft,Valid,Chennai,Not available in source data,4,35
21000000,1500,Chetpet,3,1,0,1,1,0,0,0,0,0,1,1,0,0,0,0,1,0,0,0,0,0,0,1,1,0,0,1,1,0,0,0,1,1,1,0,0,21000000,1500,3,14000.0,Chetpet,3 BHK,1500-2500 sqft,Valid,Chennai,Not available in source data,12,35
29400000,2102,Kilpauk,3,1,0,0,0,0,0,0,0,0,0,0,0,0,0,0,1,0,0,0,0,0,0,0,0,0,0,1,0,0,0,0,0,0,0,0,0,29400000,2102,3,13986.679352997146,Kilpauk,3 BHK,1500-2500 sqft,Valid,Chennai,Not available in source data,2,35
22000000,2062,Anna Nagar,3,0,1,1,1,1,1,1,1,1,1,1,1,1,1,1,1,1,1,0,1,1,0,0,0,0,1,1,0,1,0,0,0,0,0,0,0,22000000,2062,3,10669.25315227934,Anna Nagar,3 BHK,1500-2500 sqft,Valid,Chennai,Not available in source data,22,35
33600000,2458,Chetpet,3,0,0,1,0,0,0,0,0,0,0,0,0,0,0,0,1,0,0,0,0,0,0,0,0,0,0,1,0,0,0,0,0,0,0,0,0,33600000,2458,3,13669.650122050447,Chetpet,3 BHK,1500-2500 sqft,Valid,Chennai,Not available in source data,3,35
22000000,2062,Anna Nagar,3,1,1,1,1,1,1,1,1,1,1,1,1,1,1,1,1,1,1,0,1,1,0,0,0,0,1,1,0,1,0,0,0,0,0,0,0,22000000,2062,3,10669.25315227934,Anna Nagar,3 BHK,1500-2500 sqft,Valid,Chennai,Not available in source data,22,35
28500000,2042,Kilpauk,3,1,0,0,0,0,0,0,0,0,0,0,0,0,0,0,1,0,0,0,0,0,0,0,0,0,0,1,0,0,0,0,0,0,0,0,0,28500000,2042,3,13956.904995102841,Kilpauk,3 BHK,1500-2500 sqft,Valid,Chennai,Not available in source data,2,35
21000000,2062,Anna Nagar,3,1,1,1,1,1,1,1,1,1,1,1,1,1,1,1,1,1,1,0,1,1,0,0,0,0,1,1,0,1,0,0,0,0,0,0,0,21000000,2062,3,10184.287099903007,Anna Nagar,3 BHK,1500-2500 sqft,Valid,Chennai,Not available in source data,22,35
15500000,1555,Anna Nagar,2,1,1,1,1,1,1,1,1,1,1,1,1,1,1,1,1,1,1,0,1,1,0,0,0,0,1,1,0,1,0,0,0,0,0,0,0,15500000,1555,2,9967.845659163988,Anna Nagar,2 BHK,1500-2500 sqft,Valid,Chennai,Not available in source data,22,35
6400000,1191,Ayapakkam,3,0,0,0,0,0,0,0,0,0,0,0,0,0,0,0,0,0,0,0,0,0,0,0,0,0,0,0,0,0,0,0,0,0,0,0,0,6400000,1191,3,5373.635600335852,Ayapakkam,3 BHK,1000-1500 sqft,Valid,Chennai,Not available in source data,0,35
37500000,2500,Raja Annamalai Puram,3,1,0,1,1,0,1,0,0,0,1,1,0,0,0,1,1,0,0,0,0,0,1,1,1,0,1,1,1,0,1,0,1,1,1,0,1,37500000,2500,3,15000.0,Raja Annamalai Puram,3 BHK,2500+ sqft,Valid,Chennai,Not available in source data,18,35
65000000,3150,Raja Annamalai Puram,4,0,0,0,0,0,0,0,0,0,0,0,0,0,0,0,0,0,0,0,0,0,0,0,0,0,0,0,0,0,0,0,0,0,0,0,0,65000000,3150,4,20634.920634920636,Raja Annamalai Puram,4 BHK,2500+ sqft,Valid,Chennai,Not available in source data,0,35
65000000,3150,Raja Annamalai Puram,4,0,0,0,0,0,0,0,0,0,0,0,0,0,0,0,1,0,0,0,0,0,0,1,0,0,0,1,0,0,0,0,0,0,0,0,0,65000000,3150,4,20634.920634920636,Raja Annamalai Puram,4 BHK,2500+ sqft,Valid,Chennai,Not available in source data,3,35
2979000,540,tambaram west,1,0,0,0,0,0,0,0,0,0,0,0,0,0,0,0,0,0,0,0,0,0,0,0,0,0,0,0,0,0,0,0,0,0,0,0,0,2979000,540,1,5516.666666666667,tambaram west,1 BHK,500-1000 sqft,Valid,Chennai,Not available in source data,0,35
2950000,525,tambaram west,1,0,0,0,0,0,0,0,0,0,0,0,0,0,0,0,0,0,0,0,0,0,0,0,0,0,0,0,0,0,0,0,0,0,0,0,0,2950000,525,1,5619.047619047619,tambaram west,1 BHK,500-1000 sqft,Valid,Chennai,Not available in source data,0,35
28000000,1970,Egmore,3,1,0,1,1,0,0,0,0,0,0,0,0,1,0,0,1,0,0,0,0,0,0,1,1,0,1,1,1,0,1,0,1,1,1,0,0,28000000,1970,3,14213.197969543147,Egmore,3 BHK,1500-2500 sqft,Valid,Chennai,Not available in source data,13,35
3011000,550,tambaram west,1,0,0,0,0,0,0,0,0,0,0,0,0,0,0,0,0,0,0,0,0,0,0,0,0,0,0,0,0,0,0,0,0,0,0,0,0,3011000,550,1,5474.545454545455,tambaram west,1 BHK,500-1000 sqft,Valid,Chennai,Not available in source data,0,35
7500000,975,tambaram west,2,0,0,0,0,0,0,0,0,0,0,0,0,0,0,0,0,0,0,0,0,0,0,0,0,0,0,0,0,0,0,0,0,0,0,0,0,7500000,975,2,7692.307692307692,tambaram west,2 BHK,500-1000 sqft,Valid,Chennai,Not available in source data,0,35
45000000,3405,Kilpauk,4,0,0,1,1,0,0,0,0,0,1,1,0,1,0,0,1,0,0,0,0,0,0,0,0,0,1,1,0,0,0,0,0,0,0,0,0,45000000,3405,4,13215.859030837004,Kilpauk,4 BHK,2500+ sqft,Valid,Chennai,Not available in source data,8,35
54900000,3050,Alwarpet,3,1,0,0,0,0,0,0,0,0,1,0,0,0,0,0,1,0,0,0,0,0,0,0,0,0,1,1,0,0,0,0,0,0,0,0,0,54900000,3050,3,18000.0,Alwarpet,3 BHK,2500+ sqft,Valid,Chennai,Not available in source data,4,35
55599999,2781,Raja Annamalai Puram,4,0,0,1,1,0,0,0,0,0,1,0,0,0,0,0,1,0,0,0,0,0,0,0,0,0,0,1,0,0,0,0,0,0,0,0,0,55599999,2781,4,19992.80798274002,Raja Annamalai Puram,4 BHK,2500+ sqft,Valid,Chennai,Not available in source data,5,35
46900000,2348,Raja Annamalai Puram,3,0,0,1,1,0,0,0,0,0,1,0,0,0,0,0,1,0,0,0,0,0,0,0,0,0,0,1,0,0,0,0,0,0,0,0,0,46900000,2348,3,19974.44633730835,Raja Annamalai Puram,3 BHK,1500-2500 sqft,Valid,Chennai,Not available in source data,5,35
32500000,2316,Alwarpet,3,1,0,0,0,0,0,0,0,0,0,0,0,0,0,0,0,0,0,0,0,0,0,1,1,0,0,0,0,0,0,0,0,0,0,0,0,32500000,2316,3,14032.815198618307,Alwarpet,3 BHK,1500-2500 sqft,Valid,Chennai,Not available in source data,2,35
4063000,945,Porur,2,0,0,0,0,0,0,0,0,0,0,0,0,0,0,0,1,0,0,0,0,0,0,0,0,0,0,1,0,0,0,0,0,0,0,0,0,4063000,945,2,4299.4708994709,Porur,2 BHK,500-1000 sqft,Valid,Chennai,Not available in source data,2,35
3365000,765,Porur,1,0,0,0,0,0,0,0,0,0,0,0,0,0,0,0,1,0,0,0,0,0,0,0,0,0,0,1,0,0,0,0,0,0,0,0,0,3365000,765,1,4398.692810457516,Porur,1 BHK,500-1000 sqft,Valid,Chennai,Not available in source data,2,35
3289000,765,Porur,1,0,0,0,0,0,0,0,0,0,0,0,0,0,0,0,1,0,0,0,0,0,0,0,0,0,0,1,0,0,0,0,0,0,0,0,0,3289000,765,1,4299.346405228758,Porur,1 BHK,500-1000 sqft,Valid,Chennai,Not available in source data,2,35
3117000,725,Porur,1,0,0,0,0,0,0,0,0,0,0,0,0,0,0,0,1,0,0,0,0,0,0,0,0,0,0,1,0,0,0,0,0,0,0,0,0,3117000,725,1,4299.310344827586,Porur,1 BHK,500-1000 sqft,Valid,Chennai,Not available in source data,2,35
59000000,2902,Nungambakkam,3,0,0,0,0,0,0,0,0,0,0,0,0,0,0,0,0,1,0,0,0,0,0,0,0,0,0,0,0,0,0,0,0,0,0,0,0,59000000,2902,3,20330.80634045486,Nungambakkam,3 BHK,2500+ sqft,Valid,Chennai,Not available in source data,1,35
59000000,2902,Nungambakkam,3,0,0,0,0,0,0,0,0,0,0,0,0,0,0,0,1,1,0,0,0,0,0,0,0,0,0,1,0,0,0,0,0,0,0,0,0,59000000,2902,3,20330.80634045486,Nungambakkam,3 BHK,2500+ sqft,Valid,Chennai,Not available in source data,3,35
7200000,1330,Ayapakkam,3,0,0,0,0,0,0,0,0,0,0,0,0,0,0,0,0,0,0,0,0,0,0,0,0,0,0,0,0,0,0,0,0,0,0,0,0,7200000,1330,3,5413.533834586467,Ayapakkam,3 BHK,1000-1500 sqft,Valid,Chennai,Not available in source data,0,35
6400000,1183,Ayapakkam,3,0,0,0,0,0,0,0,0,0,0,0,0,0,0,0,0,0,0,0,0,0,0,0,0,0,0,0,0,0,0,0,0,0,0,0,0,6400000,1183,3,5409.9746407438715,Ayapakkam,3 BHK,1000-1500 sqft,Valid,Chennai,Not available in source data,0,35
6600000,697,Ayapakkam,3,0,0,0,0,0,0,0,0,0,0,0,0,0,0,0,0,0,0,0,0,0,0,0,0,0,0,0,0,0,0,0,0,0,0,0,0,6600000,697,3,9469.153515064563,Ayapakkam,3 BHK,500-1000 sqft,Valid,Chennai,Not available in source data,0,35
3931000,740,Periyapanicheri,2,0,0,0,0,0,0,0,0,0,0,0,0,0,0,0,0,0,0,0,0,0,0,0,0,0,0,0,0,0,0,0,0,0,0,0,0,3931000,740,2,5312.1621621621625,Periyapanicheri,2 BHK,500-1000 sqft,Valid,Chennai,Not available in source data,0,35
4730000,900,Periyapanicheri,2,0,0,0,0,0,0,0,0,0,0,0,0,0,0,0,0,0,0,0,0,0,0,0,0,0,0,0,0,0,0,0,0,0,0,0,0,4730000,900,2,5255.555555555556,Periyapanicheri,2 BHK,500-1000 sqft,Valid,Chennai,Not available in source data,0,35
5529000,1060,Periyapanicheri,3,0,0,0,0,0,0,0,0,0,0,0,0,0,0,0,0,0,0,0,0,0,0,0,0,0,0,0,0,0,0,0,0,0,0,0,0,5529000,1060,3,5216.037735849057,Periyapanicheri,3 BHK,1000-1500 sqft,Valid,Chennai,Not available in source data,0,35
3732000,700,Periyapanicheri,2,0,0,0,0,0,0,0,0,0,0,0,0,0,0,0,0,0,0,0,0,0,0,0,0,0,0,0,0,0,0,0,0,0,0,0,0,3732000,700,2,5331.428571428572,Periyapanicheri,2 BHK,500-1000 sqft,Valid,Chennai,Not available in source data,0,35
4033000,760,Periyapanicheri,2,0,0,0,0,0,0,0,0,0,0,0,0,0,0,0,0,0,0,0,0,0,0,0,0,0,0,0,0,0,0,0,0,0,0,0,0,4033000,760,2,5306.578947368421,Periyapanicheri,2 BHK,500-1000 sqft,Valid,Chennai,Not available in source data,0,35
2535000,500,Kolapakkam,1,0,0,0,0,0,0,0,0,0,0,0,0,0,0,0,0,0,0,0,0,0,0,0,0,0,0,0,0,0,0,0,0,0,0,0,0,2535000,500,1,5070.0,Kolapakkam,1 BHK,500-1000 sqft,Valid,Chennai,Not available in source data,0,35
3264000,600,Kolapakkam,1,1,0,0,0,0,0,0,0,0,0,0,0,0,0,0,0,0,0,0,0,0,0,0,0,0,0,1,0,0,0,0,0,0,0,0,0,3264000,600,1,5440.0,Kolapakkam,1 BHK,500-1000 sqft,Valid,Chennai,Not available in source data,1,35
3347000,640,Kolapakkam,1,0,0,0,0,0,0,0,0,0,0,0,0,0,0,0,0,0,0,0,0,0,0,0,0,0,0,0,0,0,0,0,0,0,0,0,0,3347000,640,1,5229.6875,Kolapakkam,1 BHK,500-1000 sqft,Valid,Chennai,Not available in source data,0,35
3972999,720,Kolapakkam,2,0,0,0,0,0,0,0,0,0,0,0,0,0,0,0,0,0,0,0,0,0,0,0,0,0,0,0,0,0,0,0,0,0,0,0,0,3972999,720,2,5518.054166666667,Kolapakkam,2 BHK,500-1000 sqft,Valid,Chennai,Not available in source data,0,35
2982000,590,Kolapakkam,2,0,0,0,0,0,0,0,0,0,0,0,0,0,0,0,0,0,0,0,0,0,0,0,0,0,0,0,0,0,0,0,0,0,0,0,0,2982000,590,2,5054.237288135593,Kolapakkam,2 BHK,500-1000 sqft,Valid,Chennai,Not available in source data,0,35
3869000,700,Kolapakkam,2,0,0,0,0,0,0,0,0,0,0,0,0,0,0,0,0,0,0,0,0,0,0,0,0,0,0,0,0,0,0,0,0,0,0,0,0,3869000,700,2,5527.142857142857,Kolapakkam,2 BHK,500-1000 sqft,Valid,Chennai,Not available in source data,0,35
5862000,1090,Kolapakkam,2,0,0,0,0,0,0,0,0,0,0,0,0,0,0,0,0,0,0,0,0,0,0,0,0,0,0,0,0,0,0,0,0,0,0,0,0,5862000,1090,2,5377.981651376147,Kolapakkam,2 BHK,1000-1500 sqft,Valid,Chennai,Not available in source data,0,35
7367000,1198,Perungudi,2,0,0,0,0,1,0,1,0,0,1,0,0,0,0,0,1,1,0,0,0,0,0,0,0,0,0,1,0,0,0,0,0,0,0,0,0,7367000,1198,2,6149.415692821369,Perungudi,2 BHK,1000-1500 sqft,Valid,Chennai,Not available in source data,6,35
24200000,1938,Thiruvanmiyur,3,0,0,1,1,1,1,1,0,0,0,0,0,1,0,1,1,1,0,0,0,0,0,0,0,0,0,1,0,1,0,0,0,0,0,0,0,24200000,1938,3,12487.100103199175,Thiruvanmiyur,3 BHK,1500-2500 sqft,Valid,Chennai,Not available in source data,11,35
6589000,1100,Thoraipakkam OMR,2,0,0,1,1,1,0,0,1,0,0,0,0,1,0,0,0,0,0,0,1,0,0,0,0,0,0,0,0,0,0,0,0,0,0,0,0,6589000,1100,2,5990.0,Thoraipakkam OMR,2 BHK,1000-1500 sqft,Valid,Chennai,Not available in source data,6,35
56100000,2610,Raja Annamalai Puram,3,0,0,1,1,1,0,0,1,0,0,0,0,1,0,1,1,1,0,0,0,0,0,0,0,0,1,0,0,0,0,0,0,0,0,0,0,56100000,2610,3,21494.25287356322,Raja Annamalai Puram,3 BHK,2500+ sqft,Valid,Chennai,Not available in source data,9,35
52600000,2450,Raja Annamalai Puram,3,0,0,1,1,1,0,0,1,0,0,0,0,1,0,1,1,1,0,0,0,0,0,0,0,0,1,0,0,0,0,0,0,0,0,0,0,52600000,2450,3,21469.38775510204,Raja Annamalai Puram,3 BHK,1500-2500 sqft,Valid,Chennai,Not available in source data,9,35
75700000,3225,Raja Annamalai Puram,4,0,0,1,1,1,0,0,1,0,0,0,0,1,0,1,1,1,0,0,0,0,0,0,0,0,1,0,0,0,0,0,0,0,0,0,0,75700000,3225,4,23472.868217054263,Raja Annamalai Puram,4 BHK,2500+ sqft,Valid,Chennai,Not available in source data,9,35
48400000,2255,Raja Annamalai Puram,3,0,0,1,1,1,0,0,1,0,0,0,0,1,0,1,1,1,0,0,0,0,0,0,0,0,1,0,0,0,0,0,0,0,0,0,0,48400000,2255,3,21463.414634146342,Raja Annamalai Puram,3 BHK,1500-2500 sqft,Valid,Chennai,Not available in source data,9,35
104700000,3810,Raja Annamalai Puram,4,0,0,1,1,1,0,0,1,0,0,0,0,1,0,1,1,1,0,0,0,0,0,0,0,0,1,0,0,0,0,0,0,0,0,0,0,104700000,3810,4,27480.314960629923,Raja Annamalai Puram,4 BHK,2500+ sqft,Valid,Chennai,Not available in source data,9,35
51600000,2400,Raja Annamalai Puram,3,0,0,1,1,1,0,0,1,0,0,0,0,1,0,1,1,1,0,0,0,0,0,0,0,0,1,0,0,0,0,0,0,0,0,0,0,51600000,2400,3,21500.0,Raja Annamalai Puram,3 BHK,1500-2500 sqft,Valid,Chennai,Not available in source data,9,35
47300000,2200,Raja Annamalai Puram,3,0,0,1,1,1,0,0,1,0,0,0,0,1,0,1,1,1,0,0,0,0,0,0,0,0,1,0,0,0,0,0,0,0,0,0,0,47300000,2200,3,21500.0,Raja Annamalai Puram,3 BHK,1500-2500 sqft,Valid,Chennai,Not available in source data,9,35
8792000,1307,Karapakkam,3,0,0,1,1,1,1,1,1,0,1,1,0,1,0,1,1,1,0,1,1,0,0,0,0,0,1,0,0,0,0,0,0,0,0,0,0,8792000,1307,3,6726.855394032134,Karapakkam,3 BHK,1000-1500 sqft,Valid,Chennai,Not available in source data,15,35
8836000,1314,Karapakkam,3,0,0,1,1,1,1,1,1,0,1,1,0,1,0,1,1,1,0,1,1,0,0,0,0,0,1,0,0,0,0,0,0,0,0,0,0,8836000,1314,3,6724.505327245053,Karapakkam,3 BHK,1000-1500 sqft,Valid,Chennai,Not available in source data,15,35
6995999,1027,Karapakkam,2,0,0,1,1,1,1,1,1,0,1,1,0,1,0,1,1,1,0,1,1,0,0,0,0,0,1,0,0,0,0,0,0,0,0,0,0,6995999,1027,2,6812.073028237585,Karapakkam,2 BHK,1000-1500 sqft,Valid,Chennai,Not available in source data,15,35
9119000,1358,Karapakkam,3,0,0,1,1,1,1,1,1,0,1,1,0,1,0,1,1,1,0,1,1,0,0,0,0,0,1,0,0,0,0,0,0,0,0,0,0,9119000,1358,3,6715.022091310751,Karapakkam,3 BHK,1000-1500 sqft,Valid,Chennai,Not available in source data,15,35
6977000,1024,Karapakkam,2,0,0,1,1,1,1,1,1,0,1,1,0,1,0,1,1,1,0,1,1,0,0,0,0,0,1,0,0,0,0,0,0,0,0,0,0,6977000,1024,2,6813.4765625,Karapakkam,2 BHK,1000-1500 sqft,Valid,Chennai,Not available in source data,15,35
19000000,2686,Karapakkam,4,0,0,1,1,1,1,1,1,0,1,1,0,1,0,1,1,1,0,1,1,0,0,0,0,0,1,0,0,0,0,0,0,0,0,0,0,19000000,2686,4,7073.715562174237,Karapakkam,4 BHK,2500+ sqft,Valid,Chennai,Not available in source data,15,35
10400000,1561,Karapakkam,3,0,0,1,1,1,1,1,1,0,1,1,0,1,0,1,1,1,0,1,1,0,0,0,0,0,1,0,0,0,0,0,0,0,0,0,0,10400000,1561,3,6662.395900064062,Karapakkam,3 BHK,1500-2500 sqft,Valid,Chennai,Not available in source data,15,35
8721000,1296,Karapakkam,3,0,0,1,1,1,1,1,1,0,1,1,0,1,0,1,1,1,0,1,1,0,0,0,0,0,1,0,0,0,0,0,0,0,0,0,0,8721000,1296,3,6729.166666666667,Karapakkam,3 BHK,1000-1500 sqft,Valid,Chennai,Not available in source data,15,35
10400000,1566,Karapakkam,3,0,0,1,1,1,1,1,1,0,1,1,0,1,0,1,1,1,0,1,1,0,0,0,0,0,1,0,0,0,0,0,0,0,0,0,0,10400000,1566,3,6641.123882503193,Karapakkam,3 BHK,1500-2500 sqft,Valid,Chennai,Not available in source data,15,35
13200000,1829,Karapakkam,3,0,0,1,1,1,1,1,1,0,1,1,0,1,0,1,1,1,0,1,1,0,0,0,0,0,1,0,0,0,0,0,0,0,0,0,0,13200000,1829,3,7217.058501913614,Karapakkam,3 BHK,1500-2500 sqft,Valid,Chennai,Not available in source data,15,35
10400000,1564,Karapakkam,3,0,0,1,1,1,1,1,1,0,1,1,0,1,0,1,1,1,0,1,1,0,0,0,0,0,1,0,0,0,0,0,0,0,0,0,0,10400000,1564,3,6649.616368286445,Karapakkam,3 BHK,1500-2500 sqft,Valid,Chennai,Not available in source data,15,35
9055000,1348,Karapakkam,3,0,0,1,1,1,1,1,1,0,1,1,0,1,0,1,1,1,0,1,1,0,0,0,0,0,1,0,0,0,0,0,0,0,0,0,0,9055000,1348,3,6717.359050445104,Karapakkam,3 BHK,1000-1500 sqft,Valid,Chennai,Not available in source data,15,35
13799999,1944,Karapakkam,3,0,0,1,1,1,1,1,1,0,1,1,0,1,0,1,1,1,0,1,1,0,0,0,0,0,1,0,0,0,0,0,0,0,0,0,0,13799999,1944,3,7098.764917695473,Karapakkam,3 BHK,1500-2500 sqft,Valid,Chennai,Not available in source data,15,35
18600000,2630,Karapakkam,4,0,0,1,1,1,1,1,1,0,1,1,0,1,0,1,1,1,0,1,1,0,0,0,0,0,1,0,0,0,0,0,0,0,0,0,0,18600000,2630,4,7072.2433460076045,Karapakkam,4 BHK,2500+ sqft,Valid,Chennai,Not available in source data,15,35
18500000,2616,Karapakkam,4,0,0,1,1,1,1,1,1,0,1,1,0,1,0,1,1,1,0,1,1,0,0,0,0,0,1,0,0,0,0,0,0,0,0,0,0,18500000,2616,4,7071.865443425077,Karapakkam,4 BHK,2500+ sqft,Valid,Chennai,Not available in source data,15,35
10600000,1599,Karapakkam,3,0,0,1,1,1,1,1,1,0,1,1,0,1,0,1,1,1,0,1,1,0,0,0,0,0,1,0,0,0,0,0,0,0,0,0,0,10600000,1599,3,6629.1432145090685,Karapakkam,3 BHK,1500-2500 sqft,Valid,Chennai,Not available in source data,15,35
7213000,1173,Perungudi,2,0,0,0,0,1,0,1,0,0,1,0,0,0,0,0,1,1,0,0,0,0,0,0,0,0,0,1,0,0,0,0,0,0,0,0,0,7213000,1173,2,6149.190110826939,Perungudi,2 BHK,1000-1500 sqft,Valid,Chennai,Not available in source data,6,35
9741000,1584,Perungudi,3,0,0,0,0,1,0,1,0,0,1,0,0,0,0,0,1,1,0,0,0,0,0,0,0,0,0,1,0,0,0,0,0,0,0,0,0,9741000,1584,3,6149.621212121212,Perungudi,3 BHK,1500-2500 sqft,Valid,Chennai,Not available in source data,6,35
24600000,1970,Thiruvanmiyur,3,0,0,1,1,1,1,1,0,0,0,0,0,1,0,1,1,1,0,0,0,0,0,0,0,0,0,1,0,1,0,0,0,0,0,0,0,24600000,1970,3,12487.309644670051,Thiruvanmiyur,3 BHK,1500-2500 sqft,Valid,Chennai,Not available in source data,11,35
23300000,1871,Thiruvanmiyur,3,0,0,1,1,1,1,1,0,0,0,0,0,1,0,1,1,1,0,0,0,0,0,0,0,0,0,1,0,1,0,0,0,0,0,0,0,23300000,1871,3,12453.233564938535,Thiruvanmiyur,3 BHK,1500-2500 sqft,Valid,Chennai,Not available in source data,11,35
17800000,1431,Thiruvanmiyur,2,0,0,1,1,1,1,1,0,0,0,0,0,1,0,1,1,1,0,0,0,0,0,0,0,0,0,1,0,1,0,0,0,0,0,0,0,17800000,1431,2,12438.853948287911,Thiruvanmiyur,2 BHK,1000-1500 sqft,Valid,Chennai,Not available in source data,11,35
22799999,1831,Thiruvanmiyur,3,0,0,1,1,1,1,1,0,0,0,0,0,1,0,1,1,1,0,0,0,0,0,0,0,0,0,1,0,1,0,0,0,0,0,0,0,22799999,1831,3,12452.211359912617,Thiruvanmiyur,3 BHK,1500-2500 sqft,Valid,Chennai,Not available in source data,11,35
25299999,2394,Vadapalani,4,0,0,1,1,1,0,1,1,0,1,0,0,1,0,0,1,0,0,0,0,0,0,0,0,0,1,1,0,0,0,0,0,0,0,0,0,25299999,2394,4,10568.086466165414,Vadapalani,4 BHK,1500-2500 sqft,Valid,Chennai,Not available in source data,10,35
16000000,1517,Vadapalani,3,0,0,1,1,1,0,1,1,0,1,0,0,1,0,0,1,0,0,0,0,0,0,0,0,0,1,1,0,0,0,0,0,0,0,0,0,16000000,1517,3,10547.13249835201,Vadapalani,3 BHK,1500-2500 sqft,Valid,Chennai,Not available in source data,10,35
16000000,1516,Vadapalani,3,0,0,1,1,1,0,1,1,0,1,0,0,1,0,0,1,0,0,0,0,0,0,0,0,0,1,1,0,0,0,0,0,0,0,0,0,16000000,1516,3,10554.089709762533,Vadapalani,3 BHK,1500-2500 sqft,Valid,Chennai,Not available in source data,10,35
17800000,1685,Vadapalani,3,0,0,1,1,1,0,1,1,0,1,0,0,1,0,0,1,0,0,0,0,0,0,0,0,0,1,1,0,0,0,0,0,0,0,0,0,17800000,1685,3,10563.798219584569,Vadapalani,3 BHK,1500-2500 sqft,Valid,Chennai,Not available in source data,10,35
20700000,1954,Vadapalani,3,0,0,1,1,1,0,1,1,0,1,0,0,1,0,0,1,0,0,0,0,0,0,0,0,0,1,1,0,0,0,0,0,0,0,0,0,20700000,1954,3,10593.654042988741,Vadapalani,3 BHK,1500-2500 sqft,Valid,Chennai,Not available in source data,10,35
20000000,1888,Vadapalani,3,0,0,1,1,1,0,1,1,0,1,0,0,1,0,0,1,0,0,0,0,0,0,0,0,0,1,1,0,0,0,0,0,0,0,0,0,20000000,1888,3,10593.22033898305,Vadapalani,3 BHK,1500-2500 sqft,Valid,Chennai,Not available in source data,10,35
17900000,1695,Vadapalani,3,0,0,1,1,1,0,1,1,0,1,0,0,1,0,0,1,0,0,0,0,0,0,0,0,0,1,1,0,0,0,0,0,0,0,0,0,17900000,1695,3,10560.47197640118,Vadapalani,3 BHK,1500-2500 sqft,Valid,Chennai,Not available in source data,10,35
15800000,1496,Vadapalani,3,0,0,1,1,1,0,1,1,0,1,0,0,1,0,0,1,0,0,0,0,0,0,0,0,0,1,1,0,0,0,0,0,0,0,0,0,15800000,1496,3,10561.497326203209,Vadapalani,3 BHK,1000-1500 sqft,Valid,Chennai,Not available in source data,10,35
20000000,1891,Vadapalani,3,0,0,1,1,1,0,1,1,0,1,0,0,1,0,0,1,0,0,0,0,0,0,0,0,0,1,1,0,0,0,0,0,0,0,0,0,20000000,1891,3,10576.414595452141,Vadapalani,3 BHK,1500-2500 sqft,Valid,Chennai,Not available in source data,10,35
15800000,1495,Vadapalani,3,0,0,1,1,1,0,1,1,0,1,0,0,1,0,0,1,0,0,0,0,0,0,0,0,0,1,1,0,0,0,0,0,0,0,0,0,15800000,1495,3,10568.561872909699,Vadapalani,3 BHK,1000-1500 sqft,Valid,Chennai,Not available in source data,10,35
15600000,1474,Vadapalani,3,0,0,1,1,1,0,1,1,0,1,0,0,1,0,0,1,0,0,0,0,0,0,0,0,0,1,1,0,0,0,0,0,0,0,0,0,15600000,1474,3,10583.446404341927,Vadapalani,3 BHK,1000-1500 sqft,Valid,Chennai,Not available in source data,10,35
17000000,1611,Vadapalani,3,0,0,1,1,1,0,1,1,0,1,0,0,1,0,0,1,0,0,0,0,0,0,0,0,0,1,1,0,0,0,0,0,0,0,0,0,17000000,1611,3,10552.451893234016,Vadapalani,3 BHK,1500-2500 sqft,Valid,Chennai,Not available in source data,10,35
17000000,1610,Vadapalani,3,0,0,1,1,1,0,1,1,0,1,0,0,1,0,0,1,0,0,0,0,0,0,0,0,0,1,1,0,0,0,0,0,0,0,0,0,17000000,1610,3,10559.006211180124,Vadapalani,3 BHK,1500-2500 sqft,Valid,Chennai,Not available in source data,10,35
20299999,1923,Vadapalani,3,0,0,1,1,1,0,1,1,0,1,0,0,1,0,0,1,0,0,0,0,0,0,0,0,0,1,1,0,0,0,0,0,0,0,0,0,20299999,1923,3,10556.421736869475,Vadapalani,3 BHK,1500-2500 sqft,Valid,Chennai,Not available in source data,10,35
20400000,1925,Vadapalani,3,0,0,1,1,1,0,1,1,0,1,0,0,1,0,0,1,0,0,0,0,0,0,0,0,0,1,1,0,0,0,0,0,0,0,0,0,20400000,1925,3,10597.402597402597,Vadapalani,3 BHK,1500-2500 sqft,Valid,Chennai,Not available in source data,10,35
24900000,2350,Vadapalani,4,0,0,1,1,1,0,1,1,0,1,0,0,1,0,0,1,0,0,0,0,0,0,0,0,0,1,1,0,0,0,0,0,0,0,0,0,24900000,2350,4,10595.744680851063,Vadapalani,4 BHK,1500-2500 sqft,Valid,Chennai,Not available in source data,10,35
3202000,915,West Tambaram,2,0,0,0,0,0,0,1,0,0,0,0,0,0,0,1,1,1,0,0,0,0,0,0,0,0,0,0,0,0,0,0,0,0,0,0,0,3202000,915,2,3499.4535519125684,West Tambaram,2 BHK,500-1000 sqft,Valid,Chennai,Not available in source data,4,35
3202000,915,West Tambaram,2,0,0,0,0,0,0,1,0,0,0,0,0,0,0,1,1,1,0,0,0,0,0,0,0,0,0,1,0,0,0,0,0,0,0,0,0,3202000,915,2,3499.4535519125684,West Tambaram,2 BHK,500-1000 sqft,Valid,Chennai,Not available in source data,5,35
8900000,1018,Alandur,2,0,0,1,1,1,0,0,0,0,1,1,0,1,0,1,1,0,0,0,1,0,0,0,0,0,1,1,0,0,0,0,0,0,0,0,0,8900000,1018,2,8742.632612966601,Alandur,2 BHK,1000-1500 sqft,Valid,Chennai,Not available in source data,11,35
5400000,913,Kovur,2,0,0,1,1,1,1,1,1,0,1,1,0,1,0,1,1,1,0,1,0,0,0,0,0,0,1,1,0,0,0,0,0,0,0,0,0,5400000,913,2,5914.567360350493,Kovur,2 BHK,500-1000 sqft,Valid,Chennai,Not available in source data,15,35
5100000,994,Kelambakkam,2,0,0,1,1,0,0,0,0,0,1,1,0,1,0,0,1,0,0,0,0,0,0,0,0,0,1,1,0,0,0,0,0,0,0,0,0,5100000,994,2,5130.784708249497,Kelambakkam,2 BHK,500-1000 sqft,Valid,Chennai,Not available in source data,8,35
6500000,734,Thoraipakkam OMR,2,0,0,1,1,0,0,0,0,0,0,0,0,0,0,1,1,1,0,0,0,0,0,0,0,0,0,0,0,0,0,0,0,0,0,0,0,6500000,734,2,8855.58583106267,Thoraipakkam OMR,2 BHK,500-1000 sqft,Valid,Chennai,Not available in source data,5,35
3377000,965,Selaiyur,2,0,0,0,0,0,0,1,0,0,0,0,0,0,0,0,1,0,0,0,0,0,0,0,0,0,0,1,0,0,0,0,0,0,0,0,0,3377000,965,2,3499.481865284974,Selaiyur,2 BHK,500-1000 sqft,Valid,Chennai,Not available in source data,3,35
3885000,1110,West Tambaram,2,0,0,0,0,0,0,1,0,0,0,0,0,0,0,1,1,1,0,0,0,0,0,0,0,0,0,1,0,0,0,0,0,0,0,0,0,3885000,1110,2,3500.0,West Tambaram,2 BHK,1000-1500 sqft,Valid,Chennai,Not available in source data,5,35
4000000,1062,Vandalur,2,0,0,0,0,0,0,0,0,0,0,0,0,0,0,0,1,0,0,0,0,0,0,0,0,0,0,1,0,0,0,0,0,0,0,0,0,4000000,1062,2,3766.478342749529,Vandalur,2 BHK,1000-1500 sqft,Valid,Chennai,Not available in source data,2,35
4000000,1062,Vandalur,2,0,0,0,0,0,0,0,0,0,0,0,0,0,0,0,1,0,0,0,0,0,0,0,0,0,0,0,0,0,0,0,0,0,0,0,0,4000000,1062,2,3766.478342749529,Vandalur,2 BHK,1000-1500 sqft,Valid,Chennai,Not available in source data,1,35
4000000,1062,Vandalur,2,0,0,0,0,0,0,0,0,0,0,0,0,0,0,0,0,0,0,0,0,0,0,0,0,0,0,0,0,0,0,0,0,0,0,0,0,4000000,1062,2,3766.478342749529,Vandalur,2 BHK,1000-1500 sqft,Valid,Chennai,Not available in source data,0,35
3322000,852,Pozhichalur,2,0,0,0,0,0,0,0,0,0,0,0,0,0,0,0,1,1,0,0,0,0,0,0,0,0,0,0,0,0,0,0,0,0,0,0,0,3322000,852,2,3899.06103286385,Pozhichalur,2 BHK,500-1000 sqft,Valid,Chennai,Not available in source data,2,35
3065000,786,Pozhichalur,2,0,0,0,0,0,0,0,0,0,0,0,0,0,0,0,1,1,0,0,0,0,0,0,0,0,0,0,0,0,0,0,0,0,0,0,0,3065000,786,2,3899.4910941475828,Pozhichalur,2 BHK,500-1000 sqft,Valid,Chennai,Not available in source data,2,35
2808000,720,Pozhichalur,2,0,0,0,0,0,0,0,0,0,0,0,0,0,0,0,1,1,0,0,0,0,0,0,0,0,0,0,0,0,0,0,0,0,0,0,0,2808000,720,2,3900.0,Pozhichalur,2 BHK,500-1000 sqft,Valid,Chennai,Not available in source data,2,35
3276000,840,Pozhichalur,2,0,0,0,0,0,0,0,0,0,0,0,0,0,0,0,1,1,0,0,0,0,0,0,0,0,0,0,0,0,0,0,0,0,0,0,0,3276000,840,2,3900.0,Pozhichalur,2 BHK,500-1000 sqft,Valid,Chennai,Not available in source data,2,35
2909000,746,Pozhichalur,2,0,0,0,0,0,0,0,0,0,0,0,0,0,0,0,1,1,0,0,0,0,0,0,0,0,0,0,0,0,0,0,0,0,0,0,0,2909000,746,2,3899.4638069705093,Pozhichalur,2 BHK,500-1000 sqft,Valid,Chennai,Not available in source data,2,35
3049000,782,Pozhichalur,2,0,0,0,0,0,0,0,0,0,0,0,0,0,0,0,1,1,0,0,0,0,0,0,0,0,0,0,0,0,0,0,0,0,0,0,0,3049000,782,2,3898.976982097187,Pozhichalur,2 BHK,500-1000 sqft,Valid,Chennai,Not available in source data,2,35
2858000,733,Pozhichalur,2,0,0,0,0,0,0,0,0,0,0,0,0,0,0,0,1,1,0,0,0,0,0,0,0,0,0,0,0,0,0,0,0,0,0,0,0,2858000,733,2,3899.0450204638473,Pozhichalur,2 BHK,500-1000 sqft,Valid,Chennai,Not available in source data,2,35
8216000,1565,Kolathur,2,0,0,1,1,1,1,1,1,0,0,0,0,1,0,1,1,1,0,0,1,0,0,0,0,0,1,1,0,0,0,0,0,0,0,0,0,8216000,1565,2,5249.840255591054,Kolathur,2 BHK,1500-2500 sqft,Valid,Chennai,Not available in source data,13,35
6704000,1277,Kolathur,2,0,0,1,1,1,1,1,1,0,0,0,0,1,0,1,1,1,0,0,1,0,0,0,0,0,1,1,0,0,0,0,0,0,0,0,0,6704000,1277,2,5249.804228660924,Kolathur,2 BHK,1000-1500 sqft,Valid,Chennai,Not available in source data,13,35
9276000,1767,Kolathur,3,0,0,1,1,1,1,1,1,0,0,0,0,1,0,1,1,1,0,0,1,0,0,0,0,0,1,1,0,0,0,0,0,0,0,0,0,9276000,1767,3,5249.575551782683,Kolathur,3 BHK,1500-2500 sqft,Valid,Chennai,Not available in source data,13,35
10100000,1938,Kolathur,3,0,0,1,1,1,1,1,1,0,0,0,0,1,0,1,1,1,0,0,1,0,0,0,0,0,1,1,0,0,0,0,0,0,0,0,0,10100000,1938,3,5211.55830753354,Kolathur,3 BHK,1500-2500 sqft,Valid,Chennai,Not available in source data,13,35
13700000,2627,Kolathur,3,0,0,1,1,1,1,1,1,0,0,0,0,1,0,1,1,1,0,0,1,0,0,0,0,0,1,1,0,0,0,0,0,0,0,0,0,13700000,2627,3,5215.074229158736,Kolathur,3 BHK,2500+ sqft,Valid,Chennai,Not available in source data,13,35
16900000,3234,Kolathur,3,0,0,1,1,1,1,1,1,0,0,0,0,1,0,1,1,1,0,0,1,0,0,0,0,0,1,1,0,0,0,0,0,0,0,0,0,16900000,3234,3,5225.726654298083,Kolathur,3 BHK,2500+ sqft,Valid,Chennai,Not available in source data,13,35
10600000,2020,Kolathur,3,0,0,1,1,1,1,1,1,0,0,0,0,1,0,1,1,1,0,0,1,0,0,0,0,0,1,1,0,0,0,0,0,0,0,0,0,10600000,2020,3,5247.524752475248,Kolathur,3 BHK,1500-2500 sqft,Valid,Chennai,Not available in source data,13,35
7113000,1355,Kolathur,2,0,0,1,1,1,1,1,1,0,0,0,0,1,0,1,1,1,0,0,1,0,0,0,0,0,1,1,0,0,0,0,0,0,0,0,0,7113000,1355,2,5249.446494464944,Kolathur,2 BHK,1000-1500 sqft,Valid,Chennai,Not available in source data,13,35
8604000,1639,Kolathur,2,0,0,1,1,1,1,1,1,0,0,0,0,1,0,1,1,1,0,0,1,0,0,0,0,0,1,1,0,0,0,0,0,0,0,0,0,8604000,1639,2,5249.54240390482,Kolathur,2 BHK,1500-2500 sqft,Valid,Chennai,Not available in source data,13,35
9759000,1859,Kolathur,3,0,0,1,1,1,1,1,1,0,0,0,0,1,0,1,1,1,0,0,1,0,0,0,0,0,1,1,0,0,0,0,0,0,0,0,0,9759000,1859,3,5249.596557288865,Kolathur,3 BHK,1500-2500 sqft,Valid,Chennai,Not available in source data,13,35
9229000,1758,Kolathur,3,0,0,1,1,1,1,1,1,0,0,0,0,1,0,1,1,1,0,0,1,0,0,0,0,0,1,1,0,0,0,0,0,0,0,0,0,9229000,1758,3,5249.71558589306,Kolathur,3 BHK,1500-2500 sqft,Valid,Chennai,Not available in source data,13,35
12100000,1506,Madipakkam,3,0,0,1,0,1,1,0,1,0,0,0,0,1,0,1,1,1,0,0,1,0,0,0,0,0,1,1,0,0,0,0,0,0,0,0,0,12100000,1506,3,8034.528552456839,Madipakkam,3 BHK,1500-2500 sqft,Valid,Chennai,Not available in source data,11,35
11600000,1444,Madipakkam,3,0,0,1,0,1,1,0,1,0,0,0,0,1,0,1,1,1,0,0,1,0,0,0,0,0,1,1,0,0,0,0,0,0,0,0,0,11600000,1444,3,8033.2409972299165,Madipakkam,3 BHK,1000-1500 sqft,Valid,Chennai,Not available in source data,11,35
10200000,1282,Madipakkam,3,0,0,1,0,1,1,0,1,0,0,0,0,1,0,1,1,1,0,0,1,0,0,0,0,0,1,1,0,0,0,0,0,0,0,0,0,10200000,1282,3,7956.31825273011,Madipakkam,3 BHK,1000-1500 sqft,Valid,Chennai,Not available in source data,11,35
9742000,1215,Madipakkam,2,0,0,1,0,1,1,0,1,0,0,0,0,1,0,1,1,1,0,0,1,0,0,0,0,0,1,1,0,0,0,0,0,0,0,0,0,9742000,1215,2,8018.106995884774,Madipakkam,2 BHK,1000-1500 sqft,Valid,Chennai,Not available in source data,11,35
11700000,1464,Madipakkam,3,0,0,1,0,1,1,0,1,0,0,0,0,1,0,1,1,1,0,0,1,0,0,0,0,0,1,1,0,0,0,0,0,0,0,0,0,11700000,1464,3,7991.803278688524,Madipakkam,3 BHK,1000-1500 sqft,Valid,Chennai,Not available in source data,11,35
7867000,965,Madipakkam,2,0,0,1,0,1,1,0,1,0,0,0,0,1,0,1,1,1,0,0,1,0,0,0,0,0,1,1,0,0,0,0,0,0,0,0,0,7867000,965,2,8152.331606217616,Madipakkam,2 BHK,500-1000 sqft,Valid,Chennai,Not available in source data,11,35
8767000,1100,Madipakkam,2,0,0,1,0,1,1,0,1,0,0,0,0,1,0,1,1,1,0,0,1,0,0,0,0,0,1,1,0,0,0,0,0,0,0,0,0,8767000,1100,2,7970.0,Madipakkam,2 BHK,1000-1500 sqft,Valid,Chennai,Not available in source data,11,35
8589000,1068,Madipakkam,2,0,0,1,0,1,1,0,1,0,0,0,0,1,0,1,1,1,0,0,1,0,0,0,0,0,1,1,0,0,0,0,0,0,0,0,0,8589000,1068,2,8042.134831460674,Madipakkam,2 BHK,1000-1500 sqft,Valid,Chennai,Not available in source data,11,35
30000000,1975,Adyar,3,0,0,1,1,0,0,0,0,0,1,1,0,1,0,0,1,0,0,0,0,0,0,0,0,0,1,1,0,0,0,0,0,0,0,0,0,30000000,1975,3,15189.87341772152,Adyar,3 BHK,1500-2500 sqft,Valid,Chennai,Not available in source data,8,35
30000000,1975,Thiruvanmiyur,3,0,0,1,1,0,0,0,0,0,1,1,0,1,0,0,1,0,0,0,0,0,0,0,0,0,1,1,0,0,0,0,0,0,0,0,0,30000000,1975,3,15189.87341772152,Thiruvanmiyur,3 BHK,1500-2500 sqft,Valid,Chennai,Not available in source data,8,35
6500000,1024,Maduravoyal,2,0,0,1,1,0,0,0,0,0,1,1,0,1,0,0,1,0,0,0,0,0,0,0,0,0,1,1,0,0,0,0,0,0,0,0,0,6500000,1024,2,6347.65625,Maduravoyal,2 BHK,1000-1500 sqft,Valid,Chennai,Not available in source data,8,35
4000000,592,Vanagaram,1,0,0,1,1,0,0,0,0,0,1,1,0,1,0,0,1,0,0,0,0,0,0,0,0,0,1,1,0,0,0,0,0,0,0,0,0,4000000,592,1,6756.756756756757,Vanagaram,1 BHK,500-1000 sqft,Valid,Chennai,Not available in source data,8,35
9000000,1076,Pallavaram,2,0,0,1,1,1,0,1,1,0,1,1,0,1,0,0,1,0,0,0,1,0,0,0,0,0,1,1,0,0,0,0,0,0,0,0,0,9000000,1076,2,8364.312267657993,Pallavaram,2 BHK,1000-1500 sqft,Valid,Chennai,Not available in source data,12,35
4000000,1062,Peerakankaranai,2,0,0,0,0,0,0,0,0,0,0,0,0,0,0,0,1,0,0,0,0,0,0,0,0,0,0,1,0,0,0,0,0,0,0,0,0,4000000,1062,2,3766.478342749529,Peerakankaranai,2 BHK,1000-1500 sqft,Valid,Chennai,Not available in source data,2,35
4000000,1060,Vandalur,2,0,0,0,0,0,0,0,0,0,0,0,0,0,0,0,1,0,0,0,0,0,0,0,0,0,0,0,0,0,0,0,0,0,0,0,0,4000000,1060,2,3773.5849056603774,Vandalur,2 BHK,1000-1500 sqft,Valid,Chennai,Not available in source data,1,35
7500000,1276,Madhavaram,2,0,0,1,1,0,0,0,0,0,1,1,0,1,0,0,1,0,0,0,0,0,0,0,0,0,1,1,0,0,0,0,0,0,0,0,0,7500000,1276,2,5877.742946708464,Madhavaram,2 BHK,1000-1500 sqft,Valid,Chennai,Not available in source data,8,35
6396000,984,Kolathur,2,0,0,1,0,0,1,1,0,0,1,1,0,1,0,1,1,0,0,0,0,0,0,0,0,0,1,1,0,1,0,0,0,0,0,0,0,6396000,984,2,6500.0,Kolathur,2 BHK,500-1000 sqft,Valid,Chennai,Not available in source data,11,35
6389000,983,Kolathur,2,0,0,1,0,0,1,1,0,0,1,1,0,1,0,1,1,0,0,0,0,0,0,0,0,0,1,1,0,1,0,0,0,0,0,0,0,6389000,983,2,6499.491353001017,Kolathur,2 BHK,500-1000 sqft,Valid,Chennai,Not available in source data,11,35
6831000,1051,Anna Nagar,2,0,0,1,0,0,0,0,0,0,1,1,0,1,0,0,1,0,0,0,0,0,0,0,0,0,1,1,0,0,0,0,0,0,0,0,0,6831000,1051,2,6499.524262607041,Anna Nagar,2 BHK,1000-1500 sqft,Valid,Chennai,Not available in source data,7,35
6461000,994,Kolathur,2,0,0,1,0,0,1,1,0,0,1,1,0,1,0,1,1,0,0,0,0,0,0,0,0,0,1,1,0,1,0,0,0,0,0,0,0,6461000,994,2,6500.0,Kolathur,2 BHK,500-1000 sqft,Valid,Chennai,Not available in source data,11,35
6636000,1021,Anna Nagar,2,0,0,1,0,0,0,0,0,0,1,1,0,1,0,0,1,0,0,0,0,0,0,0,0,0,1,1,0,0,0,0,0,0,0,0,0,6636000,1021,2,6499.510284035259,Anna Nagar,2 BHK,1000-1500 sqft,Valid,Chennai,Not available in source data,7,35
6565000,1010,Anna Nagar,2,0,0,1,0,0,0,0,0,0,1,1,0,1,0,0,1,0,0,0,0,0,0,0,0,0,1,1,0,0,0,0,0,0,0,0,0,6565000,1010,2,6500.0,Anna Nagar,2 BHK,1000-1500 sqft,Valid,Chennai,Not available in source data,7,35
7569000,1321,Korattur,2,0,0,1,1,1,0,1,0,0,0,0,0,1,1,1,1,0,0,0,1,0,0,0,0,0,1,1,0,0,0,0,0,0,0,0,0,7569000,1321,2,5729.750189250568,Korattur,2 BHK,1000-1500 sqft,Valid,Chennai,Not available in source data,11,35
2725000,639,Avadi,2,0,0,0,1,0,0,0,0,0,0,0,0,1,0,0,1,0,0,0,0,0,0,0,0,0,0,1,0,0,0,0,0,0,0,0,0,2725000,639,2,4264.475743348983,Avadi,2 BHK,500-1000 sqft,Valid,Chennai,Not available in source data,4,35
2725000,645,Avadi,2,0,0,0,1,0,0,0,0,0,0,0,0,1,0,0,1,0,0,0,0,0,0,0,0,0,0,1,0,0,0,0,0,0,0,0,0,2725000,645,2,4224.806201550387,Avadi,2 BHK,500-1000 sqft,Valid,Chennai,Not available in source data,4,35
3500000,750,Sunnambu Kolathur S Kolathur,2,0,0,0,0,0,0,0,0,0,0,0,0,0,0,0,1,0,0,0,0,0,0,0,0,0,0,0,0,0,0,0,0,0,0,0,0,3500000,750,2,4666.666666666667,Sunnambu Kolathur S Kolathur,2 BHK,500-1000 sqft,Valid,Chennai,Not available in source data,1,35
6600000,1002,Gowrivakkam,2,0,0,1,1,0,1,1,0,0,1,1,0,1,0,0,1,0,0,0,0,0,0,0,0,0,1,1,0,0,0,0,0,0,0,0,0,6600000,1002,2,6586.826347305389,Gowrivakkam,2 BHK,1000-1500 sqft,Valid,Chennai,Not available in source data,10,35
7600000,984,Thoraipakkam,2,0,0,1,1,0,0,0,0,0,1,1,0,1,0,0,1,0,0,0,0,0,0,0,0,0,1,1,0,0,0,0,0,0,0,0,0,7600000,984,2,7723.577235772358,Thoraipakkam,2 BHK,500-1000 sqft,Valid,Chennai,Not available in source data,8,35
5900000,1123,Ullagaram,3,0,0,0,0,0,0,0,0,0,0,0,0,0,0,0,0,0,0,0,0,0,0,0,0,0,0,0,0,0,0,0,0,0,0,0,0,5900000,1123,3,5253.784505788068,Ullagaram,3 BHK,1000-1500 sqft,Valid,Chennai,Not available in source data,0,35
4600000,880,Kovilambakkam,2,0,0,0,0,0,0,0,0,0,0,0,0,0,0,0,0,0,0,0,0,0,0,0,0,0,0,0,0,0,0,0,0,0,0,0,0,4600000,880,2,5227.272727272727,Kovilambakkam,2 BHK,500-1000 sqft,Valid,Chennai,Not available in source data,0,35
5700000,1080,Kovilambakkam,3,0,0,0,0,0,0,0,0,0,0,0,0,0,0,0,0,0,0,0,0,0,0,0,0,0,0,0,0,0,0,0,0,0,0,0,0,5700000,1080,3,5277.777777777777,Kovilambakkam,3 BHK,1000-1500 sqft,Valid,Chennai,Not available in source data,0,35
4200000,809,Kovilambakkam,2,0,0,0,0,0,0,0,0,0,0,0,0,0,0,0,0,0,0,0,0,0,0,0,0,0,0,0,0,0,0,0,0,0,0,0,0,4200000,809,2,5191.59456118665,Kovilambakkam,2 BHK,500-1000 sqft,Valid,Chennai,Not available in source data,0,35
5861000,1058,Ullagaram,3,0,0,0,0,0,0,0,0,0,0,0,0,0,0,0,0,0,0,0,0,0,0,0,0,0,0,0,0,0,0,0,0,0,0,0,0,5861000,1058,3,5539.697542533081,Ullagaram,3 BHK,1000-1500 sqft,Valid,Chennai,Not available in source data,0,35
6138000,1116,Ullagaram,3,0,0,0,0,0,0,0,0,0,0,0,0,0,0,0,0,0,0,0,0,0,0,0,0,0,0,0,0,0,0,0,0,0,0,0,0,6138000,1116,3,5500.0,Ullagaram,3 BHK,1000-1500 sqft,Valid,Chennai,Not available in source data,0,35
6476000,1222,Ullagaram,3,0,0,0,0,0,0,0,0,0,0,0,0,0,0,0,0,0,0,0,0,0,0,0,0,0,0,0,0,0,0,0,0,0,0,0,0,6476000,1222,3,5299.509001636661,Ullagaram,3 BHK,1000-1500 sqft,Valid,Chennai,Not available in source data,0,35
3743000,871,Poonamallee,2,0,0,0,0,0,0,0,0,0,0,0,0,0,0,0,0,0,0,0,0,0,0,0,0,0,0,1,0,0,0,0,0,0,0,0,0,3743000,871,2,4297.35935706085,Poonamallee,2 BHK,500-1000 sqft,Valid,Chennai,Not available in source data,1,35
2850000,750,Mudichur,1,0,0,0,0,0,0,0,0,0,0,0,0,0,0,0,0,0,0,0,0,0,0,0,0,0,0,0,0,0,0,0,0,0,0,0,0,2850000,750,1,3800.0,Mudichur,1 BHK,500-1000 sqft,Valid,Chennai,Not available in source data,0,35
3173000,835,Thiruverkadu,2,0,0,0,0,0,0,0,0,0,0,0,0,0,0,0,0,0,0,0,0,0,0,0,0,0,0,0,0,0,0,0,0,0,0,0,0,3173000,835,2,3800.0,Thiruverkadu,2 BHK,500-1000 sqft,Valid,Chennai,Not available in source data,0,35
3743000,871,Poonamallee,2,0,0,0,0,0,0,0,0,0,0,0,0,0,0,0,0,0,0,0,0,0,0,0,0,0,0,0,0,0,0,0,0,0,0,0,0,3743000,871,2,4297.35935706085,Poonamallee,2 BHK,500-1000 sqft,Valid,Chennai,Not available in source data,0,35
4708000,984,Kattupakkam,2,0,0,0,0,0,0,0,0,0,0,0,0,0,0,0,0,0,0,0,0,0,0,0,0,0,0,1,0,0,0,0,0,0,0,0,0,4708000,984,2,4784.552845528456,Kattupakkam,2 BHK,500-1000 sqft,Valid,Chennai,Not available in source data,1,35
3094000,884,Thirumazhisai,2,0,0,0,0,0,0,0,0,0,0,0,0,0,0,0,0,0,0,0,0,0,0,0,0,0,0,0,0,0,0,0,0,0,0,0,0,3094000,884,2,3500.0,Thirumazhisai,2 BHK,500-1000 sqft,Valid,Chennai,Not available in source data,0,35
3956000,920,Poonamallee,2,0,0,0,0,0,0,0,0,0,0,0,0,0,0,0,0,0,0,0,0,0,0,0,0,0,0,1,0,0,0,0,0,0,0,0,0,3956000,920,2,4300.0,Poonamallee,2 BHK,500-1000 sqft,Valid,Chennai,Not available in source data,1,35
2880000,600,Kattupakkam,1,0,0,0,0,0,0,0,0,0,0,0,0,0,0,0,0,0,0,0,0,0,0,0,0,0,0,1,0,0,0,0,0,0,0,0,0,2880000,600,1,4800.0,Kattupakkam,1 BHK,500-1000 sqft,Valid,Chennai,Not available in source data,1,35
2743000,638,Poonamallee,1,0,0,0,0,0,0,0,0,0,0,0,0,0,0,0,0,0,0,0,0,0,0,0,0,0,0,1,0,0,0,0,0,0,0,0,0,2743000,638,1,4299.373040752351,Poonamallee,1 BHK,500-1000 sqft,Valid,Chennai,Not available in source data,1,35
3363000,885,Avadi,2,0,0,0,0,0,0,0,0,0,0,0,0,0,0,0,0,0,0,0,0,0,0,0,0,0,0,0,0,0,0,0,0,0,0,0,0,3363000,885,2,3800.0,Avadi,2 BHK,500-1000 sqft,Valid,Chennai,Not available in source data,0,35
2471000,706,Thirumazhisai,2,0,0,0,0,0,0,0,0,0,0,0,0,0,0,0,0,0,0,0,0,0,0,0,0,0,0,0,0,0,0,0,0,0,0,0,0,2471000,706,2,3500.0,Thirumazhisai,2 BHK,500-1000 sqft,Valid,Chennai,Not available in source data,0,35
3195000,841,Avadi,2,0,0,0,0,0,0,0,0,0,0,0,0,0,0,0,0,0,0,0,0,0,0,0,0,0,0,0,0,0,0,0,0,0,0,0,0,3195000,841,2,3799.0487514863257,Avadi,2 BHK,500-1000 sqft,Valid,Chennai,Not available in source data,0,35
4988000,1160,Poonamallee,2,0,0,0,0,0,0,0,0,0,0,0,0,0,0,0,0,0,0,0,0,0,0,0,0,0,0,1,0,0,0,0,0,0,0,0,0,4988000,1160,2,4300.0,Poonamallee,2 BHK,1000-1500 sqft,Valid,Chennai,Not available in source data,1,35
3250000,805,Ullagaram,2,0,0,0,0,0,0,0,0,0,0,0,0,0,0,0,0,0,0,0,0,0,0,0,0,0,0,0,0,0,0,0,0,0,0,0,0,3250000,805,2,4037.2670807453414,Ullagaram,2 BHK,500-1000 sqft,Valid,Chennai,Not available in source data,0,35
3300000,809,Ullagaram,2,0,0,0,0,0,0,0,0,0,0,0,0,0,0,0,0,0,0,0,0,0,0,0,0,0,0,0,0,0,0,0,0,0,0,0,0,3300000,809,2,4079.1100123609394,Ullagaram,2 BHK,500-1000 sqft,Valid,Chennai,Not available in source data,0,35
8214000,1439,Korattur,3,0,0,1,1,1,0,1,0,0,0,0,0,1,1,1,1,0,0,0,1,0,0,0,0,0,1,1,0,0,0,0,0,0,0,0,0,8214000,1439,3,5708.13064628214,Korattur,3 BHK,1000-1500 sqft,Valid,Chennai,Not available in source data,11,35
3893000,614,Korattur,2,0,0,1,1,1,0,1,0,0,0,0,0,1,1,1,1,0,0,0,1,0,0,0,0,0,1,1,0,0,0,0,0,0,0,0,0,3893000,614,2,6340.390879478828,Korattur,2 BHK,500-1000 sqft,Valid,Chennai,Not available in source data,11,35
10700000,1909,Korattur,4,0,0,1,1,1,0,1,0,0,0,0,0,1,1,1,1,0,0,0,1,0,0,0,0,0,1,1,0,0,0,0,0,0,0,0,0,10700000,1909,4,5605.028810895757,Korattur,4 BHK,1500-2500 sqft,Valid,Chennai,Not available in source data,11,35
6434000,1092,Manapakkam,3,0,0,0,0,0,0,0,0,0,0,0,0,0,0,0,0,0,0,0,0,0,0,0,0,0,0,0,0,0,0,0,0,0,0,0,0,6434000,1092,3,5891.941391941392,Manapakkam,3 BHK,1000-1500 sqft,Valid,Chennai,Not available in source data,0,35
4623000,797,Manapakkam,2,0,0,0,0,0,0,0,0,0,0,0,0,0,0,0,0,0,0,0,0,0,0,0,0,0,0,1,0,0,0,0,0,0,0,0,0,4623000,797,2,5800.501882057716,Manapakkam,2 BHK,500-1000 sqft,Valid,Chennai,Not available in source data,1,35
4733000,816,Manapakkam,2,0,0,0,0,0,0,0,0,0,0,0,0,0,0,0,0,0,0,0,0,0,0,0,0,0,0,0,0,0,0,0,0,0,0,0,0,4733000,816,2,5800.245098039216,Manapakkam,2 BHK,500-1000 sqft,Valid,Chennai,Not available in source data,0,35
4733000,816,Manapakkam,2,0,0,0,0,0,0,0,0,0,0,0,0,0,0,0,0,0,0,0,0,0,0,0,0,0,0,1,0,0,0,0,0,0,0,0,0,4733000,816,2,5800.245098039216,Manapakkam,2 BHK,500-1000 sqft,Valid,Chennai,Not available in source data,1,35
3422999,835,Kattankulathur,2,0,0,0,0,0,0,0,0,0,0,0,0,0,0,0,0,0,0,0,0,0,0,0,0,0,0,1,0,0,0,0,0,0,0,0,0,3422999,835,2,4099.4,Kattankulathur,2 BHK,500-1000 sqft,Valid,Chennai,Not available in source data,1,35
3461000,845,Kattankulathur,2,0,0,0,0,0,0,0,0,0,0,0,0,0,0,0,0,0,0,0,0,0,0,0,0,0,0,1,0,0,0,0,0,0,0,0,0,3461000,845,2,4095.8579881656806,Kattankulathur,2 BHK,500-1000 sqft,Valid,Chennai,Not available in source data,1,35
5063000,1220,Kattankulathur,3,0,0,0,0,0,0,0,0,0,0,0,0,0,0,0,0,0,0,0,0,0,0,0,0,0,0,1,0,0,0,0,0,0,0,0,0,5063000,1220,3,4150.0,Kattankulathur,3 BHK,1000-1500 sqft,Valid,Chennai,Not available in source data,1,35
6500000,1159,Vanagaram,2,0,0,1,1,0,0,0,0,0,1,1,0,1,0,0,1,0,0,0,0,0,0,0,0,0,1,1,0,0,0,0,0,0,0,0,0,6500000,1159,2,5608.283002588439,Vanagaram,2 BHK,1000-1500 sqft,Valid,Chennai,Not available in source data,8,35
6500000,1159,Mogappair,2,0,0,1,1,0,0,0,0,0,1,1,0,1,0,0,1,0,0,0,0,0,0,0,0,0,1,1,0,0,0,0,0,0,0,0,0,6500000,1159,2,5608.283002588439,Mogappair,2 BHK,1000-1500 sqft,Valid,Chennai,Not available in source data,8,35
6500000,1131,Ayanambakkam,2,0,0,1,1,1,1,0,1,0,1,1,0,1,0,1,1,0,0,0,1,0,0,0,0,0,1,1,0,0,0,0,0,0,0,0,0,6500000,1131,2,5747.126436781609,Ayanambakkam,2 BHK,1000-1500 sqft,Valid,Chennai,Not available in source data,13,35
4011999,1056,Kundrathur,3,0,0,0,0,0,0,0,0,0,0,0,0,0,0,0,1,0,0,0,0,0,0,0,0,0,0,1,0,0,0,0,0,0,0,0,0,4011999,1056,3,3799.2414772727275,Kundrathur,3 BHK,1000-1500 sqft,Valid,Chennai,Not available in source data,2,35
5647000,1255,Kolapakkam,3,0,0,0,0,0,0,0,0,0,0,0,0,0,0,0,1,0,0,0,0,0,0,0,0,0,0,1,0,0,0,0,0,0,0,0,0,5647000,1255,3,4499.601593625498,Kolapakkam,3 BHK,1000-1500 sqft,Valid,Chennai,Not available in source data,2,35
4545000,1010,Porur,2,0,0,0,0,0,0,0,0,0,0,0,0,0,0,0,1,0,0,0,0,0,0,0,0,0,0,1,0,0,0,0,0,0,0,0,0,4545000,1010,2,4500.0,Porur,2 BHK,1000-1500 sqft,Valid,Chennai,Not available in source data,2,35
3879000,862,Kolapakkam,2,0,0,0,0,0,0,0,0,0,0,0,0,0,0,0,1,0,0,0,0,0,0,0,0,0,0,1,0,0,0,0,0,0,0,0,0,3879000,862,2,4500.0,Kolapakkam,2 BHK,500-1000 sqft,Valid,Chennai,Not available in source data,2,35
3879000,862,Kolapakkam,2,0,0,0,0,0,0,0,0,0,0,0,0,0,0,0,0,0,0,0,0,0,0,0,0,0,0,0,0,0,0,0,0,0,0,0,0,3879000,862,2,4500.0,Kolapakkam,2 BHK,500-1000 sqft,Valid,Chennai,Not available in source data,0,35
2416000,636,Kundrathur,2,0,0,0,0,0,0,0,0,0,0,0,0,0,0,0,0,0,0,0,0,0,0,0,0,0,0,1,0,0,0,0,0,0,0,0,0,2416000,636,2,3798.7421383647797,Kundrathur,2 BHK,500-1000 sqft,Valid,Chennai,Not available in source data,1,35
2250000,411,Medavakkam,1,0,0,1,1,0,1,0,1,0,0,0,0,0,0,0,0,0,0,0,1,0,0,0,0,0,1,0,0,0,0,0,0,0,0,0,0,2250000,411,1,5474.4525547445255,Medavakkam,1 BHK,<500 sqft,Valid,Chennai,Not available in source data,6,35
2584000,472,Medavakkam,1,0,0,1,1,0,1,0,1,0,0,0,0,0,0,0,0,0,0,0,1,0,0,0,0,0,1,0,0,0,0,0,0,0,0,0,0,2584000,472,1,5474.576271186441,Medavakkam,1 BHK,<500 sqft,Valid,Chennai,Not available in source data,6,35
3934000,622,Korattur,2,0,0,1,1,1,0,1,0,0,0,0,0,1,1,1,1,0,0,0,1,0,0,0,0,0,1,1,0,0,0,0,0,0,0,0,0,3934000,622,2,6324.75884244373,Korattur,2 BHK,500-1000 sqft,Valid,Chennai,Not available in source data,11,35
9643000,1691,Korattur,3,0,0,1,1,1,0,1,0,0,0,0,0,1,1,1,1,0,0,0,1,0,0,0,0,0,1,1,0,0,0,0,0,0,0,0,0,9643000,1691,3,5702.54287403903,Korattur,3 BHK,1500-2500 sqft,Valid,Chennai,Not available in source data,11,35
6618000,1138,Korattur,2,0,0,1,1,1,0,1,0,0,0,0,0,1,1,1,1,0,0,0,1,0,0,0,0,0,1,1,0,0,0,0,0,0,0,0,0,6618000,1138,2,5815.465729349737,Korattur,2 BHK,1000-1500 sqft,Valid,Chennai,Not available in source data,11,35
9861000,1569,Karapakkam,3,0,0,1,1,0,1,0,0,0,1,0,0,0,0,1,1,1,0,1,1,0,0,0,0,0,1,1,0,0,0,0,0,0,0,0,0,9861000,1569,3,6284.894837476099,Karapakkam,3 BHK,1500-2500 sqft,Valid,Chennai,Not available in source data,11,35
7530000,1208,Karapakkam,2,0,0,1,1,0,1,0,0,0,1,0,0,0,0,1,1,1,0,1,1,0,0,0,0,0,1,1,0,0,0,0,0,0,0,0,0,7530000,1208,2,6233.443708609271,Karapakkam,2 BHK,1000-1500 sqft,Valid,Chennai,Not available in source data,11,35
8161000,1316,Karapakkam,2,0,0,1,1,0,1,0,0,0,1,0,0,0,0,1,1,1,0,1,1,0,0,0,0,0,1,1,0,0,0,0,0,0,0,0,0,8161000,1316,2,6201.367781155015,Karapakkam,2 BHK,1000-1500 sqft,Valid,Chennai,Not available in source data,11,35
10000000,1647,Karapakkam,3,0,0,1,1,0,1,0,0,0,1,0,0,0,0,1,1,1,0,1,1,0,0,0,0,0,1,1,0,0,0,0,0,0,0,0,0,10000000,1647,3,6071.645415907711,Karapakkam,3 BHK,1500-2500 sqft,Valid,Chennai,Not available in source data,11,35
7652000,1229,Karapakkam,2,0,0,1,1,0,1,0,0,0,1,0,0,0,0,1,1,1,0,1,1,0,0,0,0,0,1,1,0,0,0,0,0,0,0,0,0,7652000,1229,2,6226.20016273393,Karapakkam,2 BHK,1000-1500 sqft,Valid,Chennai,Not available in source data,11,35
9925000,1618,Karapakkam,3,0,0,1,1,0,1,0,0,0,1,0,0,0,0,1,1,1,0,1,1,0,0,0,0,0,1,1,0,0,0,0,0,0,0,0,0,9925000,1618,3,6134.116192830656,Karapakkam,3 BHK,1500-2500 sqft,Valid,Chennai,Not available in source data,11,35
7641000,1227,Karapakkam,2,0,0,1,1,0,1,0,0,0,1,0,0,0,0,1,1,1,0,1,1,0,0,0,0,0,1,1,0,0,0,0,0,0,0,0,0,7641000,1227,2,6227.383863080685,Karapakkam,2 BHK,1000-1500 sqft,Valid,Chennai,Not available in source data,11,35
7997000,1288,Karapakkam,2,0,0,1,1,0,1,0,0,0,1,0,0,0,0,1,1,1,0,1,1,0,0,0,0,0,1,1,0,0,0,0,0,0,0,0,0,7997000,1288,2,6208.850931677019,Karapakkam,2 BHK,1000-1500 sqft,Valid,Chennai,Not available in source data,11,35
8079000,1302,Karapakkam,2,0,0,1,1,0,1,0,0,0,1,0,0,0,0,1,1,1,0,1,1,0,0,0,0,0,1,1,0,0,0,0,0,0,0,0,0,8079000,1302,2,6205.069124423963,Karapakkam,2 BHK,1000-1500 sqft,Valid,Chennai,Not available in source data,11,35
7483000,1200,Karapakkam,2,0,0,1,1,0,1,0,0,0,1,0,0,0,0,1,1,1,0,1,1,0,0,0,0,0,1,1,0,0,0,0,0,0,0,0,0,7483000,1200,2,6235.833333333333,Karapakkam,2 BHK,1000-1500 sqft,Valid,Chennai,Not available in source data,11,35
7664000,1231,Karapakkam,2,0,0,1,1,0,1,0,0,0,1,0,0,0,0,1,1,1,0,1,1,0,0,0,0,0,1,1,0,0,0,0,0,0,0,0,0,7664000,1231,2,6225.83265637693,Karapakkam,2 BHK,1000-1500 sqft,Valid,Chennai,Not available in source data,11,35
7658000,1230,Karapakkam,2,0,0,1,1,0,1,0,0,0,1,0,0,0,0,1,1,1,0,1,1,0,0,0,0,0,1,1,0,0,0,0,0,0,0,0,0,7658000,1230,2,6226.016260162602,Karapakkam,2 BHK,1000-1500 sqft,Valid,Chennai,Not available in source data,11,35
4000000,738,Medavakkam,2,0,0,1,1,0,1,0,1,0,0,0,0,0,0,0,0,0,0,0,1,0,0,0,0,0,1,0,0,0,0,0,0,0,0,0,0,4000000,738,2,5420.054200542006,Medavakkam,2 BHK,500-1000 sqft,Valid,Chennai,Not available in source data,6,35
2890000,528,Medavakkam,1,0,0,1,1,0,1,0,1,0,0,0,0,0,0,0,0,0,0,0,1,0,0,0,0,0,1,0,0,0,0,0,0,0,0,0,0,2890000,528,1,5473.484848484848,Medavakkam,1 BHK,500-1000 sqft,Valid,Chennai,Not available in source data,6,35
2075000,379,Medavakkam,1,0,0,1,1,0,1,0,1,0,0,0,0,0,0,0,0,0,0,0,1,0,0,0,0,0,1,0,0,0,0,0,0,0,0,0,0,2075000,379,1,5474.934036939314,Medavakkam,1 BHK,<500 sqft,Valid,Chennai,Not available in source data,6,35
7700000,1414,Medavakkam,3,0,0,1,1,0,1,0,1,0,0,0,0,0,0,0,0,0,0,0,1,0,0,0,0,0,1,0,0,0,0,0,0,0,0,0,0,7700000,1414,3,5445.544554455446,Medavakkam,3 BHK,1000-1500 sqft,Valid,Chennai,Not available in source data,6,35
5256000,960,Medavakkam,2,0,0,1,1,0,1,0,1,0,0,0,0,0,0,0,0,0,0,0,1,0,0,0,0,0,1,0,0,0,0,0,0,0,0,0,0,5256000,960,2,5475.0,Medavakkam,2 BHK,500-1000 sqft,Valid,Chennai,Not available in source data,6,35
4790000,875,Medavakkam,2,0,0,1,1,0,1,0,1,0,0,0,0,0,0,0,0,0,0,0,1,0,0,0,0,0,1,0,0,0,0,0,0,0,0,0,0,4790000,875,2,5474.285714285715,Medavakkam,2 BHK,500-1000 sqft,Valid,Chennai,Not available in source data,6,35
7800000,1428,Medavakkam,3,0,0,1,1,0,1,0,1,0,0,0,0,0,0,0,0,0,0,0,1,0,0,0,0,0,1,0,0,0,0,0,0,0,0,0,0,7800000,1428,3,5462.18487394958,Medavakkam,3 BHK,1000-1500 sqft,Valid,Chennai,Not available in source data,6,35
4188000,765,Medavakkam,2,0,0,1,1,0,1,0,1,0,0,0,0,0,0,0,0,0,0,0,1,0,0,0,0,0,1,0,0,0,0,0,0,0,0,0,0,4188000,765,2,5474.509803921569,Medavakkam,2 BHK,500-1000 sqft,Valid,Chennai,Not available in source data,6,35
4000000,748,Medavakkam,2,0,0,1,1,0,1,0,1,0,0,0,0,0,0,0,0,0,0,0,1,0,0,0,0,0,1,0,0,0,0,0,0,0,0,0,0,4000000,748,2,5347.593582887701,Medavakkam,2 BHK,500-1000 sqft,Valid,Chennai,Not available in source data,6,35
12500000,1500,Thoraipakkam OMR,3,0,0,1,1,1,1,1,1,0,1,1,0,1,0,1,1,1,0,1,1,0,0,0,0,0,1,1,0,1,0,0,0,0,0,0,0,12500000,1500,3,8333.333333333334,Thoraipakkam OMR,3 BHK,1500-2500 sqft,Valid,Chennai,Not available in source data,17,35
9086000,1298,Velachery,3,0,0,0,0,0,0,0,0,0,0,0,0,0,0,0,1,0,0,0,0,0,1,0,0,0,0,1,0,0,0,0,1,1,0,0,0,9086000,1298,3,7000.0,Velachery,3 BHK,1000-1500 sqft,Valid,Chennai,Not available in source data,5,35
8043000,1149,Velachery,3,0,0,0,0,0,0,0,0,0,0,0,0,0,0,0,0,0,0,0,0,0,0,0,0,0,0,0,0,0,0,0,0,0,0,0,0,8043000,1149,3,7000.0,Velachery,3 BHK,1000-1500 sqft,Valid,Chennai,Not available in source data,0,35
8043000,1149,Velachery,3,0,0,0,0,0,0,0,0,0,0,0,0,0,0,0,1,0,0,0,0,0,0,0,0,0,0,1,0,0,0,0,1,1,0,0,1,8043000,1149,3,7000.0,Velachery,3 BHK,1000-1500 sqft,Valid,Chennai,Not available in source data,5,35
7476000,1068,Velachery,2,0,0,0,0,0,0,0,0,0,0,0,0,0,0,0,0,0,0,0,0,0,0,0,0,0,0,0,0,0,0,0,0,0,0,0,0,7476000,1068,2,7000.0,Velachery,2 BHK,1000-1500 sqft,Valid,Chennai,Not available in source data,0,35
7476000,1068,Velachery,2,0,0,0,0,0,0,0,0,0,0,0,0,0,0,0,1,0,0,0,0,0,0,0,0,0,0,1,0,0,0,0,1,1,0,0,1,7476000,1068,2,7000.0,Velachery,2 BHK,1000-1500 sqft,Valid,Chennai,Not available in source data,5,35
6593000,899,Velachery,2,0,0,0,0,0,0,0,0,0,0,0,0,0,0,0,1,0,0,0,0,0,0,0,0,0,0,1,0,0,0,0,1,1,0,0,1,6593000,899,2,7333.704115684093,Velachery,2 BHK,500-1000 sqft,Valid,Chennai,Not available in source data,5,35
4519000,1078,Sithalapakkam,3,0,0,0,0,0,0,0,0,0,0,0,0,0,0,0,1,0,0,0,0,0,0,0,0,0,0,1,0,0,0,0,1,1,0,0,1,4519000,1078,3,4192.0222634508345,Sithalapakkam,3 BHK,1000-1500 sqft,Valid,Chennai,Not available in source data,5,35
3810000,905,Sithalapakkam,2,0,0,0,0,0,0,0,0,0,0,0,0,0,0,0,1,0,0,0,0,0,0,0,0,0,0,1,0,0,0,0,1,1,0,0,1,3810000,905,2,4209.944751381216,Sithalapakkam,2 BHK,500-1000 sqft,Valid,Chennai,Not available in source data,5,35
3615999,882,Sithalapakkam,2,0,0,0,0,0,0,0,0,0,0,0,0,0,0,0,1,0,0,0,0,0,0,0,0,0,0,1,0,0,0,0,1,1,0,0,1,3615999,882,2,4099.772108843537,Sithalapakkam,2 BHK,500-1000 sqft,Valid,Chennai,Not available in source data,5,35
3277000,775,Sithalapakkam,2,0,0,0,0,0,0,0,0,0,0,0,0,0,0,0,1,0,0,0,0,0,0,0,0,0,0,1,0,0,0,0,1,1,0,0,1,3277000,775,2,4228.387096774193,Sithalapakkam,2 BHK,500-1000 sqft,Valid,Chennai,Not available in source data,5,35
5244000,1201,Medavakkam,3,0,0,0,0,0,0,0,0,0,0,0,0,0,0,0,1,0,0,0,0,0,0,0,0,0,0,1,0,0,0,0,1,1,0,0,1,5244000,1201,3,4366.361365528726,Medavakkam,3 BHK,1000-1500 sqft,Valid,Chennai,Not available in source data,5,35
4563000,1039,Medavakkam,2,0,0,0,0,0,0,0,0,0,0,0,0,0,0,0,1,0,0,0,0,0,0,0,0,0,0,1,0,0,0,0,1,1,0,0,1,4563000,1039,2,4391.72281039461,Medavakkam,2 BHK,1000-1500 sqft,Valid,Chennai,Not available in source data,5,35
4278000,971,Medavakkam,2,0,0,0,0,0,0,0,0,0,0,0,0,0,0,0,1,0,0,0,0,0,0,0,0,0,0,1,0,0,0,0,1,1,0,0,1,4278000,971,2,4405.767250257467,Medavakkam,2 BHK,500-1000 sqft,Valid,Chennai,Not available in source data,5,35
3875000,899,Medavakkam,2,0,0,0,0,0,0,0,0,0,0,0,0,0,0,0,1,0,0,0,0,0,0,0,0,0,0,1,0,0,0,0,1,1,0,0,1,3875000,899,2,4310.3448275862065,Medavakkam,2 BHK,500-1000 sqft,Valid,Chennai,Not available in source data,5,35
3479999,781,Vengaivasal,2,0,0,0,0,0,0,0,0,0,0,0,0,0,0,0,1,0,0,0,0,0,0,0,0,0,0,1,0,0,0,0,1,1,0,0,1,3479999,781,2,4455.824583866837,Vengaivasal,2 BHK,500-1000 sqft,Valid,Chennai,Not available in source data,5,35
15400000,1100,Thiruvanmiyur,3,0,0,0,0,0,0,0,0,0,0,0,0,0,0,0,1,0,0,0,0,0,0,0,0,0,0,1,0,0,0,0,1,1,0,0,1,15400000,1100,3,14000.0,Thiruvanmiyur,3 BHK,1000-1500 sqft,Valid,Chennai,Not available in source data,5,35
7342000,1266,Kilkattalai,3,0,0,0,0,0,0,0,0,0,0,0,0,0,0,0,1,0,0,0,0,0,0,0,0,0,0,1,0,0,0,0,1,1,0,0,1,7342000,1266,3,5799.368088467614,Kilkattalai,3 BHK,1000-1500 sqft,Valid,Chennai,Not available in source data,5,35
5800000,1000,Kilkattalai,2,0,0,0,0,0,0,0,0,0,0,0,0,0,0,0,1,0,0,0,0,0,0,0,0,0,0,1,0,0,0,0,1,1,0,0,1,5800000,1000,2,5800.0,Kilkattalai,2 BHK,1000-1500 sqft,Valid,Chennai,Not available in source data,5,35
5689000,981,Kilkattalai,2,0,0,0,0,0,0,0,0,0,0,0,0,0,0,0,1,0,0,0,0,0,0,0,0,0,0,1,0,0,0,0,1,1,0,0,1,5689000,981,2,5799.184505606524,Kilkattalai,2 BHK,500-1000 sqft,Valid,Chennai,Not available in source data,5,35
5870000,1223,Nanmangalam,3,0,0,0,0,0,0,0,0,0,0,0,0,0,0,0,1,0,0,0,0,0,0,0,0,0,0,1,0,0,0,0,1,1,0,0,1,5870000,1223,3,4799.672935404742,Nanmangalam,3 BHK,1000-1500 sqft,Valid,Chennai,Not available in source data,5,35
5140000,1071,Nanmangalam,3,0,0,0,0,0,0,0,0,0,0,0,0,0,0,0,1,0,0,0,0,0,1,0,0,0,0,1,0,0,0,0,1,1,0,0,0,5140000,1071,3,4799.253034547152,Nanmangalam,3 BHK,1000-1500 sqft,Valid,Chennai,Not available in source data,5,35
4784000,955,Nanmangalam,2,0,0,0,0,0,0,0,0,0,0,0,0,0,0,0,1,0,0,0,0,0,0,0,0,0,0,1,0,0,0,0,0,1,0,0,1,4784000,955,2,5009.424083769633,Nanmangalam,2 BHK,500-1000 sqft,Valid,Chennai,Not available in source data,4,35
4520000,900,Nanmangalam,2,0,0,0,0,0,0,0,0,0,0,0,0,0,0,0,1,0,0,0,0,0,0,0,0,0,0,1,0,0,0,0,1,1,0,0,1,4520000,900,2,5022.222222222223,Nanmangalam,2 BHK,500-1000 sqft,Valid,Chennai,Not available in source data,5,35
4084000,851,Nanmangalam,2,0,0,0,0,0,0,0,0,0,0,0,0,0,0,0,1,0,0,0,0,0,0,0,0,0,0,1,0,0,0,0,1,1,0,0,1,4084000,851,2,4799.059929494712,Nanmangalam,2 BHK,500-1000 sqft,Valid,Chennai,Not available in source data,5,35
2273000,530,Nanmangalam,1,0,0,0,0,0,0,0,0,0,0,0,0,0,0,0,0,0,0,0,0,0,0,0,0,0,0,1,0,0,0,0,1,1,0,0,1,2273000,530,1,4288.679245283019,Nanmangalam,1 BHK,500-1000 sqft,Valid,Chennai,Not available in source data,4,35
7450000,1300,Medavakkam,3,0,0,0,0,0,0,0,0,0,0,0,0,0,0,0,1,0,0,0,0,0,1,0,0,0,0,1,0,0,0,0,1,1,0,0,1,7450000,1300,3,5730.7692307692305,Medavakkam,3 BHK,1000-1500 sqft,Valid,Chennai,Not available in source data,6,35
7130000,1260,Medavakkam,3,0,0,0,0,0,0,0,0,0,0,0,0,0,0,0,1,0,0,0,0,0,0,0,0,0,0,1,0,0,0,0,1,1,0,0,1,7130000,1260,3,5658.730158730159,Medavakkam,3 BHK,1000-1500 sqft,Valid,Chennai,Not available in source data,5,35
6088000,1107,Medavakkam,3,0,0,0,0,0,0,0,0,0,0,0,0,0,0,0,1,0,0,0,0,0,0,0,0,0,0,1,0,0,0,0,1,1,0,0,1,6088000,1107,3,5499.5483288166215,Medavakkam,3 BHK,1000-1500 sqft,Valid,Chennai,Not available in source data,5,35
5200000,1200,Selaiyur,3,0,0,1,0,0,0,0,0,0,1,1,0,0,0,0,1,0,0,0,0,0,0,0,0,0,1,0,0,0,0,0,0,0,0,0,0,5200000,1200,3,4333.333333333333,Selaiyur,3 BHK,1000-1500 sqft,Valid,Chennai,Not available in source data,5,35
4000000,954,Selaiyur,2,0,0,1,0,0,0,0,0,0,1,1,0,0,0,0,1,0,0,0,0,0,0,0,0,0,1,1,0,0,0,0,0,0,0,0,0,4000000,954,2,4192.8721174004195,Selaiyur,2 BHK,500-1000 sqft,Valid,Chennai,Not available in source data,6,35
4500000,954,Madambakkam,2,0,0,1,0,0,0,0,0,0,1,1,0,0,0,0,1,0,0,0,0,0,0,0,0,0,1,1,0,0,0,0,0,0,0,0,0,4500000,954,2,4716.981132075472,Madambakkam,2 BHK,500-1000 sqft,Valid,Chennai,Not available in source data,6,35
5000000,954,Selaiyur,2,0,0,1,0,0,0,0,0,0,1,1,0,0,0,0,1,0,0,0,0,0,0,0,0,0,1,1,0,0,0,0,0,0,0,0,0,5000000,954,2,5241.090146750524,Selaiyur,2 BHK,500-1000 sqft,Valid,Chennai,Not available in source data,6,35
6336000,1320,Annanagar,3,0,0,0,0,0,0,0,0,0,0,0,0,0,0,0,1,0,0,0,0,0,0,0,0,0,0,1,0,0,0,0,0,0,0,0,0,6336000,1320,3,4800.0,Annanagar,3 BHK,1000-1500 sqft,Valid,Chennai,Not available in source data,2,35
6336000,1320,Chengalpattu,3,0,0,0,0,0,0,0,0,0,0,0,0,0,0,0,1,0,0,0,0,0,0,0,0,0,0,1,0,0,0,0,0,0,0,0,0,6336000,1320,3,4800.0,Chengalpattu,3 BHK,1000-1500 sqft,Valid,Chennai,Not available in source data,2,35
5380000,1135,Medavakkam,3,0,0,0,0,0,0,0,0,0,0,0,0,0,0,0,1,0,0,0,0,0,0,0,0,0,0,1,0,0,0,0,1,1,0,0,1,5380000,1135,3,4740.0881057268725,Medavakkam,3 BHK,1000-1500 sqft,Valid,Chennai,Not available in source data,5,35
2428000,495,Medavakkam,1,0,0,0,0,0,0,0,0,0,0,0,0,0,0,0,1,0,0,0,0,0,0,0,0,0,0,1,0,0,0,0,1,1,0,0,1,2428000,495,1,4905.050505050505,Medavakkam,1 BHK,<500 sqft,Valid,Chennai,Not available in source data,5,35
4628000,960,Medavakkam,2,0,0,0,0,0,0,0,0,0,0,0,0,0,0,0,1,0,0,0,0,0,0,0,0,0,0,1,0,0,0,0,1,1,0,0,1,4628000,960,2,4820.833333333333,Medavakkam,2 BHK,500-1000 sqft,Valid,Chennai,Not available in source data,5,35
4069000,830,Medavakkam,2,0,0,0,0,0,0,0,0,0,0,0,0,0,0,0,1,0,0,0,0,0,0,0,0,0,0,1,0,0,0,0,1,1,0,0,1,4069000,830,2,4902.409638554217,Medavakkam,2 BHK,500-1000 sqft,Valid,Chennai,Not available in source data,5,35
3789000,765,Medavakkam,2,0,0,0,0,0,0,0,0,0,0,0,0,0,0,0,1,0,0,0,0,0,0,0,0,0,0,1,0,0,0,0,1,1,0,0,1,3789000,765,2,4952.941176470588,Medavakkam,2 BHK,500-1000 sqft,Valid,Chennai,Not available in source data,5,35
5090000,1020,Pallikaranai,2,0,0,0,0,0,0,0,0,0,0,0,0,0,0,0,1,0,0,0,0,0,0,0,0,0,0,1,0,0,0,0,1,1,0,0,1,5090000,1020,2,4990.196078431372,Pallikaranai,2 BHK,1000-1500 sqft,Valid,Chennai,Not available in source data,5,35
4955000,990,Pallikaranai,2,0,0,0,0,0,0,0,0,0,0,0,0,0,0,0,1,0,0,0,0,0,0,0,0,0,0,1,0,0,0,0,1,1,0,0,1,4955000,990,2,5005.050505050505,Pallikaranai,2 BHK,500-1000 sqft,Valid,Chennai,Not available in source data,5,35
6395000,1310,Pallikaranai,3,0,0,0,0,0,0,0,0,0,0,0,0,0,0,0,1,0,0,0,0,0,0,0,0,0,0,1,0,0,0,0,1,1,0,0,1,6395000,1310,3,4881.679389312977,Pallikaranai,3 BHK,1000-1500 sqft,Valid,Chennai,Not available in source data,5,35
6530000,1340,Pallikaranai,3,0,0,0,0,0,0,0,0,0,0,0,0,0,0,0,1,0,0,0,0,0,0,0,0,0,0,1,0,0,0,0,1,1,0,0,1,6530000,1340,3,4873.134328358209,Pallikaranai,3 BHK,1000-1500 sqft,Valid,Chennai,Not available in source data,5,35
5150000,952,Sunnambu Kolathur S Kolathur,2,0,0,0,0,0,0,0,0,0,0,0,0,0,0,0,1,0,0,0,0,0,0,0,0,0,0,1,0,0,0,0,1,1,0,0,1,5150000,952,2,5409.663865546218,Sunnambu Kolathur S Kolathur,2 BHK,500-1000 sqft,Valid,Chennai,Not available in source data,5,35
6804000,1270,Sunnambu Kolathur S Kolathur,3,0,0,0,0,0,0,0,0,0,0,0,0,0,0,0,1,0,0,0,0,0,0,0,0,0,0,1,0,0,0,0,1,1,0,0,1,6804000,1270,3,5357.48031496063,Sunnambu Kolathur S Kolathur,3 BHK,1000-1500 sqft,Valid,Chennai,Not available in source data,5,35
7116000,1330,Sunnambu Kolathur S Kolathur,3,0,0,0,0,0,0,0,0,0,0,0,0,0,0,0,1,0,0,0,0,0,0,0,0,0,0,1,0,0,0,0,1,1,0,0,1,7116000,1330,3,5350.375939849624,Sunnambu Kolathur S Kolathur,3 BHK,1000-1500 sqft,Valid,Chennai,Not available in source data,5,35
6700000,1250,Sunnambu Kolathur S Kolathur,3,0,0,0,0,0,0,0,0,0,0,0,0,0,0,0,1,0,0,0,0,0,0,0,0,0,0,1,0,0,0,0,1,1,0,0,1,6700000,1250,3,5360.0,Sunnambu Kolathur S Kolathur,3 BHK,1000-1500 sqft,Valid,Chennai,Not available in source data,5,35
6010000,1020,Madipakkam,2,0,0,0,0,0,0,0,0,0,0,0,0,0,0,0,1,0,0,0,0,0,0,0,0,0,0,1,0,0,0,0,1,1,0,0,1,6010000,1020,2,5892.156862745098,Madipakkam,2 BHK,1000-1500 sqft,Valid,Chennai,Not available in source data,5,35
5525000,950,Madipakkam,2,0,0,0,0,0,0,0,0,0,0,0,0,0,0,0,1,0,0,0,0,0,0,0,0,0,0,1,0,0,0,0,1,1,0,0,1,5525000,950,2,5815.789473684211,Madipakkam,2 BHK,500-1000 sqft,Valid,Chennai,Not available in source data,5,35
5340000,880,Madipakkam,2,0,0,0,0,0,0,0,0,0,0,0,0,0,0,0,1,0,0,0,0,0,0,0,0,0,0,1,0,0,0,0,1,1,0,0,1,5340000,880,2,6068.181818181818,Madipakkam,2 BHK,500-1000 sqft,Valid,Chennai,Not available in source data,5,35
5348000,990,Sunnambu Kolathur S Kolathur,2,0,0,0,0,0,0,0,0,0,0,0,0,0,0,0,0,0,0,0,0,0,0,0,0,0,0,0,0,0,0,0,0,0,0,0,0,5348000,990,2,5402.020202020202,Sunnambu Kolathur S Kolathur,2 BHK,500-1000 sqft,Valid,Chennai,Not available in source data,0,35
4984000,920,Sunnambu Kolathur S Kolathur,2,0,0,0,0,0,0,0,0,0,0,0,0,0,0,0,1,0,0,0,0,0,0,0,0,0,0,1,0,0,0,0,1,1,0,0,1,4984000,920,2,5417.391304347826,Sunnambu Kolathur S Kolathur,2 BHK,500-1000 sqft,Valid,Chennai,Not available in source data,5,35
5244000,970,Sunnambu Kolathur S Kolathur,2,0,0,0,0,0,0,0,0,0,0,0,0,0,0,0,1,0,0,0,0,0,0,0,0,0,0,1,0,0,0,0,1,1,0,0,1,5244000,970,2,5406.18556701031,Sunnambu Kolathur S Kolathur,2 BHK,500-1000 sqft,Valid,Chennai,Not available in source data,5,35
4836000,945,Medavakkam,2,0,0,0,0,0,0,0,0,0,0,0,0,0,0,0,1,0,0,0,0,0,1,0,0,0,0,1,1,0,0,0,1,0,0,0,0,4836000,945,2,5117.460317460317,Medavakkam,2 BHK,500-1000 sqft,Valid,Chennai,Not available in source data,5,35
5126000,1068,Medavakkam,2,0,0,0,0,0,0,0,0,0,0,0,0,0,0,0,0,0,0,0,0,0,0,0,0,0,0,0,0,0,0,0,0,0,0,0,0,5126000,1068,2,4799.625468164794,Medavakkam,2 BHK,1000-1500 sqft,Valid,Chennai,Not available in source data,0,35
9198000,1260,Velachery,3,1,0,0,0,0,0,0,0,0,0,0,0,0,0,0,0,0,0,0,0,0,0,0,0,0,0,0,0,0,0,0,0,0,0,0,0,9198000,1260,3,7300.0,Velachery,3 BHK,1000-1500 sqft,Valid,Chennai,Not available in source data,0,35
4172000,843,tambaram west,2,1,0,0,0,0,0,0,0,0,0,0,0,0,0,0,0,0,0,0,0,0,0,0,0,0,0,0,0,0,0,0,0,0,0,0,0,4172000,843,2,4948.991696322657,tambaram west,2 BHK,500-1000 sqft,Valid,Chennai,Not available in source data,0,35
4613000,932,tambaram west,2,1,0,0,0,0,0,0,0,0,0,0,0,0,0,0,0,0,0,0,0,0,0,0,0,0,0,0,0,0,0,0,0,0,0,0,0,4613000,932,2,4949.570815450644,tambaram west,2 BHK,500-1000 sqft,Valid,Chennai,Not available in source data,0,35
4950000,1000,tambaram west,2,1,0,0,0,0,0,0,0,0,0,0,0,0,0,0,0,0,0,0,0,0,0,0,0,0,0,0,0,0,0,0,0,0,0,0,0,4950000,1000,2,4950.0,tambaram west,2 BHK,1000-1500 sqft,Valid,Chennai,Not available in source data,0,35
5445000,1100,tambaram west,3,1,0,0,0,0,0,0,0,0,0,0,0,0,0,0,0,0,0,0,0,0,0,0,0,0,0,0,0,0,0,0,0,0,0,0,0,5445000,1100,3,4950.0,tambaram west,3 BHK,1000-1500 sqft,Valid,Chennai,Not available in source data,0,35
4174000,859,Selaiyur,2,1,0,0,0,0,0,0,0,0,0,0,0,0,0,0,0,0,0,0,0,0,0,0,0,0,0,0,0,0,0,0,0,0,0,0,0,4174000,859,2,4859.138533178114,Selaiyur,2 BHK,500-1000 sqft,Valid,Chennai,Not available in source data,0,35
4689000,965,Selaiyur,2,1,0,0,0,0,0,0,0,0,0,0,0,0,0,0,0,0,0,0,0,0,0,0,0,0,0,0,0,0,0,0,0,0,0,0,0,4689000,965,2,4859.067357512953,Selaiyur,2 BHK,500-1000 sqft,Valid,Chennai,Not available in source data,0,35
6076000,1266,Rajakilpakkam,3,1,0,0,0,0,0,0,0,0,0,0,0,0,0,0,0,0,0,0,0,0,0,0,0,0,0,0,0,0,0,0,0,0,0,0,0,6076000,1266,3,4799.368088467614,Rajakilpakkam,3 BHK,1000-1500 sqft,Valid,Chennai,Not available in source data,0,35
5130000,950,Kilkattalai,2,1,0,0,0,0,0,0,0,0,0,0,0,0,0,0,0,0,0,0,0,0,0,0,0,0,0,0,0,0,0,0,0,0,0,0,0,5130000,950,2,5400.0,Kilkattalai,2 BHK,500-1000 sqft,Valid,Chennai,Not available in source data,0,35
4860000,900,Kilkattalai,2,1,0,0,0,0,0,0,0,0,0,0,0,0,0,0,0,0,0,0,0,0,0,0,0,0,0,0,0,0,0,0,0,0,0,0,0,4860000,900,2,5400.0,Kilkattalai,2 BHK,500-1000 sqft,Valid,Chennai,Not available in source data,0,35
4257000,860,Pallikaranai,2,1,0,0,0,0,0,0,0,0,0,0,0,0,0,0,0,0,0,0,0,0,0,0,0,0,0,0,0,0,0,0,0,0,0,0,0,4257000,860,2,4950.0,Pallikaranai,2 BHK,500-1000 sqft,Valid,Chennai,Not available in source data,0,35
4356000,880,Pallikaranai,2,1,0,0,0,0,0,0,0,0,0,0,0,0,0,0,0,0,0,0,0,0,0,0,0,0,0,0,0,0,0,0,0,0,0,0,0,4356000,880,2,4950.0,Pallikaranai,2 BHK,500-1000 sqft,Valid,Chennai,Not available in source data,0,35
4488000,1020,Kovilambakkam,2,1,0,0,0,0,0,0,0,0,0,0,0,0,0,0,0,0,0,0,0,0,0,0,0,0,0,0,0,0,0,0,0,0,0,0,0,4488000,1020,2,4400.0,Kovilambakkam,2 BHK,1000-1500 sqft,Valid,Chennai,Not available in source data,0,35
5544000,1260,Kovilambakkam,3,1,0,0,0,0,0,0,0,0,0,0,0,0,0,0,0,0,0,0,0,0,0,0,0,0,0,0,0,0,0,0,0,0,0,0,0,5544000,1260,3,4400.0,Kovilambakkam,3 BHK,1000-1500 sqft,Valid,Chennai,Not available in source data,0,35
5022000,930,Kilkattalai,2,1,0,0,0,0,0,0,0,0,0,0,0,0,0,0,0,0,0,0,0,0,0,0,0,0,0,0,0,0,0,0,0,0,0,0,0,5022000,930,2,5400.0,Kilkattalai,2 BHK,500-1000 sqft,Valid,Chennai,Not available in source data,0,35
4070000,925,Kovilambakkam,2,1,0,0,0,0,0,0,0,0,0,0,0,0,0,0,0,0,0,0,0,0,0,0,0,0,0,0,0,0,0,0,0,0,0,0,0,4070000,925,2,4400.0,Kovilambakkam,2 BHK,500-1000 sqft,Valid,Chennai,Not available in source data,0,35
3828000,870,Kovilambakkam,2,1,0,0,0,0,0,0,0,0,0,0,0,0,0,0,0,0,0,0,0,0,0,0,0,0,0,0,0,0,0,0,0,0,0,0,0,3828000,870,2,4400.0,Kovilambakkam,2 BHK,500-1000 sqft,Valid,Chennai,Not available in source data,0,35
3953000,869,Selaiyur,2,1,0,0,0,0,0,0,0,0,0,0,0,0,0,0,0,0,0,0,0,0,0,0,0,0,0,0,0,0,0,0,0,0,0,0,0,3953000,869,2,4548.9067894131185,Selaiyur,2 BHK,500-1000 sqft,Valid,Chennai,Not available in source data,0,35
4718000,983,Sembakkam,2,1,0,0,0,0,0,0,0,0,0,0,0,0,0,0,0,0,0,0,0,0,0,0,0,0,0,0,0,0,0,0,0,0,0,0,0,4718000,983,2,4799.593082400814,Sembakkam,2 BHK,500-1000 sqft,Valid,Chennai,Not available in source data,0,35
5116000,1066,Rajakilpakkam,2,1,0,0,0,0,0,0,0,0,0,0,0,0,0,0,0,0,0,0,0,0,0,0,0,0,0,0,0,0,0,0,0,0,0,0,0,5116000,1066,2,4799.249530956848,Rajakilpakkam,2 BHK,1000-1500 sqft,Valid,Chennai,Not available in source data,0,35
4140000,900,Madambakkam,2,1,0,0,0,0,0,0,0,0,0,0,0,0,0,0,0,0,0,0,0,0,0,0,0,0,0,0,0,0,0,0,0,0,0,0,0,4140000,900,2,4600.0,Madambakkam,2 BHK,500-1000 sqft,Valid,Chennai,Not available in source data,0,35
4176000,870,Sembakkam,2,1,0,0,0,0,0,0,0,0,0,0,0,0,0,0,0,0,0,0,0,0,0,0,0,0,0,0,0,0,0,0,0,0,0,0,0,4176000,870,2,4800.0,Sembakkam,2 BHK,500-1000 sqft,Valid,Chennai,Not available in source data,0,35
4290000,975,Kovilambakkam,2,1,0,0,0,0,0,0,0,0,0,0,0,0,0,0,0,0,0,0,0,0,0,0,0,0,0,0,0,0,0,0,0,0,0,0,0,4290000,975,2,4400.0,Kovilambakkam,2 BHK,500-1000 sqft,Valid,Chennai,Not available in source data,0,35
3889000,884,Kovilambakkam,2,1,0,0,0,0,0,0,0,0,0,0,0,0,0,0,0,0,0,0,0,0,0,0,0,0,0,0,0,0,0,0,0,0,0,0,0,3889000,884,2,4399.321266968326,Kovilambakkam,2 BHK,500-1000 sqft,Valid,Chennai,Not available in source data,0,35
7130000,1150,Pallikaranai,3,1,0,0,0,0,0,0,0,0,0,0,0,0,0,0,0,0,0,0,0,0,0,0,0,0,0,0,0,0,0,0,0,0,0,0,0,7130000,1150,3,6200.0,Pallikaranai,3 BHK,1000-1500 sqft,Valid,Chennai,Not available in source data,0,35
4800000,975,Selaiyur,2,1,0,0,0,0,0,0,0,0,0,0,0,0,0,0,0,0,0,0,0,0,0,0,0,0,0,1,0,1,0,0,0,0,0,0,0,4800000,975,2,4923.076923076923,Selaiyur,2 BHK,500-1000 sqft,Valid,Chennai,Not available in source data,2,35
4400000,879,Selaiyur,2,1,0,0,0,0,0,0,0,0,0,0,0,0,0,0,0,0,0,0,0,0,0,0,0,0,0,1,0,1,0,0,0,0,0,0,0,4400000,879,2,5005.688282138794,Selaiyur,2 BHK,500-1000 sqft,Valid,Chennai,Not available in source data,2,35
3367000,732,Medavakkam,2,1,0,0,0,0,0,0,0,0,0,0,0,0,0,0,0,0,0,0,0,0,0,0,0,0,0,0,0,1,0,0,0,0,0,0,0,3367000,732,2,4599.726775956284,Medavakkam,2 BHK,500-1000 sqft,Valid,Chennai,Not available in source data,1,35
4300000,884,Madipakkam,2,1,0,0,0,0,0,1,0,0,0,0,0,0,0,1,1,1,0,0,0,0,0,0,0,0,0,1,0,1,0,0,0,0,0,0,0,4300000,884,2,4864.253393665158,Madipakkam,2 BHK,500-1000 sqft,Valid,Chennai,Not available in source data,6,35
3220000,700,Medavakkam,2,1,0,0,0,0,0,0,0,0,0,0,0,0,0,0,0,0,0,0,0,0,0,0,0,0,0,0,0,1,0,0,0,0,0,0,0,3220000,700,2,4600.0,Medavakkam,2 BHK,500-1000 sqft,Valid,Chennai,Not available in source data,1,35
5921000,1048,Chromepet,3,1,0,0,0,0,0,0,0,0,0,0,0,0,0,0,0,0,0,0,0,0,0,0,0,0,0,1,0,1,0,0,0,0,0,0,0,5921000,1048,3,5649.8091603053435,Chromepet,3 BHK,1000-1500 sqft,Valid,Chennai,Not available in source data,2,35
5460000,1200,Sembakkam,3,1,0,0,0,0,0,0,0,0,0,0,0,0,0,0,0,0,0,0,0,0,0,0,0,0,0,0,0,0,0,0,0,0,0,0,0,5460000,1200,3,4550.0,Sembakkam,3 BHK,1000-1500 sqft,Valid,Chennai,Not available in source data,0,35
4299000,945,Chromepet,2,1,0,0,0,0,0,0,0,0,0,0,0,0,0,0,0,0,0,0,0,0,0,0,0,0,0,0,0,0,0,0,0,0,0,0,0,4299000,945,2,4549.206349206349,Chromepet,2 BHK,500-1000 sqft,Valid,Chennai,Not available in source data,0,35
5460000,1200,Chromepet,3,1,0,0,0,0,0,0,0,0,0,0,0,0,0,0,0,0,0,0,0,0,0,0,0,0,0,0,0,0,0,0,0,0,0,0,0,5460000,1200,3,4550.0,Chromepet,3 BHK,1000-1500 sqft,Valid,Chennai,Not available in source data,0,35
4472000,983,Sembakkam,2,1,0,0,0,0,0,0,0,0,0,0,0,0,0,0,0,0,0,0,0,0,0,0,0,0,0,0,0,0,0,0,0,0,0,0,0,4472000,983,2,4549.338758901323,Sembakkam,2 BHK,500-1000 sqft,Valid,Chennai,Not available in source data,0,35
4850000,1066,Sembakkam,3,1,0,0,0,0,0,0,0,0,0,0,0,0,0,0,0,0,0,0,0,0,0,0,0,0,0,0,0,0,0,0,0,0,0,0,0,4850000,1066,3,4549.718574108818,Sembakkam,3 BHK,1000-1500 sqft,Valid,Chennai,Not available in source data,0,35
5181000,942,Chromepet,2,1,0,0,0,0,0,0,0,0,0,0,0,0,0,0,0,0,0,0,0,0,0,0,0,0,0,0,0,0,0,0,0,0,0,0,0,5181000,942,2,5500.0,Chromepet,2 BHK,500-1000 sqft,Valid,Chennai,Not available in source data,0,35
4372000,795,Chromepet,2,1,0,0,0,0,0,0,0,0,0,0,0,0,0,0,0,0,0,0,0,0,0,0,0,0,0,0,0,0,0,0,0,0,0,0,0,4372000,795,2,5499.37106918239,Chromepet,2 BHK,500-1000 sqft,Valid,Chennai,Not available in source data,0,35
4086999,865,Sembakkam,2,1,0,0,0,0,0,0,0,0,0,0,0,0,0,0,0,0,0,0,0,0,0,0,0,0,0,0,0,0,0,0,0,0,0,0,0,4086999,865,2,4724.8543352601155,Sembakkam,2 BHK,500-1000 sqft,Valid,Chennai,Not available in source data,0,35
6033000,1277,Madambakkam,3,1,0,0,0,0,0,0,0,0,0,0,0,0,0,0,0,0,0,0,0,0,0,0,0,0,0,0,0,0,0,0,0,0,0,0,0,6033000,1277,3,4724.353954581049,Madambakkam,3 BHK,1000-1500 sqft,Valid,Chennai,Not available in source data,0,35
5036000,1066,Madambakkam,2,1,0,0,0,0,0,0,0,0,0,0,0,0,0,0,0,0,0,0,0,0,0,0,0,0,0,0,0,0,0,0,0,0,0,0,0,5036000,1066,2,4724.2026266416515,Madambakkam,2 BHK,1000-1500 sqft,Valid,Chennai,Not available in source data,0,35
4928000,896,Chromepet,2,1,0,0,0,0,0,0,0,0,0,0,0,0,0,0,0,0,0,0,0,0,0,0,0,0,0,0,0,0,0,0,0,0,0,0,0,4928000,896,2,5500.0,Chromepet,2 BHK,500-1000 sqft,Valid,Chennai,Not available in source data,0,35
3800000,800,Selaiyur,2,1,0,0,0,0,0,0,0,0,0,0,0,0,0,0,0,0,0,0,0,0,0,0,0,0,0,0,0,0,0,0,0,0,0,0,0,3800000,800,2,4750.0,Selaiyur,2 BHK,500-1000 sqft,Valid,Chennai,Not available in source data,0,35
4678000,985,Selaiyur,2,1,0,0,0,0,0,0,0,0,0,0,0,0,0,0,0,0,0,0,0,0,0,0,0,0,0,0,0,0,0,0,0,0,0,0,0,4678000,985,2,4749.238578680203,Selaiyur,2 BHK,500-1000 sqft,Valid,Chennai,Not available in source data,0,35
6963000,1266,Chromepet,3,1,0,0,0,0,0,0,0,0,0,0,0,0,0,0,0,0,0,0,0,0,0,0,0,0,0,0,0,0,0,0,0,0,0,0,0,6963000,1266,3,5500.0,Chromepet,3 BHK,1000-1500 sqft,Valid,Chennai,Not available in source data,0,35
5197000,1100,Sembakkam,3,1,0,0,0,0,0,0,0,0,0,0,0,0,0,0,0,0,0,0,0,0,0,0,0,0,0,0,0,0,0,0,0,0,0,0,0,5197000,1100,3,4724.545454545455,Sembakkam,3 BHK,1000-1500 sqft,Valid,Chennai,Not available in source data,0,35
6050000,1100,Chitlapakkam,3,1,0,0,0,0,0,0,0,0,0,0,0,0,0,0,0,0,0,0,0,0,0,0,0,0,0,0,0,0,0,0,0,0,0,0,0,6050000,1100,3,5500.0,Chitlapakkam,3 BHK,1000-1500 sqft,Valid,Chennai,Not available in source data,0,35
4108000,865,Selaiyur,2,1,0,0,0,0,0,0,0,0,0,0,0,0,0,0,0,0,0,0,0,0,0,0,0,0,0,0,0,0,0,0,0,0,0,0,0,4108000,865,2,4749.132947976878,Selaiyur,2 BHK,500-1000 sqft,Valid,Chennai,Not available in source data,0,35
6175000,1300,Selaiyur,3,1,0,0,0,0,0,0,0,0,0,0,0,0,0,0,0,0,0,0,0,0,0,0,0,0,0,0,0,0,0,0,0,0,0,0,0,6175000,1300,3,4750.0,Selaiyur,3 BHK,1000-1500 sqft,Valid,Chennai,Not available in source data,0,35
5197000,1100,Madambakkam,3,1,0,0,0,0,0,0,0,0,0,0,0,0,0,0,0,0,0,0,0,0,0,0,0,0,0,0,0,0,0,0,0,0,0,0,0,5197000,1100,3,4724.545454545455,Madambakkam,3 BHK,1000-1500 sqft,Valid,Chennai,Not available in source data,0,35
3779999,800,Rajakilpakkam,2,1,0,0,0,0,0,0,0,0,0,0,0,0,0,0,0,0,0,0,0,0,0,0,0,0,0,0,0,0,0,0,0,0,0,0,0,3779999,800,2,4724.99875,Rajakilpakkam,2 BHK,500-1000 sqft,Valid,Chennai,Not available in source data,0,35
4086999,865,Madambakkam,2,1,0,0,0,0,0,0,0,0,0,0,0,0,0,0,0,0,0,0,0,0,0,0,0,0,0,0,0,0,0,0,0,0,0,0,0,4086999,865,2,4724.8543352601155,Madambakkam,2 BHK,500-1000 sqft,Valid,Chennai,Not available in source data,0,35
6033000,1277,Rajakilpakkam,3,1,0,0,0,0,0,0,0,0,0,0,0,0,0,0,0,0,0,0,0,0,0,0,0,0,0,0,0,0,0,0,0,0,0,0,0,6033000,1277,3,4724.353954581049,Rajakilpakkam,3 BHK,1000-1500 sqft,Valid,Chennai,Not available in source data,0,35
3719000,783,Selaiyur,2,1,0,0,0,0,0,0,0,0,0,0,0,0,0,0,0,0,0,0,0,0,0,0,0,0,0,0,0,0,0,0,0,0,0,0,0,3719000,783,2,4749.6807151979565,Selaiyur,2 BHK,500-1000 sqft,Valid,Chennai,Not available in source data,0,35
2850000,600,Selaiyur,1,1,0,0,0,0,0,0,0,0,0,0,0,0,0,0,0,0,0,0,0,0,0,0,0,0,0,0,0,0,0,0,0,0,0,0,0,2850000,600,1,4750.0,Selaiyur,1 BHK,500-1000 sqft,Valid,Chennai,Not available in source data,0,35
6175000,1300,tambaram west,3,1,0,0,0,0,0,0,0,0,0,0,0,0,0,0,0,0,0,0,0,0,0,0,0,0,0,0,0,0,0,0,0,0,0,0,0,6175000,1300,3,4750.0,tambaram west,3 BHK,1000-1500 sqft,Valid,Chennai,Not available in source data,0,35
5700000,1200,tambaram west,3,1,0,0,0,0,0,0,0,0,0,0,0,0,0,0,0,0,0,0,0,0,0,0,0,0,0,0,0,0,0,0,0,0,0,0,0,5700000,1200,3,4750.0,tambaram west,3 BHK,1000-1500 sqft,Valid,Chennai,Not available in source data,0,35
5225000,1100,tambaram west,3,1,0,0,0,0,0,0,0,0,0,0,0,0,0,0,0,0,0,0,0,0,0,0,0,0,0,0,0,0,0,0,0,0,0,0,0,5225000,1100,3,4750.0,tambaram west,3 BHK,1000-1500 sqft,Valid,Chennai,Not available in source data,0,35
4678000,985,tambaram west,2,1,0,0,0,0,0,0,0,0,0,0,0,0,0,0,0,0,0,0,0,0,0,0,0,0,0,0,0,0,0,0,0,0,0,0,0,4678000,985,2,4749.238578680203,tambaram west,2 BHK,500-1000 sqft,Valid,Chennai,Not available in source data,0,35
4479000,943,tambaram west,2,1,0,0,0,0,0,0,0,0,0,0,0,0,0,0,0,0,0,0,0,0,0,0,0,0,0,0,0,0,0,0,0,0,0,0,0,4479000,943,2,4749.7348886532345,tambaram west,2 BHK,500-1000 sqft,Valid,Chennai,Not available in source data,0,35
4108000,865,tambaram west,2,1,0,0,0,0,0,0,0,0,0,0,0,0,0,0,0,0,0,0,0,0,0,0,0,0,0,0,0,0,0,0,0,0,0,0,0,4108000,865,2,4749.132947976878,tambaram west,2 BHK,500-1000 sqft,Valid,Chennai,Not available in source data,0,35
4218000,888,tambaram west,2,1,0,0,0,0,0,0,0,0,0,0,0,0,0,0,0,0,0,0,0,0,0,0,0,0,0,0,0,0,0,0,0,0,0,0,0,4218000,888,2,4750.0,tambaram west,2 BHK,500-1000 sqft,Valid,Chennai,Not available in source data,0,35
19500000,1566,Thiruvanmiyur,3,1,0,0,0,0,0,0,0,0,0,0,0,0,0,0,0,0,0,0,0,0,0,0,0,0,0,1,0,0,0,0,0,0,0,0,0,19500000,1566,3,12452.107279693486,Thiruvanmiyur,3 BHK,1500-2500 sqft,Valid,Chennai,Not available in source data,1,35
4500000,954,East Tambaram,2,0,1,1,0,1,1,0,1,0,0,1,0,0,0,0,1,1,0,0,1,0,0,0,0,0,1,1,0,0,0,0,0,0,0,0,0,4500000,954,2,4716.981132075472,East Tambaram,2 BHK,500-1000 sqft,Valid,Chennai,Not available in source data,11,35
6300000,1363,East Tambaram,3,0,1,1,0,1,1,0,1,0,0,1,0,0,0,0,1,1,0,0,1,0,0,0,0,0,1,1,0,0,0,0,0,0,0,0,0,6300000,1363,3,4622.157006603082,East Tambaram,3 BHK,1000-1500 sqft,Valid,Chennai,Not available in source data,11,35
5000000,1225,Maraimalai Nagar,3,0,0,1,1,0,0,0,0,0,1,1,0,1,0,0,1,0,0,0,0,0,0,0,0,0,1,1,0,0,0,0,0,0,0,0,0,5000000,1225,3,4081.6326530612246,Maraimalai Nagar,3 BHK,1000-1500 sqft,Valid,Chennai,Not available in source data,8,35
4000000,970,Singaperumal Koil,2,0,0,1,1,0,1,1,1,0,1,1,0,1,0,1,1,1,0,0,0,0,0,0,0,0,1,1,0,1,0,0,0,0,0,0,0,4000000,970,2,4123.711340206186,Singaperumal Koil,2 BHK,500-1000 sqft,Valid,Chennai,Not available in source data,14,35
4000000,983,Maraimalai Nagar,2,0,0,1,1,0,0,0,0,0,1,1,0,1,0,0,1,0,0,0,0,0,0,0,0,0,1,1,0,0,0,0,0,0,0,0,0,4000000,983,2,4069.175991861648,Maraimalai Nagar,2 BHK,500-1000 sqft,Valid,Chennai,Not available in source data,8,35
4000000,977,Maraimalai Nagar,2,0,0,1,1,0,0,0,0,0,1,1,0,1,0,0,1,0,0,0,0,0,0,0,0,0,1,1,0,0,0,0,0,0,0,0,0,4000000,977,2,4094.1658137154554,Maraimalai Nagar,2 BHK,500-1000 sqft,Valid,Chennai,Not available in source data,8,35
4500000,1089,Maraimalai Nagar,3,0,0,1,1,0,0,0,0,0,1,1,0,1,0,0,1,0,0,0,0,0,0,0,0,0,1,1,0,0,0,0,0,0,0,0,0,4500000,1089,3,4132.231404958678,Maraimalai Nagar,3 BHK,1000-1500 sqft,Valid,Chennai,Not available in source data,8,35
4000000,976,Maraimalai Nagar,2,0,0,1,1,0,0,0,0,0,1,1,0,1,0,0,1,0,0,0,0,0,0,0,0,0,1,1,0,0,0,0,0,0,0,0,0,4000000,976,2,4098.360655737705,Maraimalai Nagar,2 BHK,500-1000 sqft,Valid,Chennai,Not available in source data,8,35
6240000,1040,Velachery,2,0,0,0,0,0,0,0,0,0,0,0,0,0,0,0,1,0,0,0,0,0,0,0,0,0,0,1,0,0,0,0,0,0,0,0,0,6240000,1040,2,6000.0,Velachery,2 BHK,1000-1500 sqft,Valid,Chennai,Not available in source data,2,35
4040000,1010,tambaram west,2,0,0,0,0,0,0,0,0,0,0,0,0,0,0,0,1,0,0,0,0,0,0,0,0,0,0,1,0,0,0,0,0,0,0,0,0,4040000,1010,2,4000.0,tambaram west,2 BHK,1000-1500 sqft,Valid,Chennai,Not available in source data,2,35
4000000,1040,Pozhichalur,2,1,0,0,0,0,0,0,0,0,0,0,0,0,0,0,1,0,0,0,0,0,0,0,0,0,0,0,0,0,0,0,0,0,0,0,0,4000000,1040,2,3846.153846153846,Pozhichalur,2 BHK,1000-1500 sqft,Valid,Chennai,Not available in source data,1,35
3340000,835,tambaram west,2,0,0,0,0,0,0,0,0,0,0,0,0,0,0,0,1,0,0,0,0,0,0,0,0,0,0,1,0,0,0,0,0,0,0,0,0,3340000,835,2,4000.0,tambaram west,2 BHK,500-1000 sqft,Valid,Chennai,Not available in source data,2,35
19000000,1550,Gopalapuram,3,1,0,0,0,0,0,0,0,0,0,0,0,0,0,0,0,0,0,0,0,0,0,0,0,0,0,0,0,0,0,0,0,0,0,0,0,19000000,1550,3,12258.064516129032,Gopalapuram,3 BHK,1500-2500 sqft,Valid,Chennai,Not available in source data,0,35
5610000,935,Velachery,2,0,0,0,0,0,0,0,0,0,0,0,0,0,0,0,1,0,0,0,0,0,0,0,0,0,0,0,0,0,0,0,0,0,0,0,0,5610000,935,2,6000.0,Velachery,2 BHK,500-1000 sqft,Valid,Chennai,Not available in source data,1,35
4653000,940,Kolapakkam,2,0,0,0,0,0,0,0,1,0,0,0,0,0,0,0,0,0,0,0,0,0,0,0,0,0,1,1,0,0,0,0,0,0,0,0,0,4653000,940,2,4950.0,Kolapakkam,2 BHK,500-1000 sqft,Valid,Chennai,Not available in source data,3,35
4969000,1004,Kolapakkam,2,0,0,0,0,0,0,0,1,0,0,0,0,0,0,0,0,0,0,0,0,0,0,0,0,0,1,1,0,0,0,0,0,0,0,0,0,4969000,1004,2,4949.203187250996,Kolapakkam,2 BHK,1000-1500 sqft,Valid,Chennai,Not available in source data,3,35
4583000,926,Kolapakkam,2,0,0,0,0,0,0,0,1,0,0,0,0,0,0,0,0,0,0,0,0,0,0,0,0,0,1,1,0,0,0,0,0,0,0,0,0,4583000,926,2,4949.244060475162,Kolapakkam,2 BHK,500-1000 sqft,Valid,Chennai,Not available in source data,3,35
6321000,1277,Kolapakkam,3,0,0,0,0,0,0,0,1,0,0,0,0,0,0,0,0,0,0,0,0,0,0,0,0,0,1,1,0,0,0,0,0,0,0,0,0,6321000,1277,3,4949.882537196554,Kolapakkam,3 BHK,1000-1500 sqft,Valid,Chennai,Not available in source data,3,35
5999000,1212,Kolapakkam,3,0,0,0,0,0,0,0,1,0,0,0,0,0,0,0,0,0,0,0,0,0,0,0,0,0,1,1,0,0,0,0,0,0,0,0,0,5999000,1212,3,4949.669966996699,Kolapakkam,3 BHK,1000-1500 sqft,Valid,Chennai,Not available in source data,3,35
6004000,1213,Kolapakkam,3,0,0,0,0,0,0,0,1,0,0,0,0,0,0,0,0,0,0,0,0,0,0,0,0,0,1,1,0,0,0,0,0,0,0,0,0,6004000,1213,3,4949.711459192085,Kolapakkam,3 BHK,1000-1500 sqft,Valid,Chennai,Not available in source data,3,35
4885000,987,Kolapakkam,2,0,0,0,0,0,0,0,1,0,0,0,0,0,0,0,0,0,0,0,0,0,0,0,0,0,1,1,0,0,0,0,0,0,0,0,0,4885000,987,2,4949.341438703141,Kolapakkam,2 BHK,500-1000 sqft,Valid,Chennai,Not available in source data,3,35
4558000,921,Kolapakkam,2,0,0,0,0,0,0,0,1,0,0,0,0,0,0,0,0,0,0,0,0,0,0,0,0,0,1,1,0,0,0,0,0,0,0,0,0,4558000,921,2,4948.968512486428,Kolapakkam,2 BHK,500-1000 sqft,Valid,Chennai,Not available in source data,3,35
4667000,943,Kolapakkam,2,0,0,0,0,0,0,0,1,0,0,0,0,0,0,0,0,0,0,0,0,0,0,0,0,0,1,1,0,0,0,0,0,0,0,0,0,4667000,943,2,4949.098621420997,Kolapakkam,2 BHK,500-1000 sqft,Valid,Chennai,Not available in source data,3,35
5915000,1195,Kolapakkam,3,0,0,0,0,0,0,0,1,0,0,0,0,0,0,0,0,0,0,0,0,0,0,0,0,0,1,1,0,0,0,0,0,0,0,0,0,5915000,1195,3,4949.79079497908,Kolapakkam,3 BHK,1000-1500 sqft,Valid,Chennai,Not available in source data,3,35
4860000,982,Kolapakkam,2,0,0,0,0,0,0,0,1,0,0,0,0,0,0,0,0,0,0,0,0,0,0,0,0,0,1,1,0,0,0,0,0,0,0,0,0,4860000,982,2,4949.08350305499,Kolapakkam,2 BHK,500-1000 sqft,Valid,Chennai,Not available in source data,3,35
5925000,1197,Kolapakkam,3,0,0,0,0,0,0,0,1,0,0,0,0,0,0,0,0,0,0,0,0,0,0,0,0,0,1,1,0,0,0,0,0,0,0,0,0,5925000,1197,3,4949.874686716792,Kolapakkam,3 BHK,1000-1500 sqft,Valid,Chennai,Not available in source data,3,35
4692000,948,Kolapakkam,2,0,0,0,0,0,0,0,1,0,0,0,0,0,0,0,0,0,0,0,0,0,0,0,0,0,1,1,0,0,0,0,0,0,0,0,0,4692000,948,2,4949.367088607595,Kolapakkam,2 BHK,500-1000 sqft,Valid,Chennai,Not available in source data,3,35
6271000,1267,Kolapakkam,3,0,0,0,0,0,0,0,1,0,0,0,0,0,0,0,0,0,0,0,0,0,0,0,0,0,1,1,0,0,0,0,0,0,0,0,0,6271000,1267,3,4949.486977111286,Kolapakkam,3 BHK,1000-1500 sqft,Valid,Chennai,Not available in source data,3,35
8500000,925,Palavakkam,2,0,0,0,0,0,0,0,0,0,0,0,0,0,0,0,0,0,0,0,0,0,0,0,0,0,0,1,0,0,0,0,0,0,0,0,0,8500000,925,2,9189.18918918919,Palavakkam,2 BHK,500-1000 sqft,Valid,Chennai,Not available in source data,1,35
5000000,1035,Sholinganallur,2,0,0,0,0,0,0,0,0,0,0,0,0,0,0,0,0,0,0,0,0,0,0,0,0,0,0,1,0,0,0,0,0,0,0,0,0,5000000,1035,2,4830.917874396136,Sholinganallur,2 BHK,1000-1500 sqft,Valid,Chennai,Not available in source data,1,35
65000000,2692,Kotturpuram,4,0,0,1,0,0,0,1,0,0,0,0,0,0,0,1,1,1,0,0,0,0,0,0,0,0,0,1,0,1,0,0,0,0,0,0,0,65000000,2692,4,24145.616641901932,Kotturpuram,4 BHK,2500+ sqft,Valid,Chennai,Not available in source data,7,35
51600000,3355,Anna Nagar,4,0,0,0,0,0,0,0,0,0,1,0,0,0,0,0,1,0,0,0,0,0,0,0,0,0,1,1,0,0,0,0,0,0,0,0,0,51600000,3355,4,15380.029806259314,Anna Nagar,4 BHK,2500+ sqft,Valid,Chennai,Not available in source data,4,35
33000000,2450,Kilpauk,3,0,0,0,0,0,0,0,0,0,0,0,0,0,0,0,1,0,0,0,0,0,0,0,0,0,0,1,0,0,0,0,0,0,0,0,0,33000000,2450,3,13469.387755102041,Kilpauk,3 BHK,1500-2500 sqft,Valid,Chennai,Not available in source data,2,35
3600000,1000,Kovur,2,0,0,1,1,1,1,1,1,0,1,1,0,1,0,1,1,0,0,0,0,0,0,0,0,0,1,1,0,0,0,0,0,0,0,0,0,3600000,1000,2,3600.0,Kovur,2 BHK,1000-1500 sqft,Valid,Chennai,Not available in source data,13,35
54900000,3050,Alwarpet,3,0,0,0,0,0,0,0,0,0,0,0,0,0,0,0,0,0,0,0,0,0,0,0,0,0,1,1,0,0,0,0,0,0,0,0,0,54900000,3050,3,18000.0,Alwarpet,3 BHK,2500+ sqft,Valid,Chennai,Not available in source data,2,35
5700000,850,Perambur,2,0,0,0,0,0,0,0,0,0,0,0,0,0,0,0,1,0,0,0,0,0,0,0,0,0,0,1,0,0,0,0,0,0,0,0,0,5700000,850,2,6705.882352941177,Perambur,2 BHK,500-1000 sqft,Valid,Chennai,Not available in source data,2,35
2500000,677,Avadi,2,1,0,0,0,0,0,0,0,0,0,0,0,0,0,0,0,0,0,0,0,0,0,0,0,0,1,1,0,1,0,0,0,0,0,0,0,2500000,677,2,3692.7621861152143,Avadi,2 BHK,500-1000 sqft,Valid,Chennai,Not available in source data,3,35
11000000,950,Kodambakkam,2,1,0,0,0,0,0,0,0,0,0,0,0,0,0,0,0,0,0,0,0,0,0,0,0,0,0,1,0,0,0,0,0,0,0,0,0,11000000,950,2,11578.947368421053,Kodambakkam,2 BHK,500-1000 sqft,Valid,Chennai,Not available in source data,1,35
4400000,855,Mevalurkuppam,2,0,0,1,1,1,1,1,1,0,1,1,0,1,0,1,1,1,1,0,0,0,0,0,0,0,1,1,0,1,0,0,0,0,0,0,0,4400000,855,2,5146.198830409357,Mevalurkuppam,2 BHK,500-1000 sqft,Valid,Chennai,Not available in source data,16,35
3200000,576,Mevalurkuppam,1,0,0,1,1,1,1,1,1,0,1,1,0,1,0,1,1,1,1,0,0,0,0,0,0,0,1,1,0,1,0,0,0,0,0,0,0,3200000,576,1,5555.555555555556,Mevalurkuppam,1 BHK,500-1000 sqft,Valid,Chennai,Not available in source data,16,35
3200000,603,Moolacheri,1,0,0,1,1,1,1,1,1,0,1,0,0,1,0,1,1,1,0,0,1,0,0,0,0,0,1,0,0,0,0,0,0,0,0,0,0,3200000,603,1,5306.799336650083,Moolacheri,1 BHK,500-1000 sqft,Valid,Chennai,Not available in source data,13,35
8000000,1710,Mevalurkuppam,4,0,0,1,1,1,1,1,1,0,1,1,0,1,0,1,1,1,1,0,0,0,0,0,0,0,1,1,0,1,0,0,0,0,0,0,0,8000000,1710,4,4678.362573099415,Mevalurkuppam,4 BHK,1500-2500 sqft,Valid,Chennai,Not available in source data,16,35
6151000,1184,Medavakkam,3,0,0,1,0,1,0,0,1,0,0,0,0,0,0,0,0,0,0,0,0,0,0,0,0,0,1,1,0,1,0,0,0,0,0,0,0,6151000,1184,3,5195.101351351352,Medavakkam,3 BHK,1000-1500 sqft,Valid,Chennai,Not available in source data,6,35
5597000,905,Medavakkam,2,0,0,1,0,1,0,0,1,0,0,0,0,0,0,0,0,0,0,0,0,0,0,0,0,0,1,1,0,1,0,0,0,0,0,0,0,5597000,905,2,6184.530386740332,Medavakkam,2 BHK,500-1000 sqft,Valid,Chennai,Not available in source data,6,35
5587000,1030,Medavakkam,2,0,0,1,0,1,0,0,1,0,0,0,0,0,0,0,0,0,0,0,0,0,0,0,0,0,1,1,0,1,0,0,0,0,0,0,0,5587000,1030,2,5424.271844660194,Medavakkam,2 BHK,1000-1500 sqft,Valid,Chennai,Not available in source data,6,35
5246000,993,Medavakkam,2,0,0,1,0,1,0,0,1,0,0,0,0,0,0,0,0,0,0,0,0,0,0,0,0,0,1,1,0,1,0,0,0,0,0,0,0,5246000,993,2,5282.980866062437,Medavakkam,2 BHK,500-1000 sqft,Valid,Chennai,Not available in source data,6,35
5208000,926,Medavakkam,2,0,0,1,0,1,0,0,1,0,0,0,0,0,0,0,0,0,0,0,0,0,0,0,0,0,1,1,0,1,0,0,0,0,0,0,0,5208000,926,2,5624.190064794817,Medavakkam,2 BHK,500-1000 sqft,Valid,Chennai,Not available in source data,6,35
5270000,998,Medavakkam,2,0,0,1,0,1,0,0,1,0,0,0,0,0,0,0,0,0,0,0,0,0,0,0,0,0,1,1,0,1,0,0,0,0,0,0,0,5270000,998,2,5280.561122244489,Medavakkam,2 BHK,500-1000 sqft,Valid,Chennai,Not available in source data,6,35
4801000,899,Medavakkam,2,0,0,1,0,1,0,0,1,0,0,0,0,0,0,0,0,0,0,0,0,0,0,0,0,0,1,1,0,1,0,0,0,0,0,0,0,4801000,899,2,5340.378197997776,Medavakkam,2 BHK,500-1000 sqft,Valid,Chennai,Not available in source data,6,35
4943000,929,Medavakkam,2,0,0,1,0,1,0,0,1,0,0,0,0,0,0,0,0,0,0,0,0,0,0,0,0,0,1,1,0,1,0,0,0,0,0,0,0,4943000,929,2,5320.775026910656,Medavakkam,2 BHK,500-1000 sqft,Valid,Chennai,Not available in source data,6,35
5199000,983,Medavakkam,2,0,0,1,0,1,0,0,1,0,0,0,0,0,0,0,0,0,0,0,0,0,0,0,0,0,1,1,0,1,0,0,0,0,0,0,0,5199000,983,2,5288.911495422177,Medavakkam,2 BHK,500-1000 sqft,Valid,Chennai,Not available in source data,6,35
5066000,955,Medavakkam,2,0,0,1,0,1,0,0,1,0,0,0,0,0,0,0,0,0,0,0,0,0,0,0,0,0,1,1,0,1,0,0,0,0,0,0,0,5066000,955,2,5304.712041884817,Medavakkam,2 BHK,500-1000 sqft,Valid,Chennai,Not available in source data,6,35
5175000,978,Medavakkam,2,0,0,1,0,1,0,0,1,0,0,0,0,0,0,0,0,0,0,0,0,0,0,0,0,0,1,1,0,1,0,0,0,0,0,0,0,5175000,978,2,5291.411042944786,Medavakkam,2 BHK,500-1000 sqft,Valid,Chennai,Not available in source data,6,35
4853000,910,Medavakkam,2,0,0,1,0,1,0,0,1,0,0,0,0,0,0,0,0,0,0,0,0,0,0,0,0,0,1,1,0,1,0,0,0,0,0,0,0,4853000,910,2,5332.9670329670325,Medavakkam,2 BHK,500-1000 sqft,Valid,Chennai,Not available in source data,6,35
4924000,909,Medavakkam,2,0,0,1,0,1,0,0,1,0,0,0,0,0,0,0,0,0,0,0,0,0,0,0,0,0,1,1,0,1,0,0,0,0,0,0,0,4924000,909,2,5416.941694169417,Medavakkam,2 BHK,500-1000 sqft,Valid,Chennai,Not available in source data,6,35
5184000,980,Medavakkam,2,0,0,1,0,1,0,0,1,0,0,0,0,0,0,0,0,0,0,0,0,0,0,0,0,0,1,1,0,1,0,0,0,0,0,0,0,5184000,980,2,5289.7959183673465,Medavakkam,2 BHK,500-1000 sqft,Valid,Chennai,Not available in source data,6,35
4962000,933,Medavakkam,2,0,0,1,0,1,0,0,1,0,0,0,0,0,0,0,0,0,0,0,0,0,0,0,0,0,1,1,0,1,0,0,0,0,0,0,0,4962000,933,2,5318.327974276527,Medavakkam,2 BHK,500-1000 sqft,Valid,Chennai,Not available in source data,6,35
9442000,1575,Iyappanthangal,3,0,0,1,1,1,1,0,0,0,0,0,0,1,0,0,1,0,0,0,1,0,0,0,0,0,1,0,0,1,0,0,0,0,0,0,0,9442000,1575,3,5994.920634920635,Iyappanthangal,3 BHK,1500-2500 sqft,Valid,Chennai,Not available in source data,9,35
3656000,610,Iyappanthangal,1,0,0,1,1,1,1,0,0,0,0,0,0,1,0,0,1,0,0,0,1,0,0,0,0,0,1,0,0,1,0,0,0,0,0,0,0,3656000,610,1,5993.44262295082,Iyappanthangal,1 BHK,500-1000 sqft,Valid,Chennai,Not available in source data,9,35
6534000,1090,Iyappanthangal,2,0,0,1,1,1,1,0,0,0,0,0,0,1,0,0,1,0,0,0,1,0,0,0,0,0,1,0,0,1,0,0,0,0,0,0,0,6534000,1090,2,5994.495412844037,Iyappanthangal,2 BHK,1000-1500 sqft,Valid,Chennai,Not available in source data,9,35
10700000,1790,Iyappanthangal,3,0,0,1,1,1,1,0,0,0,0,0,0,1,0,0,1,0,0,0,1,0,0,0,0,0,1,0,0,1,0,0,0,0,0,0,0,10700000,1790,3,5977.653631284917,Iyappanthangal,3 BHK,1500-2500 sqft,Valid,Chennai,Not available in source data,9,35
7252000,1295,Chengalpattu,2,0,0,0,0,0,0,0,0,0,0,0,0,0,0,0,0,0,0,0,0,0,0,0,0,0,0,0,0,0,0,0,0,0,0,0,0,7252000,1295,2,5600.0,Chengalpattu,2 BHK,1000-1500 sqft,Valid,Chennai,Not available in source data,0,35
7280000,1300,Chengalpattu,2,0,0,0,0,0,0,0,0,0,0,0,0,0,0,0,1,0,0,0,0,0,0,0,0,0,0,1,0,0,0,0,0,0,0,0,0,7280000,1300,2,5600.0,Chengalpattu,2 BHK,1000-1500 sqft,Valid,Chennai,Not available in source data,2,35
4460000,1115,tambaram west,2,0,0,0,0,0,0,0,0,0,0,0,0,0,0,0,1,0,0,0,0,0,0,0,0,0,0,0,0,0,0,0,0,0,0,0,0,4460000,1115,2,4000.0,tambaram west,2 BHK,1000-1500 sqft,Valid,Chennai,Not available in source data,1,35
3660000,915,tambaram west,2,0,0,0,0,0,0,0,0,0,0,0,0,0,0,0,1,0,0,0,0,0,0,0,0,0,0,1,0,0,0,0,0,0,0,0,0,3660000,915,2,4000.0,tambaram west,2 BHK,500-1000 sqft,Valid,Chennai,Not available in source data,2,35
3885000,1110,tambaram west,2,0,0,0,0,0,0,0,0,0,0,0,0,0,0,0,1,0,0,0,0,0,0,0,0,0,0,0,0,0,0,0,0,0,0,0,0,3885000,1110,2,3500.0,tambaram west,2 BHK,1000-1500 sqft,Valid,Chennai,Not available in source data,1,35
7195999,1285,Nenmeli,3,0,0,0,0,0,0,0,0,0,0,0,0,0,0,0,1,0,0,0,0,0,0,0,0,0,0,0,0,0,0,0,0,0,0,0,0,7195999,1285,3,5599.999221789883,Nenmeli,3 BHK,1000-1500 sqft,Valid,Chennai,Not available in source data,1,35
4000000,840,Avadi,2,0,0,0,0,0,0,0,0,0,0,0,0,0,0,0,0,0,0,0,0,0,0,0,0,0,0,0,0,0,0,0,0,0,0,0,0,4000000,840,2,4761.9047619047615,Avadi,2 BHK,500-1000 sqft,Valid,Chennai,Not available in source data,0,35
4000000,815,Avadi,2,0,0,0,0,0,0,0,0,0,0,0,0,0,0,0,0,0,0,0,0,0,0,0,0,0,0,0,0,0,0,0,0,0,0,0,0,4000000,815,2,4907.9754601227,Avadi,2 BHK,500-1000 sqft,Valid,Chennai,Not available in source data,0,35
4300000,915,Avadi,2,0,0,0,0,0,0,0,0,0,0,0,0,0,0,0,0,0,0,0,0,0,0,0,0,0,0,0,0,0,0,0,0,0,0,0,0,4300000,915,2,4699.453551912568,Avadi,2 BHK,500-1000 sqft,Valid,Chennai,Not available in source data,0,35
3900000,810,Avadi,2,0,0,0,0,0,0,0,0,0,0,0,0,0,0,0,0,0,0,0,0,0,0,0,0,0,0,0,0,0,0,0,0,0,0,0,0,3900000,810,2,4814.814814814815,Avadi,2 BHK,500-1000 sqft,Valid,Chennai,Not available in source data,0,35
4300000,910,Avadi,2,0,0,0,0,0,0,0,0,0,0,0,0,0,0,0,0,0,0,0,0,0,0,0,0,0,0,0,0,0,0,0,0,0,0,0,0,4300000,910,2,4725.274725274725,Avadi,2 BHK,500-1000 sqft,Valid,Chennai,Not available in source data,0,35
3960000,840,Avadi,2,0,0,0,0,0,0,0,0,0,0,0,0,0,0,0,0,0,0,0,0,0,0,0,0,0,0,0,0,0,0,0,0,0,0,0,0,3960000,840,2,4714.285714285715,Avadi,2 BHK,500-1000 sqft,Valid,Chennai,Not available in source data,0,35
4942000,1131,Perungalathur,2,0,0,1,1,1,1,1,1,0,0,0,0,1,0,1,1,1,0,0,1,0,0,0,0,0,1,1,0,0,0,0,0,0,0,0,0,4942000,1131,2,4369.584438549956,Perungalathur,2 BHK,1000-1500 sqft,Valid,Chennai,Not available in source data,13,35
4426000,1107,Avadi,2,0,0,1,1,1,1,1,1,0,1,0,0,1,0,1,0,0,0,0,1,0,0,0,0,0,1,1,0,0,0,0,0,0,0,0,0,4426000,1107,2,3998.193315266486,Avadi,2 BHK,1000-1500 sqft,Valid,Chennai,Not available in source data,12,35
5786000,1447,Avadi,3,0,0,1,1,1,1,1,1,0,1,0,0,1,0,1,0,0,0,0,1,0,0,0,0,0,1,1,0,0,0,0,0,0,0,0,0,5786000,1447,3,3998.6178299930893,Avadi,3 BHK,1000-1500 sqft,Valid,Chennai,Not available in source data,12,35
2279000,570,Avadi,1,0,0,1,1,1,1,1,1,0,1,0,0,1,0,1,0,0,0,0,1,0,0,0,0,0,1,1,0,0,0,0,0,0,0,0,0,2279000,570,1,3998.245614035088,Avadi,1 BHK,500-1000 sqft,Valid,Chennai,Not available in source data,12,35
6586000,1647,Avadi,3,0,0,1,1,1,1,1,1,0,1,0,0,1,0,1,0,0,0,0,1,0,0,0,0,0,1,1,0,0,0,0,0,0,0,0,0,6586000,1647,3,3998.7856709168186,Avadi,3 BHK,1500-2500 sqft,Valid,Chennai,Not available in source data,12,35
4322000,1081,Avadi,2,0,0,1,1,1,1,1,1,0,1,0,0,1,0,1,0,0,0,0,1,0,0,0,0,0,1,1,0,0,0,0,0,0,0,0,0,4322000,1081,2,3998.149861239593,Avadi,2 BHK,1000-1500 sqft,Valid,Chennai,Not available in source data,12,35
4914000,1229,Avadi,3,0,0,1,1,1,1,1,1,0,1,0,0,1,0,1,0,0,0,0,1,0,0,0,0,0,1,1,0,0,0,0,0,0,0,0,0,4914000,1229,3,3998.372660699756,Avadi,3 BHK,1000-1500 sqft,Valid,Chennai,Not available in source data,12,35
4226000,1057,Avadi,2,0,0,1,1,1,1,1,1,0,1,0,0,1,0,1,0,0,0,0,1,0,0,0,0,0,1,1,0,0,0,0,0,0,0,0,0,4226000,1057,2,3998.1078524124882,Avadi,2 BHK,1000-1500 sqft,Valid,Chennai,Not available in source data,12,35
2311000,578,Avadi,1,0,0,1,1,1,1,1,1,0,1,0,0,1,0,1,0,0,0,0,1,0,0,0,0,0,1,1,0,0,0,0,0,0,0,0,0,2311000,578,1,3998.2698961937717,Avadi,1 BHK,500-1000 sqft,Valid,Chennai,Not available in source data,12,35
6266000,1567,Avadi,3,0,0,1,1,1,1,1,1,0,1,0,0,1,0,1,0,0,0,0,1,0,0,0,0,0,1,1,0,0,0,0,0,0,0,0,0,6266000,1567,3,3998.723675813657,Avadi,3 BHK,1500-2500 sqft,Valid,Chennai,Not available in source data,12,35
8675000,1641,Ramavaram,3,0,0,0,0,0,0,0,0,0,0,0,0,0,0,0,1,0,0,0,0,0,0,0,0,0,0,1,0,0,0,0,0,0,0,0,0,8675000,1641,3,5286.4107251675805,Ramavaram,3 BHK,1500-2500 sqft,Valid,Chennai,Not available in source data,2,35
8675000,1641,Mugalivakkam,3,0,0,0,0,0,0,0,0,0,0,0,0,0,0,0,1,0,0,0,0,0,0,0,0,0,0,1,0,0,0,0,0,0,0,0,0,8675000,1641,3,5286.4107251675805,Mugalivakkam,3 BHK,1500-2500 sqft,Valid,Chennai,Not available in source data,2,35
8675000,1641,Mugalivakkam,3,0,0,0,0,0,0,0,0,0,0,0,0,0,0,0,0,0,0,0,0,0,0,0,0,0,0,0,0,0,0,0,0,0,0,0,0,8675000,1641,3,5286.4107251675805,Mugalivakkam,3 BHK,1500-2500 sqft,Valid,Chennai,Not available in source data,0,35
24500000,2062,Anna Nagar,3,1,1,1,1,1,1,1,1,1,1,1,1,1,1,1,1,1,1,0,1,1,1,1,1,0,1,1,1,1,1,0,1,1,1,0,1,24500000,2062,3,11881.668283220175,Anna Nagar,3 BHK,1500-2500 sqft,Valid,Chennai,Not available in source data,31,35
6217000,1194,Nandambakkam,2,0,0,0,0,0,0,0,0,0,0,0,0,0,0,0,1,0,0,0,0,0,0,0,0,0,1,1,0,0,0,0,0,0,0,0,0,6217000,1194,2,5206.867671691793,Nandambakkam,2 BHK,1000-1500 sqft,Valid,Chennai,Not available in source data,3,35
8675000,1641,Manapakkam,3,0,0,0,0,0,0,0,0,0,0,0,0,0,0,0,1,0,0,0,0,0,0,0,0,0,0,1,0,0,0,0,0,0,0,0,0,8675000,1641,3,5286.4107251675805,Manapakkam,3 BHK,1500-2500 sqft,Valid,Chennai,Not available in source data,2,35
8675000,1641,Ramapuram,3,0,0,0,0,0,0,0,0,0,0,0,0,0,0,0,1,0,0,0,0,0,0,0,0,0,0,1,0,0,0,0,0,0,0,0,0,8675000,1641,3,5286.4107251675805,Ramapuram,3 BHK,1500-2500 sqft,Valid,Chennai,Not available in source data,2,35
8675000,1641,Ramapuram,3,0,0,0,0,0,0,0,0,0,0,0,0,0,0,0,0,0,0,0,0,0,0,0,0,0,0,0,0,0,0,0,0,0,0,0,0,8675000,1641,3,5286.4107251675805,Ramapuram,3 BHK,1500-2500 sqft,Valid,Chennai,Not available in source data,0,35
23000000,1580,Padi,3,1,0,0,0,0,0,0,0,0,0,0,0,0,0,0,0,0,0,0,0,0,0,1,0,0,0,0,0,0,0,0,0,0,0,0,0,23000000,1580,3,14556.962025316456,Padi,3 BHK,1500-2500 sqft,Valid,Chennai,Not available in source data,1,35
5316000,1251,Perumbakkam,3,0,0,0,0,0,1,0,0,0,0,0,0,0,0,1,1,0,0,0,0,0,0,0,0,0,1,1,0,0,0,0,0,0,0,0,0,5316000,1251,3,4249.400479616307,Perumbakkam,3 BHK,1000-1500 sqft,Valid,Chennai,Not available in source data,5,35
4534000,1067,Perumbakkam,3,0,0,0,0,0,1,0,0,0,0,0,0,0,0,1,1,0,0,0,0,0,0,0,0,0,1,1,0,0,0,0,0,0,0,0,0,4534000,1067,3,4249.29709465792,Perumbakkam,3 BHK,1000-1500 sqft,Valid,Chennai,Not available in source data,5,35
4403000,1036,Perumbakkam,2,0,0,0,0,0,1,0,0,0,0,0,0,0,0,1,1,0,0,0,0,0,0,0,0,0,1,1,0,0,0,0,0,0,0,0,0,4403000,1036,2,4250.0,Perumbakkam,2 BHK,1000-1500 sqft,Valid,Chennai,Not available in source data,5,35
7541000,1423,Rajakilpakkam,3,0,0,0,0,0,0,0,0,0,0,0,0,0,0,0,0,0,0,0,0,0,0,0,0,0,0,0,0,0,0,0,0,0,0,0,0,7541000,1423,3,5299.367533380183,Rajakilpakkam,3 BHK,1000-1500 sqft,Valid,Chennai,Not available in source data,0,35
6476000,1222,Rajakilpakkam,3,0,0,0,0,0,0,0,0,0,0,0,0,0,0,0,0,0,0,0,0,0,0,0,0,0,0,0,0,0,0,0,0,0,0,0,0,6476000,1222,3,5299.509001636661,Rajakilpakkam,3 BHK,1000-1500 sqft,Valid,Chennai,Not available in source data,0,35
5088000,960,Rajakilpakkam,2,0,0,0,0,0,0,0,0,0,0,0,0,0,0,0,0,0,0,0,0,0,0,0,0,0,0,0,0,0,0,0,0,0,0,0,0,5088000,960,2,5300.0,Rajakilpakkam,2 BHK,500-1000 sqft,Valid,Chennai,Not available in source data,0,35
4679000,883,Rajakilpakkam,2,0,0,0,0,0,0,0,0,0,0,0,0,0,0,0,0,0,0,0,0,0,0,0,0,0,0,0,0,0,0,0,0,0,0,0,0,4679000,883,2,5298.980747451868,Rajakilpakkam,2 BHK,500-1000 sqft,Valid,Chennai,Not available in source data,0,35
7541000,1423,Sembakkam,3,0,0,0,0,0,0,0,0,0,0,0,0,0,0,0,0,0,0,0,0,0,0,0,0,0,0,0,0,0,0,0,0,0,0,0,0,7541000,1423,3,5299.367533380183,Sembakkam,3 BHK,1000-1500 sqft,Valid,Chennai,Not available in source data,0,35
6476000,1222,Sembakkam,3,0,0,0,0,0,0,0,0,0,0,0,0,0,0,0,0,0,0,0,0,0,0,0,0,0,0,0,0,0,0,0,0,0,0,0,0,6476000,1222,3,5299.509001636661,Sembakkam,3 BHK,1000-1500 sqft,Valid,Chennai,Not available in source data,0,35
5088000,960,Sembakkam,2,0,0,0,0,0,0,0,0,0,0,0,0,0,0,0,0,0,0,0,0,0,0,0,0,0,0,0,0,0,0,0,0,0,0,0,0,5088000,960,2,5300.0,Sembakkam,2 BHK,500-1000 sqft,Valid,Chennai,Not available in source data,0,35
4679000,883,Sembakkam,2,0,0,0,0,0,0,0,0,0,0,0,0,0,0,0,0,0,0,0,0,0,0,0,0,0,0,0,0,0,0,0,0,0,0,0,0,4679000,883,2,5298.980747451868,Sembakkam,2 BHK,500-1000 sqft,Valid,Chennai,Not available in source data,0,35
6140000,1266,Selaiyur,3,0,0,0,0,0,0,0,0,0,0,0,0,0,0,0,0,0,0,0,0,0,0,0,0,0,0,0,0,0,0,0,0,0,0,0,0,6140000,1266,3,4849.921011058452,Selaiyur,3 BHK,1000-1500 sqft,Valid,Chennai,Not available in source data,0,35
5349000,1103,Selaiyur,3,0,0,0,0,0,0,0,0,0,0,0,0,0,0,0,0,0,0,0,0,0,0,0,0,0,0,0,0,0,0,0,0,0,0,0,0,5349000,1103,3,4849.501359927471,Selaiyur,3 BHK,1000-1500 sqft,Valid,Chennai,Not available in source data,0,35
5010000,1033,Selaiyur,2,0,0,0,0,0,0,0,0,0,0,0,0,0,0,0,0,0,0,0,0,0,0,0,0,0,0,0,0,0,0,0,0,0,0,0,0,5010000,1033,2,4849.951597289448,Selaiyur,2 BHK,1000-1500 sqft,Valid,Chennai,Not available in source data,0,35
4753000,980,Selaiyur,2,0,0,0,0,0,0,0,0,0,0,0,0,0,0,0,0,0,0,0,0,0,0,0,0,0,0,0,0,0,0,0,0,0,0,0,0,4753000,980,2,4850.0,Selaiyur,2 BHK,500-1000 sqft,Valid,Chennai,Not available in source data,0,35
4049000,835,Selaiyur,2,0,0,0,0,0,0,0,0,0,0,0,0,0,0,0,0,0,0,0,0,0,0,0,0,0,0,0,0,0,0,0,0,0,0,0,0,4049000,835,2,4849.101796407185,Selaiyur,2 BHK,500-1000 sqft,Valid,Chennai,Not available in source data,0,35
3104000,640,Selaiyur,1,0,0,0,0,0,0,0,0,0,0,0,0,0,0,0,0,0,0,0,0,0,0,0,0,0,0,0,0,0,0,0,0,0,0,0,0,3104000,640,1,4850.0,Selaiyur,1 BHK,500-1000 sqft,Valid,Chennai,Not available in source data,0,35
6475000,1400,Madambakkam,3,0,0,0,0,0,0,0,0,0,0,0,0,0,0,0,0,0,0,0,0,0,0,0,0,0,0,0,0,0,0,0,0,0,0,0,0,6475000,1400,3,4625.0,Madambakkam,3 BHK,1000-1500 sqft,Valid,Chennai,Not available in source data,0,35
5933000,1283,Madambakkam,3,0,0,0,0,0,0,0,0,0,0,0,0,0,0,0,0,0,0,0,0,0,0,0,0,0,0,0,0,0,0,0,0,0,0,0,0,5933000,1283,3,4624.318004676539,Madambakkam,3 BHK,1000-1500 sqft,Valid,Chennai,Not available in source data,0,35
5499000,1189,Madambakkam,3,0,0,0,0,0,0,0,0,0,0,0,0,0,0,0,0,0,0,0,0,0,0,0,0,0,0,0,0,0,0,0,0,0,0,0,0,5499000,1189,3,4624.894869638351,Madambakkam,3 BHK,1000-1500 sqft,Valid,Chennai,Not available in source data,0,35
4810000,1040,Madambakkam,2,0,0,0,0,0,0,0,0,0,0,0,0,0,0,0,0,0,0,0,0,0,0,0,0,0,0,0,0,0,0,0,0,0,0,0,0,4810000,1040,2,4625.0,Madambakkam,2 BHK,1000-1500 sqft,Valid,Chennai,Not available in source data,0,35
4347000,940,Madambakkam,2,0,0,0,0,0,0,0,0,0,0,0,0,0,0,0,0,0,0,0,0,0,0,0,0,0,0,0,0,0,0,0,0,0,0,0,0,4347000,940,2,4624.468085106383,Madambakkam,2 BHK,500-1000 sqft,Valid,Chennai,Not available in source data,0,35
4120000,891,Madambakkam,2,0,0,0,0,0,0,0,0,0,0,0,0,0,0,0,0,0,0,0,0,0,0,0,0,0,0,0,0,0,0,0,0,0,0,0,0,4120000,891,2,4624.0179573512905,Madambakkam,2 BHK,500-1000 sqft,Valid,Chennai,Not available in source data,0,35
2474000,535,Madambakkam,1,0,0,0,0,0,0,0,0,0,0,0,0,0,0,0,0,0,0,0,0,0,0,0,0,0,0,0,0,0,0,0,0,0,0,0,0,2474000,535,1,4624.2990654205605,Madambakkam,1 BHK,500-1000 sqft,Valid,Chennai,Not available in source data,0,35
6425000,1285,Sembakkam,3,0,0,0,0,0,0,0,0,0,0,0,0,0,0,0,0,0,0,0,0,0,0,0,0,0,0,0,0,0,0,0,0,0,0,0,0,6425000,1285,3,5000.0,Sembakkam,3 BHK,1000-1500 sqft,Valid,Chennai,Not available in source data,0,35
5800000,1000,Villivakkam,2,1,0,0,0,0,0,0,0,0,0,0,0,0,0,0,0,1,0,0,0,0,0,0,0,0,1,1,0,0,0,0,0,0,0,0,0,5800000,1000,2,5800.0,Villivakkam,2 BHK,1000-1500 sqft,Valid,Chennai,Not available in source data,3,35
2852000,741,Cholambedu,2,0,0,0,0,0,0,0,0,0,0,0,0,0,0,0,0,0,0,0,0,0,0,0,0,0,0,0,0,0,0,0,0,0,0,0,0,2852000,741,2,3848.8529014844803,Cholambedu,2 BHK,500-1000 sqft,Valid,Chennai,Not available in source data,0,35
5203000,946,Ambattur,2,0,0,0,0,0,0,0,0,0,0,0,0,0,0,0,0,0,0,0,0,0,0,0,0,0,0,0,0,0,0,0,0,0,0,0,0,5203000,946,2,5500.0,Ambattur,2 BHK,500-1000 sqft,Valid,Chennai,Not available in source data,0,35
4708000,856,Ambattur,2,0,0,0,0,0,0,0,0,0,0,0,0,0,0,0,0,0,0,0,0,0,0,0,0,0,0,0,0,0,0,0,0,0,0,0,0,4708000,856,2,5500.0,Ambattur,2 BHK,500-1000 sqft,Valid,Chennai,Not available in source data,0,35
5318000,967,Ambattur,2,0,0,0,0,0,0,0,0,0,0,0,0,0,0,0,0,0,0,0,0,0,0,0,0,0,0,0,0,0,0,0,0,0,0,0,0,5318000,967,2,5499.482936918304,Ambattur,2 BHK,500-1000 sqft,Valid,Chennai,Not available in source data,0,35
2975000,541,Ambattur,1,0,0,0,0,0,0,0,0,0,0,0,0,0,0,0,0,0,0,0,0,0,0,0,0,0,0,0,0,0,0,0,0,0,0,0,0,2975000,541,1,5499.075785582255,Ambattur,1 BHK,500-1000 sqft,Valid,Chennai,Not available in source data,0,35
2343000,426,Ambattur,1,0,0,0,0,0,0,0,0,0,0,0,0,0,0,0,0,0,0,0,0,0,0,0,0,0,0,0,0,0,0,0,0,0,0,0,0,2343000,426,1,5500.0,Ambattur,1 BHK,<500 sqft,Valid,Chennai,Not available in source data,0,35
3888000,707,Ambattur,2,0,0,0,0,0,0,0,0,0,0,0,0,0,0,0,0,0,0,0,0,0,0,0,0,0,0,0,0,0,0,0,0,0,0,0,0,3888000,707,2,5499.292786421499,Ambattur,2 BHK,500-1000 sqft,Valid,Chennai,Not available in source data,0,35
3160000,660,Nanmangalam,1,0,0,0,0,0,0,0,0,0,0,0,0,0,0,0,0,0,0,0,0,0,0,0,0,0,0,0,0,0,0,0,0,0,0,0,0,3160000,660,1,4787.878787878788,Nanmangalam,1 BHK,500-1000 sqft,Valid,Chennai,Not available in source data,0,35
6580000,941,Chromepet,2,0,0,0,0,0,0,0,0,0,0,0,0,0,0,0,0,0,0,0,0,0,0,0,0,0,0,0,0,0,0,0,0,0,0,0,0,6580000,941,2,6992.561105207226,Chromepet,2 BHK,500-1000 sqft,Valid,Chennai,Not available in source data,0,35
3315999,809,Ullagaram,2,0,0,0,0,0,0,0,0,0,0,0,0,0,0,0,0,0,0,0,0,0,0,0,0,0,0,0,0,0,0,0,0,0,0,0,0,3315999,809,2,4098.886279357231,Ullagaram,2 BHK,500-1000 sqft,Valid,Chennai,Not available in source data,0,35
7000000,924,Chromepet,2,0,0,0,0,0,0,0,0,0,0,0,0,0,0,0,0,0,0,0,0,0,0,0,0,0,0,0,0,0,0,0,0,0,0,0,0,7000000,924,2,7575.757575757576,Chromepet,2 BHK,500-1000 sqft,Valid,Chennai,Not available in source data,0,35
4840000,1008,Nanmangalam,2,0,0,0,0,0,0,0,0,0,0,0,0,0,0,0,0,0,0,0,0,0,0,0,0,0,0,0,0,0,0,0,0,0,0,0,0,4840000,1008,2,4801.587301587301,Nanmangalam,2 BHK,1000-1500 sqft,Valid,Chennai,Not available in source data,0,35
4140000,900,Nanmangalam,2,0,0,0,0,0,0,0,0,0,0,0,0,0,0,0,0,0,0,0,0,0,0,0,0,0,0,0,0,0,0,0,0,0,0,0,0,4140000,900,2,4600.0,Nanmangalam,2 BHK,500-1000 sqft,Valid,Chennai,Not available in source data,0,35
10500000,1433,NehruNagar,3,0,0,0,0,0,0,0,0,0,0,0,0,0,0,0,1,0,0,0,0,0,0,0,0,0,0,1,0,0,0,0,1,0,0,0,0,10500000,1433,3,7327.28541521284,NehruNagar,3 BHK,1000-1500 sqft,Valid,Chennai,Not available in source data,3,35
3300000,805,Nanmangalam,2,0,0,0,0,0,0,0,0,0,0,0,0,0,0,0,0,0,0,0,0,0,0,0,0,0,0,0,0,0,0,0,0,0,0,0,0,3300000,805,2,4099.378881987577,Nanmangalam,2 BHK,500-1000 sqft,Valid,Chennai,Not available in source data,0,35
6230000,1198,Nanmangalam,3,0,0,0,0,0,0,0,0,0,0,0,0,0,0,0,0,0,0,0,0,0,0,0,0,0,0,0,0,0,0,0,0,0,0,0,0,6230000,1198,3,5200.33388981636,Nanmangalam,3 BHK,1000-1500 sqft,Valid,Chennai,Not available in source data,0,35
3247000,772,Nanmangalam,2,0,0,0,0,0,0,0,0,0,0,0,0,0,0,0,0,0,0,0,0,0,0,0,0,0,0,0,0,0,0,0,0,0,0,0,0,3247000,772,2,4205.958549222798,Nanmangalam,2 BHK,500-1000 sqft,Valid,Chennai,Not available in source data,0,35
4270000,930,Nanmangalam,2,0,0,0,0,0,0,0,0,0,0,0,0,0,0,0,0,0,0,0,0,0,0,0,0,0,0,0,0,0,0,0,0,0,0,0,0,4270000,930,2,4591.397849462365,Nanmangalam,2 BHK,500-1000 sqft,Valid,Chennai,Not available in source data,0,35
2960000,619,Nanmangalam,1,0,0,0,0,0,0,0,0,0,0,0,0,0,0,0,0,0,0,0,0,0,0,0,0,0,0,0,0,0,0,0,0,0,0,0,0,2960000,619,1,4781.906300484653,Nanmangalam,1 BHK,500-1000 sqft,Valid,Chennai,Not available in source data,0,35
5200000,1002,Sunnambu Kolathur S Kolathur,2,0,0,0,0,0,0,0,0,0,0,0,0,0,0,0,0,0,0,0,0,0,0,0,0,0,0,0,0,0,0,0,0,0,0,0,0,5200000,1002,2,5189.620758483034,Sunnambu Kolathur S Kolathur,2 BHK,1000-1500 sqft,Valid,Chennai,Not available in source data,0,35
6684999,1285,Sunnambu Kolathur S Kolathur,3,0,0,0,0,0,0,0,0,0,0,0,0,0,0,0,0,0,0,0,0,0,0,0,0,0,0,0,0,0,0,0,0,0,0,0,0,6684999,1285,3,5202.333852140077,Sunnambu Kolathur S Kolathur,3 BHK,1000-1500 sqft,Valid,Chennai,Not available in source data,0,35
5345000,1028,Sunnambu Kolathur S Kolathur,2,0,0,0,0,0,0,0,0,0,0,0,0,0,0,0,0,0,0,0,0,0,0,0,0,0,0,0,0,0,0,0,0,0,0,0,0,5345000,1028,2,5199.416342412452,Sunnambu Kolathur S Kolathur,2 BHK,1000-1500 sqft,Valid,Chennai,Not available in source data,0,35
5000000,1117,Nanmangalam,2,1,0,0,0,0,0,0,0,0,0,0,0,0,0,0,0,0,0,0,0,0,0,0,0,0,0,0,0,0,0,0,0,0,0,0,0,5000000,1117,2,4476.275738585497,Nanmangalam,2 BHK,1000-1500 sqft,Valid,Chennai,Not available in source data,0,35
5145000,989,Nanmangalam,2,0,0,0,0,0,0,0,0,0,0,0,0,0,0,0,0,0,0,0,0,0,0,0,0,0,0,0,0,0,0,0,0,0,0,0,0,5145000,989,2,5202.224469160768,Nanmangalam,2 BHK,500-1000 sqft,Valid,Chennai,Not available in source data,0,35
4862000,935,Nanmangalam,2,0,0,0,0,0,0,0,0,0,0,0,0,0,0,0,0,0,0,0,0,0,0,0,0,0,0,0,0,0,0,0,0,0,0,0,0,4862000,935,2,5200.0,Nanmangalam,2 BHK,500-1000 sqft,Valid,Chennai,Not available in source data,0,35
3993000,768,Nanmangalam,2,0,0,0,0,0,0,0,0,0,0,0,0,0,0,0,0,0,0,0,0,0,0,0,0,0,0,0,0,0,0,0,0,0,0,0,0,3993000,768,2,5199.21875,Nanmangalam,2 BHK,500-1000 sqft,Valid,Chennai,Not available in source data,0,35
4581000,881,Nanmangalam,2,0,0,0,0,0,0,0,0,0,0,0,0,0,0,0,0,0,0,0,0,0,0,0,0,0,0,0,0,0,0,0,0,0,0,0,0,4581000,881,2,5199.772985244041,Nanmangalam,2 BHK,500-1000 sqft,Valid,Chennai,Not available in source data,0,35
4500000,867,Nanmangalam,2,0,0,0,0,0,0,0,0,0,0,0,0,0,0,0,0,0,0,0,0,0,0,0,0,0,0,0,0,0,0,0,0,0,0,0,0,4500000,867,2,5190.311418685121,Nanmangalam,2 BHK,500-1000 sqft,Valid,Chennai,Not available in source data,0,35
5798000,1115,Nanmangalam,3,0,0,0,0,0,0,0,0,0,0,0,0,0,0,0,0,0,0,0,0,0,0,0,0,0,0,0,0,0,0,0,0,0,0,0,0,5798000,1115,3,5200.0,Nanmangalam,3 BHK,1000-1500 sqft,Valid,Chennai,Not available in source data,0,35
6224000,1197,Nanmangalam,3,0,0,0,0,0,0,0,0,0,0,0,0,0,0,0,0,0,0,0,0,0,0,0,0,0,0,0,0,0,0,0,0,0,0,0,0,6224000,1197,3,5199.665831244779,Nanmangalam,3 BHK,1000-1500 sqft,Valid,Chennai,Not available in source data,0,35
4893000,941,Nanmangalam,2,0,0,0,0,0,0,0,0,0,0,0,0,0,0,0,0,0,0,0,0,0,0,0,0,0,0,0,0,0,0,0,0,0,0,0,0,4893000,941,2,5199.787460148778,Nanmangalam,2 BHK,500-1000 sqft,Valid,Chennai,Not available in source data,0,35
5392000,1037,Nanmangalam,2,0,0,0,0,0,0,0,0,0,0,0,0,0,0,0,0,0,0,0,0,0,0,0,0,0,0,0,0,0,0,0,0,0,0,0,0,5392000,1037,2,5199.614271938283,Nanmangalam,2 BHK,1000-1500 sqft,Valid,Chennai,Not available in source data,0,35
10000000,1293,Adambakkam,3,0,0,0,0,0,0,0,0,0,0,0,0,0,0,0,0,0,0,0,0,0,0,0,0,0,0,1,0,0,0,0,0,0,0,0,0,10000000,1293,3,7733.952049497293,Adambakkam,3 BHK,1000-1500 sqft,Valid,Chennai,Not available in source data,1,35
5700000,900,Navallur,2,0,0,0,0,0,0,0,0,0,0,0,0,0,0,0,0,0,0,0,0,0,0,0,0,0,0,0,0,0,0,0,0,0,0,0,0,5700000,900,2,6333.333333333333,Navallur,2 BHK,500-1000 sqft,Valid,Chennai,Not available in source data,0,35
3100000,760,Nanmangalam,2,0,0,0,0,0,0,0,0,0,0,0,0,0,0,0,0,0,0,0,0,0,0,0,0,0,0,0,0,0,0,0,0,0,0,0,0,3100000,760,2,4078.9473684210525,Nanmangalam,2 BHK,500-1000 sqft,Valid,Chennai,Not available in source data,0,35
5116000,1066,Kovur,2,0,0,1,1,1,1,1,1,0,1,0,0,1,0,1,1,1,0,1,0,0,0,0,0,0,1,1,0,0,0,0,0,0,0,0,0,5116000,1066,2,4799.249530956848,Kovur,2 BHK,1000-1500 sqft,Valid,Chennai,Not available in source data,14,35
6969000,1452,Kovur,3,0,0,1,1,1,1,1,1,0,1,0,0,1,0,1,1,1,0,1,0,0,0,0,0,0,1,1,0,0,0,0,0,0,0,0,0,6969000,1452,3,4799.586776859504,Kovur,3 BHK,1000-1500 sqft,Valid,Chennai,Not available in source data,14,35
6480000,1350,Kovur,3,0,0,1,1,1,1,1,1,0,1,0,0,1,0,1,1,1,0,1,0,0,0,0,0,0,1,1,0,0,0,0,0,0,0,0,0,6480000,1350,3,4800.0,Kovur,3 BHK,1000-1500 sqft,Valid,Chennai,Not available in source data,14,35
4435000,924,Kovur,2,0,0,1,1,1,1,1,1,0,1,0,0,1,0,1,1,1,0,1,0,0,0,0,0,0,1,1,0,0,0,0,0,0,0,0,0,4435000,924,2,4799.7835497835495,Kovur,2 BHK,500-1000 sqft,Valid,Chennai,Not available in source data,14,35
6570999,1369,Kovur,3,0,0,1,1,1,1,1,1,0,1,0,0,1,0,1,1,1,0,1,0,0,0,0,0,0,1,1,0,0,0,0,0,0,0,0,0,6570999,1369,3,4799.853177501826,Kovur,3 BHK,1000-1500 sqft,Valid,Chennai,Not available in source data,14,35
5640000,1175,Kovur,2,0,0,1,1,1,1,1,1,0,1,0,0,1,0,1,1,1,0,1,0,0,0,0,0,0,1,1,0,0,0,0,0,0,0,0,0,5640000,1175,2,4800.0,Kovur,2 BHK,1000-1500 sqft,Valid,Chennai,Not available in source data,14,35
2952000,615,Kovur,2,0,0,1,1,1,1,1,1,0,1,0,0,1,0,1,1,1,0,1,0,0,0,0,0,0,1,1,0,0,0,0,0,0,0,0,0,2952000,615,2,4800.0,Kovur,2 BHK,500-1000 sqft,Valid,Chennai,Not available in source data,14,35
5200000,952,Sunnambu Kolathur S Kolathur,2,0,0,0,0,0,0,0,0,0,0,0,0,0,0,0,0,0,0,0,0,0,0,0,0,0,0,1,0,0,0,0,0,0,0,0,0,5200000,952,2,5462.18487394958,Sunnambu Kolathur S Kolathur,2 BHK,500-1000 sqft,Valid,Chennai,Not available in source data,1,35
2200000,460,Pazavanthangal,1,1,0,0,0,0,0,0,0,0,0,0,0,0,0,0,0,0,0,0,0,0,0,0,0,0,0,0,0,0,0,0,0,0,0,0,0,2200000,460,1,4782.608695652174,Pazavanthangal,1 BHK,<500 sqft,Valid,Chennai,Not available in source data,0,35
2300000,675,Avadi,2,0,0,1,1,0,0,0,0,0,1,1,0,1,0,0,1,0,0,0,0,0,0,1,0,0,1,1,0,0,0,0,0,0,0,0,0,2300000,675,2,3407.4074074074074,Avadi,2 BHK,500-1000 sqft,Valid,Chennai,Not available in source data,9,35
3946000,877,Madhavaram,2,0,0,0,0,0,0,0,0,0,0,0,0,0,0,1,0,0,0,0,0,0,0,0,0,0,0,1,0,0,0,0,0,0,0,0,0,3946000,877,2,4499.429874572406,Madhavaram,2 BHK,500-1000 sqft,Valid,Chennai,Not available in source data,2,35
3510000,780,Madhavaram,2,0,0,0,0,0,0,0,0,0,0,0,0,0,0,1,0,0,0,0,0,0,0,0,0,0,0,1,0,0,0,0,0,0,0,0,0,3510000,780,2,4500.0,Madhavaram,2 BHK,500-1000 sqft,Valid,Chennai,Not available in source data,2,35
5599000,1018,Sholinganallur,2,0,0,0,0,0,0,0,0,0,0,0,0,0,0,1,0,0,0,0,0,0,0,0,0,0,0,1,0,0,0,0,0,0,0,0,0,5599000,1018,2,5500.0,Sholinganallur,2 BHK,1000-1500 sqft,Valid,Chennai,Not available in source data,2,35
5500000,1000,Sholinganallur,2,0,0,0,0,0,0,0,0,0,0,0,0,0,0,1,0,0,0,0,0,0,0,0,0,0,0,1,0,0,0,0,0,0,0,0,0,5500000,1000,2,5500.0,Sholinganallur,2 BHK,1000-1500 sqft,Valid,Chennai,Not available in source data,2,35
5775000,1050,Sholinganallur,2,0,0,0,0,0,0,0,0,0,0,0,0,0,0,1,0,0,0,0,0,0,0,0,0,0,0,1,0,0,0,0,0,0,0,0,0,5775000,1050,2,5500.0,Sholinganallur,2 BHK,1000-1500 sqft,Valid,Chennai,Not available in source data,2,35
6050000,1100,Sholinganallur,2,0,0,0,0,0,0,0,0,0,0,0,0,0,0,1,0,0,0,0,0,0,0,0,0,0,0,1,0,0,0,0,0,0,0,0,0,6050000,1100,2,5500.0,Sholinganallur,2 BHK,1000-1500 sqft,Valid,Chennai,Not available in source data,2,35
4500000,1025,Thatchoor,2,0,0,1,1,0,0,0,0,0,1,1,0,1,0,0,1,0,0,0,0,0,0,0,0,0,1,1,0,0,0,0,0,0,0,0,0,4500000,1025,2,4390.243902439024,Thatchoor,2 BHK,1000-1500 sqft,Valid,Chennai,Not available in source data,8,35
2600000,570,Thiruverkadu,1,0,0,1,1,0,0,1,1,0,1,1,1,1,0,0,1,1,0,0,0,0,0,0,0,0,1,1,0,0,0,0,0,0,0,0,0,2600000,570,1,4561.403508771929,Thiruverkadu,1 BHK,500-1000 sqft,Valid,Chennai,Not available in source data,12,35
13200000,2000,Perungudi,3,1,0,0,0,0,0,0,0,0,0,0,0,0,0,0,1,0,0,0,0,0,0,0,0,0,1,1,0,0,0,0,0,0,0,0,0,13200000,2000,3,6600.0,Perungudi,3 BHK,1500-2500 sqft,Valid,Chennai,Not available in source data,3,35
7500000,1546,Sholinganallur,3,0,0,1,1,0,0,0,0,0,1,1,0,1,0,0,1,0,0,0,0,0,0,1,0,0,1,1,0,0,0,0,0,0,0,0,0,7500000,1546,3,4851.228978007762,Sholinganallur,3 BHK,1500-2500 sqft,Valid,Chennai,Not available in source data,9,35
10000000,1599,Karapakkam,3,0,0,1,1,0,0,0,0,0,0,1,0,1,0,0,1,0,0,0,0,0,0,1,0,0,1,1,0,0,0,0,0,0,0,0,0,10000000,1599,3,6253.908692933083,Karapakkam,3 BHK,1500-2500 sqft,Valid,Chennai,Not available in source data,8,35
8000000,1296,Karapakkam,3,0,0,1,1,0,0,0,0,0,0,1,0,1,0,0,1,0,0,0,0,0,0,1,0,0,1,1,0,0,0,0,0,0,0,0,0,8000000,1296,3,6172.83950617284,Karapakkam,3 BHK,1000-1500 sqft,Valid,Chennai,Not available in source data,8,35
3645000,810,Nanmangalam,2,0,0,0,0,0,0,0,0,0,0,0,0,0,0,0,0,0,0,0,0,0,0,0,0,0,0,0,0,0,0,0,0,0,0,0,0,3645000,810,2,4500.0,Nanmangalam,2 BHK,500-1000 sqft,Valid,Chennai,Not available in source data,0,35
5221000,952,Manikandan Nagar,2,0,0,0,0,0,0,0,0,0,0,0,0,0,0,0,0,0,0,0,0,0,0,0,0,0,0,1,0,0,0,0,0,0,0,0,0,5221000,952,2,5484.243697478992,Manikandan Nagar,2 BHK,500-1000 sqft,Valid,Chennai,Not available in source data,1,35
6300000,1060,Sholinganallur,2,0,0,1,0,0,0,0,0,0,1,0,0,1,0,0,1,0,0,0,0,0,0,0,0,0,1,1,0,0,0,0,0,0,0,0,0,6300000,1060,2,5943.396226415094,Sholinganallur,2 BHK,1000-1500 sqft,Valid,Chennai,Not available in source data,6,35
5100000,930,Kilkattalai,2,0,0,0,0,0,0,0,0,0,0,0,0,0,0,0,0,0,0,0,0,0,0,0,0,0,0,1,0,0,0,0,0,0,0,0,0,5100000,930,2,5483.870967741936,Kilkattalai,2 BHK,500-1000 sqft,Valid,Chennai,Not available in source data,1,35
4994000,910,Ullagaram,2,0,0,0,0,0,0,0,0,0,0,0,0,0,0,0,0,0,0,0,0,0,0,0,0,0,0,1,0,0,0,0,0,0,0,0,0,4994000,910,2,5487.912087912088,Ullagaram,2 BHK,500-1000 sqft,Valid,Chennai,Not available in source data,1,35
8675000,1641,Nandambakkam,3,0,0,0,0,0,0,0,0,0,0,0,0,0,0,0,1,0,0,0,0,0,0,0,0,0,1,1,0,0,0,0,0,0,0,0,0,8675000,1641,3,5286.4107251675805,Nandambakkam,3 BHK,1500-2500 sqft,Valid,Chennai,Not available in source data,3,35
4510000,1100,Ambattur,3,0,0,0,0,0,0,0,0,0,0,0,0,0,0,0,1,0,0,0,0,0,0,0,0,0,0,1,0,0,0,0,0,0,0,0,0,4510000,1100,3,4100.0,Ambattur,3 BHK,1000-1500 sqft,Valid,Chennai,Not available in source data,2,35
2976000,726,Thirumullaivoyal,2,0,0,0,0,0,0,0,0,0,0,0,0,0,0,0,0,0,0,0,0,0,0,0,0,0,0,1,0,0,0,0,0,0,0,0,0,2976000,726,2,4099.173553719008,Thirumullaivoyal,2 BHK,500-1000 sqft,Valid,Chennai,Not available in source data,1,35
3099000,756,Cholambedu,2,0,0,0,0,0,0,0,0,0,0,0,0,0,0,0,0,0,0,0,0,0,0,0,0,0,0,0,0,0,0,0,0,0,0,0,0,3099000,756,2,4099.206349206349,Cholambedu,2 BHK,500-1000 sqft,Valid,Chennai,Not available in source data,0,35
3051000,803,Cholambedu,2,0,0,0,0,0,0,0,0,0,0,0,0,0,0,0,0,0,0,0,0,0,0,0,0,0,0,0,0,0,0,0,0,0,0,0,0,3051000,803,2,3799.5018679950185,Cholambedu,2 BHK,500-1000 sqft,Valid,Chennai,Not available in source data,0,35
2823000,743,Cholambedu,2,0,0,0,0,0,0,0,0,0,0,0,0,0,0,0,0,0,0,0,0,0,0,0,0,0,0,0,0,0,0,0,0,0,0,0,0,2823000,743,2,3799.461641991925,Cholambedu,2 BHK,500-1000 sqft,Valid,Chennai,Not available in source data,0,35
2850000,600,Ambattur,2,0,0,0,0,0,0,0,0,0,0,0,0,0,0,0,0,0,0,0,0,0,0,0,0,0,0,0,0,0,0,0,0,0,0,0,0,2850000,600,2,4750.0,Ambattur,2 BHK,500-1000 sqft,Valid,Chennai,Not available in source data,0,35
2975000,726,Cholambedu,2,0,0,0,0,0,0,0,0,0,0,0,0,0,0,0,0,0,0,0,0,0,0,0,0,0,0,1,0,0,0,0,0,0,0,0,0,2975000,726,2,4097.796143250689,Cholambedu,2 BHK,500-1000 sqft,Valid,Chennai,Not available in source data,1,35
6343000,1337,Thiruverkadu,3,0,0,1,1,0,0,1,1,0,0,0,1,1,0,0,1,1,0,0,0,0,0,0,0,0,0,1,0,0,0,0,0,0,0,0,0,6343000,1337,3,4744.203440538519,Thiruverkadu,3 BHK,1000-1500 sqft,Valid,Chennai,Not available in source data,9,35
5519000,1160,Thiruverkadu,2,0,0,1,1,0,0,1,1,0,0,0,1,1,0,0,1,1,0,0,0,0,0,0,0,0,0,1,0,0,0,0,0,0,0,0,0,5519000,1160,2,4757.758620689655,Thiruverkadu,2 BHK,1000-1500 sqft,Valid,Chennai,Not available in source data,9,35
2777000,571,Thiruverkadu,1,0,0,1,1,0,0,1,1,0,0,0,1,1,0,0,1,1,0,0,0,0,0,0,0,0,0,1,0,0,0,0,0,0,0,0,0,2777000,571,1,4863.3975481611205,Thiruverkadu,1 BHK,500-1000 sqft,Valid,Chennai,Not available in source data,9,35
2703000,555,Thiruverkadu,1,0,0,1,1,0,0,1,1,0,0,0,1,1,0,0,1,1,0,0,0,0,0,0,0,0,0,1,0,0,0,0,0,0,0,0,0,2703000,555,1,4870.27027027027,Thiruverkadu,1 BHK,500-1000 sqft,Valid,Chennai,Not available in source data,9,35
5630000,1184,Thiruverkadu,2,0,0,1,1,0,0,1,1,0,0,0,1,1,0,0,1,1,0,0,0,0,0,0,0,0,0,1,0,0,0,0,0,0,0,0,0,5630000,1184,2,4755.0675675675675,Thiruverkadu,2 BHK,1000-1500 sqft,Valid,Chennai,Not available in source data,9,35
2740000,563,Thiruverkadu,1,0,0,1,1,0,0,1,1,0,0,0,1,1,0,0,1,1,0,0,0,0,0,0,0,0,0,1,0,0,0,0,0,0,0,0,0,2740000,563,1,4866.785079928952,Thiruverkadu,1 BHK,500-1000 sqft,Valid,Chennai,Not available in source data,9,35
5542000,1165,Thiruverkadu,2,0,0,1,1,0,0,1,1,0,0,0,1,1,0,0,1,1,0,0,0,0,0,0,0,0,0,1,0,0,0,0,0,0,0,0,0,5542000,1165,2,4757.081545064378,Thiruverkadu,2 BHK,1000-1500 sqft,Valid,Chennai,Not available in source data,9,35
4793000,1004,Thiruverkadu,2,0,0,1,1,0,0,1,1,0,0,0,1,1,0,0,1,1,0,0,0,0,0,0,0,0,0,1,0,0,0,0,0,0,0,0,0,4793000,1004,2,4773.904382470119,Thiruverkadu,2 BHK,1000-1500 sqft,Valid,Chennai,Not available in source data,9,35
2763000,568,Thiruverkadu,1,0,0,1,1,0,0,1,1,0,0,0,1,1,0,0,1,1,0,0,0,0,0,0,0,0,0,1,0,0,0,0,0,0,0,0,0,2763000,568,1,4864.43661971831,Thiruverkadu,1 BHK,500-1000 sqft,Valid,Chennai,Not available in source data,9,35
5756000,1211,Thiruverkadu,2,0,0,1,1,0,0,1,1,0,0,0,1,1,0,0,1,1,0,0,0,0,0,0,0,0,0,1,0,0,0,0,0,0,0,0,0,5756000,1211,2,4753.096614368291,Thiruverkadu,2 BHK,1000-1500 sqft,Valid,Chennai,Not available in source data,9,35
2726000,560,Thiruverkadu,1,0,0,1,1,0,0,1,1,0,0,0,1,1,0,0,1,1,0,0,0,0,0,0,0,0,0,1,0,0,0,0,0,0,0,0,0,2726000,560,1,4867.857142857143,Thiruverkadu,1 BHK,500-1000 sqft,Valid,Chennai,Not available in source data,9,35
11000000,1217,Velachery,2,1,0,1,0,0,0,0,0,0,0,0,0,0,0,0,1,0,0,0,0,0,0,0,0,0,1,1,0,0,0,0,0,0,0,0,0,11000000,1217,2,9038.619556285948,Velachery,2 BHK,1000-1500 sqft,Valid,Chennai,Not available in source data,4,35
13000000,1990,Iyappanthangal,2,1,0,1,1,0,1,1,1,1,0,1,1,1,1,1,1,1,1,0,1,1,0,0,0,0,1,1,0,1,0,0,0,0,0,0,0,13000000,1990,2,6532.663316582914,Iyappanthangal,2 BHK,1500-2500 sqft,Valid,Chennai,Not available in source data,19,35
5500000,1098,Vanagaram,2,1,0,0,0,0,0,0,0,0,0,0,0,0,0,0,0,0,0,0,0,0,0,0,0,0,0,1,0,0,0,0,0,0,0,0,0,5500000,1098,2,5009.1074681238615,Vanagaram,2 BHK,1000-1500 sqft,Valid,Chennai,Not available in source data,1,35
11299999,1558,Perungudi,2,0,0,1,0,1,1,1,1,0,1,1,0,0,0,1,1,0,0,0,0,0,0,0,0,0,1,1,0,0,0,0,0,0,0,0,0,11299999,1558,2,7252.887676508344,Perungudi,2 BHK,1500-2500 sqft,Valid,Chennai,Not available in source data,11,35
7200000,1441,Padur,3,0,0,0,0,0,0,0,0,0,0,0,0,0,0,0,0,0,0,0,0,0,0,0,0,0,0,0,0,0,0,0,0,0,0,0,0,7200000,1441,3,4996.530187369882,Padur,3 BHK,1000-1500 sqft,Valid,Chennai,Not available in source data,0,35
5200000,1147,Padur,2,0,0,0,0,0,0,0,0,0,0,0,0,0,0,0,0,0,0,0,0,0,0,0,0,0,0,0,0,0,0,0,0,0,0,0,0,5200000,1147,2,4533.565823888404,Padur,2 BHK,1000-1500 sqft,Valid,Chennai,Not available in source data,0,35
7200000,962,Rajakilpakkam,2,0,0,1,1,0,0,0,0,0,1,1,0,0,0,0,1,0,0,0,0,0,0,0,0,0,1,1,0,0,0,0,0,0,0,0,0,7200000,962,2,7484.407484407485,Rajakilpakkam,2 BHK,500-1000 sqft,Valid,Chennai,Not available in source data,7,35
17600000,2150,Navallur,3,0,0,1,1,1,1,0,1,0,1,1,0,1,0,1,1,0,0,1,0,0,0,0,0,0,1,1,0,0,0,0,0,0,0,0,0,17600000,2150,3,8186.046511627907,Navallur,3 BHK,1500-2500 sqft,Valid,Chennai,Not available in source data,13,35
11500000,1525,Navallur,3,1,0,1,1,0,1,1,0,0,1,1,0,1,0,1,1,1,1,1,1,0,0,0,0,0,1,1,0,1,0,0,0,0,0,0,0,11500000,1525,3,7540.983606557377,Navallur,3 BHK,1500-2500 sqft,Valid,Chennai,Not available in source data,16,35
8200000,1348,Karapakkam,3,0,0,1,1,0,0,0,0,0,1,1,0,1,0,0,1,0,0,0,0,0,0,1,0,0,1,1,0,0,0,0,0,0,0,0,0,8200000,1348,3,6083.086053412463,Karapakkam,3 BHK,1000-1500 sqft,Valid,Chennai,Not available in source data,9,35
8000000,1307,Karapakkam,3,0,0,1,1,0,0,0,0,0,1,1,0,1,0,0,1,0,0,0,0,0,0,1,0,0,1,1,0,0,0,0,0,0,0,0,0,8000000,1307,3,6120.88752869166,Karapakkam,3 BHK,1000-1500 sqft,Valid,Chennai,Not available in source data,9,35
7000000,1027,Karapakkam,2,0,0,1,1,0,0,0,0,0,1,1,0,1,0,0,1,0,0,0,0,0,0,1,0,0,1,1,0,0,0,0,0,0,0,0,0,7000000,1027,2,6815.968841285297,Karapakkam,2 BHK,1000-1500 sqft,Valid,Chennai,Not available in source data,9,35
13600000,1765,Navallur,3,0,0,1,1,0,1,1,0,0,1,1,0,1,0,1,1,1,1,1,1,0,0,1,0,0,1,1,0,1,0,0,0,0,0,0,0,13600000,1765,3,7705.382436260623,Navallur,3 BHK,1500-2500 sqft,Valid,Chennai,Not available in source data,17,35
10400000,1524,Navallur,3,0,0,1,1,0,1,1,0,0,1,1,0,1,0,1,1,1,1,1,1,0,0,1,0,0,1,1,0,1,0,0,0,0,0,0,0,10400000,1524,3,6824.146981627297,Navallur,3 BHK,1500-2500 sqft,Valid,Chennai,Not available in source data,17,35
10500000,1525,Navallur,3,0,0,1,1,0,1,1,0,0,1,1,0,1,0,1,1,1,1,1,1,0,0,1,0,0,1,1,0,1,0,0,0,0,0,0,0,10500000,1525,3,6885.245901639344,Navallur,3 BHK,1500-2500 sqft,Valid,Chennai,Not available in source data,17,35
3199000,610,Iyyappanthangal,1,0,0,1,1,0,0,0,0,0,1,1,0,1,0,0,1,0,0,0,0,0,0,1,0,0,1,1,0,0,0,0,0,0,0,0,0,3199000,610,1,5244.262295081967,Iyyappanthangal,1 BHK,500-1000 sqft,Valid,Chennai,Not available in source data,9,35
5700000,1152,Mambakkam,2,0,0,0,0,0,0,0,0,0,0,0,0,0,0,0,0,0,0,0,0,0,0,0,0,0,0,0,0,0,0,0,0,0,0,0,0,5700000,1152,2,4947.916666666667,Mambakkam,2 BHK,1000-1500 sqft,Valid,Chennai,Not available in source data,0,35
5000000,999,Mambakkam,2,0,0,1,1,0,0,0,0,0,0,1,0,1,0,0,1,0,0,0,0,0,0,1,0,0,1,1,0,0,0,0,0,0,0,0,0,5000000,999,2,5005.005005005005,Mambakkam,2 BHK,500-1000 sqft,Valid,Chennai,Not available in source data,8,35
9000000,1298,Egatoor,2,0,0,1,1,0,0,0,0,0,1,1,0,1,0,0,1,0,0,0,0,0,0,1,0,0,1,1,0,0,0,0,0,0,0,0,0,9000000,1298,2,6933.744221879815,Egatoor,2 BHK,1000-1500 sqft,Valid,Chennai,Not available in source data,9,35
6500000,1024,Karapakkam,2,0,0,1,1,0,0,0,0,0,0,1,0,1,0,0,1,0,0,0,0,0,0,1,0,0,1,1,0,0,0,0,0,0,0,0,0,6500000,1024,2,6347.65625,Karapakkam,2 BHK,1000-1500 sqft,Valid,Chennai,Not available in source data,8,35
2900000,690,Thatchoor,2,0,0,1,1,0,0,0,0,0,1,1,0,1,0,0,1,0,0,0,0,0,0,0,0,0,1,1,0,0,0,0,0,0,0,0,0,2900000,690,2,4202.898550724638,Thatchoor,2 BHK,500-1000 sqft,Valid,Chennai,Not available in source data,8,35
9000000,1364,Porur,3,0,0,1,0,0,0,0,0,0,0,0,0,0,0,0,1,0,0,0,0,0,0,1,0,0,1,1,0,0,0,0,0,0,0,0,0,9000000,1364,3,6598.240469208211,Porur,3 BHK,1000-1500 sqft,Valid,Chennai,Not available in source data,5,35
9400000,2021,Semmancheri,4,0,0,1,1,0,0,0,0,0,1,1,0,1,0,0,1,0,0,0,0,0,0,1,0,0,1,1,0,0,0,0,0,0,0,0,0,9400000,2021,4,4651.162790697675,Semmancheri,4 BHK,1500-2500 sqft,Valid,Chennai,Not available in source data,9,35
7000000,1443,Sholinganallur,3,0,0,1,1,0,0,0,0,0,1,1,0,1,0,0,1,0,0,0,0,0,0,1,0,0,1,1,0,0,0,0,0,0,0,0,0,7000000,1443,3,4851.004851004851,Sholinganallur,3 BHK,1000-1500 sqft,Valid,Chennai,Not available in source data,9,35
5400000,1020,Maduravoyal,2,0,0,1,0,0,0,0,0,0,0,1,0,0,0,0,1,0,0,0,0,0,0,0,0,0,1,1,0,0,0,0,0,0,0,0,0,5400000,1020,2,5294.117647058823,Maduravoyal,2 BHK,1000-1500 sqft,Valid,Chennai,Not available in source data,5,35
5400000,1045,Maduravoyal,2,0,0,1,1,0,0,0,0,0,0,1,0,0,0,0,1,0,0,0,0,0,0,0,0,0,1,1,0,0,0,0,0,0,0,0,0,5400000,1045,2,5167.464114832536,Maduravoyal,2 BHK,1000-1500 sqft,Valid,Chennai,Not available in source data,6,35
5400000,1045,Maduravoyal,2,0,0,1,1,0,0,0,0,0,0,1,0,0,0,0,0,0,0,0,0,0,0,0,0,0,1,1,0,0,0,0,0,0,0,0,0,5400000,1045,2,5167.464114832536,Maduravoyal,2 BHK,1000-1500 sqft,Valid,Chennai,Not available in source data,5,35
5698000,1020,Maduravoyal,2,0,0,1,1,0,0,0,0,0,0,1,0,0,0,0,1,0,0,0,0,0,0,0,0,0,1,1,0,0,0,0,0,0,0,0,0,5698000,1020,2,5586.274509803921,Maduravoyal,2 BHK,1000-1500 sqft,Valid,Chennai,Not available in source data,6,35
5700000,1020,Maduravoyal,2,0,0,1,1,0,0,0,0,0,0,1,0,0,0,0,1,0,0,0,0,0,0,0,0,0,1,1,0,0,0,0,0,0,0,0,0,5700000,1020,2,5588.235294117647,Maduravoyal,2 BHK,1000-1500 sqft,Valid,Chennai,Not available in source data,6,35
5800000,1075,Maduravoyal,2,0,0,1,1,0,0,0,0,0,0,0,0,0,0,0,1,0,0,0,0,0,0,0,0,0,0,1,0,0,0,0,0,0,0,0,0,5800000,1075,2,5395.3488372093025,Maduravoyal,2 BHK,1000-1500 sqft,Valid,Chennai,Not available in source data,4,35
5400000,1020,Maduravoyal,2,0,0,1,0,0,0,0,0,0,0,0,0,0,0,0,1,0,0,0,0,0,0,0,0,0,1,1,0,0,0,0,0,0,0,0,0,5400000,1020,2,5294.117647058823,Maduravoyal,2 BHK,1000-1500 sqft,Valid,Chennai,Not available in source data,4,35
5450000,1045,Maduravoyal,2,0,0,1,0,0,0,0,0,0,0,0,0,1,0,0,1,0,0,0,0,0,0,0,0,0,1,1,0,0,0,0,0,0,0,0,0,5450000,1045,2,5215.311004784689,Maduravoyal,2 BHK,1000-1500 sqft,Valid,Chennai,Not available in source data,5,35
17000000,2475,Iyappanthangal,4,1,0,1,1,0,1,1,1,1,1,1,1,1,1,1,1,1,1,0,1,1,0,0,0,0,1,1,0,1,0,0,0,0,0,0,0,17000000,2475,4,6868.686868686868,Iyappanthangal,4 BHK,1500-2500 sqft,Valid,Chennai,Not available in source data,20,35
7700000,1735,Medavakkam,3,1,0,1,1,1,1,1,1,0,1,1,1,1,0,1,1,1,1,1,0,0,0,0,0,0,1,1,0,1,0,0,0,0,0,0,0,7700000,1735,3,4438.040345821326,Medavakkam,3 BHK,1500-2500 sqft,Valid,Chennai,Not available in source data,18,35
3270000,711,Pammal,2,0,0,0,0,0,0,0,0,0,0,0,0,0,0,0,0,0,0,0,0,0,0,0,0,0,0,0,0,0,0,0,0,0,0,0,0,3270000,711,2,4599.15611814346,Pammal,2 BHK,500-1000 sqft,Valid,Chennai,Not available in source data,0,35
2760000,600,Pammal,2,0,0,0,0,0,0,0,0,0,0,0,0,0,0,0,0,0,0,0,0,0,0,0,0,0,0,0,0,0,0,0,0,0,0,0,0,2760000,600,2,4600.0,Pammal,2 BHK,500-1000 sqft,Valid,Chennai,Not available in source data,0,35
16399999,1704,Virugambakkam,3,0,0,1,1,1,1,1,1,1,1,0,1,1,1,1,1,1,0,0,0,1,0,0,0,0,1,1,0,0,0,0,0,0,0,0,0,16399999,1704,3,9624.412558685446,Virugambakkam,3 BHK,1500-2500 sqft,Valid,Chennai,Not available in source data,17,35
14000000,1464,Virugambakkam,3,0,0,1,1,1,1,1,1,1,1,0,1,1,1,1,1,1,0,0,0,1,0,0,0,0,1,1,0,0,0,0,0,0,0,0,0,14000000,1464,3,9562.841530054644,Virugambakkam,3 BHK,1000-1500 sqft,Valid,Chennai,Not available in source data,17,35
8300000,1546,Peerakankaranai,3,0,0,0,0,0,0,0,0,0,0,0,0,0,0,0,0,0,0,0,0,0,0,0,0,0,1,1,0,0,0,0,0,0,0,0,0,8300000,1546,3,5368.69340232859,Peerakankaranai,3 BHK,1500-2500 sqft,Valid,Chennai,Not available in source data,2,35
6100000,1093,Peerakankaranai,2,0,0,0,0,0,0,0,0,0,0,0,0,0,0,0,1,0,0,0,0,0,0,0,0,0,0,1,0,0,0,0,0,0,0,0,0,6100000,1093,2,5580.969807868252,Peerakankaranai,2 BHK,1000-1500 sqft,Valid,Chennai,Not available in source data,2,35
6000000,1066,Peerakankaranai,2,0,0,0,0,0,0,0,0,0,0,0,0,1,0,0,0,0,0,0,0,0,0,0,0,0,1,1,0,0,0,0,0,0,0,0,0,6000000,1066,2,5628.517823639775,Peerakankaranai,2 BHK,1000-1500 sqft,Valid,Chennai,Not available in source data,3,35
5500000,984,Peerakankaranai,2,0,0,0,0,0,0,0,0,0,0,0,0,1,0,0,1,0,0,0,0,0,0,0,0,0,1,1,0,0,0,0,0,0,0,0,0,5500000,984,2,5589.430894308943,Peerakankaranai,2 BHK,500-1000 sqft,Valid,Chennai,Not available in source data,4,35
5400000,947,Peerakankaranai,2,0,0,0,0,0,0,0,0,0,0,0,0,1,0,0,0,0,0,0,0,0,0,0,0,0,1,1,0,0,0,0,0,0,0,0,0,5400000,947,2,5702.2175290390705,Peerakankaranai,2 BHK,500-1000 sqft,Valid,Chennai,Not available in source data,3,35
6700000,1228,Peerakankaranai,2,0,0,1,0,0,0,0,0,0,0,0,0,0,0,0,0,0,0,0,0,0,0,0,0,0,0,1,0,0,0,0,0,0,0,0,0,6700000,1228,2,5456.026058631922,Peerakankaranai,2 BHK,1000-1500 sqft,Valid,Chennai,Not available in source data,2,35
9000000,1301,Moolakadai,3,0,0,1,1,0,0,0,0,0,1,1,0,1,0,0,1,0,0,0,0,0,0,0,0,0,1,1,0,0,0,0,0,0,0,0,0,9000000,1301,3,6917.7555726364335,Moolakadai,3 BHK,1000-1500 sqft,Valid,Chennai,Not available in source data,8,35
6000000,1367,Kelambakkam,2,0,0,1,1,0,1,1,1,0,1,1,0,1,1,1,1,1,0,0,1,1,0,0,0,0,1,1,0,0,0,0,0,0,0,0,0,6000000,1367,2,4389.1733723482075,Kelambakkam,2 BHK,1000-1500 sqft,Valid,Chennai,Not available in source data,16,35
10300000,1740,Poonamallee,3,0,0,1,1,1,1,0,1,0,0,1,0,1,0,0,0,1,0,0,1,0,0,0,0,0,1,1,0,0,0,0,0,0,0,0,0,10300000,1740,3,5919.540229885058,Poonamallee,3 BHK,1500-2500 sqft,Valid,Chennai,Not available in source data,11,35
10300000,1740,Poonamallee,3,0,0,1,1,1,1,0,1,0,1,1,0,1,0,0,1,1,0,0,1,0,0,0,0,0,1,1,0,0,0,0,0,0,0,0,0,10300000,1740,3,5919.540229885058,Poonamallee,3 BHK,1500-2500 sqft,Valid,Chennai,Not available in source data,13,35
8700000,1500,Poonamallee,3,0,0,1,1,1,1,0,1,0,1,1,0,1,0,0,1,1,0,0,1,0,0,0,0,0,1,1,0,0,0,0,0,0,0,0,0,8700000,1500,3,5800.0,Poonamallee,3 BHK,1500-2500 sqft,Valid,Chennai,Not available in source data,13,35
7800000,1335,Poonamallee,2,0,0,1,1,1,1,0,1,0,1,1,0,1,0,0,1,1,0,0,1,0,0,0,0,0,1,1,0,0,0,0,0,0,0,0,0,7800000,1335,2,5842.696629213483,Poonamallee,2 BHK,1000-1500 sqft,Valid,Chennai,Not available in source data,13,35
13500000,1825,Iyappanthangal,3,1,0,1,1,0,1,1,1,1,1,0,1,1,1,1,1,1,1,0,1,1,0,0,0,0,1,1,0,1,0,0,0,0,0,0,0,13500000,1825,3,7397.260273972603,Iyappanthangal,3 BHK,1500-2500 sqft,Valid,Chennai,Not available in source data,19,35
17000000,2150,Navallur,3,1,0,1,1,1,1,1,1,0,1,1,0,1,1,1,1,1,0,1,1,0,0,0,0,0,1,1,0,1,0,0,0,0,0,0,0,17000000,2150,3,7906.976744186047,Navallur,3 BHK,1500-2500 sqft,Valid,Chennai,Not available in source data,18,35
10500000,1749,Navallur,2,1,0,1,1,1,0,0,1,0,1,1,0,1,0,1,1,1,0,1,0,0,0,0,0,0,1,1,0,0,0,0,0,0,0,0,0,10500000,1749,2,6003.430531732419,Navallur,2 BHK,1500-2500 sqft,Valid,Chennai,Not available in source data,13,35
11500000,1749,Navallur,2,1,0,1,1,0,1,1,0,0,1,1,0,1,0,1,1,1,1,1,1,0,0,0,0,0,1,1,0,1,0,0,0,0,0,0,0,11500000,1749,2,6575.18582046884,Navallur,2 BHK,1500-2500 sqft,Valid,Chennai,Not available in source data,16,35
17000000,2451,Navallur,3,1,0,1,1,1,0,0,1,0,1,1,0,1,0,1,1,0,0,1,0,0,0,0,1,0,1,1,0,0,0,0,0,0,0,0,0,17000000,2451,3,6935.944512443901,Navallur,3 BHK,1500-2500 sqft,Valid,Chennai,Not available in source data,13,35
7700000,1295,Navallur,2,1,0,1,1,0,1,1,0,0,1,1,0,1,0,1,1,1,1,1,1,0,0,0,0,0,1,1,0,1,0,0,0,0,0,0,0,7700000,1295,2,5945.945945945946,Navallur,2 BHK,1000-1500 sqft,Valid,Chennai,Not available in source data,16,35
10000000,1445,Navallur,3,0,0,1,1,0,1,1,0,0,1,0,0,1,0,1,1,1,1,1,1,0,0,0,0,0,1,1,0,1,0,0,0,0,0,0,0,10000000,1445,3,6920.415224913495,Navallur,3 BHK,1000-1500 sqft,Valid,Chennai,Not available in source data,15,35
11000000,1435,Navallur,3,1,0,1,1,1,1,1,1,0,1,1,0,1,1,1,1,1,0,1,0,0,0,0,0,0,1,1,0,1,0,0,0,0,0,0,0,11000000,1435,3,7665.505226480836,Navallur,3 BHK,1000-1500 sqft,Valid,Chennai,Not available in source data,17,35
30000000,3487,Navallur,3,1,0,1,1,1,0,0,1,0,0,1,0,1,0,1,1,0,0,1,0,0,0,0,0,0,1,0,0,0,0,0,0,0,0,0,0,30000000,3487,3,8603.383997705765,Navallur,3 BHK,2500+ sqft,Valid,Chennai,Not available in source data,10,35
7500000,2010,Siruseri,3,1,0,0,0,0,0,0,0,0,0,0,0,0,0,0,0,0,0,0,0,0,0,0,0,0,0,0,0,0,0,0,0,0,0,0,0,7500000,2010,3,3731.3432835820895,Siruseri,3 BHK,1500-2500 sqft,Valid,Chennai,Not available in source data,0,35
8100000,1460,Sunnambu Kolathur S Kolathur,3,0,0,0,0,0,0,0,0,0,0,0,0,0,0,0,1,0,0,0,0,0,0,0,0,0,0,1,0,0,0,0,0,0,0,0,0,8100000,1460,3,5547.945205479452,Sunnambu Kolathur S Kolathur,3 BHK,1000-1500 sqft,Valid,Chennai,Not available in source data,2,35
5300000,952,Sunnambu Kolathur S Kolathur,2,0,0,0,0,0,0,0,0,0,0,0,0,0,0,0,1,0,0,0,0,0,0,0,0,0,0,1,0,0,0,0,0,0,0,0,0,5300000,952,2,5567.226890756303,Sunnambu Kolathur S Kolathur,2 BHK,500-1000 sqft,Valid,Chennai,Not available in source data,2,35
4800000,910,Sunnambu Kolathur S Kolathur,2,0,0,0,0,0,0,0,0,0,0,0,0,0,0,0,1,0,0,0,0,0,0,0,0,0,0,1,0,0,0,0,0,0,0,0,0,4800000,910,2,5274.725274725275,Sunnambu Kolathur S Kolathur,2 BHK,500-1000 sqft,Valid,Chennai,Not available in source data,2,35
3300000,570,Sunnambu Kolathur S Kolathur,1,0,0,0,0,0,0,0,0,0,0,0,0,0,0,0,1,0,0,0,0,0,0,0,0,0,0,1,0,0,0,0,0,0,0,0,0,3300000,570,1,5789.473684210527,Sunnambu Kolathur S Kolathur,1 BHK,500-1000 sqft,Valid,Chennai,Not available in source data,2,35
15000000,1888,Perungudi,3,0,0,1,1,1,1,0,0,0,1,1,0,1,0,1,1,1,0,0,1,0,0,0,0,0,1,1,0,0,0,0,0,0,0,0,0,15000000,1888,3,7944.9152542372885,Perungudi,3 BHK,1500-2500 sqft,Valid,Chennai,Not available in source data,13,35
13500000,1665,Perungudi,3,0,0,1,1,1,1,0,0,0,1,1,0,1,0,1,1,1,0,0,1,0,0,0,0,0,1,1,0,0,0,0,0,0,0,0,0,13500000,1665,3,8108.108108108108,Perungudi,3 BHK,1500-2500 sqft,Valid,Chennai,Not available in source data,13,35
11500000,1434,Perungudi,2,0,0,1,1,1,1,0,0,0,1,0,0,1,0,1,1,1,0,0,1,0,0,0,0,0,1,0,0,0,0,0,0,0,0,0,0,11500000,1434,2,8019.52580195258,Perungudi,2 BHK,1000-1500 sqft,Valid,Chennai,Not available in source data,11,35
11500000,1434,Perungudi,2,0,0,1,1,1,1,0,0,0,1,1,0,1,0,1,1,1,0,0,1,0,0,0,0,0,1,1,0,0,0,0,0,0,0,0,0,11500000,1434,2,8019.52580195258,Perungudi,2 BHK,1000-1500 sqft,Valid,Chennai,Not available in source data,13,35
13000000,1850,Thoraipakkam OMR,3,1,0,1,1,0,1,1,1,0,1,1,0,1,0,1,1,1,1,0,1,0,0,0,0,0,1,1,0,1,0,0,0,0,0,0,0,13000000,1850,3,7027.027027027027,Thoraipakkam OMR,3 BHK,1500-2500 sqft,Valid,Chennai,Not available in source data,16,35
10300000,1671,Thoraipakkam OMR,3,0,0,1,0,1,0,0,1,0,1,0,0,1,0,1,1,0,0,0,0,0,0,0,0,0,1,1,0,0,0,0,0,0,0,0,0,10300000,1671,3,6163.973668461998,Thoraipakkam OMR,3 BHK,1500-2500 sqft,Valid,Chennai,Not available in source data,9,35
7900000,1286,Thoraipakkam OMR,2,0,0,1,0,1,0,0,1,0,1,0,0,0,0,1,1,0,0,0,0,0,0,0,0,0,1,1,0,0,0,0,0,0,0,0,0,7900000,1286,2,6143.0793157076205,Thoraipakkam OMR,2 BHK,1000-1500 sqft,Valid,Chennai,Not available in source data,8,35
6500000,1112,Velappanchavadi,2,0,0,1,1,0,0,0,0,0,1,0,0,1,0,0,1,0,0,0,1,0,0,0,0,0,1,1,0,1,0,0,0,0,0,0,0,6500000,1112,2,5845.323741007194,Velappanchavadi,2 BHK,1000-1500 sqft,Valid,Chennai,Not available in source data,9,35
9200000,1414,Velappanchavadi,3,0,0,1,1,0,0,0,0,0,0,0,0,0,0,0,0,0,0,0,1,0,0,0,0,0,0,1,0,1,0,0,0,0,0,0,0,9200000,1414,3,6506.364922206506,Velappanchavadi,3 BHK,1000-1500 sqft,Valid,Chennai,Not available in source data,5,35
9200000,1414,Velappanchavadi,3,0,0,1,1,0,0,0,0,0,1,0,0,1,0,0,1,0,0,0,1,0,0,0,0,0,1,1,0,1,0,0,0,0,0,0,0,9200000,1414,3,6506.364922206506,Velappanchavadi,3 BHK,1000-1500 sqft,Valid,Chennai,Not available in source data,9,35
11299999,1827,Thoraipakkam OMR,4,0,0,1,0,1,0,0,1,0,1,0,0,1,0,1,1,0,0,0,0,0,0,0,0,0,1,1,0,0,0,0,0,0,0,0,0,11299999,1827,4,6185.0021893815,Thoraipakkam OMR,4 BHK,1500-2500 sqft,Valid,Chennai,Not available in source data,9,35
3386999,752,Nanmangalam,2,0,0,0,0,0,0,0,0,0,0,0,0,0,0,0,1,0,0,0,0,0,0,0,0,0,0,1,0,0,0,0,0,0,0,0,0,3386999,752,2,4503.988031914893,Nanmangalam,2 BHK,500-1000 sqft,Valid,Chennai,Not available in source data,2,35
3192000,760,Nanmangalam,2,0,0,0,0,0,0,0,0,0,0,0,0,0,0,0,1,0,0,0,0,0,0,0,0,0,0,1,0,0,0,0,0,0,0,0,0,3192000,760,2,4200.0,Nanmangalam,2 BHK,500-1000 sqft,Valid,Chennai,Not available in source data,2,35
2725000,639,Avadi,2,0,0,0,0,0,0,0,0,0,0,0,0,0,0,0,0,0,0,0,0,0,0,0,0,0,0,0,0,0,0,0,0,0,0,0,0,2725000,639,2,4264.475743348983,Avadi,2 BHK,500-1000 sqft,Valid,Chennai,Not available in source data,0,35
4500000,949,Perumbakkam,2,0,0,1,0,0,0,1,1,0,0,0,0,0,0,0,1,0,0,0,1,0,0,0,0,0,1,1,0,1,0,0,0,0,0,0,0,4500000,949,2,4741.833508956796,Perumbakkam,2 BHK,500-1000 sqft,Valid,Chennai,Not available in source data,8,35
4000000,901,Perumbakkam,2,0,0,1,0,0,0,1,1,0,0,0,0,0,0,0,1,0,0,0,1,0,0,0,0,0,1,1,0,1,0,0,0,0,0,0,0,4000000,901,2,4439.511653718091,Perumbakkam,2 BHK,500-1000 sqft,Valid,Chennai,Not available in source data,8,35
6600000,1120,Semmancheri,2,0,0,1,0,0,0,0,0,0,1,0,0,1,0,0,1,0,0,0,0,0,0,0,0,0,1,1,0,0,0,0,0,0,0,0,0,6600000,1120,2,5892.857142857143,Semmancheri,2 BHK,1000-1500 sqft,Valid,Chennai,Not available in source data,6,35
6300000,1065,Semmancheri,2,0,0,1,0,0,0,0,0,0,1,0,0,1,0,0,1,0,0,0,0,0,0,0,0,0,1,1,0,0,0,0,0,0,0,0,0,6300000,1065,2,5915.492957746479,Semmancheri,2 BHK,1000-1500 sqft,Valid,Chennai,Not available in source data,6,35
6400000,1070,Semmancheri,2,0,0,1,0,0,0,0,0,0,1,0,0,1,0,0,1,0,0,0,0,0,0,0,0,0,1,1,0,0,0,0,0,0,0,0,0,6400000,1070,2,5981.308411214954,Semmancheri,2 BHK,1000-1500 sqft,Valid,Chennai,Not available in source data,6,35
9900000,1100,T Nagar,3,1,0,0,0,0,0,0,0,0,0,0,0,0,0,0,1,0,0,0,0,0,0,0,0,0,0,0,0,0,0,0,0,0,0,0,0,9900000,1100,3,9000.0,T Nagar,3 BHK,1000-1500 sqft,Valid,Chennai,Not available in source data,1,35
7600000,980,Ekkatuthangal,2,1,0,0,0,0,0,0,0,0,0,0,0,0,0,0,1,0,0,0,0,0,0,0,0,0,0,1,0,0,0,0,0,0,0,0,0,7600000,980,2,7755.102040816327,Ekkatuthangal,2 BHK,500-1000 sqft,Valid,Chennai,Not available in source data,2,35
6600000,1110,Sholinganallur,2,0,0,0,0,0,0,0,0,0,0,0,0,0,0,0,0,0,0,0,0,0,0,0,0,0,0,0,0,0,0,0,0,0,0,0,0,6600000,1110,2,5945.945945945946,Sholinganallur,2 BHK,1000-1500 sqft,Valid,Chennai,Not available in source data,0,35
6600000,1110,Sholinganallur,2,0,0,1,0,0,0,0,0,0,1,0,0,1,0,0,1,0,0,0,0,0,0,0,0,0,1,1,0,0,0,0,0,0,0,0,0,6600000,1110,2,5945.945945945946,Sholinganallur,2 BHK,1000-1500 sqft,Valid,Chennai,Not available in source data,6,35
5900000,980,Sholinganallur,2,0,0,1,0,0,0,0,0,0,1,0,0,1,0,0,1,0,0,0,0,0,0,0,0,0,1,1,0,0,0,0,0,0,0,0,0,5900000,980,2,6020.408163265306,Sholinganallur,2 BHK,500-1000 sqft,Valid,Chennai,Not available in source data,6,35
2725000,645,Avadi,2,0,0,0,0,0,0,0,0,0,0,0,0,0,0,0,0,0,0,0,0,0,0,0,0,0,0,0,0,0,0,0,0,0,0,0,0,2725000,645,2,4224.806201550387,Avadi,2 BHK,500-1000 sqft,Valid,Chennai,Not available in source data,0,35
2725000,639,Avadi,2,0,0,0,1,0,0,0,0,0,0,1,0,1,0,0,1,0,0,0,0,0,0,0,0,0,0,1,0,0,0,0,0,0,0,0,0,2725000,639,2,4264.475743348983,Avadi,2 BHK,500-1000 sqft,Valid,Chennai,Not available in source data,5,35
2725000,639,Avadi,2,0,0,1,1,0,0,0,0,0,0,1,0,1,0,0,1,0,0,0,0,0,0,0,0,0,0,1,0,0,0,0,0,0,0,0,0,2725000,639,2,4264.475743348983,Avadi,2 BHK,500-1000 sqft,Valid,Chennai,Not available in source data,6,35
190000000,7240,Nungambakkam,5,0,0,1,1,1,0,1,0,0,1,0,0,1,0,0,1,0,0,0,0,0,0,0,0,0,1,1,0,1,0,0,0,0,0,0,0,190000000,7240,5,26243.093922651933,Nungambakkam,5+ BHK,2500+ sqft,Valid,Chennai,Not available in source data,10,35
150000000,5777,Nungambakkam,5,0,0,1,1,1,0,1,0,0,1,0,0,1,0,0,1,0,0,0,0,0,0,0,0,0,1,1,0,1,0,0,0,0,0,0,0,150000000,5777,5,25965.03375454388,Nungambakkam,5+ BHK,2500+ sqft,Valid,Chennai,Not available in source data,10,35
90000000,3800,Nungambakkam,4,0,0,1,1,1,0,1,0,0,0,0,0,0,0,0,0,0,0,0,0,0,0,0,0,0,0,1,0,1,0,0,0,0,0,0,0,90000000,3800,4,23684.21052631579,Nungambakkam,4 BHK,2500+ sqft,Valid,Chennai,Not available in source data,6,35
90000000,3800,Nungambakkam,4,0,0,1,1,1,0,1,0,0,0,0,0,0,0,0,1,0,0,0,0,0,0,0,0,0,1,1,0,1,0,0,0,0,0,0,0,90000000,3800,4,23684.21052631579,Nungambakkam,4 BHK,2500+ sqft,Valid,Chennai,Not available in source data,8,35
4300000,591,Perambur,1,0,0,0,0,0,0,0,0,0,0,0,0,0,0,0,0,0,0,0,0,0,0,0,0,0,0,1,0,0,0,0,0,0,0,0,0,4300000,591,1,7275.80372250423,Perambur,1 BHK,500-1000 sqft,Valid,Chennai,Not available in source data,1,35
127000000,6500,Royapettah,5,0,1,1,1,1,1,1,1,0,1,0,0,1,0,1,1,1,0,0,1,0,0,0,0,0,1,1,0,0,0,0,0,0,0,0,0,127000000,6500,5,19538.46153846154,Royapettah,5+ BHK,2500+ sqft,Valid,Chennai,Not available in source data,15,35
57500000,2958,Royapettah,4,0,1,1,1,1,1,1,1,0,1,0,0,1,0,1,1,1,0,0,1,0,0,0,0,0,1,1,0,0,0,0,0,0,0,0,0,57500000,2958,4,19438.810006761327,Royapettah,4 BHK,2500+ sqft,Valid,Chennai,Not available in source data,15,35
23000000,1200,Royapettah,2,0,1,1,1,1,1,1,1,0,1,0,0,1,0,1,1,1,0,0,1,0,0,0,0,0,1,1,0,0,0,0,0,0,0,0,0,23000000,1200,2,19166.666666666668,Royapettah,2 BHK,1000-1500 sqft,Valid,Chennai,Not available in source data,15,35
11500000,600,Royapettah,1,0,1,1,1,1,1,1,1,0,1,1,0,1,0,1,1,1,0,0,1,0,0,0,0,0,1,1,0,0,0,0,0,0,0,0,0,11500000,600,1,19166.666666666668,Royapettah,1 BHK,500-1000 sqft,Valid,Chennai,Not available in source data,16,35
4200000,901,Perumbakkam,2,0,0,1,0,0,0,1,1,0,0,0,0,0,0,0,1,0,0,0,1,0,0,0,0,0,1,1,0,1,0,0,0,0,0,0,0,4200000,901,2,4661.487236403996,Perumbakkam,2 BHK,500-1000 sqft,Valid,Chennai,Not available in source data,8,35
3400000,909,Urapakkam,2,0,0,0,0,0,0,0,0,0,0,0,0,0,0,0,0,0,0,0,0,0,0,0,0,0,0,0,0,0,0,0,0,0,0,0,0,3400000,909,2,3740.37403740374,Urapakkam,2 BHK,500-1000 sqft,Valid,Chennai,Not available in source data,0,35
3200000,865,Urapakkam,2,0,0,0,0,0,0,0,0,0,0,0,0,0,0,0,0,0,0,0,0,0,0,0,0,0,0,0,0,0,0,0,0,0,0,0,0,3200000,865,2,3699.421965317919,Urapakkam,2 BHK,500-1000 sqft,Valid,Chennai,Not available in source data,0,35
2900000,789,Urapakkam,2,0,0,0,0,0,0,0,0,0,0,0,0,0,0,0,0,0,0,0,0,0,0,0,0,0,0,0,0,0,0,0,0,0,0,0,0,2900000,789,2,3675.5386565272497,Urapakkam,2 BHK,500-1000 sqft,Valid,Chennai,Not available in source data,0,35
3400000,545,Iyappanthangal,1,0,0,0,0,0,0,0,0,0,0,0,0,0,0,0,0,1,0,0,0,0,0,0,0,0,0,0,0,0,0,0,0,0,0,0,0,3400000,545,1,6238.532110091744,Iyappanthangal,1 BHK,500-1000 sqft,Valid,Chennai,Not available in source data,1,35
8500000,1100,Nandanam,2,1,0,0,0,0,0,0,0,0,0,0,0,0,0,0,0,0,0,0,0,0,0,0,0,0,0,0,0,0,0,0,1,0,0,0,0,8500000,1100,2,7727.272727272727,Nandanam,2 BHK,1000-1500 sqft,Valid,Chennai,Not available in source data,1,35
32000000,1624,T Nagar,3,0,0,1,0,0,0,0,0,0,0,0,0,0,0,0,1,0,0,0,0,0,0,0,0,0,1,1,0,0,0,0,0,0,0,0,0,32000000,1624,3,19704.433497536946,T Nagar,3 BHK,1500-2500 sqft,Valid,Chennai,Not available in source data,4,35
15600000,1161,Anna Nagar,3,0,0,1,0,0,0,0,0,0,0,0,0,0,0,0,0,0,0,0,0,0,0,0,0,0,0,1,0,0,0,0,0,0,0,0,0,15600000,1161,3,13436.692506459949,Anna Nagar,3 BHK,1000-1500 sqft,Valid,Chennai,Not available in source data,2,35
11200000,1796,Sholinganallur,3,1,1,1,1,1,0,1,1,1,1,0,1,1,1,1,1,0,0,0,0,1,0,0,0,0,1,0,0,0,0,0,0,0,0,0,0,11200000,1796,3,6236.080178173719,Sholinganallur,3 BHK,1500-2500 sqft,Valid,Chennai,Not available in source data,15,35
11200000,1796,Sholinganallur,3,1,1,1,1,1,0,1,1,1,1,0,1,1,1,1,1,0,0,0,0,1,1,1,1,0,1,1,1,0,1,0,1,1,1,0,1,11200000,1796,3,6236.080178173719,Sholinganallur,3 BHK,1500-2500 sqft,Valid,Chennai,Not available in source data,25,35
7700000,1480,Madipakkam,3,0,0,0,0,0,0,0,0,0,0,0,0,0,0,0,1,0,0,0,0,0,0,0,0,0,0,1,0,0,0,0,0,0,0,0,0,7700000,1480,3,5202.7027027027025,Madipakkam,3 BHK,1000-1500 sqft,Valid,Chennai,Not available in source data,2,35
3100000,610,Madipakkam,1,0,0,0,0,0,0,0,0,0,0,0,0,0,0,0,0,0,0,0,0,0,0,0,0,0,0,0,0,0,0,0,0,0,0,0,0,3100000,610,1,5081.9672131147545,Madipakkam,1 BHK,500-1000 sqft,Valid,Chennai,Not available in source data,0,35
3100000,610,Madipakkam,1,0,0,0,0,0,0,0,0,0,0,0,0,0,0,0,1,0,0,0,0,0,0,0,0,0,0,1,0,0,0,0,0,0,0,0,0,3100000,610,1,5081.9672131147545,Madipakkam,1 BHK,500-1000 sqft,Valid,Chennai,Not available in source data,2,35
3069000,614,Kovur,1,0,0,1,1,1,1,1,1,0,1,0,0,1,0,1,1,1,0,1,0,0,0,0,0,0,1,1,0,0,0,0,0,0,0,0,0,3069000,614,1,4998.371335504886,Kovur,1 BHK,500-1000 sqft,Valid,Chennai,Not available in source data,14,35
6750000,1140,Sholinganallur,2,0,0,1,0,0,0,0,0,0,1,0,0,1,0,0,1,0,0,0,0,0,0,0,0,0,1,1,0,0,0,0,0,0,0,0,0,6750000,1140,2,5921.0526315789475,Sholinganallur,2 BHK,1000-1500 sqft,Valid,Chennai,Not available in source data,6,35
6350000,1070,Sholinganallur,2,0,0,1,0,0,0,0,0,0,1,0,0,1,0,0,1,0,0,0,0,0,0,0,0,0,1,1,0,0,0,0,0,0,0,0,0,6350000,1070,2,5934.579439252337,Sholinganallur,2 BHK,1000-1500 sqft,Valid,Chennai,Not available in source data,6,35
6300000,1065,Sholinganallur,2,0,0,1,0,0,0,0,0,0,1,0,0,1,0,0,1,0,0,0,0,0,0,0,0,0,1,1,0,0,0,0,0,0,0,0,0,6300000,1065,2,5915.492957746479,Sholinganallur,2 BHK,1000-1500 sqft,Valid,Chennai,Not available in source data,6,35
6600000,1120,Sholinganallur,2,0,0,1,0,0,0,0,0,0,1,0,0,1,0,0,1,0,0,0,0,0,0,0,0,0,1,1,0,0,0,0,0,0,0,0,0,6600000,1120,2,5892.857142857143,Sholinganallur,2 BHK,1000-1500 sqft,Valid,Chennai,Not available in source data,6,35
3409000,909,Guduvancheri,2,0,0,1,0,1,1,0,0,0,1,0,0,1,0,0,1,0,0,0,0,0,0,0,0,0,1,0,0,0,0,0,0,0,0,0,0,3409000,909,2,3750.27502750275,Guduvancheri,2 BHK,500-1000 sqft,Valid,Chennai,Not available in source data,7,35
3242000,861,Guduvancheri,2,0,0,1,0,1,1,0,0,0,1,0,0,0,0,0,1,0,0,0,0,0,0,0,0,0,1,0,0,0,0,0,0,0,0,0,0,3242000,861,2,3765.389082462253,Guduvancheri,2 BHK,500-1000 sqft,Valid,Chennai,Not available in source data,6,35
5900000,980,Sholinganallur,2,0,0,1,0,0,0,0,0,0,0,0,0,0,0,0,0,0,0,0,0,0,0,0,0,0,0,0,0,0,0,0,0,0,0,0,0,5900000,980,2,6020.408163265306,Sholinganallur,2 BHK,500-1000 sqft,Valid,Chennai,Not available in source data,1,35
3180000,595,Kilkattalai,1,0,0,0,0,0,0,0,0,0,0,0,0,0,0,0,0,0,0,0,0,0,0,0,0,0,0,1,0,0,0,0,0,0,0,0,0,3180000,595,1,5344.53781512605,Kilkattalai,1 BHK,500-1000 sqft,Valid,Chennai,Not available in source data,1,35
3127000,590,Manikandan Nagar,1,0,0,0,0,0,0,0,0,0,0,0,0,0,0,0,0,0,0,0,0,0,0,0,0,0,0,1,0,0,0,0,0,0,0,0,0,3127000,590,1,5300.0,Manikandan Nagar,1 BHK,500-1000 sqft,Valid,Chennai,Not available in source data,1,35
6500000,1090,Sholinganallur,2,0,0,1,0,0,0,0,0,0,0,0,0,0,0,0,0,0,0,0,0,0,0,0,0,0,0,0,0,0,0,0,0,0,0,0,0,6500000,1090,2,5963.302752293578,Sholinganallur,2 BHK,1000-1500 sqft,Valid,Chennai,Not available in source data,1,35
6500000,1090,Sholinganallur,2,0,0,1,0,0,0,0,0,0,1,0,0,1,0,0,1,0,0,0,0,0,0,0,0,0,1,1,0,0,0,0,0,0,0,0,0,6500000,1090,2,5963.302752293578,Sholinganallur,2 BHK,1000-1500 sqft,Valid,Chennai,Not available in source data,6,35
5150000,956,Kilkattalai,2,0,0,0,0,0,0,0,0,0,0,0,0,0,0,0,0,0,0,0,0,0,0,0,0,0,0,1,0,0,0,0,0,0,0,0,0,5150000,956,2,5387.029288702929,Kilkattalai,2 BHK,500-1000 sqft,Valid,Chennai,Not available in source data,1,35
3050000,574,Sunnambu Kolathur S Kolathur,1,0,0,0,0,0,0,0,0,0,0,0,0,0,0,0,0,0,0,0,0,0,0,0,0,0,0,1,0,0,0,0,0,0,0,0,0,3050000,574,1,5313.588850174216,Sunnambu Kolathur S Kolathur,1 BHK,500-1000 sqft,Valid,Chennai,Not available in source data,1,35
7650000,1468,Ullagaram,3,0,0,0,0,0,0,0,0,0,0,0,0,0,0,0,0,0,0,0,0,0,0,0,0,0,0,0,0,0,0,0,0,0,0,0,0,7650000,1468,3,5211.171662125341,Ullagaram,3 BHK,1000-1500 sqft,Valid,Chennai,Not available in source data,0,35
7650000,1468,Ullagaram,3,0,0,0,0,0,0,0,0,0,0,0,0,0,0,0,0,0,0,0,0,0,0,0,0,0,0,1,0,0,0,0,0,0,0,0,0,7650000,1468,3,5211.171662125341,Ullagaram,3 BHK,1000-1500 sqft,Valid,Chennai,Not available in source data,1,35
7650000,1464,Sunnambu Kolathur S Kolathur,3,0,0,0,0,0,0,0,0,0,0,0,0,0,0,0,0,0,0,0,0,0,0,0,0,0,0,1,0,0,0,0,0,0,0,0,0,7650000,1464,3,5225.4098360655735,Sunnambu Kolathur S Kolathur,3 BHK,1000-1500 sqft,Valid,Chennai,Not available in source data,1,35
7700000,1462,Madipakkam,3,0,0,0,0,0,0,0,0,0,0,0,0,0,0,0,0,0,0,0,0,0,0,0,0,0,0,1,0,0,0,0,0,0,0,0,0,7700000,1462,3,5266.757865937073,Madipakkam,3 BHK,1000-1500 sqft,Valid,Chennai,Not available in source data,1,35
7733000,1460,Kovilambakkam,3,0,0,0,0,0,0,0,0,0,0,0,0,0,0,0,0,0,0,0,0,0,0,0,0,0,0,1,0,0,0,0,0,0,0,0,0,7733000,1460,3,5296.575342465753,Kovilambakkam,3 BHK,1000-1500 sqft,Valid,Chennai,Not available in source data,1,35
6550000,1256,Sunnambu Kolathur S Kolathur,2,0,0,0,0,0,0,0,0,0,0,0,0,0,0,0,0,0,0,0,0,0,0,0,0,0,0,1,0,0,0,0,0,0,0,0,0,6550000,1256,2,5214.968152866242,Sunnambu Kolathur S Kolathur,2 BHK,1000-1500 sqft,Valid,Chennai,Not available in source data,1,35
6600000,1254,Kilkattalai,2,0,0,0,0,0,0,0,0,0,0,0,0,0,0,0,0,0,0,0,0,0,0,0,0,0,0,1,0,0,0,0,0,0,0,0,0,6600000,1254,2,5263.1578947368425,Kilkattalai,2 BHK,1000-1500 sqft,Valid,Chennai,Not available in source data,1,35
6600000,1252,Kovilambakkam,2,0,0,0,0,0,0,0,0,0,0,0,0,0,0,0,0,0,0,0,0,0,0,0,0,0,0,0,0,0,0,0,0,0,0,0,0,6600000,1252,2,5271.5654952076675,Kovilambakkam,2 BHK,1000-1500 sqft,Valid,Chennai,Not available in source data,0,35
6450000,1220,Sunnambu Kolathur S Kolathur,2,0,0,0,0,0,0,0,0,0,0,0,0,0,0,0,0,0,0,0,0,0,0,0,0,0,0,1,0,0,0,0,0,0,0,0,0,6450000,1220,2,5286.88524590164,Sunnambu Kolathur S Kolathur,2 BHK,1000-1500 sqft,Valid,Chennai,Not available in source data,1,35
3021000,570,Ullagaram,1,0,0,0,0,0,0,0,0,0,0,0,0,0,0,0,0,0,0,0,0,0,0,0,0,0,0,1,0,0,0,0,0,0,0,0,0,3021000,570,1,5300.0,Ullagaram,1 BHK,500-1000 sqft,Valid,Chennai,Not available in source data,1,35
3547000,730,Nanmangalam,2,0,0,0,0,0,0,0,0,0,0,0,0,0,0,0,1,0,0,0,0,0,0,0,0,0,0,0,0,0,0,0,0,0,0,0,0,3547000,730,2,4858.904109589041,Nanmangalam,2 BHK,500-1000 sqft,Valid,Chennai,Not available in source data,1,35
3578000,852,Nanmangalam,2,0,0,0,0,0,0,0,0,0,0,0,0,0,0,0,0,0,0,0,0,0,0,0,0,0,0,1,0,0,0,0,0,0,0,0,0,3578000,852,2,4199.530516431925,Nanmangalam,2 BHK,500-1000 sqft,Valid,Chennai,Not available in source data,1,35
3667000,815,Nanmangalam,2,0,0,0,0,0,0,0,0,0,0,0,0,0,0,0,0,0,0,0,0,0,0,0,0,0,0,0,0,0,0,0,0,0,0,0,0,3667000,815,2,4499.386503067484,Nanmangalam,2 BHK,500-1000 sqft,Valid,Chennai,Not available in source data,0,35
16500000,2345,Navallur,4,1,1,1,1,1,1,1,1,0,1,1,0,1,1,1,1,1,1,1,0,0,0,0,0,0,1,1,0,1,0,0,0,0,0,0,0,16500000,2345,4,7036.2473347547975,Navallur,4 BHK,1500-2500 sqft,Valid,Chennai,Not available in source data,19,35
7000000,1550,Perumbakkam,2,0,0,1,1,1,1,1,1,1,1,1,1,1,1,1,1,1,1,0,1,1,0,0,0,0,1,1,0,1,0,0,0,0,0,0,0,7000000,1550,2,4516.129032258064,Perumbakkam,2 BHK,1500-2500 sqft,Valid,Chennai,Not available in source data,21,35
11000000,1691,Sholinganallur,2,1,0,1,1,1,1,1,1,0,1,0,0,1,0,0,1,1,0,0,1,0,0,0,0,0,1,1,0,0,0,0,0,0,0,0,0,11000000,1691,2,6505.026611472502,Sholinganallur,2 BHK,1500-2500 sqft,Valid,Chennai,Not available in source data,13,35
6800000,1140,Iyappanthangal,1,0,0,1,1,1,1,0,0,0,0,0,0,1,0,0,1,0,0,0,1,0,0,0,0,0,1,1,0,1,0,0,0,0,0,0,0,6800000,1140,1,5964.912280701755,Iyappanthangal,1 BHK,1000-1500 sqft,Valid,Chennai,Not available in source data,10,35
10200000,1700,Iyappanthangal,2,0,0,1,1,1,1,0,0,0,0,0,0,1,0,0,1,0,0,0,1,0,0,0,0,0,1,1,0,1,0,0,0,0,0,0,0,10200000,1700,2,6000.0,Iyappanthangal,2 BHK,1500-2500 sqft,Valid,Chennai,Not available in source data,10,35
15000000,1750,Alandur,3,1,0,1,1,1,1,1,1,0,1,1,0,1,0,1,1,1,0,0,1,0,0,0,0,0,1,1,0,0,0,0,0,0,0,0,0,15000000,1750,3,8571.42857142857,Alandur,3 BHK,1500-2500 sqft,Valid,Chennai,Not available in source data,15,35
12200000,1825,Iyappanthangal,3,1,0,1,1,0,1,1,1,1,0,0,1,1,1,1,1,1,1,0,1,1,0,0,0,0,1,1,0,1,0,0,0,0,0,0,0,12200000,1825,3,6684.931506849315,Iyappanthangal,3 BHK,1500-2500 sqft,Valid,Chennai,Not available in source data,18,35
5760000,1200,Nanmangalam,3,0,0,0,0,0,0,0,0,0,0,0,0,0,0,0,0,0,0,0,0,0,0,0,0,0,0,0,0,0,0,0,0,0,0,0,0,5760000,1200,3,4800.0,Nanmangalam,3 BHK,1000-1500 sqft,Valid,Chennai,Not available in source data,0,35
3681000,767,Nanmangalam,2,0,0,0,0,0,0,0,0,0,0,0,0,0,0,0,0,0,0,0,0,0,0,0,0,0,0,0,0,0,0,0,0,0,0,0,0,3681000,767,2,4799.217731421121,Nanmangalam,2 BHK,500-1000 sqft,Valid,Chennai,Not available in source data,0,35
4006000,954,Nanmangalam,2,0,0,0,0,0,0,0,0,0,0,0,0,0,0,0,0,0,0,0,0,0,0,0,0,0,0,0,0,0,0,0,0,0,0,0,0,4006000,954,2,4199.16142557652,Nanmangalam,2 BHK,500-1000 sqft,Valid,Chennai,Not available in source data,0,35
4416000,920,Nanmangalam,2,0,0,0,0,0,0,0,0,0,0,0,0,0,0,0,0,0,0,0,0,0,0,0,0,0,0,1,0,0,0,0,0,0,0,0,0,4416000,920,2,4800.0,Nanmangalam,2 BHK,500-1000 sqft,Valid,Chennai,Not available in source data,1,35
3811000,794,Nanmangalam,2,0,0,0,0,0,0,0,0,0,0,0,0,0,0,0,0,0,0,0,0,0,0,0,0,0,0,1,0,0,0,0,0,0,0,0,0,3811000,794,2,4799.748110831234,Nanmangalam,2 BHK,500-1000 sqft,Valid,Chennai,Not available in source data,1,35
3381000,805,Nanmangalam,2,0,0,0,0,0,0,0,0,0,0,0,0,0,0,0,1,0,0,0,0,0,0,0,0,0,0,1,0,0,0,0,0,0,0,0,0,3381000,805,2,4200.0,Nanmangalam,2 BHK,500-1000 sqft,Valid,Chennai,Not available in source data,2,35
3797999,787,Nanmangalam,2,0,0,0,0,0,0,0,0,0,0,0,0,0,0,0,1,0,0,0,0,0,0,0,0,0,0,1,0,0,0,0,0,0,0,0,0,3797999,787,2,4825.919949174079,Nanmangalam,2 BHK,500-1000 sqft,Valid,Chennai,Not available in source data,2,35
3572999,794,Nanmangalam,2,0,0,0,0,0,0,0,0,0,0,0,0,0,0,0,1,0,0,0,0,0,0,0,0,0,0,1,0,0,0,0,0,0,0,0,0,3572999,794,2,4499.998740554156,Nanmangalam,2 BHK,500-1000 sqft,Valid,Chennai,Not available in source data,2,35
6176000,1123,Nanmangalam,3,0,0,0,0,0,0,0,0,0,0,0,0,0,0,0,0,0,0,0,0,0,0,0,0,0,0,1,0,0,0,0,0,0,0,0,0,6176000,1123,3,5499.554764024933,Nanmangalam,3 BHK,1000-1500 sqft,Valid,Chennai,Not available in source data,1,35
4265000,853,Nanmangalam,2,0,0,0,0,0,0,0,0,0,0,0,0,0,0,0,0,0,0,0,0,0,0,0,0,0,0,0,0,0,0,0,0,0,0,0,0,4265000,853,2,5000.0,Nanmangalam,2 BHK,500-1000 sqft,Valid,Chennai,Not available in source data,0,35
3451000,767,Nanmangalam,2,0,0,0,0,0,0,0,0,0,0,0,0,0,0,0,0,0,0,0,0,0,0,0,0,0,0,0,0,0,0,0,0,0,0,0,0,3451000,767,2,4499.348109517601,Nanmangalam,2 BHK,500-1000 sqft,Valid,Chennai,Not available in source data,0,35
4603000,959,Nanmangalam,2,0,0,0,0,0,0,0,0,0,0,0,0,0,0,0,0,0,0,0,0,0,0,0,0,0,0,0,0,0,0,0,0,0,0,0,0,4603000,959,2,4799.791449426486,Nanmangalam,2 BHK,500-1000 sqft,Valid,Chennai,Not available in source data,0,35
4440000,925,Nanmangalam,2,0,0,0,0,0,0,0,0,0,0,0,0,0,0,0,0,0,0,0,0,0,0,0,0,0,0,0,0,0,0,0,0,0,0,0,0,4440000,925,2,4800.0,Nanmangalam,2 BHK,500-1000 sqft,Valid,Chennai,Not available in source data,0,35
4569000,952,Nanmangalam,2,0,0,0,0,0,0,0,0,0,0,0,0,0,0,0,1,0,0,0,0,0,0,0,0,0,0,0,0,0,0,0,0,0,0,0,0,4569000,952,2,4799.36974789916,Nanmangalam,2 BHK,500-1000 sqft,Valid,Chennai,Not available in source data,1,35
4176000,870,Nanmangalam,2,0,0,0,0,0,0,0,0,0,0,0,0,0,0,0,0,0,0,0,0,0,0,0,0,0,0,0,0,0,0,0,0,0,0,0,0,4176000,870,2,4800.0,Nanmangalam,2 BHK,500-1000 sqft,Valid,Chennai,Not available in source data,0,35
4207000,935,Nanmangalam,2,0,0,0,0,0,0,0,0,0,0,0,0,0,0,0,0,0,0,0,0,0,0,0,0,0,0,1,0,0,0,0,0,0,0,0,0,4207000,935,2,4499.465240641711,Nanmangalam,2 BHK,500-1000 sqft,Valid,Chennai,Not available in source data,1,35
4304000,916,Nanmangalam,2,0,0,0,0,0,0,0,0,0,0,0,0,0,0,0,1,0,0,0,0,0,0,0,0,0,0,1,0,0,0,0,0,0,0,0,0,4304000,916,2,4698.6899563318775,Nanmangalam,2 BHK,500-1000 sqft,Valid,Chennai,Not available in source data,2,35
3427000,672,Nanmangalam,2,0,0,0,0,0,0,0,0,0,0,0,0,0,0,0,1,0,0,0,0,0,0,0,0,0,0,1,0,0,0,0,0,0,0,0,0,3427000,672,2,5099.702380952381,Nanmangalam,2 BHK,500-1000 sqft,Valid,Chennai,Not available in source data,2,35
4289000,841,Nanmangalam,2,0,0,0,0,0,0,0,0,0,0,0,0,0,0,0,0,0,0,0,0,0,0,0,0,0,0,1,0,0,0,0,0,0,0,0,0,4289000,841,2,5099.881093935791,Nanmangalam,2 BHK,500-1000 sqft,Valid,Chennai,Not available in source data,1,35
10800000,2168,Pallikaranai,3,1,0,1,1,0,1,1,0,1,0,0,1,1,1,1,1,1,1,0,0,1,0,0,0,0,1,1,0,1,0,0,0,0,0,0,0,10800000,2168,3,4981.549815498155,Pallikaranai,3 BHK,1500-2500 sqft,Valid,Chennai,Not available in source data,16,35
10000000,2232,Padur,3,0,0,1,0,0,0,0,0,0,0,0,0,1,0,0,1,0,0,0,0,0,0,0,0,0,1,1,0,0,0,0,0,0,0,0,0,10000000,2232,3,4480.286738351255,Padur,3 BHK,1500-2500 sqft,Valid,Chennai,Not available in source data,5,35
12500000,2700,Pallikaranai,2,0,0,1,1,0,1,1,0,1,1,0,1,1,1,1,1,1,1,0,0,1,0,0,0,0,0,1,0,1,0,0,0,0,0,0,0,12500000,2700,2,4629.62962962963,Pallikaranai,2 BHK,2500+ sqft,Valid,Chennai,Not available in source data,16,35
9000000,1942,Pallikaranai,2,0,0,1,1,0,1,1,0,1,0,1,1,1,1,1,1,1,1,0,0,1,0,0,0,0,1,1,0,1,0,0,0,0,0,0,0,9000000,1942,2,4634.3975283213185,Pallikaranai,2 BHK,1500-2500 sqft,Valid,Chennai,Not available in source data,17,35
34000000,2380,Adyar,4,0,0,1,0,0,1,1,1,0,0,0,0,0,0,1,1,1,0,1,0,0,0,0,0,0,1,1,0,1,0,0,0,0,0,0,0,34000000,2380,4,14285.714285714286,Adyar,4 BHK,1500-2500 sqft,Valid,Chennai,Not available in source data,11,35
19000000,1913,Virugambakkam,3,1,0,1,1,1,0,1,1,0,1,0,0,1,0,1,1,0,0,0,0,0,0,0,1,0,0,1,0,0,0,0,0,0,0,0,0,19000000,1913,3,9932.043910088865,Virugambakkam,3 BHK,1500-2500 sqft,Valid,Chennai,Not available in source data,11,35
13200000,2089,Ayanambakkam,4,1,0,1,1,0,1,1,1,0,1,0,0,0,0,1,1,1,0,0,0,0,0,0,0,0,1,1,0,0,0,0,0,0,0,0,0,13200000,2089,4,6318.812829104835,Ayanambakkam,4 BHK,1500-2500 sqft,Valid,Chennai,Not available in source data,11,35
15700000,1970,Navallur,3,1,0,1,1,1,1,1,0,0,1,1,0,1,1,1,1,1,1,1,0,0,0,0,0,0,1,1,0,1,0,0,0,0,0,0,0,15700000,1970,3,7969.543147208122,Navallur,3 BHK,1500-2500 sqft,Valid,Chennai,Not available in source data,17,35
5011000,802,Manikandan Nagar,2,0,0,0,0,0,0,0,0,0,0,0,0,0,0,0,0,0,0,0,0,0,0,0,0,0,0,1,0,0,0,0,0,0,0,0,0,5011000,802,2,6248.129675810474,Manikandan Nagar,2 BHK,500-1000 sqft,Valid,Chennai,Not available in source data,1,35
4449000,802,Manikandan Nagar,2,0,0,0,0,0,0,0,0,0,0,0,0,0,0,0,0,0,0,0,0,0,0,0,0,0,0,1,0,0,0,0,0,0,0,0,0,4449000,802,2,5547.381546134663,Manikandan Nagar,2 BHK,500-1000 sqft,Valid,Chennai,Not available in source data,1,35
5440000,880,Manikandan Nagar,2,0,0,0,0,0,0,0,0,0,0,0,0,0,0,0,1,0,0,0,0,0,0,0,0,0,0,1,0,0,0,0,0,0,0,0,0,5440000,880,2,6181.818181818182,Manikandan Nagar,2 BHK,500-1000 sqft,Valid,Chennai,Not available in source data,2,35
5747000,1045,Manikandan Nagar,2,0,0,0,0,0,0,0,0,0,0,0,0,0,0,0,0,0,0,0,0,0,0,0,0,0,0,1,0,0,0,0,0,0,0,0,0,5747000,1045,2,5499.521531100479,Manikandan Nagar,2 BHK,1000-1500 sqft,Valid,Chennai,Not available in source data,1,35
4674000,867,Manikandan Nagar,2,0,0,0,0,0,0,0,0,0,0,0,0,0,0,0,0,0,0,0,0,0,0,0,0,0,0,0,0,0,0,0,0,0,0,0,0,4674000,867,2,5391.003460207612,Manikandan Nagar,2 BHK,500-1000 sqft,Valid,Chennai,Not available in source data,0,35
4674000,867,Manikandan Nagar,2,0,0,0,0,0,0,0,0,0,0,0,0,0,0,0,0,0,0,0,0,0,0,0,0,0,0,1,0,0,0,0,0,0,0,0,0,4674000,867,2,5391.003460207612,Manikandan Nagar,2 BHK,500-1000 sqft,Valid,Chennai,Not available in source data,1,35
4771000,994,Kovilambakkam,2,0,0,0,0,0,0,0,0,0,0,0,0,0,0,0,0,0,0,0,0,0,0,0,0,0,0,1,0,0,0,0,0,0,0,0,0,4771000,994,2,4799.798792756539,Kovilambakkam,2 BHK,500-1000 sqft,Valid,Chennai,Not available in source data,1,35
6193000,1126,Manikandan Nagar,3,0,0,0,0,0,0,0,0,0,0,0,0,0,0,0,0,0,0,0,0,0,0,0,0,0,0,1,0,0,0,0,0,0,0,0,0,6193000,1126,3,5500.0,Manikandan Nagar,3 BHK,1000-1500 sqft,Valid,Chennai,Not available in source data,1,35
6413000,1166,Manikandan Nagar,3,0,0,0,0,0,0,0,0,0,0,0,0,0,0,0,0,0,0,0,0,0,0,0,0,0,0,1,0,0,0,0,0,0,0,0,0,6413000,1166,3,5500.0,Manikandan Nagar,3 BHK,1000-1500 sqft,Valid,Chennai,Not available in source data,1,35
4425000,750,Kovilambakkam,2,0,0,0,0,0,0,0,0,0,0,0,0,0,0,0,1,0,0,0,0,0,0,0,0,0,0,1,0,0,0,0,0,0,0,0,0,4425000,750,2,5900.0,Kovilambakkam,2 BHK,500-1000 sqft,Valid,Chennai,Not available in source data,2,35
4731000,810,Kovilambakkam,2,0,0,0,0,0,0,0,0,0,0,0,0,0,0,0,0,0,0,0,0,0,0,0,0,0,0,0,0,0,0,0,0,0,0,0,0,4731000,810,2,5840.740740740741,Kovilambakkam,2 BHK,500-1000 sqft,Valid,Chennai,Not available in source data,0,35
4540000,908,Medavakkam,2,0,0,0,0,0,0,0,0,0,0,0,0,0,0,0,0,0,0,0,0,0,0,0,0,0,0,0,0,0,0,0,0,0,0,0,0,4540000,908,2,5000.0,Medavakkam,2 BHK,500-1000 sqft,Valid,Chennai,Not available in source data,0,35
4540000,908,Medavakkam,2,0,0,0,0,0,0,0,0,0,0,0,0,0,0,0,1,0,0,0,0,0,0,0,0,0,0,0,0,0,0,0,0,0,0,0,0,4540000,908,2,5000.0,Medavakkam,2 BHK,500-1000 sqft,Valid,Chennai,Not available in source data,1,35
4408000,938,Medavakkam,2,0,0,0,0,0,0,0,0,0,0,0,0,0,0,0,0,0,0,0,0,0,0,0,0,0,0,0,0,0,0,0,0,0,0,0,0,4408000,938,2,4699.360341151386,Medavakkam,2 BHK,500-1000 sqft,Valid,Chennai,Not available in source data,0,35
4408000,938,Medavakkam,2,0,0,0,0,0,0,0,0,0,0,0,0,0,0,0,1,0,0,0,0,0,0,0,0,0,0,1,0,0,0,0,0,0,0,0,0,4408000,938,2,4699.360341151386,Medavakkam,2 BHK,500-1000 sqft,Valid,Chennai,Not available in source data,2,35
4333000,942,Medavakkam,2,0,0,0,0,0,0,0,0,0,0,0,0,0,0,0,1,0,0,0,0,0,0,0,0,0,0,0,0,0,0,0,0,0,0,0,0,4333000,942,2,4599.787685774947,Medavakkam,2 BHK,500-1000 sqft,Valid,Chennai,Not available in source data,1,35
4186000,910,Medavakkam,2,0,0,0,0,0,0,0,0,0,0,0,0,0,0,0,1,0,0,0,0,0,0,0,0,0,0,1,0,0,0,0,0,0,0,0,0,4186000,910,2,4600.0,Medavakkam,2 BHK,500-1000 sqft,Valid,Chennai,Not available in source data,2,35
4420000,884,Medavakkam,2,0,0,0,0,0,0,0,0,0,0,0,0,0,0,0,1,0,0,0,0,0,0,0,0,0,0,0,0,0,0,0,0,0,0,0,0,4420000,884,2,5000.0,Medavakkam,2 BHK,500-1000 sqft,Valid,Chennai,Not available in source data,1,35
4032000,858,Medavakkam,2,0,0,0,0,0,0,0,0,0,0,0,0,0,0,0,0,0,0,0,0,0,0,0,0,0,0,0,0,0,0,0,0,0,0,0,0,4032000,858,2,4699.300699300699,Medavakkam,2 BHK,500-1000 sqft,Valid,Chennai,Not available in source data,0,35
4512000,960,Medavakkam,2,0,0,0,0,0,0,0,0,0,0,0,0,0,0,0,1,0,0,0,0,0,0,0,0,0,0,1,0,0,0,0,0,0,0,0,0,4512000,960,2,4700.0,Medavakkam,2 BHK,500-1000 sqft,Valid,Chennai,Not available in source data,2,35
4930000,850,Medavakkam,2,0,0,0,0,0,0,0,0,0,0,0,0,0,0,0,1,0,0,0,0,0,0,0,0,0,0,0,0,0,0,0,0,0,0,0,0,4930000,850,2,5800.0,Medavakkam,2 BHK,500-1000 sqft,Valid,Chennai,Not available in source data,1,35
3835000,816,Medavakkam,2,0,0,0,0,0,0,0,0,0,0,0,0,0,0,0,1,0,0,0,0,0,0,0,0,0,0,1,0,0,0,0,0,0,0,0,0,3835000,816,2,4699.754901960784,Medavakkam,2 BHK,500-1000 sqft,Valid,Chennai,Not available in source data,2,35
4640000,800,Medavakkam,2,0,0,0,0,0,0,0,0,0,0,0,0,0,0,0,1,0,0,0,0,0,0,0,0,0,0,1,0,0,0,0,0,0,0,0,0,4640000,800,2,5800.0,Medavakkam,2 BHK,500-1000 sqft,Valid,Chennai,Not available in source data,2,35
4268000,928,Medavakkam,2,0,0,0,0,0,0,0,0,0,0,0,0,0,0,0,0,0,0,0,0,0,0,0,0,0,0,0,0,0,0,0,0,0,0,0,0,4268000,928,2,4599.137931034483,Medavakkam,2 BHK,500-1000 sqft,Valid,Chennai,Not available in source data,0,35
4268000,928,Medavakkam,2,0,0,0,0,0,0,0,0,0,0,0,0,0,0,0,1,0,0,0,0,0,0,0,0,0,0,0,0,0,0,0,0,0,0,0,0,4268000,928,2,4599.137931034483,Medavakkam,2 BHK,500-1000 sqft,Valid,Chennai,Not available in source data,1,35
7536000,1256,Kilkattalai,3,0,0,0,0,0,0,0,0,0,0,0,0,0,0,0,1,0,0,0,0,0,0,0,0,0,0,1,0,0,0,0,0,0,0,0,0,7536000,1256,3,6000.0,Kilkattalai,3 BHK,1000-1500 sqft,Valid,Chennai,Not available in source data,2,35
5551000,882,Kilkattalai,2,0,0,0,0,0,0,0,0,0,0,0,0,0,0,0,0,0,0,0,0,0,0,0,0,0,0,0,0,0,0,0,0,0,0,0,0,5551000,882,2,6293.650793650793,Kilkattalai,2 BHK,500-1000 sqft,Valid,Chennai,Not available in source data,0,35
5115000,883,Kilkattalai,2,0,0,0,0,0,0,0,0,0,0,0,0,0,0,0,1,0,0,0,0,0,0,0,0,0,0,1,0,0,0,0,0,0,0,0,0,5115000,883,2,5792.751981879955,Kilkattalai,2 BHK,500-1000 sqft,Valid,Chennai,Not available in source data,2,35
6132000,1022,Kilkattalai,2,0,0,0,0,0,0,0,0,0,0,0,0,0,0,0,1,0,0,0,0,0,0,0,0,0,0,1,0,0,0,0,0,0,0,0,0,6132000,1022,2,6000.0,Kilkattalai,2 BHK,1000-1500 sqft,Valid,Chennai,Not available in source data,2,35
5027000,914,Kilkattalai,2,0,0,0,0,0,0,0,0,0,0,0,0,0,0,0,1,0,0,0,0,0,0,0,0,0,0,1,0,0,0,0,0,0,0,0,0,5027000,914,2,5500.0,Kilkattalai,2 BHK,500-1000 sqft,Valid,Chennai,Not available in source data,2,35
5255000,931,Kilkattalai,2,0,0,0,0,0,0,0,0,0,0,0,0,0,0,0,0,0,0,0,0,0,0,0,0,0,0,0,0,0,0,0,0,0,0,0,0,5255000,931,2,5644.468313641246,Kilkattalai,2 BHK,500-1000 sqft,Valid,Chennai,Not available in source data,0,35
5435000,947,Kilkattalai,2,0,0,0,0,0,0,0,0,0,0,0,0,0,0,0,0,0,0,0,0,0,0,0,0,0,0,1,0,0,0,0,0,0,0,0,0,5435000,947,2,5739.176346356917,Kilkattalai,2 BHK,500-1000 sqft,Valid,Chennai,Not available in source data,1,35
5815000,1163,Kilkattalai,3,0,0,0,0,0,0,0,0,0,0,0,0,0,0,0,0,0,0,0,0,0,0,0,0,0,0,1,0,0,0,0,0,0,0,0,0,5815000,1163,3,5000.0,Kilkattalai,3 BHK,1000-1500 sqft,Valid,Chennai,Not available in source data,1,35
5790000,1158,Kilkattalai,3,0,0,0,0,0,0,0,0,0,0,0,0,0,0,0,0,0,0,0,0,0,0,0,0,0,0,1,0,0,0,0,0,0,0,0,0,5790000,1158,3,5000.0,Kilkattalai,3 BHK,1000-1500 sqft,Valid,Chennai,Not available in source data,1,35
4873000,1037,Medavakkam,2,0,0,0,0,0,0,0,0,0,0,0,0,0,0,0,1,0,0,0,0,0,0,0,0,0,0,1,0,0,0,0,0,0,0,0,0,4873000,1037,2,4699.132111861138,Medavakkam,2 BHK,1000-1500 sqft,Valid,Chennai,Not available in source data,2,35
6629000,1163,Medavakkam,3,0,0,0,0,0,0,0,0,0,0,0,0,0,0,0,1,0,0,0,0,0,0,0,0,0,0,1,0,0,0,0,0,0,0,0,0,6629000,1163,3,5699.914015477214,Medavakkam,3 BHK,1000-1500 sqft,Valid,Chennai,Not available in source data,2,35
8000000,1288,Karapakkam,1,0,0,1,1,0,1,0,0,0,1,0,0,0,0,1,1,1,0,1,1,0,0,0,0,0,1,1,0,0,0,0,0,0,0,0,0,8000000,1288,1,6211.180124223602,Karapakkam,1 BHK,1000-1500 sqft,Valid,Chennai,Not available in source data,11,35
4500000,873,Pozhichalur,2,0,0,0,0,0,0,0,0,0,0,0,0,0,0,0,0,0,0,0,0,0,0,0,0,0,0,0,0,0,0,0,0,0,0,0,0,4500000,873,2,5154.639175257732,Pozhichalur,2 BHK,500-1000 sqft,Valid,Chennai,Not available in source data,0,35
27500000,2456,Perungudi,3,1,0,1,1,1,1,0,1,0,1,0,0,0,0,1,0,0,0,0,1,0,0,0,0,0,1,0,0,0,0,0,0,0,0,0,0,27500000,2456,3,11197.068403908796,Perungudi,3 BHK,1500-2500 sqft,Valid,Chennai,Not available in source data,9,35
27500000,2456,Perungudi,3,1,0,1,1,1,1,0,1,0,1,0,0,0,0,1,0,0,0,0,1,0,0,0,0,0,1,1,1,0,0,0,0,1,1,0,0,27500000,2456,3,11197.068403908796,Perungudi,3 BHK,1500-2500 sqft,Valid,Chennai,Not available in source data,13,35
8800000,1705,Sholinganallur,3,1,0,1,1,0,0,0,0,0,0,1,0,0,0,0,0,0,0,0,0,0,0,0,0,0,1,1,0,0,0,0,0,0,0,0,0,8800000,1705,3,5161.290322580645,Sholinganallur,3 BHK,1500-2500 sqft,Valid,Chennai,Not available in source data,5,35
13000000,1990,Iyappanthangal,3,1,0,1,1,0,1,1,1,1,0,0,1,1,1,1,1,1,1,0,1,1,0,0,0,0,1,1,0,1,0,0,0,0,0,0,0,13000000,1990,3,6532.663316582914,Iyappanthangal,3 BHK,1500-2500 sqft,Valid,Chennai,Not available in source data,18,35
9400000,1400,Madipakkam,3,0,0,1,1,0,0,0,1,0,1,0,0,1,0,1,1,1,0,0,1,0,0,0,0,0,1,1,0,1,0,0,0,0,0,0,0,9400000,1400,3,6714.285714285715,Madipakkam,3 BHK,1000-1500 sqft,Valid,Chennai,Not available in source data,12,35
13500000,1825,Iyappanthangal,3,1,0,1,1,0,1,1,1,1,1,1,1,1,1,1,1,1,1,0,1,1,0,0,0,0,1,1,0,1,0,0,0,0,0,0,0,13500000,1825,3,7397.260273972603,Iyappanthangal,3 BHK,1500-2500 sqft,Valid,Chennai,Not available in source data,20,35
8500000,1504,Navallur,3,0,0,1,1,1,1,1,1,0,1,1,1,1,0,1,1,1,0,0,1,0,0,0,0,0,1,1,0,1,0,0,0,0,0,0,0,8500000,1504,3,5651.595744680851,Navallur,3 BHK,1500-2500 sqft,Valid,Chennai,Not available in source data,17,35
31500000,2680,Velachery,4,0,0,1,1,1,1,0,1,0,1,0,0,1,0,1,1,1,0,0,1,0,0,0,0,0,1,1,0,0,0,0,0,0,0,0,0,31500000,2680,4,11753.731343283582,Velachery,4 BHK,2500+ sqft,Valid,Chennai,Not available in source data,13,35
9500000,1353,Thoraipakkam OMR,3,0,0,1,1,1,1,1,1,0,1,0,0,1,0,0,1,1,0,0,1,0,0,0,0,0,0,1,0,0,0,0,0,0,0,0,0,9500000,1353,3,7021.433850702143,Thoraipakkam OMR,3 BHK,1000-1500 sqft,Valid,Chennai,Not available in source data,12,35
5054000,919,Nanmangalam,2,0,0,0,0,0,0,0,0,0,0,0,0,0,0,0,0,0,0,0,0,0,0,0,0,0,0,1,0,0,0,0,0,0,0,0,0,5054000,919,2,5499.455930359086,Nanmangalam,2 BHK,500-1000 sqft,Valid,Chennai,Not available in source data,1,35
3495000,737,Nanmangalam,2,0,0,0,0,0,0,0,0,0,0,0,0,0,0,0,0,0,0,0,0,0,0,0,0,0,0,0,0,0,0,0,0,0,0,0,0,3495000,737,2,4742.198100407056,Nanmangalam,2 BHK,500-1000 sqft,Valid,Chennai,Not available in source data,0,35
4144000,797,Nanmangalam,2,0,0,0,0,0,0,0,0,0,0,0,0,0,0,0,0,0,0,0,0,0,0,0,0,0,0,0,0,0,0,0,0,0,0,0,0,4144000,797,2,5199.498117942284,Nanmangalam,2 BHK,500-1000 sqft,Valid,Chennai,Not available in source data,0,35
3834000,852,Nanmangalam,2,0,0,0,0,0,0,0,0,0,0,0,0,0,0,0,0,0,0,0,0,0,0,0,0,0,0,0,0,0,0,0,0,0,0,0,0,3834000,852,2,4500.0,Nanmangalam,2 BHK,500-1000 sqft,Valid,Chennai,Not available in source data,0,35
4296000,895,Nanmangalam,2,0,0,0,0,0,0,0,0,0,0,0,0,0,0,0,0,0,0,0,0,0,0,0,0,0,0,0,0,0,0,0,0,0,0,0,0,4296000,895,2,4800.0,Nanmangalam,2 BHK,500-1000 sqft,Valid,Chennai,Not available in source data,0,35
4536000,945,Vellakkal,2,0,0,0,0,0,0,0,0,0,0,0,0,0,0,0,0,0,0,0,0,0,0,0,0,0,0,0,0,0,0,0,0,0,0,0,0,4536000,945,2,4800.0,Vellakkal,2 BHK,500-1000 sqft,Valid,Chennai,Not available in source data,0,35
4416000,920,Nanmangalam,2,0,0,0,0,0,0,0,0,0,0,0,0,0,0,0,0,0,0,0,0,0,0,0,0,0,0,0,0,0,0,0,0,0,0,0,0,4416000,920,2,4800.0,Nanmangalam,2 BHK,500-1000 sqft,Valid,Chennai,Not available in source data,0,35
3744000,832,Nanmangalam,2,0,0,0,0,0,0,0,0,0,0,0,0,0,0,0,0,0,0,0,0,0,0,0,0,0,0,0,0,0,0,0,0,0,0,0,0,3744000,832,2,4500.0,Nanmangalam,2 BHK,500-1000 sqft,Valid,Chennai,Not available in source data,0,35
3924000,872,Nanmangalam,2,0,0,0,0,0,0,0,0,0,0,0,0,0,0,0,0,0,0,0,0,0,0,0,0,0,0,0,0,0,0,0,0,0,0,0,0,3924000,872,2,4500.0,Nanmangalam,2 BHK,500-1000 sqft,Valid,Chennai,Not available in source data,0,35
3429999,713,Nanmangalam,2,0,0,0,0,0,0,0,0,0,0,0,0,0,0,0,0,0,0,0,0,0,0,0,0,0,0,0,0,0,0,0,0,0,0,0,0,3429999,713,2,4810.65778401122,Nanmangalam,2 BHK,500-1000 sqft,Valid,Chennai,Not available in source data,0,35
3943000,744,Nanmangalam,2,0,0,0,0,0,0,0,0,0,0,0,0,0,0,0,1,0,0,0,0,0,0,0,0,0,0,1,0,0,0,0,0,0,0,0,0,3943000,744,2,5299.731182795699,Nanmangalam,2 BHK,500-1000 sqft,Valid,Chennai,Not available in source data,2,35
4391000,915,Nanmangalam,2,0,0,0,0,0,0,0,0,0,0,0,0,0,0,0,0,0,0,0,0,0,0,0,0,0,0,0,0,0,0,0,0,0,0,0,0,4391000,915,2,4798.907103825137,Nanmangalam,2 BHK,500-1000 sqft,Valid,Chennai,Not available in source data,0,35
4391000,915,Nanmangalam,2,0,0,0,0,0,0,0,0,0,0,0,0,0,0,0,1,0,0,0,0,0,0,0,0,0,0,1,0,0,0,0,0,0,0,0,0,4391000,915,2,4798.907103825137,Nanmangalam,2 BHK,500-1000 sqft,Valid,Chennai,Not available in source data,2,35
16500000,1055,T Nagar,2,1,0,0,0,0,0,0,0,0,0,0,0,0,0,0,0,1,0,0,0,0,0,1,0,0,0,0,0,0,0,0,0,0,0,0,0,16500000,1055,2,15639.810426540284,T Nagar,2 BHK,1000-1500 sqft,Valid,Chennai,Not available in source data,2,35
3027000,672,Nanmangalam,2,0,0,0,0,0,0,0,0,0,0,0,0,0,0,0,0,0,0,0,0,0,0,0,0,0,0,0,0,0,0,0,0,0,0,0,0,3027000,672,2,4504.464285714285,Nanmangalam,2 BHK,500-1000 sqft,Valid,Chennai,Not available in source data,0,35
4950000,791,Manikandan Nagar,2,0,0,0,0,0,0,0,0,0,0,0,0,0,0,0,1,0,0,0,0,0,0,0,0,0,0,1,0,0,0,0,0,0,0,0,0,4950000,791,2,6257.9013906447535,Manikandan Nagar,2 BHK,500-1000 sqft,Valid,Chennai,Not available in source data,2,35
4276000,766,Kovilambakkam,2,0,0,0,0,0,0,0,0,0,0,0,0,0,0,0,0,0,0,0,0,0,0,0,0,0,0,1,0,0,0,0,0,0,0,0,0,4276000,766,2,5582.245430809399,Kovilambakkam,2 BHK,500-1000 sqft,Valid,Chennai,Not available in source data,1,35
5819000,1058,Manikandan Nagar,3,0,0,0,0,0,0,0,0,0,0,0,0,0,0,0,0,0,0,0,0,0,0,0,0,0,0,1,0,0,0,0,0,0,0,0,0,5819000,1058,3,5500.0,Manikandan Nagar,3 BHK,1000-1500 sqft,Valid,Chennai,Not available in source data,1,35
6648999,1209,Manikandan Nagar,2,0,0,0,0,0,0,0,0,0,0,0,0,0,0,0,1,0,0,0,0,0,0,0,0,0,0,1,0,0,0,0,1,0,0,0,0,6648999,1209,2,5499.585607940447,Manikandan Nagar,2 BHK,1000-1500 sqft,Valid,Chennai,Not available in source data,3,35
3838000,689,Manikandan Nagar,2,0,0,0,0,0,0,0,0,0,0,0,0,0,0,0,1,0,0,0,0,0,0,0,0,0,0,1,0,0,0,0,0,0,0,0,0,3838000,689,2,5570.391872278665,Manikandan Nagar,2 BHK,500-1000 sqft,Valid,Chennai,Not available in source data,2,35
3494000,832,Nanmangalam,2,0,0,0,0,0,0,0,0,0,0,0,0,0,0,0,1,0,0,0,0,0,0,0,0,0,0,1,0,0,0,0,0,0,0,0,0,3494000,832,2,4199.5192307692305,Nanmangalam,2 BHK,500-1000 sqft,Valid,Chennai,Not available in source data,2,35
4108000,856,Nanmangalam,2,0,0,0,0,0,0,0,0,0,0,0,0,0,0,0,1,0,0,0,0,0,0,0,0,0,0,1,0,0,0,0,0,0,0,0,0,4108000,856,2,4799.065420560748,Nanmangalam,2 BHK,500-1000 sqft,Valid,Chennai,Not available in source data,2,35
3936999,875,Nanmangalam,2,0,0,0,0,0,0,0,0,0,0,0,0,0,0,0,0,0,0,0,0,0,0,0,0,0,0,0,0,0,0,0,0,0,0,0,0,3936999,875,2,4499.427428571428,Nanmangalam,2 BHK,500-1000 sqft,Valid,Chennai,Not available in source data,0,35
5649000,1177,Nanmangalam,3,0,0,0,0,0,0,0,0,0,0,0,0,0,0,0,0,0,0,0,0,0,0,0,0,0,0,0,0,0,0,0,0,0,0,0,0,5649000,1177,3,4799.490229396772,Nanmangalam,3 BHK,1000-1500 sqft,Valid,Chennai,Not available in source data,0,35
4088000,870,Nanmangalam,2,0,0,0,0,0,0,0,0,0,0,0,0,0,0,0,0,0,0,0,0,0,0,0,0,0,0,1,0,0,0,0,0,0,0,0,0,4088000,870,2,4698.850574712644,Nanmangalam,2 BHK,500-1000 sqft,Valid,Chennai,Not available in source data,1,35
3653000,811,Nanmangalam,2,0,0,0,0,0,0,0,0,0,0,0,0,0,0,0,0,0,0,0,0,0,0,0,0,0,0,1,0,0,0,0,0,0,0,0,0,3653000,811,2,4504.315659679408,Nanmangalam,2 BHK,500-1000 sqft,Valid,Chennai,Not available in source data,1,35
3784000,742,Nanmangalam,2,0,0,0,0,0,0,0,0,0,0,0,0,0,0,0,0,0,0,0,0,0,0,0,0,0,0,1,0,0,0,0,0,0,0,0,0,3784000,742,2,5099.7304582210245,Nanmangalam,2 BHK,500-1000 sqft,Valid,Chennai,Not available in source data,1,35
3464000,745,Nanmangalam,2,0,0,0,0,0,0,0,0,0,0,0,0,0,0,0,0,0,0,0,0,0,0,0,0,0,0,0,0,0,0,0,0,0,0,0,0,3464000,745,2,4649.664429530201,Nanmangalam,2 BHK,500-1000 sqft,Valid,Chennai,Not available in source data,0,35
4805000,821,Kilkattalai,2,0,0,0,0,0,0,0,0,0,0,0,0,0,0,0,0,0,0,0,0,0,0,0,0,0,0,1,0,0,0,0,0,0,0,0,0,4805000,821,2,5852.618757612668,Kilkattalai,2 BHK,500-1000 sqft,Valid,Chennai,Not available in source data,1,35
6995999,1166,Kilkattalai,3,0,0,0,0,0,0,0,0,0,0,0,0,0,0,0,1,0,0,0,0,0,0,0,0,0,0,1,0,0,0,0,0,0,0,0,0,6995999,1166,3,5999.999142367067,Kilkattalai,3 BHK,1000-1500 sqft,Valid,Chennai,Not available in source data,2,35
6995999,1166,Kilkattalai,3,0,0,0,0,0,0,0,0,0,0,0,0,0,0,0,0,0,0,0,0,0,0,0,0,0,0,0,0,0,0,0,0,0,0,0,0,6995999,1166,3,5999.999142367067,Kilkattalai,3 BHK,1000-1500 sqft,Valid,Chennai,Not available in source data,0,35
5964000,994,Kilkattalai,2,0,0,0,0,0,0,0,0,0,0,0,0,0,0,0,1,0,0,0,0,0,0,0,0,0,0,1,0,0,0,0,0,0,0,0,0,5964000,994,2,6000.0,Kilkattalai,2 BHK,500-1000 sqft,Valid,Chennai,Not available in source data,2,35
5462000,884,Kilkattalai,2,0,0,0,0,0,0,0,0,0,0,0,0,0,0,0,1,0,0,0,0,0,0,0,0,0,0,1,0,0,0,0,0,0,0,0,0,5462000,884,2,6178.733031674208,Kilkattalai,2 BHK,500-1000 sqft,Valid,Chennai,Not available in source data,2,35
5108000,920,Kilkattalai,2,0,0,0,0,0,0,0,0,0,0,0,0,0,0,0,0,0,0,0,0,0,0,0,0,0,0,0,0,0,0,0,0,0,0,0,0,5108000,920,2,5552.173913043478,Kilkattalai,2 BHK,500-1000 sqft,Valid,Chennai,Not available in source data,0,35
8000000,1816,Kanathur Reddikuppam,3,1,0,1,1,0,0,0,0,0,1,1,0,0,0,0,1,1,0,0,0,0,0,0,0,0,0,1,0,0,0,0,0,0,0,0,0,8000000,1816,3,4405.286343612334,Kanathur Reddikuppam,3 BHK,1500-2500 sqft,Valid,Chennai,Not available in source data,7,35
3971000,854,Medavakkam,2,0,0,0,0,0,0,0,0,0,0,0,0,0,0,0,1,0,0,0,0,0,0,0,0,0,0,1,0,0,0,0,0,0,0,0,0,3971000,854,2,4649.8829039812645,Medavakkam,2 BHK,500-1000 sqft,Valid,Chennai,Not available in source data,2,35
5868000,1262,Medavakkam,3,0,0,0,0,0,0,0,0,0,0,0,0,0,0,0,1,0,0,0,0,0,0,0,0,0,0,1,0,0,0,0,0,0,0,0,0,5868000,1262,3,4649.762282091918,Medavakkam,3 BHK,1000-1500 sqft,Valid,Chennai,Not available in source data,2,35
5580000,979,Medavakkam,2,0,0,0,0,0,0,0,0,0,0,0,0,0,0,0,0,0,0,0,0,0,0,0,0,0,0,0,0,0,0,0,0,0,0,0,0,5580000,979,2,5699.693564862104,Medavakkam,2 BHK,500-1000 sqft,Valid,Chennai,Not available in source data,0,35
4206000,894,Medavakkam,2,0,0,0,0,0,0,0,0,0,0,0,0,0,0,0,1,0,0,0,0,0,0,0,0,0,0,0,0,0,0,0,0,0,0,0,0,4206000,894,2,4704.697986577181,Medavakkam,2 BHK,500-1000 sqft,Valid,Chennai,Not available in source data,1,35
3814000,692,Medavakkam,2,0,0,0,0,0,0,0,0,0,0,0,0,0,0,0,1,0,0,0,0,0,0,0,0,0,0,0,0,0,0,0,0,0,0,0,0,3814000,692,2,5511.560693641619,Medavakkam,2 BHK,500-1000 sqft,Valid,Chennai,Not available in source data,1,35
4473000,994,Medavakkam,2,0,0,0,0,0,0,0,0,0,0,0,0,0,0,0,0,0,0,0,0,0,0,0,0,0,0,0,0,0,0,0,0,0,0,0,0,4473000,994,2,4500.0,Medavakkam,2 BHK,500-1000 sqft,Valid,Chennai,Not available in source data,0,35
4473000,994,Medavakkam,2,0,0,0,0,0,0,0,0,0,0,0,0,0,0,0,1,0,0,0,0,0,0,0,0,0,0,0,0,0,0,0,0,0,0,0,0,4473000,994,2,4500.0,Medavakkam,2 BHK,500-1000 sqft,Valid,Chennai,Not available in source data,1,35
4295000,765,Medavakkam,2,0,0,0,0,0,0,0,0,0,0,0,0,0,0,0,1,0,0,0,0,0,0,0,0,0,0,1,0,0,0,0,0,0,0,0,0,4295000,765,2,5614.3790849673205,Medavakkam,2 BHK,500-1000 sqft,Valid,Chennai,Not available in source data,2,35
4152000,865,Medavakkam,2,0,0,0,0,0,0,0,0,0,0,0,0,0,0,0,1,0,0,0,0,0,0,0,0,0,0,1,0,0,0,0,0,0,0,0,0,4152000,865,2,4800.0,Medavakkam,2 BHK,500-1000 sqft,Valid,Chennai,Not available in source data,2,35
4046000,843,Medavakkam,2,0,0,0,0,0,0,0,0,0,0,0,0,0,0,0,1,0,0,0,0,0,0,0,0,0,0,1,0,0,0,0,0,0,0,0,0,4046000,843,2,4799.5255041518385,Medavakkam,2 BHK,500-1000 sqft,Valid,Chennai,Not available in source data,2,35
4660000,932,Medavakkam,2,0,0,0,0,0,0,0,0,0,0,0,0,0,0,0,1,0,0,0,0,0,0,0,0,0,0,1,0,0,0,0,0,0,0,0,0,4660000,932,2,5000.0,Medavakkam,2 BHK,500-1000 sqft,Valid,Chennai,Not available in source data,2,35
7903000,1354,Poonamallee,2,0,0,1,1,0,0,0,0,0,0,0,0,0,0,0,1,0,0,0,0,0,0,1,0,0,1,1,0,0,0,0,0,0,0,0,0,7903000,1354,2,5836.779911373707,Poonamallee,2 BHK,1000-1500 sqft,Valid,Chennai,Not available in source data,6,35
2650000,670,Maraimalai Nagar,2,0,0,0,0,0,0,0,0,0,0,0,0,0,0,0,1,0,0,0,0,0,0,1,0,0,0,1,0,0,0,0,0,0,0,0,0,2650000,670,2,3955.223880597015,Maraimalai Nagar,2 BHK,500-1000 sqft,Valid,Chennai,Not available in source data,3,35
3390999,617,Nanmangalam,2,0,0,0,0,0,0,0,0,0,0,0,0,0,0,0,1,0,0,0,0,0,0,0,0,0,0,0,0,0,0,0,0,0,0,0,0,3390999,617,2,5495.946515397082,Nanmangalam,2 BHK,500-1000 sqft,Valid,Chennai,Not available in source data,1,35
3360000,700,Nanmangalam,2,0,0,0,0,0,0,0,0,0,0,0,0,0,0,0,1,0,0,0,0,0,0,0,0,0,0,0,0,0,0,0,0,0,0,0,0,3360000,700,2,4800.0,Nanmangalam,2 BHK,500-1000 sqft,Valid,Chennai,Not available in source data,1,35
2915000,634,Kolapakkam,2,0,0,0,0,0,0,0,0,0,0,0,0,0,0,0,0,0,0,0,0,0,0,0,0,0,0,0,0,0,0,0,0,0,0,0,0,2915000,634,2,4597.791798107255,Kolapakkam,2 BHK,500-1000 sqft,Valid,Chennai,Not available in source data,0,35
3089000,618,Porur,1,0,0,1,1,0,0,0,0,0,1,1,0,1,0,0,1,0,0,0,0,0,0,0,0,0,1,1,0,0,0,0,0,0,0,0,0,3089000,618,1,4998.3818770226535,Porur,1 BHK,500-1000 sqft,Valid,Chennai,Not available in source data,8,35
5823000,1165,Porur,2,0,0,1,1,0,0,0,0,0,1,1,0,1,0,0,1,0,0,0,0,0,0,0,0,0,1,1,0,0,0,0,0,0,0,0,0,5823000,1165,2,4998.283261802575,Porur,2 BHK,1000-1500 sqft,Valid,Chennai,Not available in source data,8,35
5328000,1066,Porur,2,0,0,1,1,0,0,0,0,0,1,1,0,1,0,0,1,0,0,0,0,0,0,0,0,0,1,1,0,0,0,0,0,0,0,0,0,5328000,1066,2,4998.12382739212,Porur,2 BHK,1000-1500 sqft,Valid,Chennai,Not available in source data,8,35
6843000,1369,Porur,3,0,0,1,1,0,0,0,0,0,1,1,0,1,0,0,1,0,0,0,0,0,0,0,0,0,1,1,0,0,0,0,0,0,0,0,0,6843000,1369,3,4998.539079620161,Porur,3 BHK,1000-1500 sqft,Valid,Chennai,Not available in source data,8,35
4564000,913,Kovur,2,0,0,1,1,1,1,1,1,0,1,1,0,1,0,1,1,1,0,1,0,0,0,0,0,0,1,1,0,0,0,0,0,0,0,0,0,4564000,913,2,4998.904709748083,Kovur,2 BHK,500-1000 sqft,Valid,Chennai,Not available in source data,15,35
4669000,934,Porur,2,0,0,1,1,0,0,0,0,0,1,1,0,1,0,0,1,0,0,0,0,0,0,0,0,0,1,1,0,0,0,0,0,0,0,0,0,4669000,934,2,4998.9293361884365,Porur,2 BHK,500-1000 sqft,Valid,Chennai,Not available in source data,8,35
6083000,1415,Iyyappanthangal,3,0,0,1,0,0,0,0,0,0,0,0,0,0,0,0,1,0,0,0,0,0,0,0,0,0,1,1,0,0,0,0,0,0,0,0,0,6083000,1415,3,4298.9399293286215,Iyyappanthangal,3 BHK,1000-1500 sqft,Valid,Chennai,Not available in source data,4,35
4758000,1107,Perumbakkam,2,0,0,1,1,1,1,1,1,1,0,0,1,1,1,1,1,1,1,0,1,1,0,0,0,0,1,1,0,1,0,0,0,0,0,0,0,4758000,1107,2,4298.1029810298105,Perumbakkam,2 BHK,1000-1500 sqft,Valid,Chennai,Not available in source data,19,35
6645999,1546,Perumbakkam,3,0,0,1,1,1,1,1,1,1,0,0,1,1,1,1,1,1,1,0,1,1,0,0,0,0,1,1,0,1,0,0,0,0,0,0,0,6645999,1546,3,4298.835058214748,Perumbakkam,3 BHK,1500-2500 sqft,Valid,Chennai,Not available in source data,19,35
5825000,1355,Perumbakkam,3,0,0,1,1,1,1,1,1,1,0,0,1,1,1,1,1,1,1,0,1,1,0,0,0,0,1,1,0,1,0,0,0,0,0,0,0,5825000,1355,3,4298.89298892989,Perumbakkam,3 BHK,1000-1500 sqft,Valid,Chennai,Not available in source data,19,35
8400000,1504,Navallur,3,0,0,1,1,1,1,1,1,0,1,1,1,1,0,1,1,1,0,0,1,0,0,0,0,0,1,1,0,1,0,0,0,0,0,0,0,8400000,1504,3,5585.106382978724,Navallur,3 BHK,1500-2500 sqft,Valid,Chennai,Not available in source data,17,35
6312000,1058,Navallur,2,0,0,1,1,1,1,1,1,0,1,1,1,1,0,1,1,1,0,0,1,0,0,0,0,0,1,1,0,1,0,0,0,0,0,0,0,6312000,1058,2,5965.973534971645,Navallur,2 BHK,1000-1500 sqft,Valid,Chennai,Not available in source data,17,35
2246000,624,Singaperumal Koil,1,0,0,1,1,1,1,1,0,0,1,0,0,1,0,1,1,1,1,0,1,0,0,0,0,0,1,1,0,1,0,0,0,0,0,0,0,2246000,624,1,3599.358974358974,Singaperumal Koil,1 BHK,500-1000 sqft,Valid,Chennai,Not available in source data,15,35
3461000,845,Kattankulathur,2,0,0,0,0,0,0,0,0,0,0,0,0,0,0,0,0,0,0,0,0,0,0,0,0,0,0,0,0,0,0,0,0,0,0,0,0,3461000,845,2,4095.8579881656806,Kattankulathur,2 BHK,500-1000 sqft,Valid,Chennai,Not available in source data,0,35
4505000,1010,Kolapakkam,2,0,0,0,0,0,0,0,0,0,0,0,0,0,0,0,0,0,0,0,0,0,0,0,0,0,0,1,0,0,0,0,0,0,0,0,0,4505000,1010,2,4460.39603960396,Kolapakkam,2 BHK,1000-1500 sqft,Valid,Chennai,Not available in source data,1,35
11500000,2021,Navallur,4,0,0,1,1,1,1,1,1,0,1,1,1,1,0,1,1,1,0,0,1,0,0,0,0,0,1,1,0,1,0,0,0,0,0,0,0,11500000,2021,4,5690.2523503216225,Navallur,4 BHK,1500-2500 sqft,Valid,Chennai,Not available in source data,17,35
9510000,1650,Navallur,3,0,0,1,1,1,1,1,1,0,1,1,1,1,0,1,1,1,0,0,1,0,0,0,0,0,1,1,0,1,0,0,0,0,0,0,0,9510000,1650,3,5763.636363636364,Navallur,3 BHK,1500-2500 sqft,Valid,Chennai,Not available in source data,17,35
6611000,1158,Navallur,2,0,0,1,1,1,1,1,1,0,1,1,1,1,0,1,1,1,0,0,1,0,0,0,0,0,1,1,0,1,0,0,0,0,0,0,0,6611000,1158,2,5708.981001727116,Navallur,2 BHK,1000-1500 sqft,Valid,Chennai,Not available in source data,17,35
10300000,1699,Navallur,3,0,0,1,1,1,1,1,1,0,1,1,1,1,0,1,1,1,0,0,1,0,0,0,0,0,1,1,0,1,0,0,0,0,0,0,0,10300000,1699,3,6062.389640965273,Navallur,3 BHK,1500-2500 sqft,Valid,Chennai,Not available in source data,17,35
2091000,581,Singaperumal Koil,1,0,0,1,1,1,1,1,0,0,1,0,0,1,0,1,1,1,1,0,1,0,0,0,0,0,1,1,0,1,0,0,0,0,0,0,0,2091000,581,1,3598.9672977624787,Singaperumal Koil,1 BHK,500-1000 sqft,Valid,Chennai,Not available in source data,15,35
7630000,1090,Annamalai Colony,2,0,0,0,0,0,0,0,0,0,0,0,0,0,0,0,0,0,0,0,0,0,0,1,0,0,0,0,0,0,0,0,0,0,0,0,0,7630000,1090,2,7000.0,Annamalai Colony,2 BHK,1000-1500 sqft,Valid,Chennai,Not available in source data,1,35
7770000,1110,Annamalai Colony,2,0,0,0,0,0,0,0,0,0,0,0,0,0,0,0,0,0,0,0,0,0,0,1,0,0,0,0,0,0,0,0,0,0,0,0,0,7770000,1110,2,7000.0,Annamalai Colony,2 BHK,1000-1500 sqft,Valid,Chennai,Not available in source data,1,35
6237000,1367,Kelambakkam,2,0,0,1,1,0,1,1,1,0,0,1,0,1,1,1,1,1,0,0,1,1,0,1,0,0,1,1,0,0,0,0,0,0,0,0,0,6237000,1367,2,4562.545720555962,Kelambakkam,2 BHK,1000-1500 sqft,Valid,Chennai,Not available in source data,16,35
6100000,1337,Kelambakkam,2,0,0,1,1,0,1,1,1,0,0,1,0,1,1,1,1,1,0,0,1,1,0,1,0,0,1,1,0,0,0,0,0,0,0,0,0,6100000,1337,2,4562.45325355273,Kelambakkam,2 BHK,1000-1500 sqft,Valid,Chennai,Not available in source data,16,35
7709999,1321,Poonamallee,2,0,0,1,0,0,0,0,0,0,0,0,0,0,0,0,1,0,0,0,0,0,0,1,0,0,1,1,0,0,0,0,0,0,0,0,0,7709999,1321,2,5836.486752460258,Poonamallee,2 BHK,1000-1500 sqft,Valid,Chennai,Not available in source data,5,35
2000000,625,Maraimalai Nagar,2,0,0,0,0,0,0,0,0,0,0,0,0,0,0,0,1,0,0,0,0,0,0,1,0,0,0,1,0,0,0,0,0,0,0,0,0,2000000,625,2,3200.0,Maraimalai Nagar,2 BHK,500-1000 sqft,Valid,Chennai,Not available in source data,3,35
51600000,2348,Alwarpet,3,0,0,1,1,1,0,0,0,0,0,0,0,0,0,1,1,0,0,0,0,0,0,0,0,0,0,0,0,0,0,0,0,0,0,0,0,51600000,2348,3,21976.149914821126,Alwarpet,3 BHK,1500-2500 sqft,Valid,Chennai,Not available in source data,5,35
61600000,2800,Alwarpet,4,0,0,1,1,1,0,0,0,0,0,0,0,0,0,1,1,0,0,0,0,0,0,0,0,0,0,0,0,0,0,0,0,0,0,0,0,61600000,2800,4,22000.0,Alwarpet,4 BHK,2500+ sqft,Valid,Chennai,Not available in source data,5,35
54400000,2476,Alwarpet,3,0,0,1,1,1,0,0,0,0,0,0,0,0,0,1,1,0,0,0,0,0,0,0,0,0,0,0,0,0,0,0,0,0,0,0,0,54400000,2476,3,21970.92084006462,Alwarpet,3 BHK,1500-2500 sqft,Valid,Chennai,Not available in source data,5,35
61100000,2781,Alwarpet,4,0,0,1,1,1,0,0,0,0,0,0,0,0,0,1,1,0,0,0,0,0,0,0,0,0,0,0,0,0,0,0,0,0,0,0,0,61100000,2781,4,21970.51420352391,Alwarpet,4 BHK,2500+ sqft,Valid,Chennai,Not available in source data,5,35
59600000,2713,Alwarpet,4,0,0,1,1,1,0,0,0,0,0,0,0,0,0,1,1,0,0,0,0,0,0,0,0,0,0,0,0,0,0,0,0,0,0,0,0,59600000,2713,4,21968.300774050866,Alwarpet,4 BHK,2500+ sqft,Valid,Chennai,Not available in source data,5,35
52800000,2400,Alwarpet,3,0,0,1,1,1,0,0,0,0,0,0,0,0,0,1,1,0,0,0,0,0,0,0,0,0,0,0,0,0,0,0,0,0,0,0,0,52800000,2400,3,22000.0,Alwarpet,3 BHK,1500-2500 sqft,Valid,Chennai,Not available in source data,5,35
5014000,1241,Kelambakkam,3,0,0,1,0,0,1,1,1,0,0,0,0,1,0,0,0,0,0,0,1,0,0,0,0,0,0,0,0,0,0,0,0,0,0,0,0,5014000,1241,3,4040.290088638195,Kelambakkam,3 BHK,1000-1500 sqft,Valid,Chennai,Not available in source data,6,35
4109000,1002,Kelambakkam,2,0,0,1,0,0,1,1,1,0,0,0,0,1,0,0,0,0,0,0,1,0,0,0,0,0,0,0,0,0,0,0,0,0,0,0,0,4109000,1002,2,4100.798403193613,Kelambakkam,2 BHK,1000-1500 sqft,Valid,Chennai,Not available in source data,6,35
4102000,1000,Kelambakkam,2,0,0,1,0,0,1,1,1,0,0,0,0,1,0,0,0,0,0,0,1,0,0,0,0,0,0,0,0,0,0,0,0,0,0,0,0,4102000,1000,2,4102.0,Kelambakkam,2 BHK,1000-1500 sqft,Valid,Chennai,Not available in source data,6,35
5021000,1243,Kelambakkam,3,0,0,1,0,0,1,1,1,0,0,0,0,1,0,0,0,0,0,0,1,0,0,0,0,0,0,0,0,0,0,0,0,0,0,0,0,5021000,1243,3,4039.4207562349156,Kelambakkam,3 BHK,1000-1500 sqft,Valid,Chennai,Not available in source data,6,35
4768000,1176,Kelambakkam,3,0,0,1,0,0,1,1,1,0,0,0,0,1,0,0,0,0,0,0,1,0,0,0,0,0,0,0,0,0,0,0,0,0,0,0,0,4768000,1176,3,4054.421768707483,Kelambakkam,3 BHK,1000-1500 sqft,Valid,Chennai,Not available in source data,6,35
4798000,1184,Kelambakkam,3,0,0,1,0,0,1,1,1,0,0,0,0,1,0,0,0,0,0,0,1,0,0,0,0,0,0,0,0,0,0,0,0,0,0,0,0,4798000,1184,3,4052.364864864865,Kelambakkam,3 BHK,1000-1500 sqft,Valid,Chennai,Not available in source data,6,35
4787000,1181,Kelambakkam,3,0,0,1,0,0,1,1,1,0,0,0,0,1,0,0,0,0,0,0,1,0,0,0,0,0,0,0,0,0,0,0,0,0,0,0,0,4787000,1181,3,4053.3446232006772,Kelambakkam,3 BHK,1000-1500 sqft,Valid,Chennai,Not available in source data,6,35
4806000,1186,Kelambakkam,3,0,0,1,0,0,1,1,1,0,0,0,0,1,0,0,0,0,0,0,1,0,0,0,0,0,0,0,0,0,0,0,0,0,0,0,0,4806000,1186,3,4052.2765598650926,Kelambakkam,3 BHK,1000-1500 sqft,Valid,Chennai,Not available in source data,6,35
4283000,1048,Kelambakkam,2,0,0,1,0,0,1,1,1,0,0,0,0,1,0,0,0,0,0,0,1,0,0,0,0,0,0,0,0,0,0,0,0,0,0,0,0,4283000,1048,2,4086.8320610687024,Kelambakkam,2 BHK,1000-1500 sqft,Valid,Chennai,Not available in source data,6,35
4336000,1062,Kelambakkam,2,0,0,1,0,0,1,1,1,0,0,0,0,1,0,0,0,0,0,0,1,0,0,0,0,0,0,0,0,0,0,0,0,0,0,0,0,4336000,1062,2,4082.8625235404897,Kelambakkam,2 BHK,1000-1500 sqft,Valid,Chennai,Not available in source data,6,35
4521000,962,Ullagaram,2,0,0,0,0,0,0,0,0,0,0,0,0,0,0,0,0,0,0,0,0,0,0,0,0,0,0,1,0,0,0,0,0,0,0,0,0,4521000,962,2,4699.584199584199,Ullagaram,2 BHK,500-1000 sqft,Valid,Chennai,Not available in source data,1,35
8227000,1307,Karapakkam,3,0,0,1,1,1,1,1,1,0,1,1,0,1,0,1,1,1,0,1,1,0,0,0,0,0,1,0,0,0,0,0,0,0,0,0,0,8227000,1307,3,6294.567712318286,Karapakkam,3 BHK,1000-1500 sqft,Valid,Chennai,Not available in source data,15,35
8270999,1314,Karapakkam,3,0,0,1,1,1,1,1,1,0,1,1,0,1,0,1,1,1,0,1,1,0,0,0,0,0,1,0,0,0,0,0,0,0,0,0,0,8270999,1314,3,6294.519786910198,Karapakkam,3 BHK,1000-1500 sqft,Valid,Chennai,Not available in source data,15,35
6567000,1027,Karapakkam,2,0,0,1,1,1,1,1,1,0,1,1,0,1,0,1,1,1,0,1,1,0,0,0,0,0,1,0,0,0,0,0,0,0,0,0,0,6567000,1027,2,6394.352482960078,Karapakkam,2 BHK,1000-1500 sqft,Valid,Chennai,Not available in source data,15,35
8548000,1358,Karapakkam,3,0,0,1,1,1,1,1,1,0,1,1,0,1,0,1,1,1,0,1,1,0,0,0,0,0,1,0,0,0,0,0,0,0,0,0,0,8548000,1358,3,6294.550810014727,Karapakkam,3 BHK,1000-1500 sqft,Valid,Chennai,Not available in source data,15,35
6548000,1024,Karapakkam,2,0,0,1,1,1,1,1,1,0,1,1,0,1,0,1,1,1,0,1,1,0,0,0,0,0,1,0,0,0,0,0,0,0,0,0,0,6548000,1024,2,6394.53125,Karapakkam,2 BHK,1000-1500 sqft,Valid,Chennai,Not available in source data,15,35
16900000,2686,Karapakkam,4,0,0,1,1,1,1,1,1,0,1,1,0,1,0,1,1,1,0,1,1,0,0,0,0,0,1,0,0,0,0,0,0,0,0,0,0,16900000,2686,4,6291.8838421444525,Karapakkam,4 BHK,2500+ sqft,Valid,Chennai,Not available in source data,15,35
9826000,1561,Karapakkam,3,0,0,1,1,1,1,1,1,0,1,1,0,1,0,1,1,1,0,1,1,0,0,0,0,0,1,0,0,0,0,0,0,0,0,0,0,9826000,1561,3,6294.682895579756,Karapakkam,3 BHK,1500-2500 sqft,Valid,Chennai,Not available in source data,15,35
8158000,1296,Karapakkam,3,0,0,1,1,1,1,1,1,0,1,1,0,1,0,1,1,1,0,1,1,0,0,0,0,0,1,0,0,0,0,0,0,0,0,0,0,8158000,1296,3,6294.753086419753,Karapakkam,3 BHK,1000-1500 sqft,Valid,Chennai,Not available in source data,15,35
9857000,1566,Karapakkam,3,0,0,1,1,1,1,1,1,0,1,1,0,1,0,1,1,1,0,1,1,0,0,0,0,0,1,0,0,0,0,0,0,0,0,0,0,9857000,1566,3,6294.3805874840355,Karapakkam,3 BHK,1500-2500 sqft,Valid,Chennai,Not available in source data,15,35
11500000,1829,Karapakkam,3,0,0,1,1,1,1,1,1,0,1,1,0,1,0,1,1,1,0,1,1,0,0,0,0,0,1,0,0,0,0,0,0,0,0,0,0,11500000,1829,3,6287.588846364133,Karapakkam,3 BHK,1500-2500 sqft,Valid,Chennai,Not available in source data,15,35
9845000,1564,Karapakkam,3,0,0,1,1,1,1,1,1,0,1,1,0,1,0,1,1,1,0,1,1,0,0,0,0,0,1,0,0,0,0,0,0,0,0,0,0,9845000,1564,3,6294.757033248082,Karapakkam,3 BHK,1500-2500 sqft,Valid,Chennai,Not available in source data,15,35
16600000,2640,Karapakkam,4,0,0,1,1,1,1,1,1,0,1,1,0,1,0,1,1,1,0,1,1,0,0,0,0,0,1,0,0,0,0,0,0,0,0,0,0,16600000,2640,4,6287.878787878788,Karapakkam,4 BHK,2500+ sqft,Valid,Chennai,Not available in source data,15,35
3992000,868,Ullagaram,2,0,0,0,0,0,0,0,0,0,0,0,0,0,0,0,0,0,0,0,0,0,0,0,0,0,0,0,0,0,0,0,0,0,0,0,0,3992000,868,2,4599.078341013825,Ullagaram,2 BHK,500-1000 sqft,Valid,Chennai,Not available in source data,0,35
23400000,2275,Thoraipakkam OMR,4,0,0,1,1,1,1,1,1,0,0,0,0,1,0,1,1,1,0,1,1,0,0,0,0,0,1,1,0,1,0,0,0,0,0,0,0,23400000,2275,4,10285.714285714286,Thoraipakkam OMR,4 BHK,1500-2500 sqft,Valid,Chennai,Not available in source data,15,35
17900000,1701,Thoraipakkam OMR,3,0,0,1,1,1,1,1,1,0,0,0,0,1,0,1,1,1,0,1,1,0,0,0,0,0,1,1,0,1,0,0,0,0,0,0,0,17900000,1701,3,10523.221634332745,Thoraipakkam OMR,3 BHK,1500-2500 sqft,Valid,Chennai,Not available in source data,15,35
20900000,2022,Thoraipakkam OMR,3,0,0,1,1,1,1,1,1,0,0,0,0,1,0,1,1,1,0,1,1,0,0,0,0,0,1,1,0,1,0,0,0,0,0,0,0,20900000,2022,3,10336.300692383778,Thoraipakkam OMR,3 BHK,1500-2500 sqft,Valid,Chennai,Not available in source data,15,35
6200000,708,Thoraipakkam OMR,2,0,0,1,1,1,1,1,1,0,0,0,0,1,0,1,1,1,0,1,1,0,0,0,0,0,1,1,0,1,0,0,0,0,0,0,0,6200000,708,2,8757.062146892655,Thoraipakkam OMR,2 BHK,500-1000 sqft,Valid,Chennai,Not available in source data,15,35
18100000,1720,Thoraipakkam OMR,3,0,0,1,1,1,1,1,1,0,0,0,0,1,0,1,1,1,0,1,1,0,0,0,0,0,1,1,0,1,0,0,0,0,0,0,0,18100000,1720,3,10523.255813953489,Thoraipakkam OMR,3 BHK,1500-2500 sqft,Valid,Chennai,Not available in source data,15,35
6400000,734,Thoraipakkam OMR,2,0,0,1,1,1,1,1,1,0,0,0,0,1,0,1,1,1,0,1,1,0,0,0,0,0,1,1,0,1,0,0,0,0,0,0,0,6400000,734,2,8719.346049046322,Thoraipakkam OMR,2 BHK,500-1000 sqft,Valid,Chennai,Not available in source data,15,35
16100000,1576,Thoraipakkam OMR,2,0,0,1,1,1,1,1,1,0,0,0,0,1,0,1,1,1,0,1,1,0,0,0,0,0,1,1,0,1,0,0,0,0,0,0,0,16100000,1576,2,10215.736040609137,Thoraipakkam OMR,2 BHK,1500-2500 sqft,Valid,Chennai,Not available in source data,15,35
16700000,1636,Thoraipakkam OMR,2,0,0,1,1,1,1,1,1,0,0,0,0,1,0,1,1,1,0,1,1,0,0,0,0,0,1,1,0,1,0,0,0,0,0,0,0,16700000,1636,2,10207.823960880196,Thoraipakkam OMR,2 BHK,1500-2500 sqft,Valid,Chennai,Not available in source data,15,35
13400000,1296,Thoraipakkam OMR,2,0,0,1,1,1,1,1,1,0,0,0,0,1,0,1,1,1,0,1,1,0,0,0,0,0,1,1,0,1,0,0,0,0,0,0,0,13400000,1296,2,10339.506172839507,Thoraipakkam OMR,2 BHK,1000-1500 sqft,Valid,Chennai,Not available in source data,15,35
12600000,600,Royapettah,1,0,0,1,0,0,0,0,1,0,0,0,0,0,0,0,1,0,0,0,0,0,0,1,0,0,1,1,0,0,0,0,0,0,0,0,0,12600000,600,1,21000.0,Royapettah,1 BHK,500-1000 sqft,Valid,Chennai,Not available in source data,6,35
2496000,780,Guduvancheri,2,0,0,0,0,0,0,0,0,0,0,0,0,0,0,0,0,0,0,0,0,0,0,0,0,0,0,0,0,0,0,0,0,0,0,0,0,2496000,780,2,3200.0,Guduvancheri,2 BHK,500-1000 sqft,Valid,Chennai,Not available in source data,0,35
3300000,838,Guduvancheri,2,0,0,0,0,0,0,0,0,0,0,0,0,0,0,0,0,0,0,0,0,0,0,0,0,0,0,0,0,0,0,0,0,0,0,0,0,3300000,838,2,3937.947494033413,Guduvancheri,2 BHK,500-1000 sqft,Valid,Chennai,Not available in source data,0,35
4872000,870,Porur,2,0,0,0,0,0,0,0,0,0,0,0,0,0,0,0,0,0,0,0,0,0,0,0,0,0,0,0,0,0,0,0,0,0,0,0,0,4872000,870,2,5600.0,Porur,2 BHK,500-1000 sqft,Valid,Chennai,Not available in source data,0,35
22799999,1986,Thiruvanmiyur,3,0,0,1,0,0,0,0,1,0,0,0,0,0,0,0,0,0,0,0,0,0,0,0,0,0,0,0,0,0,0,0,0,0,0,0,0,22799999,1986,3,11480.362034239677,Thiruvanmiyur,3 BHK,1500-2500 sqft,Valid,Chennai,Not available in source data,2,35
22799999,1986,Thiruvanmiyur,3,0,0,1,0,0,0,0,1,0,0,0,0,0,0,0,1,0,0,0,0,0,0,1,0,0,1,1,0,0,0,0,0,0,0,0,0,22799999,1986,3,11480.362034239677,Thiruvanmiyur,3 BHK,1500-2500 sqft,Valid,Chennai,Not available in source data,6,35
22700000,1975,Thiruvanmiyur,3,0,0,1,0,0,0,0,1,0,0,0,0,0,0,0,0,0,0,0,0,0,0,0,0,0,0,0,0,0,0,0,0,0,0,0,0,22700000,1975,3,11493.67088607595,Thiruvanmiyur,3 BHK,1500-2500 sqft,Valid,Chennai,Not available in source data,2,35
22700000,1975,Thiruvanmiyur,3,0,0,1,0,0,0,0,1,0,0,0,0,0,0,0,1,0,0,0,0,0,0,1,0,0,1,1,0,0,0,0,0,0,0,0,0,22700000,1975,3,11493.67088607595,Thiruvanmiyur,3 BHK,1500-2500 sqft,Valid,Chennai,Not available in source data,6,35
4004999,890,Ullagaram,2,0,0,0,0,0,0,0,0,0,0,0,0,0,0,0,0,0,0,0,0,0,0,0,0,0,0,0,0,0,0,0,0,0,0,0,0,4004999,890,2,4499.998876404495,Ullagaram,2 BHK,500-1000 sqft,Valid,Chennai,Not available in source data,0,35
4125000,809,Nanmangalam,2,0,0,0,0,0,0,0,0,0,0,0,0,0,0,0,0,0,0,0,0,0,0,0,0,0,0,0,0,0,0,0,0,0,0,0,0,4125000,809,2,5098.887515451174,Nanmangalam,2 BHK,500-1000 sqft,Valid,Chennai,Not available in source data,0,35
3420000,760,Nanmangalam,2,0,0,0,0,0,0,0,0,0,0,0,0,0,0,0,0,0,0,0,0,0,0,0,0,0,0,0,0,0,0,0,0,0,0,0,0,3420000,760,2,4500.0,Nanmangalam,2 BHK,500-1000 sqft,Valid,Chennai,Not available in source data,0,35
2763000,658,Nanmangalam,1,0,0,0,0,0,0,0,0,0,0,0,0,0,0,0,0,0,0,0,0,0,0,0,0,0,0,0,0,0,0,0,0,0,0,0,0,2763000,658,1,4199.088145896657,Nanmangalam,1 BHK,500-1000 sqft,Valid,Chennai,Not available in source data,0,35
3322000,791,Ullagaram,2,0,0,0,0,0,0,0,0,0,0,0,0,0,0,0,0,0,0,0,0,0,0,0,0,0,0,0,0,0,0,0,0,0,0,0,0,3322000,791,2,4199.747155499368,Ullagaram,2 BHK,500-1000 sqft,Valid,Chennai,Not available in source data,0,35
5366000,1118,Nanmangalam,3,0,0,0,0,0,0,0,0,0,0,0,0,0,0,0,0,0,0,0,0,0,0,0,0,0,0,0,0,0,0,0,0,0,0,0,0,5366000,1118,3,4799.64221824687,Nanmangalam,3 BHK,1000-1500 sqft,Valid,Chennai,Not available in source data,0,35
5615000,1146,Nanmangalam,3,0,0,0,0,0,0,0,0,0,0,0,0,0,0,0,0,0,0,0,0,0,0,0,0,0,0,0,0,0,0,0,0,0,0,0,0,5615000,1146,3,4899.650959860384,Nanmangalam,3 BHK,1000-1500 sqft,Valid,Chennai,Not available in source data,0,35
4036999,939,Ullagaram,2,0,0,0,0,0,0,0,0,0,0,0,0,0,0,0,0,0,0,0,0,0,0,0,0,0,0,0,0,0,0,0,0,0,0,0,0,4036999,939,2,4299.25346112886,Ullagaram,2 BHK,500-1000 sqft,Valid,Chennai,Not available in source data,0,35
3479999,725,Nanmangalam,2,0,0,0,0,0,0,0,0,0,0,0,0,0,0,0,0,0,0,0,0,0,0,0,0,0,0,0,0,0,0,0,0,0,0,0,0,3479999,725,2,4799.998620689656,Nanmangalam,2 BHK,500-1000 sqft,Valid,Chennai,Not available in source data,0,35
3381000,805,Nanmangalam,2,0,0,0,0,0,0,0,0,0,0,0,0,0,0,0,1,0,0,0,0,0,0,0,0,0,0,0,0,0,0,0,0,0,0,0,0,3381000,805,2,4200.0,Nanmangalam,2 BHK,500-1000 sqft,Valid,Chennai,Not available in source data,1,35
4338000,964,Nanmangalam,2,0,0,0,0,0,0,0,0,0,0,0,0,0,0,0,0,0,0,0,0,0,0,0,0,0,0,1,0,0,0,0,0,0,0,0,0,4338000,964,2,4500.0,Nanmangalam,2 BHK,500-1000 sqft,Valid,Chennai,Not available in source data,1,35
5691000,1224,Nanmangalam,3,0,0,0,0,0,0,0,0,0,0,0,0,0,0,0,0,0,0,0,0,0,0,0,0,0,0,1,0,0,0,0,0,0,0,0,0,5691000,1224,3,4649.509803921569,Nanmangalam,3 BHK,1000-1500 sqft,Valid,Chennai,Not available in source data,1,35
27900000,1647,T Nagar,3,0,0,1,0,0,0,0,0,0,0,0,0,0,0,0,1,0,0,0,0,0,0,1,0,0,1,1,0,0,0,0,0,0,0,0,0,27900000,1647,3,16939.890710382515,T Nagar,3 BHK,1500-2500 sqft,Valid,Chennai,Not available in source data,5,35
27599999,1624,T Nagar,3,0,0,0,0,0,0,0,0,0,0,0,0,0,0,0,1,0,0,0,0,0,0,0,0,0,0,0,0,0,0,0,0,0,0,0,0,27599999,1624,3,16995.07327586207,T Nagar,3 BHK,1500-2500 sqft,Valid,Chennai,Not available in source data,1,35
27599999,1624,T Nagar,3,0,0,1,0,0,0,0,0,0,0,0,0,0,0,0,1,0,0,0,0,0,0,1,0,0,1,1,0,0,0,0,0,0,0,0,0,27599999,1624,3,16995.07327586207,T Nagar,3 BHK,1500-2500 sqft,Valid,Chennai,Not available in source data,5,35
27799999,1641,T Nagar,3,0,0,0,0,0,0,0,0,0,0,0,0,0,0,0,1,0,0,0,0,0,0,0,0,0,0,0,0,0,0,0,0,0,0,0,0,27799999,1641,3,16940.889092017063,T Nagar,3 BHK,1500-2500 sqft,Valid,Chennai,Not available in source data,1,35
27799999,1641,T Nagar,3,0,0,1,0,0,0,0,0,0,0,0,0,0,0,0,1,0,0,0,0,0,0,0,0,0,1,1,0,0,0,0,0,0,0,0,0,27799999,1641,3,16940.889092017063,T Nagar,3 BHK,1500-2500 sqft,Valid,Chennai,Not available in source data,4,35
7300000,1531,Navallur,3,0,0,1,0,0,0,1,1,0,1,0,0,0,0,1,1,1,1,0,0,0,0,1,0,0,1,1,0,0,0,0,0,0,0,0,0,7300000,1531,3,4768.125408229915,Navallur,3 BHK,1500-2500 sqft,Valid,Chennai,Not available in source data,11,35
7000000,1455,Navallur,3,0,0,1,0,0,0,1,1,0,1,0,0,0,0,1,1,1,1,0,0,0,0,0,0,0,1,1,0,0,0,0,0,0,0,0,0,7000000,1455,3,4810.996563573884,Navallur,3 BHK,1000-1500 sqft,Valid,Chennai,Not available in source data,10,35
7000000,1455,Navallur,3,0,0,1,0,0,0,1,1,0,1,0,0,0,0,1,1,1,1,0,0,0,0,1,0,0,1,1,0,0,0,0,0,0,0,0,0,7000000,1455,3,4810.996563573884,Navallur,3 BHK,1000-1500 sqft,Valid,Chennai,Not available in source data,11,35
4500000,938,Kattupakkam,2,0,0,0,0,0,0,0,0,0,0,0,0,0,0,0,0,0,0,0,0,0,0,0,0,0,0,0,0,0,0,0,0,0,0,0,0,4500000,938,2,4797.441364605544,Kattupakkam,2 BHK,500-1000 sqft,Valid,Chennai,Not available in source data,0,35
6325000,1255,Pallikaranai,2,0,0,1,1,0,1,1,0,1,0,1,1,1,1,1,1,1,1,0,0,1,0,1,0,0,1,1,0,1,0,0,0,0,0,0,0,6325000,1255,2,5039.840637450199,Pallikaranai,2 BHK,1000-1500 sqft,Valid,Chennai,Not available in source data,18,35
6493000,1443,Perumbakkam,3,0,1,1,1,1,0,1,0,0,0,1,1,1,1,1,0,1,0,0,1,0,0,0,0,0,1,1,0,0,0,0,0,0,0,0,0,6493000,1443,3,4499.653499653499,Perumbakkam,3 BHK,1000-1500 sqft,Valid,Chennai,Not available in source data,14,35
6493000,1443,Perumbakkam,3,0,1,1,1,1,0,1,0,0,0,1,1,1,1,1,1,1,0,0,1,0,0,1,0,0,1,1,0,0,0,0,0,0,0,0,0,6493000,1443,3,4499.653499653499,Perumbakkam,3 BHK,1000-1500 sqft,Valid,Chennai,Not available in source data,16,35
7173999,1380,Mogappair,3,0,0,1,1,1,1,1,1,0,1,1,0,1,0,1,1,1,1,0,1,0,0,1,0,0,1,1,0,1,0,0,0,0,0,0,0,7173999,1380,3,5198.55,Mogappair,3 BHK,1000-1500 sqft,Valid,Chennai,Not available in source data,18,35
7148000,1375,Mogappair,3,0,0,1,1,1,1,1,1,0,1,0,0,1,0,1,1,1,1,0,1,0,0,1,0,0,1,1,0,1,0,0,0,0,0,0,0,7148000,1375,3,5198.545454545455,Mogappair,3 BHK,1000-1500 sqft,Valid,Chennai,Not available in source data,17,35
23700000,1532,Nungambakkam,3,0,0,1,0,1,1,0,0,0,0,0,0,1,0,1,1,1,0,0,0,0,0,1,0,0,1,1,0,0,0,0,0,0,0,0,0,23700000,1532,3,15469.973890339426,Nungambakkam,3 BHK,1500-2500 sqft,Valid,Chennai,Not available in source data,10,35
23100000,1495,Nungambakkam,2,0,0,1,0,1,1,0,0,0,0,0,0,1,0,1,1,1,0,0,0,0,0,1,0,0,1,1,0,0,0,0,0,0,0,0,0,23100000,1495,2,15451.505016722407,Nungambakkam,2 BHK,1000-1500 sqft,Valid,Chennai,Not available in source data,10,35
19000000,1232,Nungambakkam,2,0,0,1,0,1,1,0,0,0,0,0,0,1,0,1,1,1,0,0,0,0,0,1,0,0,1,1,0,0,0,0,0,0,0,0,0,19000000,1232,2,15422.077922077922,Nungambakkam,2 BHK,1000-1500 sqft,Valid,Chennai,Not available in source data,10,35
8303000,1444,Sholinganallur,3,0,0,1,1,1,1,1,1,0,1,0,0,1,0,1,1,1,0,0,1,0,0,1,0,0,1,1,0,1,0,0,0,0,0,0,0,8303000,1444,3,5750.0,Sholinganallur,3 BHK,1000-1500 sqft,Valid,Chennai,Not available in source data,16,35
13600000,2712,Pallikaranai,4,0,0,1,1,0,1,1,0,1,0,1,1,1,1,1,1,1,1,0,0,1,0,1,0,0,1,1,0,1,0,0,0,0,0,0,0,13600000,2712,4,5014.749262536873,Pallikaranai,4 BHK,2500+ sqft,Valid,Chennai,Not available in source data,18,35
9797000,1944,Pallikaranai,3,0,0,1,1,0,1,1,0,1,0,1,1,1,1,1,1,1,1,0,0,1,0,1,0,0,1,1,0,1,0,0,0,0,0,0,0,9797000,1944,3,5039.609053497942,Pallikaranai,3 BHK,1500-2500 sqft,Valid,Chennai,Not available in source data,18,35
5557000,1482,Thalambur,3,0,0,1,1,1,1,1,1,0,1,0,0,1,0,1,1,1,0,0,1,0,0,0,0,0,1,1,0,1,0,0,0,0,0,0,0,5557000,1482,3,3749.6626180836706,Thalambur,3 BHK,1000-1500 sqft,Valid,Chennai,Not available in source data,15,35
12900000,2250,Sholinganallur,3,0,0,1,1,1,1,1,1,0,1,0,0,1,0,1,1,1,0,0,1,0,0,1,0,0,1,1,0,1,0,0,0,0,0,0,0,12900000,2250,3,5733.333333333333,Sholinganallur,3 BHK,1500-2500 sqft,Valid,Chennai,Not available in source data,16,35
11399999,1618,Pallavaram,3,0,1,1,1,1,1,1,1,1,1,1,1,1,0,1,1,1,1,1,0,0,0,1,0,0,1,1,0,1,0,0,0,0,0,0,0,11399999,1618,3,7045.7348578491965,Pallavaram,3 BHK,1500-2500 sqft,Valid,Chennai,Not available in source data,21,35
9691000,1365,Pallavaram,3,0,1,1,1,1,1,1,1,1,1,0,1,1,0,1,1,1,1,1,0,0,0,0,0,0,1,1,0,1,0,0,0,0,0,0,0,9691000,1365,3,7099.6336996336995,Pallavaram,3 BHK,1000-1500 sqft,Valid,Chennai,Not available in source data,19,35
6536000,1575,Guduvancheri,3,0,0,1,1,1,1,1,1,0,1,0,0,1,0,1,1,1,0,0,0,0,0,0,0,0,1,1,0,0,0,0,0,0,0,0,0,6536000,1575,3,4149.841269841269,Guduvancheri,3 BHK,1500-2500 sqft,Valid,Chennai,Not available in source data,13,35
6536000,1575,Guduvancheri,3,0,0,1,1,1,1,1,1,0,1,1,0,1,0,1,1,1,0,0,0,0,0,1,0,0,1,1,0,0,0,0,0,0,0,0,0,6536000,1575,3,4149.841269841269,Guduvancheri,3 BHK,1500-2500 sqft,Valid,Chennai,Not available in source data,15,35
5697000,1373,Guduvancheri,3,0,0,1,1,1,1,1,1,0,1,1,0,1,0,1,1,1,0,0,0,0,0,1,0,0,1,1,0,0,0,0,0,0,0,0,0,5697000,1373,3,4149.308084486526,Guduvancheri,3 BHK,1000-1500 sqft,Valid,Chennai,Not available in source data,15,35
4386000,1057,Guduvancheri,2,0,0,1,1,1,1,1,1,0,1,1,0,1,0,1,1,1,0,0,0,0,0,1,0,0,1,1,0,0,0,0,0,0,0,0,0,4386000,1057,2,4149.479659413434,Guduvancheri,2 BHK,1000-1500 sqft,Valid,Chennai,Not available in source data,15,35
3500000,938,Guduvancheri,2,0,0,0,0,0,0,0,0,0,0,0,0,0,0,0,0,0,0,0,0,0,0,0,0,0,0,0,0,0,0,0,0,0,0,0,0,3500000,938,2,3731.3432835820895,Guduvancheri,2 BHK,500-1000 sqft,Valid,Chennai,Not available in source data,0,35
6066000,1350,Perungalathur,3,0,0,1,0,0,0,1,1,0,0,0,0,0,0,1,1,1,0,0,0,0,0,0,0,0,1,1,0,0,0,0,0,0,0,0,0,6066000,1350,3,4493.333333333333,Perungalathur,3 BHK,1000-1500 sqft,Valid,Chennai,Not available in source data,8,35
6066000,1350,Perungalathur,3,0,0,1,0,0,0,1,1,0,0,0,0,1,0,1,1,1,0,0,0,0,0,1,0,0,1,1,0,0,0,0,0,0,0,0,0,6066000,1350,3,4493.333333333333,Perungalathur,3 BHK,1000-1500 sqft,Valid,Chennai,Not available in source data,10,35
5932000,1320,Perungalathur,3,0,0,1,0,0,0,1,1,0,0,0,0,1,0,1,1,1,0,0,0,0,0,1,0,0,1,1,0,0,0,0,0,0,0,0,0,5932000,1320,3,4493.939393939394,Perungalathur,3 BHK,1000-1500 sqft,Valid,Chennai,Not available in source data,10,35
4664000,1038,Perungalathur,3,0,0,1,0,0,0,1,1,0,0,0,0,0,0,1,1,1,0,0,0,0,0,0,0,0,1,1,0,0,0,0,0,0,0,0,0,4664000,1038,3,4493.25626204239,Perungalathur,3 BHK,1000-1500 sqft,Valid,Chennai,Not available in source data,8,35
4664000,1038,Perungalathur,3,0,0,1,0,0,0,1,1,0,0,0,0,1,0,1,1,1,0,0,0,0,0,1,0,0,1,1,0,0,0,0,0,0,0,0,0,4664000,1038,3,4493.25626204239,Perungalathur,3 BHK,1000-1500 sqft,Valid,Chennai,Not available in source data,10,35
4152000,924,Perungalathur,2,0,0,1,0,0,0,1,1,0,0,1,0,1,0,1,1,1,0,0,0,0,0,1,0,0,1,1,0,0,0,0,0,0,0,0,0,4152000,924,2,4493.506493506494,Perungalathur,2 BHK,500-1000 sqft,Valid,Chennai,Not available in source data,11,35
4085000,909,Perungalathur,2,0,0,1,1,0,0,1,1,0,0,0,0,1,0,1,1,1,0,0,0,0,0,1,0,0,1,1,0,0,0,0,0,0,0,0,0,4085000,909,2,4493.949394939494,Perungalathur,2 BHK,500-1000 sqft,Valid,Chennai,Not available in source data,11,35
4500000,875,Maduravoyal,2,0,0,0,0,0,0,0,0,0,0,0,0,0,0,0,0,0,0,0,0,0,0,0,0,0,0,0,0,0,0,0,0,0,0,0,0,4500000,875,2,5142.857142857143,Maduravoyal,2 BHK,500-1000 sqft,Valid,Chennai,Not available in source data,0,35
24300000,1523,Egmore,3,0,0,1,0,0,0,0,0,0,0,0,0,1,0,0,1,0,0,0,0,0,0,1,0,0,1,1,0,0,0,0,0,0,0,0,0,24300000,1523,3,15955.351280367695,Egmore,3 BHK,1500-2500 sqft,Valid,Chennai,Not available in source data,6,35
25500000,1594,Egmore,3,0,0,1,0,0,0,0,0,0,0,0,0,1,0,0,1,0,0,0,0,0,0,1,0,0,1,1,0,0,0,0,0,0,0,0,0,25500000,1594,3,15997.490589711419,Egmore,3 BHK,1500-2500 sqft,Valid,Chennai,Not available in source data,6,35
8877000,1270,Mogappair,2,0,0,1,1,1,0,0,1,1,1,0,1,1,0,0,1,1,0,1,0,0,0,1,0,0,1,1,0,0,0,0,0,0,0,0,0,8877000,1270,2,6989.763779527559,Mogappair,2 BHK,1000-1500 sqft,Valid,Chennai,Not available in source data,14,35
8318000,1190,Mogappair,2,0,0,1,1,1,0,0,1,1,1,0,1,1,0,0,1,1,0,1,0,0,0,1,0,0,1,1,0,0,0,0,0,0,0,0,0,8318000,1190,2,6989.915966386555,Mogappair,2 BHK,1000-1500 sqft,Valid,Chennai,Not available in source data,14,35
7966000,1122,Pallavaram,2,0,1,1,1,1,1,1,1,1,1,1,1,1,0,1,1,1,1,1,0,0,0,1,0,0,1,1,0,1,0,0,0,0,0,0,0,7966000,1122,2,7099.821746880571,Pallavaram,2 BHK,1000-1500 sqft,Valid,Chennai,Not available in source data,21,35
11700000,1653,Pallavaram,3,0,1,1,1,1,1,1,1,1,1,1,1,1,0,1,1,1,1,1,0,0,0,1,0,0,1,1,0,1,0,0,0,0,0,0,0,11700000,1653,3,7078.039927404719,Pallavaram,3 BHK,1500-2500 sqft,Valid,Chennai,Not available in source data,21,35
10900000,1540,Pallavaram,3,0,1,1,1,1,1,1,1,1,1,1,1,1,0,1,1,1,1,1,0,0,0,1,0,0,1,1,0,1,0,0,0,0,0,0,0,10900000,1540,3,7077.922077922078,Pallavaram,3 BHK,1500-2500 sqft,Valid,Chennai,Not available in source data,21,35
9549000,1345,Pallavaram,3,0,1,1,1,1,1,1,1,1,1,0,1,1,0,1,1,1,1,1,0,0,0,0,0,0,1,1,0,1,0,0,0,0,0,0,0,9549000,1345,3,7099.628252788104,Pallavaram,3 BHK,1000-1500 sqft,Valid,Chennai,Not available in source data,19,35
9549000,1345,Pallavaram,3,0,1,1,1,1,1,1,1,1,1,1,1,1,0,1,1,1,1,1,0,0,0,1,0,0,1,1,0,1,0,0,0,0,0,0,0,9549000,1345,3,7099.628252788104,Pallavaram,3 BHK,1000-1500 sqft,Valid,Chennai,Not available in source data,21,35
7941000,1282,Madipakkam,3,0,0,1,0,1,1,0,1,0,0,0,0,1,0,1,1,1,0,0,1,0,0,1,0,0,1,1,0,0,0,0,0,0,0,0,0,7941000,1282,3,6194.227769110765,Madipakkam,3 BHK,1000-1500 sqft,Valid,Chennai,Not available in source data,12,35
9329000,1506,Madipakkam,3,0,0,1,0,1,1,0,1,0,0,0,0,1,0,1,1,1,0,0,1,0,0,0,0,0,1,1,0,0,0,0,0,0,0,0,0,9329000,1506,3,6194.555112881806,Madipakkam,3 BHK,1500-2500 sqft,Valid,Chennai,Not available in source data,11,35
9329000,1506,Madipakkam,3,0,0,1,0,1,1,0,1,0,0,0,0,1,0,1,1,1,0,0,1,0,0,1,0,0,1,1,0,0,0,0,0,0,0,0,0,9329000,1506,3,6194.555112881806,Madipakkam,3 BHK,1500-2500 sqft,Valid,Chennai,Not available in source data,12,35
6956999,1546,Perumbakkam,4,0,1,1,1,1,0,1,0,0,0,1,1,1,1,1,1,1,0,0,1,0,0,1,0,0,1,1,0,0,0,0,0,0,0,0,0,6956999,1546,4,4499.99935316947,Perumbakkam,4 BHK,1500-2500 sqft,Valid,Chennai,Not available in source data,16,35
9759000,1859,Kolathur,3,0,0,1,1,1,1,1,1,0,1,1,0,1,0,1,1,1,0,0,1,0,0,1,0,0,1,1,0,0,0,0,0,0,0,0,0,9759000,1859,3,5249.596557288865,Kolathur,3 BHK,1500-2500 sqft,Valid,Chennai,Not available in source data,16,35
7113000,1355,Kolathur,2,0,0,1,1,1,1,1,1,0,0,1,0,1,0,1,1,1,0,0,1,0,0,1,0,0,1,1,0,0,0,0,0,0,0,0,0,7113000,1355,2,5249.446494464944,Kolathur,2 BHK,1000-1500 sqft,Valid,Chennai,Not available in source data,15,35
3584000,1024,Guduvancheri,2,0,0,1,1,0,0,1,1,0,1,1,1,1,0,0,1,0,0,0,0,0,0,1,0,0,1,1,0,0,0,0,0,0,0,0,0,3584000,1024,2,3500.0,Guduvancheri,2 BHK,1000-1500 sqft,Valid,Chennai,Not available in source data,12,35
3429999,980,Guduvancheri,2,0,0,1,1,0,0,1,1,0,0,1,1,1,0,0,1,0,0,0,0,0,0,1,0,0,1,1,0,0,0,0,0,0,0,0,0,3429999,980,2,3499.998979591837,Guduvancheri,2 BHK,500-1000 sqft,Valid,Chennai,Not available in source data,11,35
7450000,1242,Chromepet,3,0,0,0,0,0,0,0,0,0,0,0,0,0,0,0,0,0,0,0,0,0,0,0,0,0,0,1,0,0,0,0,0,0,0,0,0,7450000,1242,3,5998.389694041868,Chromepet,3 BHK,1000-1500 sqft,Valid,Chennai,Not available in source data,1,35
7306000,1218,Chromepet,3,0,0,0,0,0,0,0,0,0,0,0,0,0,0,0,0,0,0,0,0,0,0,0,0,0,0,1,0,0,0,0,0,0,0,0,0,7306000,1218,3,5998.357963875205,Chromepet,3 BHK,1000-1500 sqft,Valid,Chennai,Not available in source data,1,35
5328000,1025,Mugalivakkam,2,0,0,1,0,0,0,0,0,0,0,0,0,0,0,0,0,0,0,0,0,0,0,0,0,0,0,0,0,0,0,0,0,0,0,0,0,5328000,1025,2,5198.048780487805,Mugalivakkam,2 BHK,1000-1500 sqft,Valid,Chennai,Not available in source data,1,35
2385000,530,Kattupakkam,1,0,0,0,0,0,0,0,0,0,0,0,0,0,0,0,0,0,0,0,0,0,0,0,0,0,0,1,0,0,0,0,0,0,0,0,0,2385000,530,1,4500.0,Kattupakkam,1 BHK,500-1000 sqft,Valid,Chennai,Not available in source data,1,35
4185000,930,Kattupakkam,2,0,0,0,0,0,0,0,0,0,0,0,0,0,0,0,0,0,0,0,0,0,0,0,0,0,0,1,0,0,0,0,0,0,0,0,0,4185000,930,2,4500.0,Kattupakkam,2 BHK,500-1000 sqft,Valid,Chennai,Not available in source data,1,35
9500000,2000,Perungudi,4,1,0,0,0,0,0,0,0,0,0,0,0,0,0,0,1,0,0,0,0,0,0,1,0,0,0,0,0,0,0,0,0,0,0,0,0,9500000,2000,4,4750.0,Perungudi,4 BHK,1500-2500 sqft,Valid,Chennai,Not available in source data,2,35
5000000,925,Sembakkam,2,0,0,0,0,0,0,0,0,0,0,0,0,0,0,0,0,0,0,0,0,0,0,0,0,0,0,1,0,0,0,0,0,0,0,0,0,5000000,925,2,5405.405405405405,Sembakkam,2 BHK,500-1000 sqft,Valid,Chennai,Not available in source data,1,35
4647000,845,Sembakkam,2,0,0,0,0,0,0,0,0,0,0,0,0,0,0,0,0,0,0,0,0,0,0,0,0,0,0,1,0,0,0,0,0,0,0,0,0,4647000,845,2,5499.408284023669,Sembakkam,2 BHK,500-1000 sqft,Valid,Chennai,Not available in source data,1,35
7645000,1390,tambaram west,3,0,0,0,0,0,0,0,0,0,0,0,0,0,0,0,1,0,0,0,0,0,0,0,0,0,0,1,0,0,0,0,0,0,0,0,0,7645000,1390,3,5500.0,tambaram west,3 BHK,1000-1500 sqft,Valid,Chennai,Not available in source data,2,35
4851000,882,tambaram west,2,0,0,0,0,0,0,0,0,0,0,0,0,0,0,0,1,0,0,0,0,0,0,0,0,0,0,1,0,0,0,0,0,0,0,0,0,4851000,882,2,5500.0,tambaram west,2 BHK,500-1000 sqft,Valid,Chennai,Not available in source data,2,35
4000000,745,tambaram west,2,0,0,0,0,0,0,0,0,0,0,0,0,0,0,0,1,0,0,0,0,0,0,0,0,0,0,1,0,0,0,0,0,0,0,0,0,4000000,745,2,5369.127516778523,tambaram west,2 BHK,500-1000 sqft,Valid,Chennai,Not available in source data,2,35
4433000,806,tambaram west,2,0,0,0,0,0,0,0,0,0,0,0,0,0,0,0,1,0,0,0,0,0,0,0,0,0,0,1,0,0,0,0,0,0,0,0,0,4433000,806,2,5500.0,tambaram west,2 BHK,500-1000 sqft,Valid,Chennai,Not available in source data,2,35
5814000,1140,Madambakkam,3,0,0,0,0,0,0,0,0,0,0,0,0,0,0,0,0,0,0,0,0,0,0,0,0,0,0,1,0,0,0,0,0,0,0,0,0,5814000,1140,3,5100.0,Madambakkam,3 BHK,1000-1500 sqft,Valid,Chennai,Not available in source data,1,35
3776000,821,Madambakkam,2,0,0,0,0,0,0,0,0,0,0,0,0,0,0,0,0,0,0,0,0,0,0,0,0,0,0,1,0,0,0,0,0,0,0,0,0,3776000,821,2,4599.269183922046,Madambakkam,2 BHK,500-1000 sqft,Valid,Chennai,Not available in source data,1,35
3450000,750,Madambakkam,2,0,0,0,0,0,0,0,0,0,0,0,0,0,0,0,0,0,0,0,0,0,0,0,0,0,0,1,0,0,0,0,0,0,0,0,0,3450000,750,2,4600.0,Madambakkam,2 BHK,500-1000 sqft,Valid,Chennai,Not available in source data,1,35
4597000,948,Selaiyur,2,0,0,0,0,0,0,0,0,0,0,0,0,0,0,0,0,0,0,0,0,0,0,0,0,0,0,1,0,0,0,0,0,0,0,0,0,4597000,948,2,4849.15611814346,Selaiyur,2 BHK,500-1000 sqft,Valid,Chennai,Not available in source data,1,35
3900000,810,Selaiyur,2,0,0,0,0,0,0,0,0,0,0,0,0,0,0,0,0,0,0,0,0,0,0,0,0,0,0,1,0,0,0,0,0,0,0,0,0,3900000,810,2,4814.814814814815,Selaiyur,2 BHK,500-1000 sqft,Valid,Chennai,Not available in source data,1,35
3589000,740,Selaiyur,2,0,0,0,0,0,0,0,0,0,0,0,0,0,0,0,0,0,0,0,0,0,0,0,0,0,0,1,0,0,0,0,0,0,0,0,0,3589000,740,2,4850.0,Selaiyur,2 BHK,500-1000 sqft,Valid,Chennai,Not available in source data,1,35
6300000,1050,Chromepet,3,0,0,0,0,0,0,0,0,0,0,0,0,0,0,0,0,0,0,0,0,0,0,0,0,0,0,1,0,0,0,0,0,0,0,0,0,6300000,1050,3,6000.0,Chromepet,3 BHK,1000-1500 sqft,Valid,Chennai,Not available in source data,1,35
7000000,1210,Chromepet,3,0,0,0,0,0,0,0,0,0,0,0,0,0,0,0,0,0,0,0,0,0,0,0,0,0,0,1,0,0,0,0,0,0,0,0,0,7000000,1210,3,5785.123966942148,Chromepet,3 BHK,1000-1500 sqft,Valid,Chennai,Not available in source data,1,35
6228000,1038,Chitlapakkam,3,0,0,0,0,0,0,0,0,0,0,0,0,0,0,0,0,0,0,0,0,0,0,0,0,0,0,1,0,0,0,0,0,0,0,0,0,6228000,1038,3,6000.0,Chitlapakkam,3 BHK,1000-1500 sqft,Valid,Chennai,Not available in source data,1,35
4932000,822,Chitlapakkam,2,0,0,0,0,0,0,0,0,0,0,0,0,0,0,0,0,0,0,0,0,0,0,0,0,0,0,1,0,0,0,0,0,0,0,0,0,4932000,822,2,6000.0,Chitlapakkam,2 BHK,500-1000 sqft,Valid,Chennai,Not available in source data,1,35
3490999,931,Selaiyur,2,0,0,0,0,0,0,0,0,0,0,0,0,0,0,0,1,0,0,0,0,0,0,0,0,0,0,0,0,0,0,0,0,0,0,0,0,3490999,931,2,3749.7303974221268,Selaiyur,2 BHK,500-1000 sqft,Valid,Chennai,Not available in source data,1,35
3285000,876,Selaiyur,2,0,0,0,0,0,0,0,0,0,0,0,0,0,0,0,1,0,0,0,0,0,0,0,0,0,0,0,0,0,0,0,0,0,0,0,0,3285000,876,2,3750.0,Selaiyur,2 BHK,500-1000 sqft,Valid,Chennai,Not available in source data,1,35
6392000,1390,Pallikaranai,3,0,0,0,0,0,0,0,0,0,0,0,0,0,0,0,0,0,0,0,0,0,0,0,0,0,0,1,0,0,0,0,0,0,0,0,0,6392000,1390,3,4598.561151079137,Pallikaranai,3 BHK,1000-1500 sqft,Valid,Chennai,Not available in source data,1,35
4667000,1015,Pallikaranai,2,0,0,0,0,0,0,0,0,0,0,0,0,0,0,0,0,0,0,0,0,0,0,0,0,0,0,1,0,0,0,0,0,0,0,0,0,4667000,1015,2,4598.029556650246,Pallikaranai,2 BHK,1000-1500 sqft,Valid,Chennai,Not available in source data,1,35
3697999,755,Pallikaranai,2,0,0,0,0,0,0,0,0,0,0,0,0,0,0,0,0,0,0,0,0,0,0,0,0,0,0,1,0,0,0,0,0,0,0,0,0,3697999,755,2,4898.0119205298015,Pallikaranai,2 BHK,500-1000 sqft,Valid,Chennai,Not available in source data,1,35
6305000,1371,Kolapakkam,3,0,0,0,0,0,0,0,0,0,0,0,0,0,0,0,0,0,0,0,0,0,0,0,0,0,0,0,0,0,0,0,0,0,0,0,0,6305000,1371,3,4598.832968636032,Kolapakkam,3 BHK,1000-1500 sqft,Valid,Chennai,Not available in source data,0,35
5290000,1260,Kolapakkam,3,0,0,0,0,0,0,0,0,0,0,0,0,0,0,0,0,0,0,0,0,0,0,0,0,0,0,0,0,0,0,0,0,0,0,0,0,5290000,1260,3,4198.412698412699,Kolapakkam,3 BHK,1000-1500 sqft,Valid,Chennai,Not available in source data,0,35
7854000,1320,Chromepet,3,0,0,0,0,0,0,0,0,0,0,0,0,0,0,0,1,0,0,0,0,0,0,0,0,0,0,1,0,0,0,0,0,0,0,0,0,7854000,1320,3,5950.0,Chromepet,3 BHK,1000-1500 sqft,Valid,Chennai,Not available in source data,2,35
5220000,900,Chromepet,2,0,0,0,0,0,0,0,0,0,0,0,0,0,0,0,0,0,0,0,0,0,0,0,0,0,0,0,0,0,0,0,0,0,0,0,0,5220000,900,2,5800.0,Chromepet,2 BHK,500-1000 sqft,Valid,Chennai,Not available in source data,0,35
5400000,900,Chromepet,2,0,0,0,0,0,0,0,0,0,0,0,0,0,0,0,1,0,0,0,0,0,0,0,0,0,0,1,0,0,0,0,0,0,0,0,0,5400000,900,2,6000.0,Chromepet,2 BHK,500-1000 sqft,Valid,Chennai,Not available in source data,2,35
5130000,855,Chromepet,2,0,0,0,0,0,0,0,0,0,0,0,0,0,0,0,1,0,0,0,0,0,0,0,0,0,0,1,0,0,0,0,0,0,0,0,0,5130000,855,2,6000.0,Chromepet,2 BHK,500-1000 sqft,Valid,Chennai,Not available in source data,2,35
4812000,802,Chromepet,2,0,0,0,0,0,0,0,0,0,0,0,0,0,0,0,1,0,0,0,0,0,0,0,0,0,0,1,0,0,0,0,0,0,0,0,0,4812000,802,2,6000.0,Chromepet,2 BHK,500-1000 sqft,Valid,Chennai,Not available in source data,2,35
3804000,885,Iyyappanthangal,2,0,0,1,0,0,0,0,0,0,0,0,0,0,0,0,1,0,0,0,0,0,0,0,0,0,1,1,0,0,0,0,0,0,0,0,0,3804000,885,2,4298.3050847457625,Iyyappanthangal,2 BHK,500-1000 sqft,Valid,Chennai,Not available in source data,4,35
4115000,840,Manapakkam,2,0,0,0,0,0,0,0,0,0,0,0,0,0,0,0,0,0,0,0,0,0,0,0,0,0,0,1,0,0,0,0,0,0,0,0,0,4115000,840,2,4898.809523809524,Manapakkam,2 BHK,500-1000 sqft,Valid,Chennai,Not available in source data,1,35
10700000,1355,Adambakkam,3,0,0,0,0,0,0,0,0,0,0,0,0,0,0,0,0,0,0,0,0,0,0,0,0,0,0,0,0,0,0,0,0,0,0,0,0,10700000,1355,3,7896.678966789668,Adambakkam,3 BHK,1000-1500 sqft,Valid,Chennai,Not available in source data,0,35
10700000,1355,Adambakkam,3,0,0,0,0,0,0,0,0,0,0,0,0,0,0,0,1,0,0,0,0,0,0,0,0,0,0,1,0,0,0,0,0,0,0,0,0,10700000,1355,3,7896.678966789668,Adambakkam,3 BHK,1000-1500 sqft,Valid,Chennai,Not available in source data,2,35
12000000,1400,Nanganallur,3,0,0,0,0,0,0,0,0,0,0,0,0,0,0,0,0,0,0,0,0,0,0,0,0,0,0,1,0,0,0,0,0,0,0,0,0,12000000,1400,3,8571.42857142857,Nanganallur,3 BHK,1000-1500 sqft,Valid,Chennai,Not available in source data,1,35
3041000,574,Manapakkam,1,0,0,0,0,0,0,0,0,0,0,0,0,0,0,0,0,0,0,0,0,0,0,0,0,0,0,0,0,0,0,0,0,0,0,0,0,3041000,574,1,5297.909407665506,Manapakkam,1 BHK,500-1000 sqft,Valid,Chennai,Not available in source data,0,35
4498000,849,Manapakkam,2,0,0,0,0,0,0,0,0,0,0,0,0,0,0,0,0,0,0,0,0,0,0,0,0,0,0,0,0,0,0,0,0,0,0,0,0,4498000,849,2,5297.997644287397,Manapakkam,2 BHK,500-1000 sqft,Valid,Chennai,Not available in source data,0,35
4859000,917,Manapakkam,2,0,0,0,0,0,0,0,0,0,0,0,0,0,0,0,0,0,0,0,0,0,0,0,0,0,0,0,0,0,0,0,0,0,0,0,0,4859000,917,2,5298.800436205016,Manapakkam,2 BHK,500-1000 sqft,Valid,Chennai,Not available in source data,0,35
8045000,1219,Madipakkam,3,0,0,0,0,0,0,0,0,0,0,0,0,0,0,0,0,0,0,0,0,0,0,0,0,0,0,1,0,0,0,0,0,0,0,0,0,8045000,1219,3,6599.6718621821165,Madipakkam,3 BHK,1000-1500 sqft,Valid,Chennai,Not available in source data,1,35
8012000,1214,Madipakkam,3,0,0,0,0,0,0,0,0,0,0,0,0,0,0,0,0,0,0,0,0,0,0,0,0,0,0,1,0,0,0,0,0,0,0,0,0,8012000,1214,3,6599.670510708402,Madipakkam,3 BHK,1000-1500 sqft,Valid,Chennai,Not available in source data,1,35
6204000,940,Madipakkam,2,0,0,0,0,0,0,0,0,0,0,0,0,0,0,0,0,0,0,0,0,0,0,0,0,0,0,1,0,0,0,0,0,0,0,0,0,6204000,940,2,6600.0,Madipakkam,2 BHK,500-1000 sqft,Valid,Chennai,Not available in source data,1,35
7173999,1380,Mogappair,3,1,0,1,1,1,1,1,1,0,1,1,0,1,0,1,1,1,1,0,1,0,0,0,0,0,1,1,0,1,0,0,0,0,0,0,0,7173999,1380,3,5198.55,Mogappair,3 BHK,1000-1500 sqft,Valid,Chennai,Not available in source data,17,35
5846000,1424,Mevalurkuppam,3,1,0,1,1,1,1,1,1,0,1,1,1,1,0,1,1,1,0,1,1,0,0,1,0,0,1,1,0,1,0,0,0,0,0,0,0,5846000,1424,3,4105.337078651685,Mevalurkuppam,3 BHK,1000-1500 sqft,Valid,Chennai,Not available in source data,19,35
9425000,1450,Navallur,3,1,0,1,1,1,0,0,1,0,1,1,0,1,0,1,1,0,0,1,0,0,0,0,0,0,1,1,0,1,0,0,0,0,0,0,0,9425000,1450,3,6500.0,Navallur,3 BHK,1000-1500 sqft,Valid,Chennai,Not available in source data,13,35
5550000,925,Mogappair,2,1,0,1,1,1,1,1,1,0,1,1,0,1,0,1,1,1,1,0,1,0,0,0,0,0,1,1,0,1,0,0,0,0,0,0,0,5550000,925,2,6000.0,Mogappair,2 BHK,500-1000 sqft,Valid,Chennai,Not available in source data,17,35
4900000,1194,Mevalurkuppam,2,1,0,1,1,1,1,1,1,0,1,1,1,1,0,1,1,1,0,1,1,0,0,1,0,0,1,1,0,1,0,0,0,0,0,0,0,4900000,1194,2,4103.852596314908,Mevalurkuppam,2 BHK,1000-1500 sqft,Valid,Chennai,Not available in source data,19,35
17500000,2150,Navallur,3,1,0,1,1,0,1,1,0,0,1,1,0,1,0,1,1,1,1,1,1,0,0,0,1,0,1,1,0,1,0,0,0,0,0,0,0,17500000,2150,3,8139.53488372093,Navallur,3 BHK,1500-2500 sqft,Valid,Chennai,Not available in source data,17,35
4887000,940,Mogappair,2,1,0,1,1,1,1,1,1,0,1,1,0,1,0,1,1,1,1,0,1,0,0,0,0,0,1,1,0,1,0,0,0,0,0,0,0,4887000,940,2,5198.936170212766,Mogappair,2 BHK,500-1000 sqft,Valid,Chennai,Not available in source data,17,35
14200000,1960,Navallur,3,1,0,1,1,1,0,0,1,0,1,1,0,1,0,1,1,0,0,1,0,0,0,0,0,0,1,1,0,0,0,0,0,0,0,0,0,14200000,1960,3,7244.897959183673,Navallur,3 BHK,1500-2500 sqft,Valid,Chennai,Not available in source data,12,35
8250000,1375,Mogappair,3,1,0,1,1,1,1,1,1,0,1,1,0,1,0,1,1,1,1,0,1,0,0,0,0,0,1,1,0,1,0,0,0,0,0,0,0,8250000,1375,3,6000.0,Mogappair,3 BHK,1000-1500 sqft,Valid,Chennai,Not available in source data,17,35
16500000,1980,Navallur,3,1,0,1,1,1,0,0,1,0,1,1,0,1,0,1,1,0,0,1,0,0,0,1,1,0,1,1,0,0,0,0,0,0,0,0,0,16500000,1980,3,8333.333333333334,Navallur,3 BHK,1500-2500 sqft,Valid,Chennai,Not available in source data,14,35
11200000,1200,Iyyappanthangal,2,1,0,0,0,0,0,0,0,0,0,0,0,0,0,0,0,0,0,0,0,0,0,0,0,0,0,0,0,0,0,0,0,0,0,0,0,11200000,1200,2,9333.333333333334,Iyyappanthangal,2 BHK,1000-1500 sqft,Valid,Chennai,Not available in source data,0,35
6480000,1080,Mogappair,2,1,0,1,1,1,1,1,1,0,1,1,0,1,0,1,1,1,1,0,1,0,0,1,0,0,1,1,0,1,0,0,0,0,0,0,0,6480000,1080,2,6000.0,Mogappair,2 BHK,1000-1500 sqft,Valid,Chennai,Not available in source data,18,35
6390000,1065,Mogappair,2,1,0,1,1,1,1,1,1,0,1,1,0,1,0,1,1,1,1,0,1,0,0,0,0,0,1,1,0,1,0,0,0,0,0,0,0,6390000,1065,2,6000.0,Mogappair,2 BHK,1000-1500 sqft,Valid,Chennai,Not available in source data,17,35
4900000,1194,Chembarambakkam,2,1,0,1,1,0,0,0,0,0,1,1,0,1,0,0,0,0,0,0,0,0,0,0,0,0,1,1,0,1,0,0,0,0,0,0,0,4900000,1194,2,4103.852596314908,Chembarambakkam,2 BHK,1000-1500 sqft,Valid,Chennai,Not available in source data,8,35
75000000,2923,Teynampet,4,1,0,1,1,1,1,1,1,0,1,1,0,1,0,1,1,1,0,0,0,0,0,0,0,0,1,1,0,0,0,0,0,0,0,0,0,75000000,2923,4,25658.56996236743,Teynampet,4 BHK,2500+ sqft,Valid,Chennai,Not available in source data,14,35
4217000,990,Thalambur,2,1,0,1,1,0,1,1,1,1,1,1,1,1,1,1,1,1,0,0,1,1,0,0,0,0,1,1,0,1,0,0,0,0,0,0,0,4217000,990,2,4259.595959595959,Thalambur,2 BHK,500-1000 sqft,Valid,Chennai,Not available in source data,19,35
9500000,1340,Iyappanthangal,2,1,0,1,1,0,1,1,1,1,1,1,1,1,1,1,1,1,1,0,1,1,0,0,0,0,1,1,0,1,0,0,0,0,0,0,0,9500000,1340,2,7089.55223880597,Iyappanthangal,2 BHK,1000-1500 sqft,Valid,Chennai,Not available in source data,20,35
3615000,1033,Guduvancheri,2,0,0,1,1,0,0,1,1,0,0,1,1,1,0,0,1,0,0,0,0,0,0,0,0,0,1,1,0,0,0,0,0,0,0,0,0,3615000,1033,2,3499.5159728944823,Guduvancheri,2 BHK,1000-1500 sqft,Valid,Chennai,Not available in source data,10,35
4900000,670,Perungudi,1,0,1,1,1,0,1,1,1,0,1,1,0,1,0,1,1,1,0,0,0,0,0,0,0,0,1,1,0,1,0,0,0,0,0,0,0,4900000,670,1,7313.432835820896,Perungudi,1 BHK,500-1000 sqft,Valid,Chennai,Not available in source data,15,35
9000000,2080,Padur,3,1,0,1,1,1,1,1,1,1,1,1,1,1,1,1,1,1,1,0,1,1,0,1,0,0,1,1,0,1,0,0,0,0,0,0,0,9000000,2080,3,4326.923076923077,Padur,3 BHK,1500-2500 sqft,Valid,Chennai,Not available in source data,22,35
24500000,1818,Thiruvanmiyur,3,0,0,1,0,1,0,0,0,0,1,0,0,0,0,0,1,0,0,0,0,0,0,0,0,0,1,1,0,0,0,0,0,0,0,0,0,24500000,1818,3,13476.347634763477,Thiruvanmiyur,3 BHK,1500-2500 sqft,Valid,Chennai,Not available in source data,6,35
22500000,1667,Thiruvanmiyur,3,0,0,1,0,1,0,0,0,0,1,0,0,0,0,0,1,0,0,0,0,0,0,0,0,0,1,1,0,0,0,0,0,0,0,0,0,22500000,1667,3,13497.300539892021,Thiruvanmiyur,3 BHK,1500-2500 sqft,Valid,Chennai,Not available in source data,6,35
21000000,2451,Navallur,4,1,0,1,1,1,0,0,1,0,1,1,0,1,0,1,1,0,0,1,0,0,0,1,1,0,1,1,1,0,0,0,0,0,0,0,0,21000000,2451,4,8567.931456548347,Navallur,4 BHK,1500-2500 sqft,Valid,Chennai,Not available in source data,15,35
26500000,1651,Egmore,3,1,0,1,1,1,1,1,1,0,1,1,0,1,0,1,1,1,1,0,1,0,0,0,0,0,1,1,0,1,0,0,0,0,0,0,0,26500000,1651,3,16050.878255602665,Egmore,3 BHK,1500-2500 sqft,Valid,Chennai,Not available in source data,17,35
40000000,6000,Navallur,4,1,0,1,1,0,0,0,0,0,1,1,0,1,0,0,1,0,0,1,0,0,0,0,0,0,1,1,0,0,0,0,0,0,0,0,0,40000000,6000,4,6666.666666666667,Navallur,4 BHK,2500+ sqft,Valid,Chennai,Not available in source data,9,35
9400000,1915,Sholinganallur,3,1,0,1,1,1,0,0,0,0,1,1,0,1,0,0,1,1,0,0,0,0,0,0,0,0,1,1,0,0,0,0,0,0,0,0,0,9400000,1915,3,4908.616187989556,Sholinganallur,3 BHK,1500-2500 sqft,Valid,Chennai,Not available in source data,10,35
3135000,1100,Mannivakkam,3,1,0,1,1,0,0,0,0,0,1,1,0,0,0,0,1,1,0,0,0,0,0,0,0,0,1,1,0,0,0,0,0,0,0,0,0,3135000,1100,3,2850.0,Mannivakkam,3 BHK,1000-1500 sqft,Valid,Chennai,Not available in source data,8,35
26000000,1631,Egmore,3,1,0,1,1,1,1,1,1,0,1,1,0,1,0,1,1,1,1,0,1,0,0,0,0,0,1,1,0,1,0,0,0,0,0,0,0,26000000,1631,3,15941.140404659718,Egmore,3 BHK,1500-2500 sqft,Valid,Chennai,Not available in source data,17,35
4700000,1140,Thaiyur,2,1,0,1,1,1,1,1,0,0,1,1,0,1,0,1,1,1,0,0,0,0,0,0,0,0,1,1,0,0,0,0,0,0,0,0,0,4700000,1140,2,4122.80701754386,Thaiyur,2 BHK,1000-1500 sqft,Valid,Chennai,Not available in source data,13,35
5221000,1135,Siruseri,2,0,0,1,1,1,1,1,1,1,1,1,1,1,1,1,1,1,0,1,1,0,0,1,0,0,1,1,0,1,0,0,0,0,0,0,0,5221000,1135,2,4600.0,Siruseri,2 BHK,1000-1500 sqft,Valid,Chennai,Not available in source data,21,35
3822000,910,Perumbakkam,1,0,0,0,0,0,0,0,0,0,0,0,0,0,0,0,1,0,0,0,0,0,0,1,0,0,0,0,0,0,0,0,0,0,0,0,0,3822000,910,1,4200.0,Perumbakkam,1 BHK,500-1000 sqft,Valid,Chennai,Not available in source data,2,35
4400000,1150,Mevalurkuppam,3,0,0,1,1,1,1,1,1,0,1,1,0,1,0,1,1,1,0,0,0,0,0,0,0,0,1,1,0,1,0,0,0,0,0,0,0,4400000,1150,3,3826.086956521739,Mevalurkuppam,3 BHK,1000-1500 sqft,Valid,Chennai,Not available in source data,15,35
3200000,860,Mevalurkuppam,2,0,0,1,1,1,1,1,1,0,1,1,0,1,0,1,1,1,0,0,0,0,0,0,0,0,1,1,0,1,0,0,0,0,0,0,0,3200000,860,2,3720.9302325581393,Mevalurkuppam,2 BHK,500-1000 sqft,Valid,Chennai,Not available in source data,15,35
26500000,1636,Egmore,3,1,0,1,1,1,1,1,1,0,1,1,0,1,0,1,1,1,1,0,1,0,0,0,0,0,1,1,0,1,0,0,0,0,0,0,0,26500000,1636,3,16198.044009779951,Egmore,3 BHK,1500-2500 sqft,Valid,Chennai,Not available in source data,17,35
11700000,2107,Thoraipakkam OMR,3,1,1,1,1,1,0,1,0,0,1,1,0,1,0,1,1,1,0,1,0,0,0,0,0,0,1,1,0,0,0,0,0,0,0,0,0,11700000,2107,3,5552.918841955387,Thoraipakkam OMR,3 BHK,1500-2500 sqft,Valid,Chennai,Not available in source data,14,35
6480000,1080,Mogappair,2,1,0,1,1,1,1,1,1,0,1,1,0,1,0,1,1,1,1,0,1,0,0,0,0,0,1,1,0,1,0,0,0,0,0,0,0,6480000,1080,2,6000.0,Mogappair,2 BHK,1000-1500 sqft,Valid,Chennai,Not available in source data,17,35
3795000,1150,Mevalurkuppam,3,0,0,1,1,1,1,1,1,0,1,1,0,1,0,1,1,1,0,0,0,0,0,0,0,0,1,1,0,1,0,0,0,0,0,0,0,3795000,1150,3,3300.0,Mevalurkuppam,3 BHK,1000-1500 sqft,Valid,Chennai,Not available in source data,15,35
5000000,1220,Mevalurkuppam,2,1,0,1,1,1,1,1,1,0,1,1,1,1,0,1,1,1,0,1,1,0,0,0,0,0,1,1,0,1,0,0,0,0,0,0,0,5000000,1220,2,4098.360655737705,Mevalurkuppam,2 BHK,1000-1500 sqft,Valid,Chennai,Not available in source data,18,35
11000000,1695,Navallur,3,1,0,1,1,1,0,0,1,0,1,1,0,1,0,1,1,0,0,1,0,0,0,0,0,0,1,1,0,1,0,0,0,0,0,0,0,11000000,1695,3,6489.675516224189,Navallur,3 BHK,1500-2500 sqft,Valid,Chennai,Not available in source data,13,35
13899999,2150,Navallur,3,1,0,1,1,1,0,0,1,0,1,1,0,1,0,1,1,0,0,1,0,0,0,0,0,0,1,1,0,1,0,0,0,0,0,0,0,13899999,2150,3,6465.115813953488,Navallur,3 BHK,1500-2500 sqft,Valid,Chennai,Not available in source data,13,35
15700000,2580,Mogappair,4,0,0,1,1,1,0,0,1,1,1,1,1,1,0,0,1,1,0,1,0,0,0,0,0,0,1,1,0,0,0,0,0,0,0,0,0,15700000,2580,4,6085.271317829457,Mogappair,4 BHK,2500+ sqft,Valid,Chennai,Not available in source data,14,35
4636000,1405,Mevalurkuppam,3,0,0,1,1,1,1,1,1,0,1,1,0,1,0,1,1,1,0,0,0,0,0,0,0,0,1,1,0,1,0,0,0,0,0,0,0,4636000,1405,3,3299.644128113879,Mevalurkuppam,3 BHK,1000-1500 sqft,Valid,Chennai,Not available in source data,15,35
6509999,1085,Mogappair,2,1,0,1,1,1,1,1,1,0,1,1,0,1,0,1,1,1,1,0,1,0,0,0,0,0,1,1,0,1,0,0,0,0,0,0,0,6509999,1085,2,5999.999078341014,Mogappair,2 BHK,1000-1500 sqft,Valid,Chennai,Not available in source data,17,35
8280000,1380,Mogappair,3,1,0,1,1,1,1,1,1,0,1,1,0,1,0,1,1,1,1,0,1,0,0,0,0,0,1,1,0,1,0,0,0,0,0,0,0,8280000,1380,3,6000.0,Mogappair,3 BHK,1000-1500 sqft,Valid,Chennai,Not available in source data,17,35
7500000,1244,Pallikaranai,2,1,0,1,1,0,0,0,0,0,1,1,0,1,0,0,0,0,0,0,0,0,0,0,0,0,1,1,0,1,0,0,0,0,0,0,0,7500000,1244,2,6028.938906752412,Pallikaranai,2 BHK,1000-1500 sqft,Valid,Chennai,Not available in source data,8,35
11399999,1290,Injambakkam,2,0,0,1,1,1,1,1,0,0,1,1,0,1,0,0,1,1,0,0,0,0,0,0,0,0,1,0,0,0,0,0,0,0,0,0,0,11399999,1290,2,8837.208527131783,Injambakkam,2 BHK,1000-1500 sqft,Valid,Chennai,Not available in source data,11,35
7751000,1546,Perumbakkam,4,0,1,1,1,1,0,1,0,0,0,1,1,1,1,1,0,1,0,0,1,0,0,0,0,0,1,1,0,0,0,0,0,0,0,0,0,7751000,1546,4,5013.583441138422,Perumbakkam,4 BHK,1500-2500 sqft,Valid,Chennai,Not available in source data,14,35
11900000,1970,Mogappair,3,0,0,1,1,1,0,0,1,1,1,1,1,1,0,0,1,1,0,1,0,0,0,0,0,0,1,1,0,0,0,0,0,0,0,0,0,11900000,1970,3,6040.609137055838,Mogappair,3 BHK,1500-2500 sqft,Valid,Chennai,Not available in source data,14,35
25600000,2052,Aminjikarai,4,0,0,1,1,1,1,1,0,0,1,1,0,1,0,1,1,1,0,1,0,0,0,0,0,0,1,1,0,1,0,0,0,0,0,0,0,25600000,2052,4,12475.633528265107,Aminjikarai,4 BHK,1500-2500 sqft,Valid,Chennai,Not available in source data,15,35
19700000,1581,Aminjikarai,2,0,0,1,1,1,1,1,0,0,1,1,0,1,0,1,1,1,0,1,0,0,0,0,0,0,1,1,0,1,0,0,0,0,0,0,0,19700000,1581,2,12460.468058191018,Aminjikarai,2 BHK,1500-2500 sqft,Valid,Chennai,Not available in source data,15,35
3950000,1145,Thalambur,3,0,0,1,1,0,1,1,1,1,1,1,1,1,1,1,1,1,0,0,1,1,0,0,0,0,1,1,0,1,0,0,0,0,0,0,0,3950000,1145,3,3449.7816593886464,Thalambur,3 BHK,1000-1500 sqft,Valid,Chennai,Not available in source data,19,35
3784000,841,Iyyappanthangal,2,0,0,0,0,0,0,0,0,0,0,0,0,0,0,0,0,0,0,0,0,0,0,0,0,0,0,1,0,0,0,0,0,0,0,0,0,3784000,841,2,4499.4054696789535,Iyyappanthangal,2 BHK,500-1000 sqft,Valid,Chennai,Not available in source data,1,35
3645000,810,Iyyappanthangal,2,0,0,0,0,0,0,0,0,0,0,0,0,0,0,0,0,0,0,0,0,0,0,0,0,0,0,1,0,0,0,0,0,0,0,0,0,3645000,810,2,4500.0,Iyyappanthangal,2 BHK,500-1000 sqft,Valid,Chennai,Not available in source data,1,35
3321000,738,Iyyappanthangal,2,0,0,0,0,0,0,0,0,0,0,0,0,0,0,0,0,0,0,0,0,0,0,0,0,0,0,1,0,0,0,0,0,0,0,0,0,3321000,738,2,4500.0,Iyyappanthangal,2 BHK,500-1000 sqft,Valid,Chennai,Not available in source data,1,35
10300000,1230,Nanganallur,2,0,0,0,0,0,0,0,0,0,0,0,0,0,0,0,0,0,0,0,0,0,0,0,0,0,0,1,0,0,0,0,0,0,0,0,0,10300000,1230,2,8373.983739837398,Nanganallur,2 BHK,1000-1500 sqft,Valid,Chennai,Not available in source data,1,35
8108000,1243,Pallikaranai,2,0,0,1,1,1,1,1,1,1,0,0,1,1,1,1,1,1,1,0,1,1,0,0,0,0,1,1,0,1,0,0,0,0,0,0,0,8108000,1243,2,6522.928399034594,Pallikaranai,2 BHK,1000-1500 sqft,Valid,Chennai,Not available in source data,19,35
17600000,2712,Pallikaranai,4,0,0,1,1,1,1,1,1,1,0,0,1,1,1,1,1,1,1,0,1,1,0,0,0,0,1,1,0,1,0,0,0,0,0,0,0,17600000,2712,4,6489.675516224189,Pallikaranai,4 BHK,2500+ sqft,Valid,Chennai,Not available in source data,19,35
12600000,1944,Pallikaranai,3,0,0,1,1,1,1,1,1,1,0,0,1,1,1,1,1,1,1,0,1,1,0,0,0,0,1,1,0,1,0,0,0,0,0,0,0,12600000,1944,3,6481.481481481482,Pallikaranai,3 BHK,1500-2500 sqft,Valid,Chennai,Not available in source data,19,35
12000000,1922,Pallikaranai,3,0,0,1,1,1,1,1,1,1,0,0,1,1,1,1,1,1,1,0,1,1,0,0,0,0,1,1,0,1,0,0,0,0,0,0,0,12000000,1922,3,6243.496357960458,Pallikaranai,3 BHK,1500-2500 sqft,Valid,Chennai,Not available in source data,19,35
16500000,2691,Pallikaranai,4,0,0,1,1,1,1,1,1,1,0,0,1,1,1,1,1,1,1,0,1,1,0,0,0,0,1,1,0,1,0,0,0,0,0,0,0,16500000,2691,4,6131.5496098104795,Pallikaranai,4 BHK,2500+ sqft,Valid,Chennai,Not available in source data,19,35
8200000,1255,Pallikaranai,2,0,0,1,1,1,1,1,1,1,0,0,1,1,1,1,1,1,1,0,1,1,0,0,0,0,1,1,0,1,0,0,0,0,0,0,0,8200000,1255,2,6533.86454183267,Pallikaranai,2 BHK,1000-1500 sqft,Valid,Chennai,Not available in source data,19,35
5100000,1020,Selaiyur,3,0,0,0,0,0,0,0,0,0,0,0,0,0,0,0,0,0,0,0,0,0,0,0,0,0,0,0,0,0,0,0,0,0,0,0,0,5100000,1020,3,5000.0,Selaiyur,3 BHK,1000-1500 sqft,Valid,Chennai,Not available in source data,0,35
4104999,820,Selaiyur,2,0,0,0,0,0,0,0,0,0,0,0,0,0,0,0,1,0,0,0,0,0,0,0,0,0,0,1,0,0,0,0,0,0,0,0,0,4104999,820,2,5006.096341463414,Selaiyur,2 BHK,500-1000 sqft,Valid,Chennai,Not available in source data,2,35
8303000,1444,Sholinganallur,3,0,0,1,1,1,1,1,1,0,1,0,0,1,0,1,1,1,0,0,1,0,0,0,0,0,1,1,0,1,0,0,0,0,0,0,0,8303000,1444,3,5750.0,Sholinganallur,3 BHK,1000-1500 sqft,Valid,Chennai,Not available in source data,15,35
5647000,1255,Kolapakkam,3,0,0,0,0,0,0,0,0,0,0,0,0,0,0,0,0,0,0,0,0,0,0,0,0,0,0,1,0,0,0,0,0,0,0,0,0,5647000,1255,3,4499.601593625498,Kolapakkam,3 BHK,1000-1500 sqft,Valid,Chennai,Not available in source data,1,35
6934999,1235,Ambattur,3,0,0,0,0,0,0,0,0,0,0,0,0,0,0,0,0,0,0,0,0,0,0,0,0,0,0,1,0,0,0,0,0,0,0,0,0,6934999,1235,3,5615.383805668016,Ambattur,3 BHK,1000-1500 sqft,Valid,Chennai,Not available in source data,1,35
6934999,1235,Ambattur,2,0,0,0,0,0,0,0,0,0,0,0,0,0,0,0,0,0,0,0,0,0,0,0,0,0,0,1,0,0,0,0,0,0,0,0,0,6934999,1235,2,5615.383805668016,Ambattur,2 BHK,1000-1500 sqft,Valid,Chennai,Not available in source data,1,35
3879999,862,Kolapakkam,2,0,0,0,0,0,0,0,0,0,0,0,0,0,0,0,0,0,0,0,0,0,0,0,0,0,0,1,0,0,0,0,0,0,0,0,0,3879999,862,2,4501.158932714618,Kolapakkam,2 BHK,500-1000 sqft,Valid,Chennai,Not available in source data,1,35
28700000,1975,Thiruvanmiyur,3,0,0,1,0,0,0,0,1,0,0,0,0,0,0,0,0,0,0,0,0,0,0,0,0,0,0,0,0,0,0,0,0,0,0,0,0,28700000,1975,3,14531.645569620254,Thiruvanmiyur,3 BHK,1500-2500 sqft,Valid,Chennai,Not available in source data,2,35
29400000,2015,Thiruvanmiyur,3,0,0,1,0,0,0,0,1,0,0,0,0,0,0,0,0,0,0,0,0,0,0,0,0,0,0,0,0,0,0,0,0,0,0,0,0,29400000,2015,3,14590.570719602978,Thiruvanmiyur,3 BHK,1500-2500 sqft,Valid,Chennai,Not available in source data,2,35
7748999,1230,Kovilambakkam,2,0,0,1,1,1,1,1,1,0,0,0,1,1,0,1,0,0,0,1,0,0,0,0,0,0,1,1,0,0,0,0,0,0,0,0,0,7748999,1230,2,6299.9991869918695,Kovilambakkam,2 BHK,1000-1500 sqft,Valid,Chennai,Not available in source data,12,35
7900000,1254,Kovilambakkam,2,0,0,1,1,1,1,1,1,0,0,0,1,1,0,1,0,0,0,1,0,0,0,0,0,0,1,1,0,0,0,0,0,0,0,0,0,7900000,1254,2,6299.8405103668265,Kovilambakkam,2 BHK,1000-1500 sqft,Valid,Chennai,Not available in source data,12,35
7736000,1228,Kovilambakkam,2,0,0,1,1,1,1,1,1,0,0,0,1,1,0,1,0,0,0,1,0,0,0,0,0,0,1,1,0,0,0,0,0,0,0,0,0,7736000,1228,2,6299.674267100977,Kovilambakkam,2 BHK,1000-1500 sqft,Valid,Chennai,Not available in source data,12,35
9777000,1552,Kovilambakkam,3,0,0,1,1,1,1,1,1,0,0,0,1,1,0,1,0,0,0,1,0,0,0,0,0,0,1,1,0,0,0,0,0,0,0,0,0,9777000,1552,3,6299.613402061856,Kovilambakkam,3 BHK,1500-2500 sqft,Valid,Chennai,Not available in source data,12,35
7698000,1222,Kovilambakkam,2,0,0,1,1,1,1,1,1,0,0,0,1,1,0,1,0,0,0,1,0,0,0,0,0,0,1,1,0,0,0,0,0,0,0,0,0,7698000,1222,2,6299.509001636661,Kovilambakkam,2 BHK,1000-1500 sqft,Valid,Chennai,Not available in source data,12,35
7490000,1189,Kovilambakkam,2,0,0,1,1,1,1,1,1,0,0,0,1,1,0,1,0,0,0,1,0,0,0,0,0,0,1,1,0,0,0,0,0,0,0,0,0,7490000,1189,2,6299.411269974768,Kovilambakkam,2 BHK,1000-1500 sqft,Valid,Chennai,Not available in source data,12,35
9840000,1562,Kovilambakkam,3,0,0,1,1,1,1,1,1,0,0,0,1,1,0,1,0,0,0,1,0,0,0,0,0,0,1,1,0,0,0,0,0,0,0,0,0,9840000,1562,3,6299.615877080666,Kovilambakkam,3 BHK,1500-2500 sqft,Valid,Chennai,Not available in source data,12,35
9456000,1501,Kovilambakkam,3,0,0,1,1,1,1,1,1,0,0,0,1,1,0,1,0,0,0,1,0,0,0,0,0,0,1,1,0,0,0,0,0,0,0,0,0,9456000,1501,3,6299.800133244504,Kovilambakkam,3 BHK,1500-2500 sqft,Valid,Chennai,Not available in source data,12,35
5063000,1220,Kattankulathur,3,0,0,0,0,0,0,0,0,0,0,0,0,0,0,0,0,0,0,0,0,0,0,0,0,0,0,0,0,0,0,0,0,0,0,0,0,5063000,1220,3,4150.0,Kattankulathur,3 BHK,1000-1500 sqft,Valid,Chennai,Not available in source data,0,35
3422000,835,Kattankulathur,2,0,0,0,0,0,0,0,0,0,0,0,0,0,0,0,0,0,0,0,0,0,0,0,0,0,0,0,0,0,0,0,0,0,0,0,0,3422000,835,2,4098.203592814371,Kattankulathur,2 BHK,500-1000 sqft,Valid,Chennai,Not available in source data,0,35
3461000,845,Kattankulathur,1,0,0,0,0,0,0,0,0,0,0,0,0,0,0,0,0,0,0,0,0,0,0,0,0,0,0,0,0,0,0,0,0,0,0,0,0,3461000,845,1,4095.8579881656806,Kattankulathur,1 BHK,500-1000 sqft,Valid,Chennai,Not available in source data,0,35
6434000,1092,Manapakkam,3,0,0,0,0,0,0,0,0,0,0,0,0,0,0,0,0,0,0,0,0,0,0,0,0,0,0,1,0,0,0,0,0,0,0,0,0,6434000,1092,3,5891.941391941392,Manapakkam,3 BHK,1000-1500 sqft,Valid,Chennai,Not available in source data,1,35
4275000,775,Iyyappanthangal,2,0,0,0,0,0,0,0,0,0,0,0,0,0,0,0,0,0,0,0,0,0,0,0,0,0,0,0,0,0,0,0,0,0,0,0,0,4275000,775,2,5516.129032258064,Iyyappanthangal,2 BHK,500-1000 sqft,Valid,Chennai,Not available in source data,0,35
6334000,1092,Manapakkam,3,0,0,0,0,0,0,0,0,0,0,0,0,0,0,0,0,0,0,0,0,0,0,0,0,0,0,1,0,0,0,0,0,0,0,0,0,6334000,1092,3,5800.3663003663005,Manapakkam,3 BHK,1000-1500 sqft,Valid,Chennai,Not available in source data,1,35
27200000,4736,Sholinganallur,4,0,0,1,1,1,1,1,1,0,1,0,0,1,0,1,1,1,0,0,1,0,0,0,0,0,1,1,0,1,0,0,0,0,0,0,0,27200000,4736,4,5743.243243243243,Sholinganallur,4 BHK,2500+ sqft,Valid,Chennai,Not available in source data,15,35
25500000,4452,Sholinganallur,4,0,0,1,1,1,1,1,1,0,1,0,0,1,0,1,1,1,0,0,1,0,0,0,0,0,1,1,0,1,0,0,0,0,0,0,0,25500000,4452,4,5727.762803234501,Sholinganallur,4 BHK,2500+ sqft,Valid,Chennai,Not available in source data,15,35
25500000,4451,Sholinganallur,4,0,0,1,1,1,1,1,1,0,1,0,0,1,0,1,1,1,0,0,1,0,0,0,0,0,1,1,0,1,0,0,0,0,0,0,0,25500000,4451,4,5729.049651763648,Sholinganallur,4 BHK,2500+ sqft,Valid,Chennai,Not available in source data,15,35
26900000,4690,Sholinganallur,4,0,0,1,1,1,1,1,1,0,1,0,0,1,0,1,1,1,0,0,1,0,0,0,0,0,1,1,0,1,0,0,0,0,0,0,0,26900000,4690,4,5735.607675906183,Sholinganallur,4 BHK,2500+ sqft,Valid,Chennai,Not available in source data,15,35
9228000,1605,Sholinganallur,3,0,0,1,1,1,1,1,1,0,1,0,0,1,0,1,1,1,0,0,1,0,0,0,0,0,1,1,0,1,0,0,0,0,0,0,0,9228000,1605,3,5749.532710280374,Sholinganallur,3 BHK,1500-2500 sqft,Valid,Chennai,Not available in source data,15,35
9234000,1606,Sholinganallur,3,0,0,1,1,1,1,1,1,0,1,0,0,1,0,1,1,1,0,0,1,0,0,0,0,0,1,1,0,1,0,0,0,0,0,0,0,9234000,1606,3,5749.688667496886,Sholinganallur,3 BHK,1500-2500 sqft,Valid,Chennai,Not available in source data,15,35
8354000,1453,Sholinganallur,3,0,0,1,1,1,1,1,1,0,1,0,0,1,0,1,1,1,0,0,1,0,0,0,0,0,1,1,0,1,0,0,0,0,0,0,0,8354000,1453,3,5749.483826565726,Sholinganallur,3 BHK,1000-1500 sqft,Valid,Chennai,Not available in source data,15,35
9533000,1658,Sholinganallur,3,0,0,1,1,1,1,1,1,0,1,0,0,1,0,1,1,1,0,0,1,0,0,0,0,0,1,1,0,1,0,0,0,0,0,0,0,9533000,1658,3,5749.698431845597,Sholinganallur,3 BHK,1500-2500 sqft,Valid,Chennai,Not available in source data,15,35
9545000,1660,Sholinganallur,3,0,0,1,1,1,1,1,1,0,1,0,0,1,0,1,1,1,0,0,1,0,0,0,0,0,1,1,0,1,0,0,0,0,0,0,0,9545000,1660,3,5750.0,Sholinganallur,3 BHK,1500-2500 sqft,Valid,Chennai,Not available in source data,15,35
7598999,1551,Sholinganallur,3,0,0,1,1,1,1,1,1,0,1,0,0,1,0,1,1,1,0,0,0,0,0,0,0,0,1,1,0,0,0,0,0,0,0,0,0,7598999,1551,3,4899.419084461638,Sholinganallur,3 BHK,1500-2500 sqft,Valid,Chennai,Not available in source data,13,35
24700000,4297,Sholinganallur,4,0,0,1,1,1,1,1,1,0,1,0,0,1,0,1,1,1,0,0,1,0,0,0,0,0,1,1,0,1,0,0,0,0,0,0,0,24700000,4297,4,5748.196416104259,Sholinganallur,4 BHK,2500+ sqft,Valid,Chennai,Not available in source data,15,35
7809999,1594,Sholinganallur,3,0,0,1,1,1,1,1,1,0,1,0,0,1,0,1,1,1,0,0,0,0,0,0,0,0,1,1,0,0,0,0,0,0,0,0,0,7809999,1594,3,4899.622961104141,Sholinganallur,3 BHK,1500-2500 sqft,Valid,Chennai,Not available in source data,13,35
7900000,1190,Mogappair,2,0,0,1,1,1,0,0,1,1,1,0,1,1,0,0,0,1,0,1,0,0,0,0,0,0,1,0,0,0,0,0,0,0,0,0,0,7900000,1190,2,6638.655462184874,Mogappair,2 BHK,1000-1500 sqft,Valid,Chennai,Not available in source data,11,35
8430000,1270,Mogappair,2,0,0,1,1,1,0,0,1,1,1,0,1,1,0,0,0,1,0,1,0,0,0,0,0,0,1,0,0,0,0,0,0,0,0,0,0,8430000,1270,2,6637.795275590551,Mogappair,2 BHK,1000-1500 sqft,Valid,Chennai,Not available in source data,11,35
26900000,4682,Sholinganallur,4,0,0,1,1,1,1,1,1,0,1,0,0,1,0,1,1,1,0,0,1,0,0,0,0,0,1,1,0,1,0,0,0,0,0,0,0,26900000,4682,4,5745.407945322511,Sholinganallur,4 BHK,2500+ sqft,Valid,Chennai,Not available in source data,15,35
23600000,4105,Sholinganallur,4,0,0,1,1,1,1,1,1,0,1,0,0,1,0,1,1,1,0,0,1,0,0,0,0,0,1,1,0,1,0,0,0,0,0,0,0,23600000,4105,4,5749.086479902558,Sholinganallur,4 BHK,2500+ sqft,Valid,Chennai,Not available in source data,15,35
13000000,1970,Mogappair,3,0,0,1,1,1,0,0,1,1,1,0,1,1,0,0,0,1,0,1,0,0,0,0,0,0,1,0,0,0,0,0,0,0,0,0,0,13000000,1970,3,6598.984771573604,Mogappair,3 BHK,1500-2500 sqft,Valid,Chennai,Not available in source data,11,35
17100000,2580,Mogappair,4,0,0,1,1,1,0,0,1,1,1,0,1,1,0,0,0,1,0,1,0,0,0,0,0,0,1,0,0,0,0,0,0,0,0,0,0,17100000,2580,4,6627.906976744186,Mogappair,4 BHK,2500+ sqft,Valid,Chennai,Not available in source data,11,35
12400000,1880,Mogappair,3,0,0,1,1,1,0,0,1,1,1,0,1,1,0,0,0,1,0,1,0,0,0,0,0,0,1,0,0,0,0,0,0,0,0,0,0,12400000,1880,3,6595.744680851064,Mogappair,3 BHK,1500-2500 sqft,Valid,Chennai,Not available in source data,11,35
9226000,1390,Mogappair,3,0,0,1,1,1,0,0,1,1,1,0,1,1,0,0,0,1,0,1,0,0,0,0,0,0,1,0,0,0,0,0,0,0,0,0,0,9226000,1390,3,6637.410071942446,Mogappair,3 BHK,1000-1500 sqft,Valid,Chennai,Not available in source data,11,35
12200000,1850,Mogappair,3,0,0,1,1,1,0,0,1,1,1,0,1,1,0,0,0,1,0,1,0,0,0,0,0,0,1,0,0,0,0,0,0,0,0,0,0,12200000,1850,3,6594.594594594595,Mogappair,3 BHK,1500-2500 sqft,Valid,Chennai,Not available in source data,11,35
5339000,950,Sembakkam,2,0,0,0,0,0,0,0,0,0,1,0,0,0,0,0,1,0,0,0,0,0,0,0,0,0,0,1,0,0,0,0,0,0,0,0,0,5339000,950,2,5620.0,Sembakkam,2 BHK,500-1000 sqft,Valid,Chennai,Not available in source data,3,35
4880000,888,Rajakilpakkam,2,0,0,0,0,0,0,0,0,0,0,0,0,0,0,0,1,0,0,0,0,0,0,0,0,0,0,1,0,0,0,0,0,0,0,0,0,4880000,888,2,5495.495495495496,Rajakilpakkam,2 BHK,500-1000 sqft,Valid,Chennai,Not available in source data,2,35
3472999,755,Rajakilpakkam,2,0,0,0,0,0,0,0,0,0,1,0,0,0,0,0,1,0,0,0,0,0,0,0,0,0,0,1,0,0,0,0,0,0,0,0,0,3472999,755,2,4599.9986754966885,Rajakilpakkam,2 BHK,500-1000 sqft,Valid,Chennai,Not available in source data,3,35
3650000,745,Kovilambakkam,2,0,0,0,0,0,0,0,0,0,0,0,0,0,0,0,1,0,0,0,0,0,0,0,0,0,0,1,0,0,0,0,0,0,0,0,0,3650000,745,2,4899.3288590604025,Kovilambakkam,2 BHK,500-1000 sqft,Valid,Chennai,Not available in source data,2,35
4400000,920,Vellakkal,2,0,0,0,0,0,0,0,0,0,0,0,0,0,0,0,1,0,0,0,0,0,0,0,0,0,0,1,0,0,0,0,0,0,0,0,0,4400000,920,2,4782.608695652174,Vellakkal,2 BHK,500-1000 sqft,Valid,Chennai,Not available in source data,2,35
3882000,809,Nanmangalam,2,0,0,0,0,0,0,0,0,0,0,0,0,0,0,0,1,0,0,0,0,0,0,0,0,0,0,1,0,0,0,0,0,0,0,0,0,3882000,809,2,4798.516687268232,Nanmangalam,2 BHK,500-1000 sqft,Valid,Chennai,Not available in source data,2,35
3883000,809,Manikandan Nagar,2,0,0,0,0,0,0,0,0,0,0,0,0,0,0,0,1,0,0,0,0,0,0,0,0,0,0,1,0,0,0,0,0,0,0,0,0,3883000,809,2,4799.752781211372,Manikandan Nagar,2 BHK,500-1000 sqft,Valid,Chennai,Not available in source data,2,35
4656000,970,Manikandan Nagar,2,0,0,0,0,0,0,0,0,0,0,0,0,0,0,0,1,0,0,0,0,0,0,0,0,0,0,1,0,0,0,0,0,0,0,0,0,4656000,970,2,4800.0,Manikandan Nagar,2 BHK,500-1000 sqft,Valid,Chennai,Not available in source data,2,35
4237000,755,Medavakkam,2,0,0,0,0,0,0,0,0,0,1,0,0,0,0,0,1,0,0,0,0,0,0,0,0,0,0,1,0,0,0,0,0,0,0,0,0,4237000,755,2,5611.920529801325,Medavakkam,2 BHK,500-1000 sqft,Valid,Chennai,Not available in source data,3,35
4079999,850,Medavakkam,2,0,0,0,0,0,0,0,0,0,0,0,0,0,0,0,1,0,0,0,0,0,0,0,0,0,0,1,0,0,0,0,0,0,0,0,0,4079999,850,2,4799.998823529411,Medavakkam,2 BHK,500-1000 sqft,Valid,Chennai,Not available in source data,2,35
4444000,926,Medavakkam,2,0,0,0,0,0,0,0,0,0,0,0,0,0,0,0,1,0,0,0,0,0,0,0,0,0,0,1,0,0,0,0,0,0,0,0,0,4444000,926,2,4799.136069114471,Medavakkam,2 BHK,500-1000 sqft,Valid,Chennai,Not available in source data,2,35
4953000,1032,Medavakkam,2,0,0,0,0,0,0,0,0,0,0,0,0,0,0,0,1,0,0,0,0,0,0,0,0,0,0,1,0,0,0,0,0,0,0,0,0,4953000,1032,2,4799.418604651163,Medavakkam,2 BHK,1000-1500 sqft,Valid,Chennai,Not available in source data,2,35
3650000,745,Vellakkal,2,0,0,0,0,0,0,0,0,0,0,0,0,0,0,0,1,0,0,0,0,0,0,0,0,0,0,1,0,0,0,0,0,0,0,0,0,3650000,745,2,4899.3288590604025,Vellakkal,2 BHK,500-1000 sqft,Valid,Chennai,Not available in source data,2,35
4953000,1032,Vellakkal,3,0,0,0,0,0,0,0,0,0,0,0,0,0,0,0,1,0,0,0,0,0,0,0,0,0,0,1,0,0,0,0,0,0,0,0,0,4953000,1032,3,4799.418604651163,Vellakkal,3 BHK,1000-1500 sqft,Valid,Chennai,Not available in source data,2,35
4416000,920,Kovilambakkam,2,0,0,0,0,0,0,0,0,0,0,0,0,0,0,0,1,0,0,0,0,0,0,0,0,0,0,1,0,0,0,0,0,0,0,0,0,4416000,920,2,4800.0,Kovilambakkam,2 BHK,500-1000 sqft,Valid,Chennai,Not available in source data,2,35
4953000,1032,Manikandan Nagar,3,0,0,0,0,0,0,0,0,0,0,0,0,0,0,0,1,0,0,0,0,0,0,0,0,0,0,1,0,0,0,0,0,0,0,0,0,4953000,1032,3,4799.418604651163,Manikandan Nagar,3 BHK,1000-1500 sqft,Valid,Chennai,Not available in source data,2,35
4656000,970,Vellakkal,2,0,0,0,0,0,0,0,0,0,0,0,0,0,0,0,1,0,0,0,0,0,0,0,0,0,0,1,0,0,0,0,0,0,0,0,0,4656000,970,2,4800.0,Vellakkal,2 BHK,500-1000 sqft,Valid,Chennai,Not available in source data,2,35
29100000,2004,Thiruvanmiyur,3,0,0,1,0,0,0,0,1,0,0,0,0,0,0,0,0,0,0,0,0,0,0,0,0,0,0,0,0,0,0,0,0,0,0,0,0,29100000,2004,3,14520.958083832335,Thiruvanmiyur,3 BHK,1500-2500 sqft,Valid,Chennai,Not available in source data,2,35
28900000,1986,Thiruvanmiyur,3,0,0,1,0,0,0,0,1,0,0,0,0,0,0,0,0,0,0,0,0,0,0,0,0,0,0,0,0,0,0,0,0,0,0,0,0,28900000,1986,3,14551.863041289023,Thiruvanmiyur,3 BHK,1500-2500 sqft,Valid,Chennai,Not available in source data,2,35
7559999,1200,Kovilambakkam,2,0,0,1,1,1,1,1,1,0,0,0,1,1,0,1,0,0,0,1,0,0,0,0,0,0,1,1,0,0,0,0,0,0,0,0,0,7559999,1200,2,6299.9991666666665,Kovilambakkam,2 BHK,1000-1500 sqft,Valid,Chennai,Not available in source data,12,35
9450000,1500,Kovilambakkam,3,0,0,1,1,1,1,1,1,0,0,0,1,1,0,1,0,0,0,1,0,0,0,0,0,0,1,1,0,0,0,0,0,0,0,0,0,9450000,1500,3,6300.0,Kovilambakkam,3 BHK,1500-2500 sqft,Valid,Chennai,Not available in source data,12,35
5330000,1099,Chromepet,3,0,0,0,0,0,0,0,0,0,0,0,0,0,0,0,1,0,0,0,0,0,0,0,0,0,0,0,0,0,0,0,0,0,0,0,0,5330000,1099,3,4849.863512283894,Chromepet,3 BHK,1000-1500 sqft,Valid,Chennai,Not available in source data,1,35
6959999,1200,Pallavaram,2,0,0,0,0,0,0,0,0,0,0,0,0,0,0,0,1,0,0,0,0,0,0,0,0,0,0,1,0,0,0,0,0,0,0,0,0,6959999,1200,2,5799.9991666666665,Pallavaram,2 BHK,1000-1500 sqft,Valid,Chennai,Not available in source data,2,35
6998999,1125,Rajakilpakkam,3,0,0,0,0,0,0,0,0,0,1,0,0,0,0,0,1,0,0,0,0,0,0,0,0,0,0,1,0,0,0,0,0,0,0,0,0,6998999,1125,3,6221.332444444444,Rajakilpakkam,3 BHK,1000-1500 sqft,Valid,Chennai,Not available in source data,3,35
4802000,850,Sembakkam,2,0,0,0,0,0,0,0,0,0,1,0,0,0,0,0,1,0,0,0,0,0,0,0,0,0,0,1,0,0,0,0,0,0,0,0,0,4802000,850,2,5649.411764705882,Sembakkam,2 BHK,500-1000 sqft,Valid,Chennai,Not available in source data,3,35
4768000,845,Sembakkam,2,0,0,0,0,0,0,0,0,0,0,0,0,0,0,0,1,0,0,0,0,0,0,0,0,0,0,1,0,0,0,0,0,0,0,0,0,4768000,845,2,5642.603550295858,Sembakkam,2 BHK,500-1000 sqft,Valid,Chennai,Not available in source data,2,35
3039000,893,Guduvancheri,2,0,0,0,0,0,0,0,0,0,0,0,0,0,0,0,0,0,0,0,0,0,0,0,0,0,0,0,0,0,0,0,0,0,0,0,0,3039000,893,2,3403.1354983202687,Guduvancheri,2 BHK,500-1000 sqft,Valid,Chennai,Not available in source data,0,35
3261999,870,Selaiyur,2,0,0,0,0,0,0,0,0,0,0,0,0,0,0,0,1,0,0,0,0,0,0,0,0,0,0,0,0,0,0,0,0,0,0,0,0,3261999,870,2,3749.4241379310347,Selaiyur,2 BHK,500-1000 sqft,Valid,Chennai,Not available in source data,1,35
4250000,850,Selaiyur,2,0,0,0,0,0,0,0,0,0,1,0,0,0,0,0,1,0,0,0,0,0,0,0,0,0,0,1,0,0,0,0,0,0,0,0,0,4250000,850,2,5000.0,Selaiyur,2 BHK,500-1000 sqft,Valid,Chennai,Not available in source data,3,35
2900000,580,Madambakkam,1,0,0,0,0,0,0,0,0,0,1,0,0,0,0,0,1,0,0,0,0,0,0,0,0,0,0,1,0,0,0,0,0,0,0,0,0,2900000,580,1,5000.0,Madambakkam,1 BHK,500-1000 sqft,Valid,Chennai,Not available in source data,3,35
8100000,1300,Medavakkam,3,0,0,0,0,0,0,0,0,0,1,0,0,0,0,0,1,0,0,0,0,0,0,0,0,0,0,1,0,0,0,0,0,0,0,0,0,8100000,1300,3,6230.7692307692305,Medavakkam,3 BHK,1000-1500 sqft,Valid,Chennai,Not available in source data,3,35
7245000,1150,Medavakkam,3,0,0,0,0,0,0,0,0,0,1,0,0,0,0,0,1,0,0,0,0,0,0,0,0,0,0,1,0,0,0,0,0,0,0,0,0,7245000,1150,3,6300.0,Medavakkam,3 BHK,1000-1500 sqft,Valid,Chennai,Not available in source data,3,35
4999000,1022,Medavakkam,2,0,0,0,0,0,0,0,0,0,0,0,0,0,0,0,1,0,0,0,0,0,0,0,0,0,1,1,0,0,0,0,0,0,0,0,0,4999000,1022,2,4891.389432485323,Medavakkam,2 BHK,1000-1500 sqft,Valid,Chennai,Not available in source data,3,35
4372000,921,Nanmangalam,2,0,0,0,0,0,0,0,0,0,0,0,0,0,0,0,0,0,0,0,0,0,0,0,0,0,0,0,0,0,0,0,0,0,0,0,0,4372000,921,2,4747.014115092291,Nanmangalam,2 BHK,500-1000 sqft,Valid,Chennai,Not available in source data,0,35
3635000,750,Medavakkam,2,0,0,0,0,0,0,0,0,0,0,0,0,0,0,0,0,0,0,0,0,0,0,0,0,0,0,0,0,0,0,0,0,0,0,0,0,3635000,750,2,4846.666666666667,Medavakkam,2 BHK,500-1000 sqft,Valid,Chennai,Not available in source data,0,35
4747000,1032,Nanmangalam,2,0,0,0,0,0,0,0,0,0,0,0,0,0,0,0,0,0,0,0,0,0,0,0,0,0,0,0,0,0,0,0,0,0,0,0,0,4747000,1032,2,4599.806201550387,Nanmangalam,2 BHK,1000-1500 sqft,Valid,Chennai,Not available in source data,0,35
43200000,2060,Nungambakkam,2,0,0,1,1,0,0,0,0,0,1,1,0,1,0,0,1,0,0,0,0,0,0,0,0,0,1,1,0,0,0,0,0,0,0,0,0,43200000,2060,2,20970.873786407767,Nungambakkam,2 BHK,1500-2500 sqft,Valid,Chennai,Not available in source data,8,35
43700000,2081,Nungambakkam,3,0,0,1,1,0,0,0,0,0,1,1,0,1,0,0,1,0,0,0,0,0,0,0,0,0,1,1,0,0,0,0,0,0,0,0,0,43700000,2081,3,20999.519461797212,Nungambakkam,3 BHK,1500-2500 sqft,Valid,Chennai,Not available in source data,8,35
43099999,2056,Nungambakkam,3,0,0,1,1,0,0,0,0,0,1,1,0,1,0,0,1,0,0,0,0,0,0,0,0,0,1,1,0,0,0,0,0,0,0,0,0,43099999,2056,3,20963.03453307393,Nungambakkam,3 BHK,1500-2500 sqft,Valid,Chennai,Not available in source data,8,35
17500000,1350,T Nagar,3,1,0,0,0,0,0,0,0,0,0,0,0,0,0,0,0,0,0,0,0,0,0,0,0,0,0,0,0,0,0,0,0,0,0,0,0,17500000,1350,3,12962.962962962964,T Nagar,3 BHK,1000-1500 sqft,Valid,Chennai,Not available in source data,0,35
20000000,1575,CIT Nagar,3,0,0,0,0,0,0,0,0,0,0,0,0,0,0,0,0,0,0,0,0,0,0,0,0,0,0,1,0,0,0,0,0,0,0,0,0,20000000,1575,3,12698.412698412698,CIT Nagar,3 BHK,1500-2500 sqft,Valid,Chennai,Not available in source data,1,35
12500000,1475,Thoraipakkam,3,1,0,0,0,0,0,0,0,0,0,0,0,1,0,0,0,0,0,0,0,0,0,0,0,0,1,1,0,0,0,0,0,0,0,0,0,12500000,1475,3,8474.57627118644,Thoraipakkam,3 BHK,1000-1500 sqft,Valid,Chennai,Not available in source data,3,35
3500000,855,Perumbakkam,2,0,0,0,0,0,0,0,0,0,0,0,0,0,0,0,0,1,0,0,0,0,0,0,0,0,0,0,0,0,0,0,0,0,0,0,0,3500000,855,2,4093.5672514619882,Perumbakkam,2 BHK,500-1000 sqft,Valid,Chennai,Not available in source data,1,35
5808000,939,Ambattur,2,0,0,0,0,0,0,0,0,0,0,0,0,0,0,0,0,0,0,0,0,0,0,0,0,0,0,0,0,0,0,0,0,0,0,0,0,5808000,939,2,6185.303514376997,Ambattur,2 BHK,500-1000 sqft,Valid,Chennai,Not available in source data,0,35
12500000,1320,T Nagar,2,1,0,0,0,0,0,0,0,0,0,0,0,0,0,0,0,0,0,0,0,0,0,0,0,0,0,0,0,0,0,0,0,0,0,0,0,12500000,1320,2,9469.69696969697,T Nagar,2 BHK,1000-1500 sqft,Valid,Chennai,Not available in source data,0,35
9500000,1300,Vadapalani,3,1,0,0,0,0,0,0,0,0,0,0,0,0,0,0,1,0,0,0,0,0,0,0,0,0,0,0,0,0,0,0,0,0,0,0,0,9500000,1300,3,7307.692307692308,Vadapalani,3 BHK,1000-1500 sqft,Valid,Chennai,Not available in source data,1,35
5737000,927,Ambattur,2,0,0,0,0,0,0,0,0,0,0,0,0,0,0,0,0,0,0,0,0,0,0,0,0,0,0,0,0,0,0,0,0,0,0,0,0,5737000,927,2,6188.7810140237325,Ambattur,2 BHK,500-1000 sqft,Valid,Chennai,Not available in source data,0,35
11700000,1569,Valasaravakkam,3,0,0,1,0,0,0,0,0,0,1,0,0,0,0,0,1,0,0,0,0,0,0,0,0,0,1,0,0,1,0,0,0,0,0,0,0,11700000,1569,3,7456.97896749522,Valasaravakkam,3 BHK,1500-2500 sqft,Valid,Chennai,Not available in source data,5,35
4635000,872,Ambattur,2,0,0,0,0,0,0,0,0,0,0,0,0,0,0,0,0,0,0,0,0,0,0,0,0,0,0,0,0,0,0,0,0,0,0,0,0,4635000,872,2,5315.366972477064,Ambattur,2 BHK,500-1000 sqft,Valid,Chennai,Not available in source data,0,35
6900000,1135,Porur,2,0,0,1,1,0,0,0,0,0,0,1,0,1,0,0,1,0,0,0,0,0,0,0,0,0,1,1,0,0,0,0,0,0,0,0,0,6900000,1135,2,6079.295154185022,Porur,2 BHK,1000-1500 sqft,Valid,Chennai,Not available in source data,7,35
20500000,1283,Anna Nagar,3,0,0,1,1,0,0,1,0,0,1,1,0,1,0,1,1,0,0,0,0,0,1,1,0,0,1,1,1,0,1,0,0,1,1,0,1,20500000,1283,3,15978.17614964926,Anna Nagar,3 BHK,1000-1500 sqft,Valid,Chennai,Not available in source data,17,35
3600000,625,Porur,1,0,0,1,1,0,0,0,0,0,0,1,0,1,0,0,1,0,0,0,0,0,0,0,0,0,1,1,0,0,0,0,0,0,0,0,0,3600000,625,1,5760.0,Porur,1 BHK,500-1000 sqft,Valid,Chennai,Not available in source data,7,35
4700000,1084,Pammal,2,0,0,0,0,0,0,0,0,0,0,0,0,0,0,0,0,0,0,0,0,0,0,0,0,0,0,0,0,0,0,0,0,0,0,0,0,4700000,1084,2,4335.7933579335795,Pammal,2 BHK,1000-1500 sqft,Valid,Chennai,Not available in source data,0,35
6700000,1356,Kovur,3,0,0,1,1,1,1,1,1,0,1,0,0,1,0,1,1,1,0,1,0,0,0,1,0,0,1,1,0,0,0,0,0,0,0,0,0,6700000,1356,3,4941.002949852507,Kovur,3 BHK,1000-1500 sqft,Valid,Chennai,Not available in source data,15,35
15000000,1470,Koyambedu,3,0,0,1,1,0,0,0,1,0,1,1,0,1,0,1,1,1,0,0,1,0,0,0,0,0,1,1,0,0,0,0,0,0,0,0,0,15000000,1470,3,10204.081632653062,Koyambedu,3 BHK,1000-1500 sqft,Valid,Chennai,Not available in source data,12,35
9395000,1525,Iyyappanthangal,3,0,0,1,1,0,0,0,0,0,1,1,0,1,0,0,1,0,0,0,0,0,0,0,0,0,1,1,0,0,0,0,0,0,0,0,0,9395000,1525,3,6160.6557377049185,Iyyappanthangal,3 BHK,1500-2500 sqft,Valid,Chennai,Not available in source data,8,35
5991000,950,Iyyappanthangal,2,0,0,1,1,0,0,0,0,0,1,1,0,1,0,0,1,0,0,0,0,0,0,0,0,0,1,1,0,0,0,0,0,0,0,0,0,5991000,950,2,6306.315789473684,Iyyappanthangal,2 BHK,500-1000 sqft,Valid,Chennai,Not available in source data,8,35
4800000,1036,Pammal,2,0,0,0,0,0,0,0,0,0,0,0,0,0,0,0,0,0,0,0,0,0,0,0,0,0,0,1,0,0,0,0,0,0,0,0,0,4800000,1036,2,4633.204633204633,Pammal,2 BHK,1000-1500 sqft,Valid,Chennai,Not available in source data,1,35
23500000,1569,Nungambakkam,3,0,0,1,1,0,0,0,0,0,1,1,0,1,0,0,1,0,0,0,0,0,1,1,1,0,1,1,0,0,0,0,1,1,1,0,1,23500000,1569,3,14977.692797960484,Nungambakkam,3 BHK,1500-2500 sqft,Valid,Chennai,Not available in source data,15,35
5945000,1131,Kil Ayanambakkam,2,0,0,1,1,0,0,0,0,0,0,0,0,0,0,0,0,0,0,0,0,0,0,0,0,0,1,1,0,0,0,0,0,0,0,0,0,5945000,1131,2,5256.410256410257,Kil Ayanambakkam,2 BHK,1000-1500 sqft,Valid,Chennai,Not available in source data,4,35
10300000,1124,Manapakkam,3,0,0,1,1,0,0,0,0,0,1,1,0,1,0,0,1,0,0,0,0,0,1,0,0,0,1,1,0,0,1,0,1,1,0,0,0,10300000,1124,3,9163.701067615659,Manapakkam,3 BHK,1000-1500 sqft,Valid,Chennai,Not available in source data,12,35
22400000,1451,Adyar,3,0,0,1,1,0,0,0,0,0,1,1,0,1,0,0,1,0,0,0,0,0,1,1,0,0,1,1,0,0,1,0,0,1,1,0,1,22400000,1451,3,15437.62922122674,Adyar,3 BHK,1000-1500 sqft,Valid,Chennai,Not available in source data,14,35
3881000,721,Ambattur,2,0,0,0,0,0,0,0,0,0,0,0,0,0,0,0,0,0,0,0,0,0,0,0,0,0,0,1,0,0,0,0,0,0,0,0,0,3881000,721,2,5382.801664355063,Ambattur,2 BHK,500-1000 sqft,Valid,Chennai,Not available in source data,1,35
3352000,745,Kolapakkam,2,0,0,0,0,0,0,0,0,0,0,0,0,0,0,1,1,1,0,0,0,0,0,0,0,0,0,0,0,1,0,0,0,0,0,0,0,3352000,745,2,4499.3288590604025,Kolapakkam,2 BHK,500-1000 sqft,Valid,Chennai,Not available in source data,4,35
38200000,2640,Kilpauk,4,0,0,1,1,0,0,0,0,0,1,1,0,1,0,0,1,0,0,0,0,0,0,0,0,0,1,1,1,0,1,0,0,1,0,0,0,38200000,2640,4,14469.69696969697,Kilpauk,4 BHK,2500+ sqft,Valid,Chennai,Not available in source data,11,35
22300000,1748,Anna Nagar,2,0,0,1,1,0,0,1,0,0,1,1,0,1,0,0,1,0,0,0,0,0,1,1,0,0,1,1,0,0,0,0,0,1,0,0,0,22300000,1748,2,12757.437070938215,Anna Nagar,2 BHK,1500-2500 sqft,Valid,Chennai,Not available in source data,12,35
48000000,2527,Teynampet,4,0,0,1,1,0,0,0,0,0,1,1,0,1,0,0,1,0,0,0,0,0,1,1,0,0,1,1,0,0,0,0,0,0,1,0,0,48000000,2527,4,18994.855559952513,Teynampet,4 BHK,2500+ sqft,Valid,Chennai,Not available in source data,11,35
4000000,770,Perumbakkam,2,0,0,0,0,0,0,0,0,0,0,0,0,0,0,0,1,1,0,0,0,0,0,0,1,0,0,0,1,0,0,0,0,0,0,0,0,4000000,770,2,5194.805194805195,Perumbakkam,2 BHK,500-1000 sqft,Valid,Chennai,Not available in source data,4,35
5991000,950,Iyyappanthangal,2,0,0,0,0,0,0,0,0,0,0,0,0,0,0,0,0,0,0,0,0,0,0,0,0,0,0,0,0,0,0,0,0,0,0,0,0,5991000,950,2,6306.315789473684,Iyyappanthangal,2 BHK,500-1000 sqft,Valid,Chennai,Not available in source data,0,35
7000000,1150,Iyappanthangal,2,0,0,1,1,1,1,0,0,0,0,1,0,1,0,0,1,0,0,0,1,0,0,0,0,0,1,1,0,1,0,0,0,0,0,0,0,7000000,1150,2,6086.95652173913,Iyappanthangal,2 BHK,1000-1500 sqft,Valid,Chennai,Not available in source data,11,35
10300000,1302,Thoraipakkam OMR,3,0,0,1,1,1,1,1,1,0,1,1,0,1,0,0,1,1,0,0,1,0,1,0,0,0,1,1,0,0,0,0,1,1,1,0,1,10300000,1302,3,7910.906298003072,Thoraipakkam OMR,3 BHK,1000-1500 sqft,Valid,Chennai,Not available in source data,19,35
4705000,886,Ambattur,2,0,0,0,0,0,0,0,0,0,0,0,0,0,0,0,0,0,0,0,0,0,0,0,0,0,0,1,0,0,0,0,0,0,0,0,0,4705000,886,2,5310.38374717833,Ambattur,2 BHK,500-1000 sqft,Valid,Chennai,Not available in source data,1,35
7777000,1340,Kovur,3,0,0,1,1,1,1,1,1,0,1,1,0,1,0,1,1,1,0,1,0,0,1,1,0,0,1,1,0,0,1,0,0,1,1,0,1,7777000,1340,3,5803.731343283582,Kovur,3 BHK,1000-1500 sqft,Valid,Chennai,Not available in source data,21,35
3996000,762,Navallur,2,0,0,1,0,0,0,0,0,0,0,0,0,0,0,1,1,0,0,0,0,0,0,0,0,0,0,1,0,0,0,0,0,0,0,0,0,3996000,762,2,5244.094488188976,Navallur,2 BHK,500-1000 sqft,Valid,Chennai,Not available in source data,4,35
6850000,1021,Mogappair,2,0,0,0,0,0,0,0,0,0,0,0,0,0,0,0,0,0,0,0,0,0,0,0,0,0,0,0,0,0,0,0,0,0,0,0,0,6850000,1021,2,6709.108716944173,Mogappair,2 BHK,1000-1500 sqft,Valid,Chennai,Not available in source data,0,35
8644000,1017,Choolaimedu,2,0,0,0,0,0,0,0,0,0,0,0,0,0,0,0,0,0,0,0,0,0,0,0,0,0,0,1,0,0,0,0,0,0,0,0,0,8644000,1017,2,8499.508357915438,Choolaimedu,2 BHK,1000-1500 sqft,Valid,Chennai,Not available in source data,1,35
7216000,849,Choolaimedu,2,0,0,0,0,0,0,0,0,0,0,0,0,0,0,0,0,0,0,0,0,0,0,0,0,0,0,1,0,0,0,0,0,0,0,0,0,7216000,849,2,8499.411071849234,Choolaimedu,2 BHK,500-1000 sqft,Valid,Chennai,Not available in source data,1,35
5457000,642,Choolaimedu,2,0,0,0,0,0,0,0,0,0,0,0,0,0,0,0,0,0,0,0,0,0,0,0,0,0,0,1,0,0,0,0,0,0,0,0,0,5457000,642,2,8500.0,Choolaimedu,2 BHK,500-1000 sqft,Valid,Chennai,Not available in source data,1,35
5456000,642,Choolaimedu,2,0,0,0,0,0,0,0,0,0,0,0,0,0,0,0,0,0,0,0,0,0,0,0,0,0,0,1,0,0,0,0,0,0,0,0,0,5456000,642,2,8498.442367601247,Choolaimedu,2 BHK,500-1000 sqft,Valid,Chennai,Not available in source data,1,35
3499000,828,Selaiyur,2,1,0,0,0,0,0,0,0,0,0,0,0,0,0,0,0,0,0,0,0,0,0,0,0,0,0,0,0,0,0,0,0,0,0,0,0,3499000,828,2,4225.84541062802,Selaiyur,2 BHK,500-1000 sqft,Valid,Chennai,Not available in source data,0,35
4491000,998,Selaiyur,2,1,0,0,0,0,0,0,0,0,0,0,0,0,0,0,0,0,0,0,0,0,0,0,0,0,0,0,0,0,0,0,0,0,0,0,0,4491000,998,2,4500.0,Selaiyur,2 BHK,500-1000 sqft,Valid,Chennai,Not available in source data,0,35
4490000,998,Selaiyur,2,0,0,0,0,0,0,0,0,0,0,0,0,0,0,0,0,0,0,0,0,0,0,0,0,0,0,0,0,0,0,0,0,0,0,0,0,4490000,998,2,4498.997995991984,Selaiyur,2 BHK,500-1000 sqft,Valid,Chennai,Not available in source data,0,35
6600000,1200,Pallikaranai,3,0,0,0,0,0,0,0,0,0,0,0,0,0,0,0,0,0,0,0,0,0,0,0,0,0,0,0,0,0,0,0,0,0,0,0,0,6600000,1200,3,5500.0,Pallikaranai,3 BHK,1000-1500 sqft,Valid,Chennai,Not available in source data,0,35
3399000,912,Madambakkam,2,0,0,0,0,0,0,0,0,0,0,0,0,0,0,0,0,0,0,0,0,0,0,0,0,0,0,0,0,0,0,0,0,0,0,0,0,3399000,912,2,3726.9736842105262,Madambakkam,2 BHK,500-1000 sqft,Valid,Chennai,Not available in source data,0,35
3400000,912,Madambakkam,2,1,0,0,0,0,0,0,0,0,0,0,0,0,0,0,0,0,0,0,0,0,0,0,0,0,0,0,0,0,0,0,0,0,0,0,0,3400000,912,2,3728.0701754385964,Madambakkam,2 BHK,500-1000 sqft,Valid,Chennai,Not available in source data,0,35
7000000,1000,Adyar,2,1,0,0,0,0,0,0,0,0,0,0,0,0,0,0,0,0,0,0,0,0,0,0,0,0,0,0,0,0,0,0,0,0,0,0,0,7000000,1000,2,7000.0,Adyar,2 BHK,1000-1500 sqft,Valid,Chennai,Not available in source data,0,35
12000000,1445,Velachery,3,1,0,0,0,0,0,0,0,0,0,0,0,0,0,0,0,0,0,0,0,0,0,0,0,0,1,1,0,0,0,0,0,0,0,0,0,12000000,1445,3,8304.498269896194,Velachery,3 BHK,1000-1500 sqft,Valid,Chennai,Not available in source data,2,35
12000000,1090,Adyar,2,0,0,0,0,0,0,0,0,0,0,0,0,0,0,0,0,0,0,0,0,0,0,0,0,0,0,1,0,0,0,0,0,0,0,0,0,12000000,1090,2,11009.174311926605,Adyar,2 BHK,1000-1500 sqft,Valid,Chennai,Not available in source data,1,35
3400000,855,Perumbakkam,2,0,0,0,0,0,0,0,0,0,0,0,0,0,0,0,0,1,0,0,0,0,0,0,0,0,0,0,0,0,0,0,0,0,0,0,0,3400000,855,2,3976.6081871345027,Perumbakkam,2 BHK,500-1000 sqft,Valid,Chennai,Not available in source data,1,35
19800000,1808,Saidapet,3,0,0,1,1,1,1,0,0,0,1,1,0,1,0,0,1,0,0,0,0,0,0,0,0,0,1,1,0,0,0,0,0,0,0,0,0,19800000,1808,3,10951.32743362832,Saidapet,3 BHK,1500-2500 sqft,Valid,Chennai,Not available in source data,10,35
14600000,1334,Saidapet,2,0,0,1,1,1,1,0,0,0,1,1,0,1,0,0,1,0,0,0,0,0,0,0,0,0,1,1,0,0,0,0,0,0,0,0,0,14600000,1334,2,10944.527736131933,Saidapet,2 BHK,1000-1500 sqft,Valid,Chennai,Not available in source data,10,35
4705000,886,Ambattur,2,0,0,0,0,0,0,0,0,0,0,0,0,0,0,0,0,0,0,0,0,0,0,0,0,0,0,0,0,0,0,0,0,0,0,0,0,4705000,886,2,5310.38374717833,Ambattur,2 BHK,500-1000 sqft,Valid,Chennai,Not available in source data,0,35
24700000,1491,Thoraipakkam OMR,4,0,0,1,1,1,1,1,1,0,1,1,0,1,0,1,1,1,0,1,1,0,0,1,0,0,1,1,1,1,1,0,0,1,1,0,1,24700000,1491,4,16566.063044936283,Thoraipakkam OMR,4 BHK,1000-1500 sqft,Valid,Chennai,Not available in source data,23,35
3344000,880,Kundrathur,2,0,0,0,0,0,0,0,0,0,0,0,0,0,0,0,0,0,0,0,0,0,0,0,0,0,0,0,0,0,0,0,0,0,0,0,0,3344000,880,2,3800.0,Kundrathur,2 BHK,500-1000 sqft,Valid,Chennai,Not available in source data,0,35
4900000,920,Mogappair,2,0,0,0,0,0,0,0,0,0,0,0,0,0,0,0,0,0,0,0,0,0,0,0,0,0,0,1,0,0,0,0,0,0,0,0,0,4900000,920,2,5326.086956521739,Mogappair,2 BHK,500-1000 sqft,Valid,Chennai,Not available in source data,1,35
14400000,834,Thoraipakkam,2,0,0,1,1,0,0,0,0,0,1,1,0,1,0,0,1,0,0,0,0,0,0,1,0,0,1,1,1,0,0,0,0,1,1,0,1,14400000,834,2,17266.187050359713,Thoraipakkam,2 BHK,500-1000 sqft,Valid,Chennai,Not available in source data,13,35
25400000,1610,Anna Nagar,3,0,0,0,0,0,0,0,0,0,0,0,0,0,0,0,0,0,0,0,0,0,0,0,0,0,0,0,0,0,0,0,0,0,0,0,0,25400000,1610,3,15776.39751552795,Anna Nagar,3 BHK,1500-2500 sqft,Valid,Chennai,Not available in source data,0,35
5409000,1262,Thaiyur,3,0,0,1,1,0,0,0,0,0,1,1,0,1,0,0,1,0,0,0,0,0,1,1,0,0,1,1,0,0,1,0,0,1,1,0,1,5409000,1262,3,4286.053882725832,Thaiyur,3 BHK,1000-1500 sqft,Valid,Chennai,Not available in source data,14,35
6500000,1480,Poonamallee,3,0,0,1,1,0,1,0,0,0,1,1,1,1,0,1,1,0,0,0,0,0,0,1,0,0,1,1,0,0,0,0,0,0,0,0,0,6500000,1480,3,4391.891891891892,Poonamallee,3 BHK,1000-1500 sqft,Valid,Chennai,Not available in source data,12,35
3600000,1000,Thaiyur,2,0,0,1,1,0,0,0,0,0,1,1,0,1,0,0,1,0,0,0,0,0,0,1,0,0,1,1,0,0,0,0,0,0,0,0,0,3600000,1000,2,3600.0,Thaiyur,2 BHK,1000-1500 sqft,Valid,Chennai,Not available in source data,9,35
3399000,912,Vengaivasal,2,0,0,0,0,0,0,0,0,0,0,0,0,0,0,0,0,0,0,0,0,0,0,0,0,0,0,0,0,0,0,0,0,0,0,0,0,3399000,912,2,3726.9736842105262,Vengaivasal,2 BHK,500-1000 sqft,Valid,Chennai,Not available in source data,0,35
3399000,912,Vengaivasal,1,0,0,0,0,0,0,0,0,0,0,0,0,0,0,0,0,0,0,0,0,0,0,0,0,0,0,0,0,0,0,0,0,0,0,0,0,3399000,912,1,3726.9736842105262,Vengaivasal,1 BHK,500-1000 sqft,Valid,Chennai,Not available in source data,0,35
6324000,1150,Pallikaranai,3,0,0,0,0,0,0,0,0,0,0,0,0,0,0,0,0,0,0,0,0,0,0,0,0,0,0,0,0,0,0,0,0,0,0,0,0,6324000,1150,3,5499.130434782609,Pallikaranai,3 BHK,1000-1500 sqft,Valid,Chennai,Not available in source data,0,35
6325000,1150,Pallikaranai,3,0,0,0,0,0,0,0,0,0,0,0,0,0,0,0,0,0,0,0,0,0,0,0,0,0,0,0,0,0,0,0,0,0,0,0,0,6325000,1150,3,5500.0,Pallikaranai,3 BHK,1000-1500 sqft,Valid,Chennai,Not available in source data,0,35
6598999,1200,Pallikaranai,3,0,0,0,0,0,0,0,0,0,0,0,0,0,0,0,0,0,0,0,0,0,0,0,0,0,0,0,0,0,0,0,0,0,0,0,0,6598999,1200,3,5499.1658333333335,Pallikaranai,3 BHK,1000-1500 sqft,Valid,Chennai,Not available in source data,0,35
18800000,1255,K K Nagar,3,0,0,1,1,0,0,0,0,0,1,1,0,1,0,0,1,0,0,0,0,0,1,1,1,0,1,1,0,0,1,0,0,1,1,0,1,18800000,1255,3,14980.079681274901,K K Nagar,3 BHK,1000-1500 sqft,Valid,Chennai,Not available in source data,15,35
6900000,1157,Pazavanthangal,2,1,0,0,0,0,0,0,0,0,0,0,0,0,0,0,0,0,0,0,0,0,1,0,0,0,0,0,0,0,0,0,0,0,0,0,0,6900000,1157,2,5963.699222126188,Pazavanthangal,2 BHK,1000-1500 sqft,Valid,Chennai,Not available in source data,1,35
6900000,1157,Pazavanthangal,2,1,0,0,0,0,0,0,0,0,0,0,0,0,0,0,0,0,0,0,0,0,0,0,0,0,0,0,0,0,0,0,0,0,0,0,0,6900000,1157,2,5963.699222126188,Pazavanthangal,2 BHK,1000-1500 sqft,Valid,Chennai,Not available in source data,0,35
29500000,2684,Saidapet,4,0,0,1,1,1,1,0,0,0,1,1,0,1,0,0,1,0,0,0,0,0,0,0,0,0,1,1,0,0,0,0,0,0,0,0,0,29500000,2684,4,10991.058122205663,Saidapet,4 BHK,2500+ sqft,Valid,Chennai,Not available in source data,10,35
6813000,1017,Mogappair,2,0,0,0,0,0,0,0,0,0,0,0,0,0,0,0,0,0,0,0,0,0,0,0,0,0,0,0,0,0,0,0,0,0,0,0,0,6813000,1017,2,6699.115044247787,Mogappair,2 BHK,1000-1500 sqft,Valid,Chennai,Not available in source data,0,35
2456000,646,Kundrathur,1,0,0,0,0,0,0,0,0,0,0,0,0,0,0,0,0,0,0,0,0,0,0,0,0,0,0,0,0,0,0,0,0,0,0,0,0,2456000,646,1,3801.857585139319,Kundrathur,1 BHK,500-1000 sqft,Valid,Chennai,Not available in source data,0,35
5475000,913,Kovur,2,0,0,1,1,1,1,1,1,0,1,1,0,1,0,1,1,1,0,1,0,0,1,0,0,0,1,1,0,0,0,0,0,1,0,0,0,5475000,913,2,5996.714129244249,Kovur,2 BHK,500-1000 sqft,Valid,Chennai,Not available in source data,17,35
19000000,1129,Thoraipakkam OMR,3,0,0,1,1,1,1,1,1,0,1,1,0,1,0,1,1,1,0,1,1,0,1,1,0,0,1,1,1,1,0,0,1,1,0,0,1,19000000,1129,3,16829.052258635962,Thoraipakkam OMR,3 BHK,1000-1500 sqft,Valid,Chennai,Not available in source data,23,35
31200000,1750,Anna Nagar,3,0,0,1,1,1,0,0,0,0,1,1,0,1,0,0,1,0,0,0,0,0,1,1,0,0,1,1,1,0,1,0,1,1,1,0,1,31200000,1750,3,17828.571428571428,Anna Nagar,3 BHK,1500-2500 sqft,Valid,Chennai,Not available in source data,17,35
13300000,858,Alandur,2,0,0,1,1,1,0,0,0,0,1,1,0,1,0,1,1,0,0,0,1,0,1,1,0,0,1,1,0,0,1,0,1,1,1,0,1,13300000,858,2,15501.165501165502,Alandur,2 BHK,500-1000 sqft,Valid,Chennai,Not available in source data,18,35
3148000,787,Nanmangalam,2,0,0,0,0,0,0,0,0,0,0,0,0,0,0,0,1,0,0,0,0,0,0,0,0,0,0,1,0,0,0,0,0,0,0,0,0,3148000,787,2,4000.0,Nanmangalam,2 BHK,500-1000 sqft,Valid,Chennai,Not available in source data,2,35
11000000,1125,Kilpauk,2,1,0,0,0,0,0,0,0,0,1,0,0,0,0,0,1,0,0,0,0,0,0,0,1,0,0,1,0,0,0,0,0,0,0,0,0,11000000,1125,2,9777.777777777777,Kilpauk,2 BHK,1000-1500 sqft,Valid,Chennai,Not available in source data,4,35
2797000,666,Medavakkam,1,0,0,1,1,1,1,1,1,0,0,0,1,1,0,1,1,1,1,1,0,0,0,0,0,0,1,1,0,1,0,0,0,0,0,0,0,2797000,666,1,4199.6996996996995,Medavakkam,1 BHK,500-1000 sqft,Valid,Chennai,Not available in source data,16,35
2806000,668,Medavakkam,1,0,0,1,1,1,1,1,1,0,0,0,1,1,0,1,1,1,1,1,0,0,0,0,0,0,1,1,0,1,0,0,0,0,0,0,0,2806000,668,1,4200.5988023952095,Medavakkam,1 BHK,500-1000 sqft,Valid,Chennai,Not available in source data,16,35
2789000,664,Medavakkam,1,0,0,1,1,1,1,1,1,0,0,0,1,1,0,1,1,1,1,1,0,0,0,0,0,0,1,1,0,1,0,0,0,0,0,0,0,2789000,664,1,4200.301204819277,Medavakkam,1 BHK,500-1000 sqft,Valid,Chennai,Not available in source data,16,35
2759000,657,Medavakkam,1,0,0,1,1,1,1,1,1,0,0,0,1,1,0,1,1,1,1,1,0,0,0,0,0,0,1,1,0,1,0,0,0,0,0,0,0,2759000,657,1,4199.3911719939115,Medavakkam,1 BHK,500-1000 sqft,Valid,Chennai,Not available in source data,16,35
3986999,886,Ambattur,2,0,0,0,0,0,0,0,0,0,0,0,0,0,0,0,0,0,0,0,0,0,0,0,0,0,0,0,0,0,0,0,0,0,0,0,0,3986999,886,2,4499.998871331828,Ambattur,2 BHK,500-1000 sqft,Valid,Chennai,Not available in source data,0,35
3924000,872,Ambattur,2,0,0,0,0,0,0,0,0,0,0,0,0,0,0,0,0,0,0,0,0,0,0,0,0,0,0,0,0,0,0,0,0,0,0,0,0,3924000,872,2,4500.0,Ambattur,2 BHK,500-1000 sqft,Valid,Chennai,Not available in source data,0,35
22100000,1503,Aminjikarai,3,0,0,1,1,1,0,0,0,0,1,1,0,1,0,0,1,0,0,0,0,0,1,1,0,0,1,1,1,0,1,0,1,1,1,0,1,22100000,1503,3,14703.925482368597,Aminjikarai,3 BHK,1500-2500 sqft,Valid,Chennai,Not available in source data,17,35
26600000,1540,Anna Nagar,3,0,0,0,0,0,0,0,0,0,0,0,0,0,0,0,0,0,0,0,0,0,0,0,0,0,0,0,0,0,0,0,0,0,0,0,0,26600000,1540,3,17272.727272727272,Anna Nagar,3 BHK,1500-2500 sqft,Valid,Chennai,Not available in source data,0,35
11000000,1200,Kotturpuram,3,1,0,0,0,0,0,0,0,0,0,0,0,0,0,0,1,0,0,0,0,0,0,0,0,0,0,1,0,0,0,0,0,0,0,0,0,11000000,1200,3,9166.666666666666,Kotturpuram,3 BHK,1000-1500 sqft,Valid,Chennai,Not available in source data,2,35
24800000,1375,Anna Nagar,3,0,0,1,1,1,0,0,0,0,1,1,0,1,0,0,1,0,0,0,0,0,1,1,0,0,1,1,1,1,0,0,1,1,0,0,0,24800000,1375,3,18036.363636363636,Anna Nagar,3 BHK,1000-1500 sqft,Valid,Chennai,Not available in source data,15,35
27200000,1525,Anna Nagar,3,0,0,1,1,1,0,0,0,0,1,1,0,1,0,0,1,1,0,0,0,0,1,1,1,0,1,1,0,1,1,0,1,1,1,0,1,27200000,1525,3,17836.06557377049,Anna Nagar,3 BHK,1500-2500 sqft,Valid,Chennai,Not available in source data,19,35
2743000,653,Medavakkam,1,0,0,1,1,1,1,1,1,0,0,0,1,1,0,1,1,1,1,1,0,0,0,0,0,0,1,1,0,1,0,0,0,0,0,0,0,2743000,653,1,4200.612557427259,Medavakkam,1 BHK,500-1000 sqft,Valid,Chennai,Not available in source data,16,35
2755000,656,Medavakkam,1,0,0,1,1,1,1,1,1,0,0,0,1,1,0,1,1,1,1,1,0,0,0,0,0,0,1,1,0,1,0,0,0,0,0,0,0,2755000,656,1,4199.695121951219,Medavakkam,1 BHK,500-1000 sqft,Valid,Chennai,Not available in source data,16,35
33900000,1875,Anna Nagar,3,0,0,1,1,0,0,0,0,0,1,1,0,1,0,0,1,0,0,0,0,0,1,1,1,0,1,1,0,0,1,0,1,1,1,0,1,33900000,1875,3,18080.0,Anna Nagar,3 BHK,1500-2500 sqft,Valid,Chennai,Not available in source data,16,35
28000000,1560,Anna Nagar,3,0,0,1,1,0,0,0,0,0,1,1,0,1,0,0,1,0,0,0,0,0,1,1,1,0,1,1,0,0,1,0,1,1,1,0,1,28000000,1560,3,17948.71794871795,Anna Nagar,3 BHK,1500-2500 sqft,Valid,Chennai,Not available in source data,16,35
26400000,1500,Anna Nagar,3,0,0,1,1,0,0,0,0,0,1,1,0,1,0,0,1,0,0,0,0,0,1,1,0,0,1,1,0,1,1,0,0,1,1,0,1,26400000,1500,3,17600.0,Anna Nagar,3 BHK,1500-2500 sqft,Valid,Chennai,Not available in source data,15,35
27400000,1565,Anna Nagar,3,0,0,1,1,0,0,0,0,0,1,1,0,1,0,0,1,0,0,0,0,0,1,0,0,0,1,1,0,0,0,0,1,1,1,0,1,27400000,1565,3,17507.987220447285,Anna Nagar,3 BHK,1500-2500 sqft,Valid,Chennai,Not available in source data,13,35
27100000,1520,Anna Nagar,3,0,0,1,1,0,0,0,0,0,1,1,0,1,0,0,1,0,0,0,0,0,1,1,1,0,1,1,1,0,1,0,1,1,1,0,1,27100000,1520,3,17828.947368421053,Anna Nagar,3 BHK,1500-2500 sqft,Valid,Chennai,Not available in source data,17,35
3800000,872,Ambattur,2,0,9,9,9,9,9,9,9,9,9,9,9,9,9,9,9,9,9,9,9,9,9,9,9,9,9,9,9,9,9,9,9,9,9,9,9,3800000,872,2,4357.798165137615,Ambattur,2 BHK,500-1000 sqft,Valid,Chennai,Not available in source data,315,35
20000000,790,Perumbakkam,2,0,9,9,9,9,9,9,9,9,9,9,9,9,9,9,9,9,9,9,9,9,9,9,9,9,9,9,9,9,9,9,9,9,9,9,9,20000000,790,2,25316.45569620253,Perumbakkam,2 BHK,500-1000 sqft,Valid,Chennai,Not available in source data,315,35
4500000,1913,Virugambakkam,3,1,9,9,9,9,9,9,9,9,9,9,9,9,9,9,9,9,9,9,9,9,9,9,9,9,9,9,9,9,9,9,9,9,9,9,9,4500000,1913,3,2352.3261892315736,Virugambakkam,3 BHK,1500-2500 sqft,Valid,Chennai,Not available in source data,315,35
10000000,877,NehruNagar,2,1,9,9,9,9,9,9,9,9,9,9,9,9,9,9,9,9,9,9,9,9,9,9,9,9,9,9,9,9,9,9,9,9,9,9,9,10000000,877,2,11402.508551881414,NehruNagar,2 BHK,500-1000 sqft,Valid,Chennai,Not available in source data,315,35
3300000,951,Koyambedu,2,0,9,9,9,9,9,9,9,9,9,9,9,9,9,9,9,9,9,9,9,9,9,9,9,9,9,9,9,9,9,9,9,9,9,9,9,3300000,951,2,3470.031545741325,Koyambedu,2 BHK,500-1000 sqft,Valid,Chennai,Not available in source data,315,35
3500000,855,Perumbakkam,2,0,9,9,9,9,9,9,9,9,9,9,9,9,9,9,9,9,9,9,9,9,9,9,9,9,9,9,9,9,9,9,9,9,9,9,9,3500000,855,2,4093.5672514619882,Perumbakkam,2 BHK,500-1000 sqft,Valid,Chennai,Not available in source data,315,35
12000000,855,Perumbakkam,2,0,9,9,9,9,9,9,9,9,9,9,9,9,9,9,9,9,9,9,9,9,9,9,9,9,9,9,9,9,9,9,9,9,9,9,9,12000000,855,2,14035.087719298246,Perumbakkam,2 BHK,500-1000 sqft,Valid,Chennai,Not available in source data,315,35
3600000,1178,Koyambedu,3,0,9,9,9,9,9,9,9,9,9,9,9,9,9,9,9,9,9,9,9,9,9,9,9,9,9,9,9,9,9,9,9,9,9,9,9,3600000,1178,3,3056.0271646859082,Koyambedu,3 BHK,1000-1500 sqft,Valid,Chennai,Not available in source data,315,35
3400000,855,Perumbakkam,2,0,9,9,9,9,9,9,9,9,9,9,9,9,9,9,9,9,9,9,9,9,9,9,9,9,9,9,9,9,9,9,9,9,9,9,9,3400000,855,2,3976.6081871345027,Perumbakkam,2 BHK,500-1000 sqft,Valid,Chennai,Not available in source data,315,35
5808000,855,Perumbakkam,2,0,9,9,9,9,9,9,9,9,9,9,9,9,9,9,9,9,9,9,9,9,9,9,9,9,9,9,9,9,9,9,9,9,9,9,9,5808000,855,2,6792.982456140351,Perumbakkam,2 BHK,500-1000 sqft,Valid,Chennai,Not available in source data,315,35
6500000,939,Ambattur,2,0,9,9,9,9,9,9,9,9,9,9,9,9,9,9,9,9,9,9,9,9,9,9,9,9,9,9,9,9,9,9,9,9,9,9,9,6500000,939,2,6922.2577209797655,Ambattur,2 BHK,500-1000 sqft,Valid,Chennai,Not available in source data,315,35
7983000,1453,Kovur,3,0,9,9,9,9,9,9,9,9,9,9,9,9,9,9,9,9,9,9,9,9,9,9,9,9,9,9,9,9,9,9,9,9,9,9,9,7983000,1453,3,5494.150034411562,Kovur,3 BHK,1000-1500 sqft,Valid,Chennai,Not available in source data,315,35
17000000,1034,Nandambakkam,2,0,9,9,9,9,9,9,9,9,9,9,9,9,9,9,9,9,9,9,9,9,9,9,9,9,9,9,9,9,9,9,9,9,9,9,9,17000000,1034,2,16441.005802707932,Nandambakkam,2 BHK,1000-1500 sqft,Valid,Chennai,Not available in source data,315,35
10400000,1525,Koyambedu,3,0,9,9,9,9,9,9,9,9,9,9,9,9,9,9,9,9,9,9,9,9,9,9,9,9,9,9,9,9,9,9,9,9,9,9,9,10400000,1525,3,6819.672131147541,Koyambedu,3 BHK,1500-2500 sqft,Valid,Chennai,Not available in source data,315,35
10600000,985,Koyambedu,2,0,9,9,9,9,9,9,9,9,9,9,9,9,9,9,9,9,9,9,9,9,9,9,9,9,9,9,9,9,9,9,9,9,9,9,9,10600000,985,2,10761.421319796955,Koyambedu,2 BHK,500-1000 sqft,Valid,Chennai,Not available in source data,315,35
4300000,1002,Koyambedu,2,0,9,9,9,9,9,9,9,9,9,9,9,9,9,9,9,9,9,9,9,9,9,9,9,9,9,9,9,9,9,9,9,9,9,9,9,4300000,1002,2,4291.417165668663,Koyambedu,2 BHK,1000-1500 sqft,Valid,Chennai,Not available in source data,315,35
4300000,836,Kolathur,2,0,9,9,9,9,9,9,9,9,9,9,9,9,9,9,9,9,9,9,9,9,9,9,9,9,9,9,9,9,9,9,9,9,9,9,9,4300000,836,2,5143.540669856459,Kolathur,2 BHK,500-1000 sqft,Valid,Chennai,Not available in source data,315,35
4600000,836,Kolathur,2,0,9,9,9,9,9,9,9,9,9,9,9,9,9,9,9,9,9,9,9,9,9,9,9,9,9,9,9,9,9,9,9,9,9,9,9,4600000,836,2,5502.392344497608,Kolathur,2 BHK,500-1000 sqft,Valid,Chennai,Not available in source data,315,35
4600000,934,Kovur,2,0,9,9,9,9,9,9,9,9,9,9,9,9,9,9,9,9,9,9,9,9,9,9,9,9,9,9,9,9,9,9,9,9,9,9,9,4600000,934,2,4925.0535331905785,Kovur,2 BHK,500-1000 sqft,Valid,Chennai,Not available in source data,315,35
3881000,934,Kovur,2,0,9,9,9,9,9,9,9,9,9,9,9,9,9,9,9,9,9,9,9,9,9,9,9,9,9,9,9,9,9,9,9,9,9,9,9,3881000,934,2,4155.246252676659,Kovur,2 BHK,500-1000 sqft,Valid,Chennai,Not available in source data,315,35
3881000,721,Ambattur,2,0,9,9,9,9,9,9,9,9,9,9,9,9,9,9,9,9,9,9,9,9,9,9,9,9,9,9,9,9,9,9,9,9,9,9,9,3881000,721,2,5382.801664355063,Ambattur,2 BHK,500-1000 sqft,Valid,Chennai,Not available in source data,315,35
6400000,721,Ambattur,2,0,9,9,9,9,9,9,9,9,9,9,9,9,9,9,9,9,9,9,9,9,9,9,9,9,9,9,9,9,9,9,9,9,9,9,9,6400000,721,2,8876.560332871013,Ambattur,2 BHK,500-1000 sqft,Valid,Chennai,Not available in source data,315,35
5500000,1350,Kovur,3,0,9,9,9,9,9,9,9,9,9,9,9,9,9,9,9,9,9,9,9,9,9,9,9,9,9,9,9,9,9,9,9,9,9,9,9,5500000,1350,3,4074.074074074074,Kovur,3 BHK,1000-1500 sqft,Valid,Chennai,Not available in source data,315,35
4500000,1175,Kovur,2,0,9,9,9,9,9,9,9,9,9,9,9,9,9,9,9,9,9,9,9,9,9,9,9,9,9,9,9,9,9,9,9,9,9,9,9,4500000,1175,2,3829.7872340425533,Kovur,2 BHK,1000-1500 sqft,Valid,Chennai,Not available in source data,315,35
11500000,934,Kovur,2,0,9,9,9,9,9,9,9,9,9,9,9,9,9,9,9,9,9,9,9,9,9,9,9,9,9,9,9,9,9,9,9,9,9,9,9,11500000,934,2,12312.633832976446,Kovur,2 BHK,500-1000 sqft,Valid,Chennai,Not available in source data,315,35
3211999,2096,Mugalivakkam,4,0,9,9,9,9,9,9,9,9,9,9,9,9,9,9,9,9,9,9,9,9,9,9,9,9,9,9,9,9,9,9,9,9,9,9,9,3211999,2096,4,1532.4422709923665,Mugalivakkam,4 BHK,1500-2500 sqft,Valid,Chennai,Not available in source data,315,35
22599999,584,Mugalivakkam,1,0,9,9,9,9,9,9,9,9,9,9,9,9,9,9,9,9,9,9,9,9,9,9,9,9,9,9,9,9,9,9,9,9,9,9,9,22599999,584,1,38698.62842465754,Mugalivakkam,1 BHK,500-1000 sqft,Valid,Chennai,Not available in source data,315,35
9200000,5093,Kanathur Reddikuppam,4,0,9,9,9,9,9,9,9,9,9,9,9,9,9,9,9,9,9,9,9,9,9,9,9,9,9,9,9,9,9,9,9,9,9,9,9,9200000,5093,4,1806.4009424700569,Kanathur Reddikuppam,4 BHK,2500+ sqft,Valid,Chennai,Not available in source data,315,35
7900000,2067,Poonamallee,3,0,9,9,9,9,9,9,9,9,9,9,9,9,9,9,9,9,9,9,9,9,9,9,9,9,9,9,9,9,9,9,9,9,9,9,9,7900000,2067,3,3821.96419932269,Poonamallee,3 BHK,1500-2500 sqft,Valid,Chennai,Not available in source data,315,35
6300000,1600,Poonamallee,3,0,9,9,9,9,9,9,9,9,9,9,9,9,9,9,9,9,9,9,9,9,9,9,9,9,9,9,9,9,9,9,9,9,9,9,9,6300000,1600,3,3937.5,Poonamallee,3 BHK,1500-2500 sqft,Valid,Chennai,Not available in source data,315,35
6300000,1450,Poonamallee,3,0,9,9,9,9,9,9,9,9,9,9,9,9,9,9,9,9,9,9,9,9,9,9,9,9,9,9,9,9,9,9,9,9,9,9,9,6300000,1450,3,4344.827586206897,Poonamallee,3 BHK,1000-1500 sqft,Valid,Chennai,Not available in source data,315,35
9400000,1300,Poonamallee,3,0,9,9,9,9,9,9,9,9,9,9,9,9,9,9,9,9,9,9,9,9,9,9,9,9,9,9,9,9,9,9,9,9,9,9,9,9400000,1300,3,7230.7692307692305,Poonamallee,3 BHK,1000-1500 sqft,Valid,Chennai,Not available in source data,315,35
8200000,1561,Sholinganallur,3,0,9,9,9,9,9,9,9,9,9,9,9,9,9,9,9,9,9,9,9,9,9,9,9,9,9,9,9,9,9,9,9,9,9,9,9,8200000,1561,3,5253.042921204356,Sholinganallur,3 BHK,1500-2500 sqft,Valid,Chennai,Not available in source data,315,35
6150000,1307,Sholinganallur,3,0,9,9,9,9,9,9,9,9,9,9,9,9,9,9,9,9,9,9,9,9,9,9,9,9,9,9,9,9,9,9,9,9,9,9,9,6150000,1307,3,4705.432287681714,Sholinganallur,3 BHK,1000-1500 sqft,Valid,Chennai,Not available in source data,315,35
6200000,1024,Sholinganallur,2,0,9,9,9,9,9,9,9,9,9,9,9,9,9,9,9,9,9,9,9,9,9,9,9,9,9,9,9,9,9,9,9,9,9,9,9,6200000,1024,2,6054.6875,Sholinganallur,2 BHK,1000-1500 sqft,Valid,Chennai,Not available in source data,315,35
6200000,1027,Sholinganallur,2,0,9,9,9,9,9,9,9,9,9,9,9,9,9,9,9,9,9,9,9,9,9,9,9,9,9,9,9,9,9,9,9,9,9,9,9,6200000,1027,2,6037.000973709834,Sholinganallur,2 BHK,1000-1500 sqft,Valid,Chennai,Not available in source data,315,35
2800000,1025,Sholinganallur,2,0,9,9,9,9,9,9,9,9,9,9,9,9,9,9,9,9,9,9,9,9,9,9,9,9,9,9,9,9,9,9,9,9,9,9,9,2800000,1025,2,2731.7073170731705,Sholinganallur,2 BHK,1000-1500 sqft,Valid,Chennai,Not available in source data,315,35
11700000,560,Adambakkam,1,1,9,9,9,9,9,9,9,9,9,9,9,9,9,9,9,9,9,9,9,9,9,9,9,9,9,9,9,9,9,9,9,9,9,9,9,11700000,560,1,20892.85714285714,Adambakkam,1 BHK,500-1000 sqft,Valid,Chennai,Not available in source data,315,35
8015000,1569,Valasaravakkam,3,0,9,9,9,9,9,9,9,9,9,9,9,9,9,9,9,9,9,9,9,9,9,9,9,9,9,9,9,9,9,9,9,9,9,9,9,8015000,1569,3,5108.349267049076,Valasaravakkam,3 BHK,1500-2500 sqft,Valid,Chennai,Not available in source data,315,35
8155000,1145,Valasaravakkam,2,0,9,9,9,9,9,9,9,9,9,9,9,9,9,9,9,9,9,9,9,9,9,9,9,9,9,9,9,9,9,9,9,9,9,9,9,8155000,1145,2,7122.270742358079,Valasaravakkam,2 BHK,1000-1500 sqft,Valid,Chennai,Not available in source data,315,35
7983000,1165,Valasaravakkam,2,0,9,9,9,9,9,9,9,9,9,9,9,9,9,9,9,9,9,9,9,9,9,9,9,9,9,9,9,9,9,9,9,9,9,9,9,7983000,1165,2,6852.360515021459,Valasaravakkam,2 BHK,1000-1500 sqft,Valid,Chennai,Not available in source data,315,35
5500000,1034,Nandambakkam,2,0,9,9,9,9,9,9,9,9,9,9,9,9,9,9,9,9,9,9,9,9,9,9,9,9,9,9,9,9,9,9,9,9,9,9,9,5500000,1034,2,5319.148936170212,Nandambakkam,2 BHK,1000-1500 sqft,Valid,Chennai,Not available in source data,315,35
5500000,1070,Pammal,2,0,9,9,9,9,9,9,9,9,9,9,9,9,9,9,9,9,9,9,9,9,9,9,9,9,9,9,9,9,9,9,9,9,9,9,9,5500000,1070,2,5140.186915887851,Pammal,2 BHK,1000-1500 sqft,Valid,Chennai,Not available in source data,315,35
13000000,1070,Pammal,3,0,9,9,9,9,9,9,9,9,9,9,9,9,9,9,9,9,9,9,9,9,9,9,9,9,9,9,9,9,9,9,9,9,9,9,9,13000000,1070,3,12149.532710280373,Pammal,3 BHK,1000-1500 sqft,Valid,Chennai,Not available in source data,315,35
3400000,1560,Ekkatuthangal,3,0,9,9,9,9,9,9,9,9,9,9,9,9,9,9,9,9,9,9,9,9,9,9,9,9,9,9,9,9,9,9,9,9,9,9,9,3400000,1560,3,2179.4871794871797,Ekkatuthangal,3 BHK,1500-2500 sqft,Valid,Chennai,Not available in source data,315,35
9400000,855,Perumbakkam,2,0,9,9,9,9,9,9,9,9,9,9,9,9,9,9,9,9,9,9,9,9,9,9,9,9,9,9,9,9,9,9,9,9,9,9,9,9400000,855,2,10994.152046783625,Perumbakkam,2 BHK,500-1000 sqft,Valid,Chennai,Not available in source data,315,35
14000000,2018,Thirumudivakkam,3,0,9,9,9,9,9,9,9,9,9,9,9,9,9,9,9,9,9,9,9,9,9,9,9,9,9,9,9,9,9,9,9,9,9,9,9,14000000,2018,3,6937.561942517344,Thirumudivakkam,3 BHK,1500-2500 sqft,Valid,Chennai,Not available in source data,315,35
26800000,1400,Kottivakkam,3,0,9,9,9,9,9,9,9,9,9,9,9,9,9,9,9,9,9,9,9,9,9,9,9,9,9,9,9,9,9,9,9,9,9,9,9,26800000,1400,3,19142.85714285714,Kottivakkam,3 BHK,1000-1500 sqft,Valid,Chennai,Not available in source data,315,35
3244000,1855,Kilpauk,3,0,9,9,9,9,9,9,9,9,9,9,9,9,9,9,9,9,9,9,9,9,9,9,9,9,9,9,9,9,9,9,9,9,9,9,9,3244000,1855,3,1748.787061994609,Kilpauk,3 BHK,1500-2500 sqft,Valid,Chennai,Not available in source data,315,35
14000000,721,Ambattur,2,0,9,9,9,9,9,9,9,9,9,9,9,9,9,9,9,9,9,9,9,9,9,9,9,9,9,9,9,9,9,9,9,9,9,9,9,14000000,721,2,19417.47572815534,Ambattur,2 BHK,500-1000 sqft,Valid,Chennai,Not available in source data,315,35
7569000,1400,Kottivakkam,3,0,9,9,9,9,9,9,9,9,9,9,9,9,9,9,9,9,9,9,9,9,9,9,9,9,9,9,9,9,9,9,9,9,9,9,9,7569000,1400,3,5406.428571428572,Kottivakkam,3 BHK,1000-1500 sqft,Valid,Chennai,Not available in source data,315,35
4300000,1321,Korattur,2,0,9,9,9,9,9,9,9,9,9,9,9,9,9,9,9,9,9,9,9,9,9,9,9,9,9,9,9,9,9,9,9,9,9,9,9,4300000,1321,2,3255.109765329296,Korattur,2 BHK,1000-1500 sqft,Valid,Chennai,Not available in source data,315,35
5000000,874,Pammal,2,0,9,9,9,9,9,9,9,9,9,9,9,9,9,9,9,9,9,9,9,9,9,9,9,9,9,9,9,9,9,9,9,9,9,9,9,5000000,874,2,5720.823798627002,Pammal,2 BHK,500-1000 sqft,Valid,Chennai,Not available in source data,315,35
7500000,913,Kovur,2,0,9,9,9,9,9,9,9,9,9,9,9,9,9,9,9,9,9,9,9,9,9,9,9,9,9,9,9,9,9,9,9,9,9,9,9,7500000,913,2,8214.676889375685,Kovur,2 BHK,500-1000 sqft,Valid,Chennai,Not available in source data,315,35
6000000,1428,Kattupakkam,3,1,9,9,9,9,9,9,9,9,9,9,9,9,9,9,9,9,9,9,9,9,9,9,9,9,9,9,9,9,9,9,9,9,9,9,9,6000000,1428,3,4201.680672268908,Kattupakkam,3 BHK,1000-1500 sqft,Valid,Chennai,Not available in source data,315,35
5500000,1000,Adambakkam,2,1,9,9,9,9,9,9,9,9,9,9,9,9,9,9,9,9,9,9,9,9,9,9,9,9,9,9,9,9,9,9,9,9,9,9,9,5500000,1000,2,5500.0,Adambakkam,2 BHK,1000-1500 sqft,Valid,Chennai,Not available in source data,315,35
5527000,930,Guindy,2,1,9,9,9,9,9,9,9,9,9,9,9,9,9,9,9,9,9,9,9,9,9,9,9,9,9,9,9,9,9,9,9,9,9,9,9,5527000,930,2,5943.010752688172,Guindy,2 BHK,500-1000 sqft,Valid,Chennai,Not available in source data,315,35
4919000,1005,Madipakkam,2,0,9,9,9,9,9,9,9,9,9,9,9,9,9,9,9,9,9,9,9,9,9,9,9,9,9,9,9,9,9,9,9,9,9,9,9,4919000,1005,2,4894.527363184079,Madipakkam,2 BHK,1000-1500 sqft,Valid,Chennai,Not available in source data,315,35
5019000,1174,Kattankulathur,3,0,9,9,9,9,9,9,9,9,9,9,9,9,9,9,9,9,9,9,9,9,9,9,9,9,9,9,9,9,9,9,9,9,9,9,9,5019000,1174,3,4275.127768313459,Kattankulathur,3 BHK,1000-1500 sqft,Valid,Chennai,Not available in source data,315,35
4257000,1198,Kattankulathur,3,0,9,9,9,9,9,9,9,9,9,9,9,9,9,9,9,9,9,9,9,9,9,9,9,9,9,9,9,9,9,9,9,9,9,9,9,4257000,1198,3,3553.4223706176963,Kattankulathur,3 BHK,1000-1500 sqft,Valid,Chennai,Not available in source data,315,35
4257000,1016,Kattankulathur,2,0,9,9,9,9,9,9,9,9,9,9,9,9,9,9,9,9,9,9,9,9,9,9,9,9,9,9,9,9,9,9,9,9,9,9,9,4257000,1016,2,4189.96062992126,Kattankulathur,2 BHK,1000-1500 sqft,Valid,Chennai,Not available in source data,315,35
4206000,1016,Kattankulathur,2,0,9,9,9,9,9,9,9,9,9,9,9,9,9,9,9,9,9,9,9,9,9,9,9,9,9,9,9,9,9,9,9,9,9,9,9,4206000,1016,2,4139.763779527559,Kattankulathur,2 BHK,1000-1500 sqft,Valid,Chennai,Not available in source data,315,35
4114000,1004,Kattankulathur,2,0,9,9,9,9,9,9,9,9,9,9,9,9,9,9,9,9,9,9,9,9,9,9,9,9,9,9,9,9,9,9,9,9,9,9,9,4114000,1004,2,4097.609561752988,Kattankulathur,2 BHK,1000-1500 sqft,Valid,Chennai,Not available in source data,315,35
8303000,982,Kattankulathur,2,0,9,9,9,9,9,9,9,9,9,9,9,9,9,9,9,9,9,9,9,9,9,9,9,9,9,9,9,9,9,9,9,9,9,9,9,8303000,982,2,8455.193482688392,Kattankulathur,2 BHK,500-1000 sqft,Valid,Chennai,Not available in source data,315,35
6394000,1444,Sholinganallur,3,0,9,9,9,9,9,9,9,9,9,9,9,9,9,9,9,9,9,9,9,9,9,9,9,9,9,9,9,9,9,9,9,9,9,9,9,6394000,1444,3,4427.97783933518,Sholinganallur,3 BHK,1000-1500 sqft,Valid,Chennai,Not available in source data,315,35
7364000,785,Perungudi,2,0,9,9,9,9,9,9,9,9,9,9,9,9,9,9,9,9,9,9,9,9,9,9,9,9,9,9,9,9,9,9,9,9,9,9,9,7364000,785,2,9380.891719745223,Perungudi,2 BHK,500-1000 sqft,Valid,Chennai,Not available in source data,315,35
8464000,1567,Navallur,3,0,9,9,9,9,9,9,9,9,9,9,9,9,9,9,9,9,9,9,9,9,9,9,9,9,9,9,9,9,9,9,9,9,9,9,9,8464000,1567,3,5401.403956604978,Navallur,3 BHK,1500-2500 sqft,Valid,Chennai,Not available in source data,315,35
8148999,1801,Navallur,3,0,9,9,9,9,9,9,9,9,9,9,9,9,9,9,9,9,9,9,9,9,9,9,9,9,9,9,9,9,9,9,9,9,9,9,9,8148999,1801,3,4524.707940033315,Navallur,3 BHK,1500-2500 sqft,Valid,Chennai,Not available in source data,315,35
10900000,1734,Navallur,3,0,9,9,9,9,9,9,9,9,9,9,9,9,9,9,9,9,9,9,9,9,9,9,9,9,9,9,9,9,9,9,9,9,9,9,9,10900000,1734,3,6286.0438292964245,Navallur,3 BHK,1500-2500 sqft,Valid,Chennai,Not available in source data,315,35
4808000,2330,Navallur,4,0,9,9,9,9,9,9,9,9,9,9,9,9,9,9,9,9,9,9,9,9,9,9,9,9,9,9,9,9,9,9,9,9,9,9,9,4808000,2330,4,2063.519313304721,Navallur,4 BHK,1500-2500 sqft,Valid,Chennai,Not available in source data,315,35
5593000,1023,Navallur,2,0,9,9,9,9,9,9,9,9,9,9,9,9,9,9,9,9,9,9,9,9,9,9,9,9,9,9,9,9,9,9,9,9,9,9,9,5593000,1023,2,5467.253176930596,Navallur,2 BHK,1000-1500 sqft,Valid,Chennai,Not available in source data,315,35
5334000,1190,Navallur,2,0,9,9,9,9,9,9,9,9,9,9,9,9,9,9,9,9,9,9,9,9,9,9,9,9,9,9,9,9,9,9,9,9,9,9,9,5334000,1190,2,4482.35294117647,Navallur,2 BHK,1000-1500 sqft,Valid,Chennai,Not available in source data,315,35
3400000,1135,Navallur,2,0,9,9,9,9,9,9,9,9,9,9,9,9,9,9,9,9,9,9,9,9,9,9,9,9,9,9,9,9,9,9,9,9,9,9,9,3400000,1135,2,2995.5947136563877,Navallur,2 BHK,1000-1500 sqft,Valid,Chennai,Not available in source data,315,35
2551000,612,Moolacheri,2,0,9,9,9,9,9,9,9,9,9,9,9,9,9,9,9,9,9,9,9,9,9,9,9,9,9,9,9,9,9,9,9,9,9,9,9,2551000,612,2,4168.300653594772,Moolacheri,2 BHK,500-1000 sqft,Valid,Chennai,Not available in source data,315,35
8303000,624,Singaperumal Koil,1,0,9,9,9,9,9,9,9,9,9,9,9,9,9,9,9,9,9,9,9,9,9,9,9,9,9,9,9,9,9,9,9,9,9,9,9,8303000,624,1,13306.089743589744,Singaperumal Koil,1 BHK,500-1000 sqft,Valid,Chennai,Not available in source data,315,35
6203000,785,Perungudi,2,0,9,9,9,9,9,9,9,9,9,9,9,9,9,9,9,9,9,9,9,9,9,9,9,9,9,9,9,9,9,9,9,9,9,9,9,6203000,785,2,7901.910828025478,Perungudi,2 BHK,500-1000 sqft,Valid,Chennai,Not available in source data,315,35
4758000,1443,Perumbakkam,3,0,9,9,9,9,9,9,9,9,9,9,9,9,9,9,9,9,9,9,9,9,9,9,9,9,9,9,9,9,9,9,9,9,9,9,9,4758000,1443,3,3297.2972972972975,Perumbakkam,3 BHK,1000-1500 sqft,Valid,Chennai,Not available in source data,315,35
6645999,1107,Perumbakkam,2,0,9,9,9,9,9,9,9,9,9,9,9,9,9,9,9,9,9,9,9,9,9,9,9,9,9,9,9,9,9,9,9,9,9,9,9,6645999,1107,2,6003.612466124661,Perumbakkam,2 BHK,1000-1500 sqft,Valid,Chennai,Not available in source data,315,35
5825000,1546,Perumbakkam,3,0,9,9,9,9,9,9,9,9,9,9,9,9,9,9,9,9,9,9,9,9,9,9,9,9,9,9,9,9,9,9,9,9,9,9,9,5825000,1546,3,3767.7878395860284,Perumbakkam,3 BHK,1500-2500 sqft,Valid,Chennai,Not available in source data,315,35
9110000,1355,Perumbakkam,3,0,9,9,9,9,9,9,9,9,9,9,9,9,9,9,9,9,9,9,9,9,9,9,9,9,9,9,9,9,9,9,9,9,9,9,9,9110000,1355,3,6723.247232472325,Perumbakkam,3 BHK,1000-1500 sqft,Valid,Chennai,Not available in source data,315,35
7367000,1481,Perungudi,3,0,9,9,9,9,9,9,9,9,9,9,9,9,9,9,9,9,9,9,9,9,9,9,9,9,9,9,9,9,9,9,9,9,9,9,9,7367000,1481,3,4974.341661039838,Perungudi,3 BHK,1000-1500 sqft,Valid,Chennai,Not available in source data,315,35
3400000,1198,Perungudi,2,0,9,9,9,9,9,9,9,9,9,9,9,9,9,9,9,9,9,9,9,9,9,9,9,9,9,9,9,9,9,9,9,9,9,9,9,3400000,1198,2,2838.0634390651085,Perungudi,2 BHK,1000-1500 sqft,Valid,Chennai,Not available in source data,315,35
6312000,612,Moolacheri,2,0,9,9,9,9,9,9,9,9,9,9,9,9,9,9,9,9,9,9,9,9,9,9,9,9,9,9,9,9,9,9,9,9,9,9,9,6312000,612,2,10313.725490196079,Moolacheri,2 BHK,500-1000 sqft,Valid,Chennai,Not available in source data,315,35
6770999,1058,Navallur,2,0,9,9,9,9,9,9,9,9,9,9,9,9,9,9,9,9,9,9,9,9,9,9,9,9,9,9,9,9,9,9,9,9,9,9,9,6770999,1058,2,6399.810018903591,Navallur,2 BHK,1000-1500 sqft,Valid,Chennai,Not available in source data,315,35
6312000,1110,Mogappair,3,0,9,9,9,9,9,9,9,9,9,9,9,9,9,9,9,9,9,9,9,9,9,9,9,9,9,9,9,9,9,9,9,9,9,9,9,6312000,1110,3,5686.486486486487,Mogappair,3 BHK,1000-1500 sqft,Valid,Chennai,Not available in source data,315,35
6701000,1058,Navallur,2,0,9,9,9,9,9,9,9,9,9,9,9,9,9,9,9,9,9,9,9,9,9,9,9,9,9,9,9,9,9,9,9,9,9,9,9,6701000,1058,2,6333.648393194707,Navallur,2 BHK,1000-1500 sqft,Valid,Chennai,Not available in source data,315,35
4722000,1787,Ponneri,3,0,9,9,9,9,9,9,9,9,9,9,9,9,9,9,9,9,9,9,9,9,9,9,9,9,9,9,9,9,9,9,9,9,9,9,9,4722000,1787,3,2642.417459429211,Ponneri,3 BHK,1500-2500 sqft,Valid,Chennai,Not available in source data,315,35
3320000,1077,Poonamallee,2,0,9,9,9,9,9,9,9,9,9,9,9,9,9,9,9,9,9,9,9,9,9,9,9,9,9,9,9,9,9,9,9,9,9,9,9,3320000,1077,2,3082.63695450325,Poonamallee,2 BHK,1000-1500 sqft,Valid,Chennai,Not available in source data,315,35
3206000,977,Maraimalai Nagar,2,0,9,9,9,9,9,9,9,9,9,9,9,9,9,9,9,9,9,9,9,9,9,9,9,9,9,9,9,9,9,9,9,9,9,9,9,3206000,977,2,3281.4738996929377,Maraimalai Nagar,2 BHK,500-1000 sqft,Valid,Chennai,Not available in source data,315,35
6740000,855,Poonamallee,2,0,9,9,9,9,9,9,9,9,9,9,9,9,9,9,9,9,9,9,9,9,9,9,9,9,9,9,9,9,9,9,9,9,9,9,9,6740000,855,2,7883.040935672515,Poonamallee,2 BHK,500-1000 sqft,Valid,Chennai,Not available in source data,315,35
9546000,1510,Poonamallee,3,0,9,9,9,9,9,9,9,9,9,9,9,9,9,9,9,9,9,9,9,9,9,9,9,9,9,9,9,9,9,9,9,9,9,9,9,9546000,1510,3,6321.854304635762,Poonamallee,3 BHK,1500-2500 sqft,Valid,Chennai,Not available in source data,315,35
5558000,1591,Pallavaram,3,0,9,9,9,9,9,9,9,9,9,9,9,9,9,9,9,9,9,9,9,9,9,9,9,9,9,9,9,9,9,9,9,9,9,9,9,5558000,1591,3,3493.4003771213074,Pallavaram,3 BHK,1500-2500 sqft,Valid,Chennai,Not available in source data,315,35
9549000,1112,Velappanchavadi,2,0,9,9,9,9,9,9,9,9,9,9,9,9,9,9,9,9,9,9,9,9,9,9,9,9,9,9,9,9,9,9,9,9,9,9,9,9549000,1112,2,8587.230215827338,Velappanchavadi,2 BHK,1000-1500 sqft,Valid,Chennai,Not available in source data,315,35
23700000,1345,Pallavaram,3,0,9,9,9,9,9,9,9,9,9,9,9,9,9,9,9,9,9,9,9,9,9,9,9,9,9,9,9,9,9,9,9,9,9,9,9,23700000,1345,3,17620.81784386617,Pallavaram,3 BHK,1000-1500 sqft,Valid,Chennai,Not available in source data,315,35
3777000,1532,Nungambakkam,3,0,9,9,9,9,9,9,9,9,9,9,9,9,9,9,9,9,9,9,9,9,9,9,9,9,9,9,9,9,9,9,9,9,9,9,9,3777000,1532,3,2465.404699738903,Nungambakkam,3 BHK,1500-2500 sqft,Valid,Chennai,Not available in source data,315,35
7068000,1035,Ponneri,2,0,9,9,9,9,9,9,9,9,9,9,9,9,9,9,9,9,9,9,9,9,9,9,9,9,9,9,9,9,9,9,9,9,9,9,9,7068000,1035,2,6828.985507246377,Ponneri,2 BHK,1000-1500 sqft,Valid,Chennai,Not available in source data,315,35
38400000,1414,Velappanchavadi,2,0,9,9,9,9,9,9,9,9,9,9,9,9,9,9,9,9,9,9,9,9,9,9,9,9,9,9,9,9,9,9,9,9,9,9,9,38400000,1414,2,27157.001414427155,Velappanchavadi,2 BHK,1000-1500 sqft,Valid,Chennai,Not available in source data,315,35
5987000,2483,Nungambakkam,3,0,9,9,9,9,9,9,9,9,9,9,9,9,9,9,9,9,9,9,9,9,9,9,9,9,9,9,9,9,9,9,9,9,9,9,9,5987000,2483,3,2411.1961337092225,Nungambakkam,3 BHK,1500-2500 sqft,Valid,Chennai,Not available in source data,315,35
22200000,1478,Mahindra World City,3,0,9,9,9,9,9,9,9,9,9,9,9,9,9,9,9,9,9,9,9,9,9,9,9,9,9,9,9,9,9,9,9,9,9,9,9,22200000,1478,3,15020.297699594046,Mahindra World City,3 BHK,1000-1500 sqft,Valid,Chennai,Not available in source data,315,35
7601000,1438,Nungambakkam,2,0,9,9,9,9,9,9,9,9,9,9,9,9,9,9,9,9,9,9,9,9,9,9,9,9,9,9,9,9,9,9,9,9,9,9,9,7601000,1438,2,5285.8136300417245,Nungambakkam,2 BHK,1000-1500 sqft,Valid,Chennai,Not available in source data,315,35
7102000,1715,Poonamallee,3,0,9,9,9,9,9,9,9,9,9,9,9,9,9,9,9,9,9,9,9,9,9,9,9,9,9,9,9,9,9,9,9,9,9,9,9,7102000,1715,3,4141.107871720116,Poonamallee,3 BHK,1500-2500 sqft,Valid,Chennai,Not available in source data,315,35
4552000,1605,Mahindra World City,3,0,9,9,9,9,9,9,9,9,9,9,9,9,9,9,9,9,9,9,9,9,9,9,9,9,9,9,9,9,9,9,9,9,9,9,9,4552000,1605,3,2836.1370716510905,Mahindra World City,3 BHK,1500-2500 sqft,Valid,Chennai,Not available in source data,315,35
12200000,1214,Ponneri,2,0,9,9,9,9,9,9,9,9,9,9,9,9,9,9,9,9,9,9,9,9,9,9,9,9,9,9,9,9,9,9,9,9,9,9,9,12200000,1214,2,10049.423393739704,Ponneri,2 BHK,1000-1500 sqft,Valid,Chennai,Not available in source data,315,35
19000000,2324,Kolathur,3,0,9,9,9,9,9,9,9,9,9,9,9,9,9,9,9,9,9,9,9,9,9,9,9,9,9,9,9,9,9,9,9,9,9,9,9,19000000,2324,3,8175.559380378658,Kolathur,3 BHK,1500-2500 sqft,Valid,Chennai,Not available in source data,315,35
4722000,1232,Nungambakkam,2,0,9,9,9,9,9,9,9,9,9,9,9,9,9,9,9,9,9,9,9,9,9,9,9,9,9,9,9,9,9,9,9,9,9,9,9,4722000,1232,2,3832.7922077922076,Nungambakkam,2 BHK,1000-1500 sqft,Valid,Chennai,Not available in source data,315,35
29000000,977,Maraimalai Nagar,2,0,9,9,9,9,9,9,9,9,9,9,9,9,9,9,9,9,9,9,9,9,9,9,9,9,9,9,9,9,9,9,9,9,9,9,9,29000000,977,2,29682.702149437053,Maraimalai Nagar,2 BHK,500-1000 sqft,Valid,Chennai,Not available in source data,315,35
13600000,6250,Semmancheri,4,1,9,9,9,9,9,9,9,9,9,9,9,9,9,9,9,9,9,9,9,9,9,9,9,9,9,9,9,9,9,9,9,9,9,9,9,13600000,6250,4,2176.0,Semmancheri,4 BHK,2500+ sqft,Valid,Chennai,Not available in source data,315,35
3206000,2712,Pallikaranai,4,0,9,9,9,9,9,9,9,9,9,9,9,9,9,9,9,9,9,9,9,9,9,9,9,9,9,9,9,9,9,9,9,9,9,9,9,3206000,2712,4,1182.1533923303834,Pallikaranai,4 BHK,2500+ sqft,Valid,Chennai,Not available in source data,315,35
9549000,1591,Pallavaram,3,0,9,9,9,9,9,9,9,9,9,9,9,9,9,9,9,9,9,9,9,9,9,9,9,9,9,9,9,9,9,9,9,9,9,9,9,9549000,1591,3,6001.885606536769,Pallavaram,3 BHK,1500-2500 sqft,Valid,Chennai,Not available in source data,315,35
7503000,1345,Pallavaram,3,0,9,9,9,9,9,9,9,9,9,9,9,9,9,9,9,9,9,9,9,9,9,9,9,9,9,9,9,9,9,9,9,9,9,9,9,7503000,1345,3,5578.438661710037,Pallavaram,3 BHK,1000-1500 sqft,Valid,Chennai,Not available in source data,315,35
8039000,1443,Perumbakkam,3,0,9,9,9,9,9,9,9,9,9,9,9,9,9,9,9,9,9,9,9,9,9,9,9,9,9,9,9,9,9,9,9,9,9,9,9,8039000,1443,3,5571.0325710325715,Perumbakkam,3 BHK,1000-1500 sqft,Valid,Chennai,Not available in source data,315,35
4700000,1546,Perumbakkam,3,0,9,9,9,9,9,9,9,9,9,9,9,9,9,9,9,9,9,9,9,9,9,9,9,9,9,9,9,9,9,9,9,9,9,9,9,4700000,1546,3,3040.103492884864,Perumbakkam,3 BHK,1500-2500 sqft,Valid,Chennai,Not available in source data,315,35
11000000,645,Purasawalkam,2,1,9,9,9,9,9,9,9,9,9,9,9,9,9,9,9,9,9,9,9,9,9,9,9,9,9,9,9,9,9,9,9,9,9,9,9,11000000,645,2,17054.263565891473,Purasawalkam,2 BHK,500-1000 sqft,Valid,Chennai,Not available in source data,315,35
2400000,1217,Velachery,2,1,9,9,9,9,9,9,9,9,9,9,9,9,9,9,9,9,9,9,9,9,9,9,9,9,9,9,9,9,9,9,9,9,9,9,9,2400000,1217,2,1972.062448644207,Velachery,2 BHK,1000-1500 sqft,Valid,Chennai,Not available in source data,315,35
2400000,677,Avadi,2,0,9,9,9,9,9,9,9,9,9,9,9,9,9,9,9,9,9,9,9,9,9,9,9,9,9,9,9,9,9,9,9,9,9,9,9,2400000,677,2,3545.0516986706057,Avadi,2 BHK,500-1000 sqft,Valid,Chennai,Not available in source data,315,35
6800000,677,Avadi,2,0,9,9,9,9,9,9,9,9,9,9,9,9,9,9,9,9,9,9,9,9,9,9,9,9,9,9,9,9,9,9,9,9,9,9,9,6800000,677,2,10044.313146233382,Avadi,2 BHK,500-1000 sqft,Valid,Chennai,Not available in source data,315,35
13000000,1135,Porur,2,0,9,9,9,9,9,9,9,9,9,9,9,9,9,9,9,9,9,9,9,9,9,9,9,9,9,9,9,9,9,9,9,9,9,9,9,13000000,1135,2,11453.74449339207,Porur,2 BHK,1000-1500 sqft,Valid,Chennai,Not available in source data,315,35
6800000,1615,Thoraipakkam OMR,3,0,9,9,9,9,9,9,9,9,9,9,9,9,9,9,9,9,9,9,9,9,9,9,9,9,9,9,9,9,9,9,9,9,9,9,9,6800000,1615,3,4210.526315789473,Thoraipakkam OMR,3 BHK,1500-2500 sqft,Valid,Chennai,Not available in source data,315,35
3936999,1143,Porur,2,0,9,9,9,9,9,9,9,9,9,9,9,9,9,9,9,9,9,9,9,9,9,9,9,9,9,9,9,9,9,9,9,9,9,9,9,3936999,1143,2,3444.443569553806,Porur,2 BHK,1000-1500 sqft,Valid,Chennai,Not available in source data,315,35
2796000,1125,Kattupakkam,2,0,9,9,9,9,9,9,9,9,9,9,9,9,9,9,9,9,9,9,9,9,9,9,9,9,9,9,9,9,9,9,9,9,9,9,9,2796000,1125,2,2485.3333333333335,Kattupakkam,2 BHK,1000-1500 sqft,Valid,Chennai,Not available in source data,315,35
2303000,799,Anakaputhur,2,0,9,9,9,9,9,9,9,9,9,9,9,9,9,9,9,9,9,9,9,9,9,9,9,9,9,9,9,9,9,9,9,9,9,9,9,2303000,799,2,2882.3529411764707,Anakaputhur,2 BHK,500-1000 sqft,Valid,Chennai,Not available in source data,315,35
11800000,658,Anakaputhur,1,0,9,9,9,9,9,9,9,9,9,9,9,9,9,9,9,9,9,9,9,9,9,9,9,9,9,9,9,9,9,9,9,9,9,9,9,11800000,658,1,17933.130699088146,Anakaputhur,1 BHK,500-1000 sqft,Valid,Chennai,Not available in source data,315,35
3465000,1290,Thoraipakkam OMR,2,0,9,9,9,9,9,9,9,9,9,9,9,9,9,9,9,9,9,9,9,9,9,9,9,9,9,9,9,9,9,9,9,9,9,9,9,3465000,1290,2,2686.046511627907,Thoraipakkam OMR,2 BHK,1000-1500 sqft,Valid,Chennai,Not available in source data,315,35
3982000,770,Avadi,2,0,9,9,9,9,9,9,9,9,9,9,9,9,9,9,9,9,9,9,9,9,9,9,9,9,9,9,9,9,9,9,9,9,9,9,9,3982000,770,2,5171.428571428572,Avadi,2 BHK,500-1000 sqft,Valid,Chennai,Not available in source data,315,35
3711999,885,Avadi,2,0,9,9,9,9,9,9,9,9,9,9,9,9,9,9,9,9,9,9,9,9,9,9,9,9,9,9,9,9,9,9,9,9,9,9,9,3711999,885,2,4194.349152542373,Avadi,2 BHK,500-1000 sqft,Valid,Chennai,Not available in source data,315,35
4004999,825,Avadi,2,0,9,9,9,9,9,9,9,9,9,9,9,9,9,9,9,9,9,9,9,9,9,9,9,9,9,9,9,9,9,9,9,9,9,9,9,4004999,825,2,4854.544242424243,Avadi,2 BHK,500-1000 sqft,Valid,Chennai,Not available in source data,315,35
3779999,890,Avadi,2,0,9,9,9,9,9,9,9,9,9,9,9,9,9,9,9,9,9,9,9,9,9,9,9,9,9,9,9,9,9,9,9,9,9,9,9,3779999,890,2,4247.189887640449,Avadi,2 BHK,500-1000 sqft,Valid,Chennai,Not available in source data,315,35
4095000,840,Avadi,2,0,9,9,9,9,9,9,9,9,9,9,9,9,9,9,9,9,9,9,9,9,9,9,9,9,9,9,9,9,9,9,9,9,9,9,9,4095000,840,2,4875.0,Avadi,2 BHK,500-1000 sqft,Valid,Chennai,Not available in source data,315,35
3352000,910,Avadi,2,0,9,9,9,9,9,9,9,9,9,9,9,9,9,9,9,9,9,9,9,9,9,9,9,9,9,9,9,9,9,9,9,9,9,9,9,3352000,910,2,3683.5164835164837,Avadi,2 BHK,500-1000 sqft,Valid,Chennai,Not available in source data,315,35
3645000,745,Avadi,2,0,9,9,9,9,9,9,9,9,9,9,9,9,9,9,9,9,9,9,9,9,9,9,9,9,9,9,9,9,9,9,9,9,9,9,9,3645000,745,2,4892.61744966443,Avadi,2 BHK,500-1000 sqft,Valid,Chennai,Not available in source data,315,35
3936999,810,Avadi,2,0,9,9,9,9,9,9,9,9,9,9,9,9,9,9,9,9,9,9,9,9,9,9,9,9,9,9,9,9,9,9,9,9,9,9,9,3936999,810,2,4860.492592592593,Avadi,2 BHK,500-1000 sqft,Valid,Chennai,Not available in source data,315,35
4117000,875,Avadi,2,0,9,9,9,9,9,9,9,9,9,9,9,9,9,9,9,9,9,9,9,9,9,9,9,9,9,9,9,9,9,9,9,9,9,9,9,4117000,875,2,4705.142857142857,Avadi,2 BHK,500-1000 sqft,Valid,Chennai,Not available in source data,315,35
3510000,915,Avadi,2,0,9,9,9,9,9,9,9,9,9,9,9,9,9,9,9,9,9,9,9,9,9,9,9,9,9,9,9,9,9,9,9,9,9,9,9,3510000,915,2,3836.065573770492,Avadi,2 BHK,500-1000 sqft,Valid,Chennai,Not available in source data,315,35
3710000,780,Avadi,2,0,9,9,9,9,9,9,9,9,9,9,9,9,9,9,9,9,9,9,9,9,9,9,9,9,9,9,9,9,9,9,9,9,9,9,9,3710000,780,2,4756.410256410257,Avadi,2 BHK,500-1000 sqft,Valid,Chennai,Not available in source data,315,35
3400000,773,Sembakkam,2,0,9,9,9,9,9,9,9,9,9,9,9,9,9,9,9,9,9,9,9,9,9,9,9,9,9,9,9,9,9,9,9,9,9,9,9,3400000,773,2,4398.447606727038,Sembakkam,2 BHK,500-1000 sqft,Valid,Chennai,Not available in source data,315,35
6572000,855,Perumbakkam,2,0,9,9,9,9,9,9,9,9,9,9,9,9,9,9,9,9,9,9,9,9,9,9,9,9,9,9,9,9,9,9,9,9,9,9,9,6572000,855,2,7686.549707602339,Perumbakkam,2 BHK,500-1000 sqft,Valid,Chennai,Not available in source data,315,35
4748000,1195,Madipakkam,2,0,9,9,9,9,9,9,9,9,9,9,9,9,9,9,9,9,9,9,9,9,9,9,9,9,9,9,9,9,9,9,9,9,9,9,9,4748000,1195,2,3973.2217573221756,Madipakkam,2 BHK,1000-1500 sqft,Valid,Chennai,Not available in source data,315,35
7665000,896,Madipakkam,2,0,9,9,9,9,9,9,9,9,9,9,9,9,9,9,9,9,9,9,9,9,9,9,9,9,9,9,9,9,9,9,9,9,9,9,9,7665000,896,2,8554.6875,Madipakkam,2 BHK,500-1000 sqft,Valid,Chennai,Not available in source data,315,35
3800000,1022,Valasaravakkam,2,0,9,9,9,9,9,9,9,9,9,9,9,9,9,9,9,9,9,9,9,9,9,9,9,9,9,9,9,9,9,9,9,9,9,9,9,3800000,1022,2,3718.1996086105673,Valasaravakkam,2 BHK,1000-1500 sqft,Valid,Chennai,Not available in source data,315,35
3800000,790,Perumbakkam,2,0,9,9,9,9,9,9,9,9,9,9,9,9,9,9,9,9,9,9,9,9,9,9,9,9,9,9,9,9,9,9,9,9,9,9,9,3800000,790,2,4810.126582278481,Perumbakkam,2 BHK,500-1000 sqft,Valid,Chennai,Not available in source data,315,35
3400000,790,Perumbakkam,2,0,9,9,9,9,9,9,9,9,9,9,9,9,9,9,9,9,9,9,9,9,9,9,9,9,9,9,9,9,9,9,9,9,9,9,9,3400000,790,2,4303.797468354431,Perumbakkam,2 BHK,500-1000 sqft,Valid,Chennai,Not available in source data,315,35
3244000,896,Madipakkam,2,0,9,9,9,9,9,9,9,9,9,9,9,9,9,9,9,9,9,9,9,9,9,9,9,9,9,9,9,9,9,9,9,9,9,9,9,3244000,896,2,3620.535714285714,Madipakkam,2 BHK,500-1000 sqft,Valid,Chennai,Not available in source data,315,35
3244000,721,Ambattur,2,0,9,9,9,9,9,9,9,9,9,9,9,9,9,9,9,9,9,9,9,9,9,9,9,9,9,9,9,9,9,9,9,9,9,9,9,3244000,721,2,4499.3065187239945,Ambattur,2 BHK,500-1000 sqft,Valid,Chennai,Not available in source data,315,35
3800000,721,Ambattur,2,0,9,9,9,9,9,9,9,9,9,9,9,9,9,9,9,9,9,9,9,9,9,9,9,9,9,9,9,9,9,9,9,9,9,9,9,3800000,721,2,5270.457697642164,Ambattur,2 BHK,500-1000 sqft,Valid,Chennai,Not available in source data,315,35
3800000,850,TNHB,2,0,9,9,9,9,9,9,9,9,9,9,9,9,9,9,9,9,9,9,9,9,9,9,9,9,9,9,9,9,9,9,9,9,9,9,9,3800000,850,2,4470.588235294118,TNHB,2 BHK,500-1000 sqft,Valid,Chennai,Not available in source data,315,35
4900000,790,Perumbakkam,2,0,9,9,9,9,9,9,9,9,9,9,9,9,9,9,9,9,9,9,9,9,9,9,9,9,9,9,9,9,9,9,9,9,9,9,9,4900000,790,2,6202.53164556962,Perumbakkam,2 BHK,500-1000 sqft,Valid,Chennai,Not available in source data,315,35
5000000,940,Kovur,2,0,9,9,9,9,9,9,9,9,9,9,9,9,9,9,9,9,9,9,9,9,9,9,9,9,9,9,9,9,9,9,9,9,9,9,9,5000000,940,2,5319.148936170212,Kovur,2 BHK,500-1000 sqft,Valid,Chennai,Not available in source data,315,35
3900000,986,Manali,2,1,9,9,9,9,9,9,9,9,9,9,9,9,9,9,9,9,9,9,9,9,9,9,9,9,9,9,9,9,9,9,9,9,9,9,9,3900000,986,2,3955.3752535496956,Manali,2 BHK,500-1000 sqft,Valid,Chennai,Not available in source data,315,35
24200000,855,Perumbakkam,2,0,9,9,9,9,9,9,9,9,9,9,9,9,9,9,9,9,9,9,9,9,9,9,9,9,9,9,9,9,9,9,9,9,9,9,9,24200000,855,2,28304.09356725146,Perumbakkam,2 BHK,500-1000 sqft,Valid,Chennai,Not available in source data,315,35
24600000,1938,Thiruvanmiyur,3,0,9,9,9,9,9,9,9,9,9,9,9,9,9,9,9,9,9,9,9,9,9,9,9,9,9,9,9,9,9,9,9,9,9,9,9,24600000,1938,3,12693.498452012383,Thiruvanmiyur,3 BHK,1500-2500 sqft,Valid,Chennai,Not available in source data,315,35
23300000,1970,Thiruvanmiyur,3,0,9,9,9,9,9,9,9,9,9,9,9,9,9,9,9,9,9,9,9,9,9,9,9,9,9,9,9,9,9,9,9,9,9,9,9,23300000,1970,3,11827.41116751269,Thiruvanmiyur,3 BHK,1500-2500 sqft,Valid,Chennai,Not available in source data,315,35
17800000,1871,Thiruvanmiyur,3,0,9,9,9,9,9,9,9,9,9,9,9,9,9,9,9,9,9,9,9,9,9,9,9,9,9,9,9,9,9,9,9,9,9,9,9,17800000,1871,3,9513.62907536077,Thiruvanmiyur,3 BHK,1500-2500 sqft,Valid,Chennai,Not available in source data,315,35
22799999,1431,Thiruvanmiyur,2,0,9,9,9,9,9,9,9,9,9,9,9,9,9,9,9,9,9,9,9,9,9,9,9,9,9,9,9,9,9,9,9,9,9,9,9,22799999,1431,2,15932.913347309574,Thiruvanmiyur,2 BHK,1000-1500 sqft,Valid,Chennai,Not available in source data,315,35
3300000,1831,Thiruvanmiyur,3,0,9,9,9,9,9,9,9,9,9,9,9,9,9,9,9,9,9,9,9,9,9,9,9,9,9,9,9,9,9,9,9,9,9,9,9,3300000,1831,3,1802.2938285090115,Thiruvanmiyur,3 BHK,1500-2500 sqft,Valid,Chennai,Not available in source data,315,35
3900000,855,Perumbakkam,2,0,9,9,9,9,9,9,9,9,9,9,9,9,9,9,9,9,9,9,9,9,9,9,9,9,9,9,9,9,9,9,9,9,9,9,9,3900000,855,2,4561.403508771929,Perumbakkam,2 BHK,500-1000 sqft,Valid,Chennai,Not available in source data,315,35
10100000,1831,Thiruvanmiyur,3,0,9,9,9,9,9,9,9,9,9,9,9,9,9,9,9,9,9,9,9,9,9,9,9,9,9,9,9,9,9,9,9,9,9,9,9,10100000,1831,3,5516.111414527581,Thiruvanmiyur,3 BHK,1500-2500 sqft,Valid,Chennai,Not available in source data,315,35
13700000,1938,Kolathur,3,0,9,9,9,9,9,9,9,9,9,9,9,9,9,9,9,9,9,9,9,9,9,9,9,9,9,9,9,9,9,9,9,9,9,9,9,13700000,1938,3,7069.143446852425,Kolathur,3 BHK,1500-2500 sqft,Valid,Chennai,Not available in source data,315,35
16900000,2627,Kolathur,3,0,9,9,9,9,9,9,9,9,9,9,9,9,9,9,9,9,9,9,9,9,9,9,9,9,9,9,9,9,9,9,9,9,9,9,9,16900000,2627,3,6433.193757137419,Kolathur,3 BHK,2500+ sqft,Valid,Chennai,Not available in source data,315,35
9759000,3234,Kolathur,3,0,9,9,9,9,9,9,9,9,9,9,9,9,9,9,9,9,9,9,9,9,9,9,9,9,9,9,9,9,9,9,9,9,9,9,9,9759000,3234,3,3017.6252319109462,Kolathur,3 BHK,2500+ sqft,Valid,Chennai,Not available in source data,315,35
3900000,1859,Kolathur,3,0,9,9,9,9,9,9,9,9,9,9,9,9,9,9,9,9,9,9,9,9,9,9,9,9,9,9,9,9,9,9,9,9,9,9,9,3900000,1859,3,2097.902097902098,Kolathur,3 BHK,1500-2500 sqft,Valid,Chennai,Not available in source data,315,35
5808000,790,Perumbakkam,2,0,9,9,9,9,9,9,9,9,9,9,9,9,9,9,9,9,9,9,9,9,9,9,9,9,9,9,9,9,9,9,9,9,9,9,9,5808000,790,2,7351.898734177215,Perumbakkam,2 BHK,500-1000 sqft,Valid,Chennai,Not available in source data,315,35
4635000,939,Ambattur,2,0,9,9,9,9,9,9,9,9,9,9,9,9,9,9,9,9,9,9,9,9,9,9,9,9,9,9,9,9,9,9,9,9,9,9,9,4635000,939,2,4936.102236421725,Ambattur,2 BHK,500-1000 sqft,Valid,Chennai,Not available in source data,315,35
4635000,872,Ambattur,2,0,9,9,9,9,9,9,9,9,9,9,9,9,9,9,9,9,9,9,9,9,9,9,9,9,9,9,9,9,9,9,9,9,9,9,9,4635000,872,2,5315.366972477064,Ambattur,2 BHK,500-1000 sqft,Valid,Chennai,Not available in source data,315,35
4200000,872,Ambattur,2,0,9,9,9,9,9,9,9,9,9,9,9,9,9,9,9,9,9,9,9,9,9,9,9,9,9,9,9,9,9,9,9,9,9,9,9,4200000,872,2,4816.51376146789,Ambattur,2 BHK,500-1000 sqft,Valid,Chennai,Not available in source data,315,35
3244000,874,Pozhichalur,2,0,9,9,9,9,9,9,9,9,9,9,9,9,9,9,9,9,9,9,9,9,9,9,9,9,9,9,9,9,9,9,9,9,9,9,9,3244000,874,2,3711.670480549199,Pozhichalur,2 BHK,500-1000 sqft,Valid,Chennai,Not available in source data,315,35
4635000,721,Ambattur,2,0,9,9,9,9,9,9,9,9,9,9,9,9,9,9,9,9,9,9,9,9,9,9,9,9,9,9,9,9,9,9,9,9,9,9,9,4635000,721,2,6428.571428571428,Ambattur,2 BHK,500-1000 sqft,Valid,Chennai,Not available in source data,315,35
3250000,872,Ambattur,2,0,9,9,9,9,9,9,9,9,9,9,9,9,9,9,9,9,9,9,9,9,9,9,9,9,9,9,9,9,9,9,9,9,9,9,9,3250000,872,2,3727.064220183486,Ambattur,2 BHK,500-1000 sqft,Valid,Chennai,Not available in source data,315,35
3486000,774,Cholambedu,2,0,9,9,9,9,9,9,9,9,9,9,9,9,9,9,9,9,9,9,9,9,9,9,9,9,9,9,9,9,9,9,9,9,9,9,9,3486000,774,2,4503.875968992248,Cholambedu,2 BHK,500-1000 sqft,Valid,Chennai,Not available in source data,315,35
7812000,830,Thirumullaivoyal,2,0,9,9,9,9,9,9,9,9,9,9,9,9,9,9,9,9,9,9,9,9,9,9,9,9,9,9,9,9,9,9,9,9,9,9,9,7812000,830,2,9412.048192771084,Thirumullaivoyal,2 BHK,500-1000 sqft,Valid,Chennai,Not available in source data,315,35
7605000,868,Mogappair East,2,0,9,9,9,9,9,9,9,9,9,9,9,9,9,9,9,9,9,9,9,9,9,9,9,9,9,9,9,9,9,9,9,9,9,9,9,7605000,868,2,8761.52073732719,Mogappair East,2 BHK,500-1000 sqft,Valid,Chennai,Not available in source data,315,35
16399999,845,Mogappair,2,0,9,9,9,9,9,9,9,9,9,9,9,9,9,9,9,9,9,9,9,9,9,9,9,9,9,9,9,9,9,9,9,9,9,9,9,16399999,845,2,19408.282840236687,Mogappair,2 BHK,500-1000 sqft,Valid,Chennai,Not available in source data,315,35
16399999,1215,Anna Nagar,3,0,9,9,9,9,9,9,9,9,9,9,9,9,9,9,9,9,9,9,9,9,9,9,9,9,9,9,9,9,9,9,9,9,9,9,9,16399999,1215,3,13497.941563786007,Anna Nagar,3 BHK,1000-1500 sqft,Valid,Chennai,Not available in source data,315,35
20000000,1215,Anna Nagar,3,0,9,9,9,9,9,9,9,9,9,9,9,9,9,9,9,9,9,9,9,9,9,9,9,9,9,9,9,9,9,9,9,9,9,9,9,20000000,1215,3,16460.90534979424,Anna Nagar,3 BHK,1000-1500 sqft,Valid,Chennai,Not available in source data,315,35
5808000,1800,Adyar,3,1,9,9,9,9,9,9,9,9,9,9,9,9,9,9,9,9,9,9,9,9,9,9,9,9,9,9,9,9,9,9,9,9,9,9,9,5808000,1800,3,3226.6666666666665,Adyar,3 BHK,1500-2500 sqft,Valid,Chennai,Not available in source data,315,35
5737000,939,Ambattur,2,0,9,9,9,9,9,9,9,9,9,9,9,9,9,9,9,9,9,9,9,9,9,9,9,9,9,9,9,9,9,9,9,9,9,9,9,5737000,939,2,6109.6911608093715,Ambattur,2 BHK,500-1000 sqft,Valid,Chennai,Not available in source data,315,35
5737000,927,Ambattur,2,0,9,9,9,9,9,9,9,9,9,9,9,9,9,9,9,9,9,9,9,9,9,9,9,9,9,9,9,9,9,9,9,9,9,9,9,5737000,927,2,6188.7810140237325,Ambattur,2 BHK,500-1000 sqft,Valid,Chennai,Not available in source data,315,35
5808000,927,Ambattur,2,0,9,9,9,9,9,9,9,9,9,9,9,9,9,9,9,9,9,9,9,9,9,9,9,9,9,9,9,9,9,9,9,9,9,9,9,5808000,927,2,6265.37216828479,Ambattur,2 BHK,500-1000 sqft,Valid,Chennai,Not available in source data,315,35
3000000,939,Ambattur,2,0,9,9,9,9,9,9,9,9,9,9,9,9,9,9,9,9,9,9,9,9,9,9,9,9,9,9,9,9,9,9,9,9,9,9,9,3000000,939,2,3194.888178913738,Ambattur,2 BHK,500-1000 sqft,Valid,Chennai,Not available in source data,315,35
8687000,820,Pammal,2,0,9,9,9,9,9,9,9,9,9,9,9,9,9,9,9,9,9,9,9,9,9,9,9,9,9,9,9,9,9,9,9,9,9,9,9,8687000,820,2,10593.90243902439,Pammal,2 BHK,500-1000 sqft,Valid,Chennai,Not available in source data,315,35
8290000,1358,Sholinganallur,3,0,9,9,9,9,9,9,9,9,9,9,9,9,9,9,9,9,9,9,9,9,9,9,9,9,9,9,9,9,9,9,9,9,9,9,9,8290000,1358,3,6104.565537555229,Sholinganallur,3 BHK,1000-1500 sqft,Valid,Chennai,Not available in source data,315,35
6569000,1296,Sholinganallur,3,0,9,9,9,9,9,9,9,9,9,9,9,9,9,9,9,9,9,9,9,9,9,9,9,9,9,9,9,9,9,9,9,9,9,9,9,6569000,1296,3,5068.672839506173,Sholinganallur,3 BHK,1000-1500 sqft,Valid,Chennai,Not available in source data,315,35
6550000,1027,Sholinganallur,2,0,9,9,9,9,9,9,9,9,9,9,9,9,9,9,9,9,9,9,9,9,9,9,9,9,9,9,9,9,9,9,9,9,9,9,9,6550000,1027,2,6377.7994157740995,Sholinganallur,2 BHK,1000-1500 sqft,Valid,Chennai,Not available in source data,315,35
3881000,1024,Sholinganallur,2,0,9,9,9,9,9,9,9,9,9,9,9,9,9,9,9,9,9,9,9,9,9,9,9,9,9,9,9,9,9,9,9,9,9,9,9,3881000,1024,2,3790.0390625,Sholinganallur,2 BHK,1000-1500 sqft,Valid,Chennai,Not available in source data,315,35
13300000,721,Ambattur,2,0,9,9,9,9,9,9,9,9,9,9,9,9,9,9,9,9,9,9,9,9,9,9,9,9,9,9,9,9,9,9,9,9,9,9,9,13300000,721,2,18446.601941747573,Ambattur,2 BHK,500-1000 sqft,Valid,Chennai,Not available in source data,315,35
4710000,1846,Mogappair,3,0,9,9,9,9,9,9,9,9,9,9,9,9,9,9,9,9,9,9,9,9,9,9,9,9,9,9,9,9,9,9,9,9,9,9,9,4710000,1846,3,2551.462621885157,Mogappair,3 BHK,1500-2500 sqft,Valid,Chennai,Not available in source data,315,35
4737000,1047,Ambattur,2,0,9,9,9,9,9,9,9,9,9,9,9,9,9,9,9,9,9,9,9,9,9,9,9,9,9,9,9,9,9,9,9,9,9,9,9,4737000,1047,2,4524.355300859599,Ambattur,2 BHK,1000-1500 sqft,Valid,Chennai,Not available in source data,315,35
6717000,1053,Ambattur,2,0,9,9,9,9,9,9,9,9,9,9,9,9,9,9,9,9,9,9,9,9,9,9,9,9,9,9,9,9,9,9,9,9,9,9,9,6717000,1053,2,6378.917378917379,Ambattur,2 BHK,1000-1500 sqft,Valid,Chennai,Not available in source data,315,35
6730000,1493,Ambattur,3,0,9,9,9,9,9,9,9,9,9,9,9,9,9,9,9,9,9,9,9,9,9,9,9,9,9,9,9,9,9,9,9,9,9,9,9,6730000,1493,3,4507.702612190221,Ambattur,3 BHK,1000-1500 sqft,Valid,Chennai,Not available in source data,315,35
5695000,1496,Ambattur,3,0,9,9,9,9,9,9,9,9,9,9,9,9,9,9,9,9,9,9,9,9,9,9,9,9,9,9,9,9,9,9,9,9,9,9,9,5695000,1496,3,3806.818181818182,Ambattur,3 BHK,1000-1500 sqft,Valid,Chennai,Not available in source data,315,35
5682000,1266,Ambattur,3,0,9,9,9,9,9,9,9,9,9,9,9,9,9,9,9,9,9,9,9,9,9,9,9,9,9,9,9,9,9,9,9,9,9,9,9,5682000,1266,3,4488.1516587677725,Ambattur,3 BHK,1000-1500 sqft,Valid,Chennai,Not available in source data,315,35
5800000,1263,Ambattur,3,0,9,9,9,9,9,9,9,9,9,9,9,9,9,9,9,9,9,9,9,9,9,9,9,9,9,9,9,9,9,9,9,9,9,9,9,5800000,1263,3,4592.240696753761,Ambattur,3 BHK,1000-1500 sqft,Valid,Chennai,Not available in source data,315,35
19000000,1097,Porur,2,0,9,9,9,9,9,9,9,9,9,9,9,9,9,9,9,9,9,9,9,9,9,9,9,9,9,9,9,9,9,9,9,9,9,9,9,19000000,1097,2,17319.96353691887,Porur,2 BHK,1000-1500 sqft,Valid,Chennai,Not available in source data,315,35
19000000,1850,Guindy,3,0,9,9,9,9,9,9,9,9,9,9,9,9,9,9,9,9,9,9,9,9,9,9,9,9,9,9,9,9,9,9,9,9,9,9,9,19000000,1850,3,10270.27027027027,Guindy,3 BHK,1500-2500 sqft,Valid,Chennai,Not available in source data,315,35
19500000,1850,Guindy,3,0,9,9,9,9,9,9,9,9,9,9,9,9,9,9,9,9,9,9,9,9,9,9,9,9,9,9,9,9,9,9,9,9,9,9,9,19500000,1850,3,10540.54054054054,Guindy,3 BHK,1500-2500 sqft,Valid,Chennai,Not available in source data,315,35
4500000,1850,Guindy,3,0,9,9,9,9,9,9,9,9,9,9,9,9,9,9,9,9,9,9,9,9,9,9,9,9,9,9,9,9,9,9,9,9,9,9,9,4500000,1850,3,2432.4324324324325,Guindy,3 BHK,1500-2500 sqft,Valid,Chennai,Not available in source data,315,35
3881000,854,Pammal,2,0,9,9,9,9,9,9,9,9,9,9,9,9,9,9,9,9,9,9,9,9,9,9,9,9,9,9,9,9,9,9,9,9,9,9,9,3881000,854,2,4544.496487119438,Pammal,2 BHK,500-1000 sqft,Valid,Chennai,Not available in source data,315,35
3244000,872,Ambattur,2,0,9,9,9,9,9,9,9,9,9,9,9,9,9,9,9,9,9,9,9,9,9,9,9,9,9,9,9,9,9,9,9,9,9,9,9,3244000,872,2,3720.183486238532,Ambattur,2 BHK,500-1000 sqft,Valid,Chennai,Not available in source data,315,35
5400000,721,Ambattur,2,0,9,9,9,9,9,9,9,9,9,9,9,9,9,9,9,9,9,9,9,9,9,9,9,9,9,9,9,9,9,9,9,9,9,9,9,5400000,721,2,7489.597780859916,Ambattur,2 BHK,500-1000 sqft,Valid,Chennai,Not available in source data,315,35
5445000,600,Koyambedu,2,0,9,9,9,9,9,9,9,9,9,9,9,9,9,9,9,9,9,9,9,9,9,9,9,9,9,9,9,9,9,9,9,9,9,9,9,5445000,600,2,9075.0,Koyambedu,2 BHK,500-1000 sqft,Valid,Chennai,Not available in source data,315,35
5600000,605,Koyambedu,2,0,9,9,9,9,9,9,9,9,9,9,9,9,9,9,9,9,9,9,9,9,9,9,9,9,9,9,9,9,9,9,9,9,9,9,9,5600000,605,2,9256.198347107438,Koyambedu,2 BHK,500-1000 sqft,Valid,Chennai,Not available in source data,315,35
5573000,605,Koyambedu,2,0,9,9,9,9,9,9,9,9,9,9,9,9,9,9,9,9,9,9,9,9,9,9,9,9,9,9,9,9,9,9,9,9,9,9,9,5573000,605,2,9211.570247933885,Koyambedu,2 BHK,500-1000 sqft,Valid,Chennai,Not available in source data,315,35
8500000,939,Ambattur,2,0,9,9,9,9,9,9,9,9,9,9,9,9,9,9,9,9,9,9,9,9,9,9,9,9,9,9,9,9,9,9,9,9,9,9,9,8500000,939,2,9052.183173588925,Ambattur,2 BHK,500-1000 sqft,Valid,Chennai,Not available in source data,315,35
5454000,2220,Mahindra World City,3,0,9,9,9,9,9,9,9,9,9,9,9,9,9,9,9,9,9,9,9,9,9,9,9,9,9,9,9,9,9,9,9,9,9,9,9,5454000,2220,3,2456.7567567567567,Mahindra World City,3 BHK,1500-2500 sqft,Valid,Chennai,Not available in source data,315,35
5600000,606,Koyambedu,2,0,9,9,9,9,9,9,9,9,9,9,9,9,9,9,9,9,9,9,9,9,9,9,9,9,9,9,9,9,9,9,9,9,9,9,9,5600000,606,2,9240.924092409241,Koyambedu,2 BHK,500-1000 sqft,Valid,Chennai,Not available in source data,315,35
2324000,606,Koyambedu,2,0,9,9,9,9,9,9,9,9,9,9,9,9,9,9,9,9,9,9,9,9,9,9,9,9,9,9,9,9,9,9,9,9,9,9,9,2324000,606,2,3834.983498349835,Koyambedu,2 BHK,500-1000 sqft,Valid,Chennai,Not available in source data,315,35
9047000,560,Bakthavatchalapuram,1,0,9,9,9,9,9,9,9,9,9,9,9,9,9,9,9,9,9,9,9,9,9,9,9,9,9,9,9,9,9,9,9,9,9,9,9,9047000,560,1,16155.357142857143,Bakthavatchalapuram,1 BHK,500-1000 sqft,Valid,Chennai,Not available in source data,315,35
5600000,2223,Mahindra World City,2,0,9,9,9,9,9,9,9,9,9,9,9,9,9,9,9,9,9,9,9,9,9,9,9,9,9,9,9,9,9,9,9,9,9,9,9,5600000,2223,2,2519.118308591993,Mahindra World City,2 BHK,1500-2500 sqft,Valid,Chennai,Not available in source data,315,35
4610000,607,Koyambedu,2,0,9,9,9,9,9,9,9,9,9,9,9,9,9,9,9,9,9,9,9,9,9,9,9,9,9,9,9,9,9,9,9,9,9,9,9,4610000,607,2,7594.728171334432,Koyambedu,2 BHK,500-1000 sqft,Valid,Chennai,Not available in source data,315,35
8500000,937,Porur,2,0,9,9,9,9,9,9,9,9,9,9,9,9,9,9,9,9,9,9,9,9,9,9,9,9,9,9,9,9,9,9,9,9,9,9,9,8500000,937,2,9071.504802561367,Porur,2 BHK,500-1000 sqft,Valid,Chennai,Not available in source data,315,35
5808000,2225,Mahindra World City,4,0,9,9,9,9,9,9,9,9,9,9,9,9,9,9,9,9,9,9,9,9,9,9,9,9,9,9,9,9,9,9,9,9,9,9,9,5808000,2225,4,2610.3370786516853,Mahindra World City,4 BHK,1500-2500 sqft,Valid,Chennai,Not available in source data,315,35
5737000,2224,Mahindra World City,4,0,9,9,9,9,9,9,9,9,9,9,9,9,9,9,9,9,9,9,9,9,9,9,9,9,9,9,9,9,9,9,9,9,9,9,9,5737000,2224,4,2579.5863309352517,Mahindra World City,4 BHK,1500-2500 sqft,Valid,Chennai,Not available in source data,315,35
7898000,927,Ambattur,2,0,9,9,9,9,9,9,9,9,9,9,9,9,9,9,9,9,9,9,9,9,9,9,9,9,9,9,9,9,9,9,9,9,9,9,9,7898000,927,2,8519.956850053937,Ambattur,2 BHK,500-1000 sqft,Valid,Chennai,Not available in source data,315,35
10000000,1179,Mogappair,3,0,9,9,9,9,9,9,9,9,9,9,9,9,9,9,9,9,9,9,9,9,9,9,9,9,9,9,9,9,9,9,9,9,9,9,9,10000000,1179,3,8481.764206955047,Mogappair,3 BHK,1000-1500 sqft,Valid,Chennai,Not available in source data,315,35
8226000,1507,Mogappair,3,0,9,9,9,9,9,9,9,9,9,9,9,9,9,9,9,9,9,9,9,9,9,9,9,9,9,9,9,9,9,9,9,9,9,9,9,8226000,1507,3,5458.526874585269,Mogappair,3 BHK,1500-2500 sqft,Valid,Chennai,Not available in source data,315,35
9994000,1228,Mogappair,2,0,9,9,9,9,9,9,9,9,9,9,9,9,9,9,9,9,9,9,9,9,9,9,9,9,9,9,9,9,9,9,9,9,9,9,9,9994000,1228,2,8138.43648208469,Mogappair,2 BHK,1000-1500 sqft,Valid,Chennai,Not available in source data,315,35
9606000,1492,Mogappair,3,0,9,9,9,9,9,9,9,9,9,9,9,9,9,9,9,9,9,9,9,9,9,9,9,9,9,9,9,9,9,9,9,9,9,9,9,9606000,1492,3,6438.337801608579,Mogappair,3 BHK,1000-1500 sqft,Valid,Chennai,Not available in source data,315,35
8266000,1434,Mogappair,3,0,9,9,9,9,9,9,9,9,9,9,9,9,9,9,9,9,9,9,9,9,9,9,9,9,9,9,9,9,9,9,9,9,9,9,9,8266000,1434,3,5764.295676429568,Mogappair,3 BHK,1000-1500 sqft,Valid,Chennai,Not available in source data,315,35
7630000,1234,Mogappair,3,0,9,9,9,9,9,9,9,9,9,9,9,9,9,9,9,9,9,9,9,9,9,9,9,9,9,9,9,9,9,9,9,9,9,9,9,7630000,1234,3,6183.144246353322,Mogappair,3 BHK,1000-1500 sqft,Valid,Chennai,Not available in source data,315,35
7295000,1139,Mogappair,2,0,9,9,9,9,9,9,9,9,9,9,9,9,9,9,9,9,9,9,9,9,9,9,9,9,9,9,9,9,9,9,9,9,9,9,9,7295000,1139,2,6404.741000877963,Mogappair,2 BHK,1000-1500 sqft,Valid,Chennai,Not available in source data,315,35
11700000,1089,Mogappair,2,0,9,9,9,9,9,9,9,9,9,9,9,9,9,9,9,9,9,9,9,9,9,9,9,9,9,9,9,9,9,9,9,9,9,9,9,11700000,1089,2,10743.801652892562,Mogappair,2 BHK,1000-1500 sqft,Valid,Chennai,Not available in source data,315,35
9733000,1749,Mogappair,3,0,9,9,9,9,9,9,9,9,9,9,9,9,9,9,9,9,9,9,9,9,9,9,9,9,9,9,9,9,9,9,9,9,9,9,9,9733000,1749,3,5564.894225271583,Mogappair,3 BHK,1500-2500 sqft,Valid,Chennai,Not available in source data,315,35
10600000,1453,Mogappair,3,0,9,9,9,9,9,9,9,9,9,9,9,9,9,9,9,9,9,9,9,9,9,9,9,9,9,9,9,9,9,9,9,9,9,9,9,10600000,1453,3,7295.25120440468,Mogappair,3 BHK,1000-1500 sqft,Valid,Chennai,Not available in source data,315,35
8413000,1592,Mogappair,3,0,9,9,9,9,9,9,9,9,9,9,9,9,9,9,9,9,9,9,9,9,9,9,9,9,9,9,9,9,9,9,9,9,9,9,9,8413000,1592,3,5284.547738693467,Mogappair,3 BHK,1500-2500 sqft,Valid,Chennai,Not available in source data,315,35
8474000,1256,Mogappair,2,0,9,9,9,9,9,9,9,9,9,9,9,9,9,9,9,9,9,9,9,9,9,9,9,9,9,9,9,9,9,9,9,9,9,9,9,8474000,1256,2,6746.8152866242035,Mogappair,2 BHK,1000-1500 sqft,Valid,Chennai,Not available in source data,315,35
8487000,1265,Mogappair,3,0,9,9,9,9,9,9,9,9,9,9,9,9,9,9,9,9,9,9,9,9,9,9,9,9,9,9,9,9,9,9,9,9,9,9,9,8487000,1265,3,6709.090909090909,Mogappair,3 BHK,1000-1500 sqft,Valid,Chennai,Not available in source data,315,35
3881000,1267,Mogappair,2,0,9,9,9,9,9,9,9,9,9,9,9,9,9,9,9,9,9,9,9,9,9,9,9,9,9,9,9,9,9,9,9,9,9,9,9,3881000,1267,2,3063.1412786108917,Mogappair,2 BHK,1000-1500 sqft,Valid,Chennai,Not available in source data,315,35
5737000,721,Ambattur,2,0,9,9,9,9,9,9,9,9,9,9,9,9,9,9,9,9,9,9,9,9,9,9,9,9,9,9,9,9,9,9,9,9,9,9,9,5737000,721,2,7957.004160887656,Ambattur,2 BHK,500-1000 sqft,Valid,Chennai,Not available in source data,315,35
3881000,927,Ambattur,2,0,9,9,9,9,9,9,9,9,9,9,9,9,9,9,9,9,9,9,9,9,9,9,9,9,9,9,9,9,9,9,9,9,9,9,9,3881000,927,2,4186.623516720604,Ambattur,2 BHK,500-1000 sqft,Valid,Chennai,Not available in source data,315,35
13000000,872,Ambattur,2,0,9,9,9,9,9,9,9,9,9,9,9,9,9,9,9,9,9,9,9,9,9,9,9,9,9,9,9,9,9,9,9,9,9,9,9,13000000,872,2,14908.256880733945,Ambattur,2 BHK,500-1000 sqft,Valid,Chennai,Not available in source data,315,35
2250000,1160,Kottivakkam,2,1,9,9,9,9,9,9,9,9,9,9,9,9,9,9,9,9,9,9,9,9,9,9,9,9,9,9,9,9,9,9,9,9,9,9,9,2250000,1160,2,1939.655172413793,Kottivakkam,2 BHK,1000-1500 sqft,Valid,Chennai,Not available in source data,315,35
6286000,636,Kelambakkam,1,0,9,9,9,9,9,9,9,9,9,9,9,9,9,9,9,9,9,9,9,9,9,9,9,9,9,9,9,9,9,9,9,9,9,9,9,6286000,636,1,9883.647798742139,Kelambakkam,1 BHK,500-1000 sqft,Valid,Chennai,Not available in source data,315,35
2311000,882,Porur,2,0,9,9,9,9,9,9,9,9,9,9,9,9,9,9,9,9,9,9,9,9,9,9,9,9,9,9,9,9,9,9,9,9,9,9,9,2311000,882,2,2620.1814058956916,Porur,2 BHK,500-1000 sqft,Valid,Chennai,Not available in source data,315,35
4326000,557,Bakthavatchalapuram,1,0,9,9,9,9,9,9,9,9,9,9,9,9,9,9,9,9,9,9,9,9,9,9,9,9,9,9,9,9,9,9,9,9,9,9,9,4326000,557,1,7766.606822262119,Bakthavatchalapuram,1 BHK,500-1000 sqft,Valid,Chennai,Not available in source data,315,35
4200000,1030,Vanagaram,2,0,9,9,9,9,9,9,9,9,9,9,9,9,9,9,9,9,9,9,9,9,9,9,9,9,9,9,9,9,9,9,9,9,9,9,9,4200000,1030,2,4077.669902912621,Vanagaram,2 BHK,1000-1500 sqft,Valid,Chennai,Not available in source data,315,35
7200000,960,Kovur,2,1,9,9,9,9,9,9,9,9,9,9,9,9,9,9,9,9,9,9,9,9,9,9,9,9,9,9,9,9,9,9,9,9,9,9,9,7200000,960,2,7500.0,Kovur,2 BHK,500-1000 sqft,Valid,Chennai,Not available in source data,315,35
3350000,1443,Perumbakkam,3,0,9,9,9,9,9,9,9,9,9,9,9,9,9,9,9,9,9,9,9,9,9,9,9,9,9,9,9,9,9,9,9,9,9,9,9,3350000,1443,3,2321.5523215523217,Perumbakkam,3 BHK,1000-1500 sqft,Valid,Chennai,Not available in source data,315,35
12500000,650,Perumbakkam,1,0,9,9,9,9,9,9,9,9,9,9,9,9,9,9,9,9,9,9,9,9,9,9,9,9,9,9,9,9,9,9,9,9,9,9,9,12500000,650,1,19230.76923076923,Perumbakkam,1 BHK,500-1000 sqft,Valid,Chennai,Not available in source data,315,35
21800000,1286,Mogappair,2,0,9,9,9,9,9,9,9,9,9,9,9,9,9,9,9,9,9,9,9,9,9,9,9,9,9,9,9,9,9,9,9,9,9,9,9,21800000,1286,2,16951.788491446347,Mogappair,2 BHK,1000-1500 sqft,Valid,Chennai,Not available in source data,315,35
4610000,2621,Iyappanthangal,4,1,9,9,9,9,9,9,9,9,9,9,9,9,9,9,9,9,9,9,9,9,9,9,9,9,9,9,9,9,9,9,9,9,9,9,9,4610000,2621,4,1758.8706600534147,Iyappanthangal,4 BHK,2500+ sqft,Valid,Chennai,Not available in source data,315,35
3881000,872,Ambattur,2,0,9,9,9,9,9,9,9,9,9,9,9,9,9,9,9,9,9,9,9,9,9,9,9,9,9,9,9,9,9,9,9,9,9,9,9,3881000,872,2,4450.688073394495,Ambattur,2 BHK,500-1000 sqft,Valid,Chennai,Not available in source data,315,35
2630000,721,Ambattur,2,0,9,9,9,9,9,9,9,9,9,9,9,9,9,9,9,9,9,9,9,9,9,9,9,9,9,9,9,9,9,9,9,9,9,9,9,2630000,721,2,3647.7115117891817,Ambattur,2 BHK,500-1000 sqft,Valid,Chennai,Not available in source data,315,35
6720999,598,Ambattur,1,0,9,9,9,9,9,9,9,9,9,9,9,9,9,9,9,9,9,9,9,9,9,9,9,9,9,9,9,9,9,9,9,9,9,9,9,6720999,598,1,11239.128762541806,Ambattur,1 BHK,500-1000 sqft,Valid,Chennai,Not available in source data,315,35
6253000,1528,Ambattur,3,0,9,9,9,9,9,9,9,9,9,9,9,9,9,9,9,9,9,9,9,9,9,9,9,9,9,9,9,9,9,9,9,9,9,9,9,6253000,1528,3,4092.277486910995,Ambattur,3 BHK,1500-2500 sqft,Valid,Chennai,Not available in source data,315,35
10800000,1489,Medavakkam,2,0,9,9,9,9,9,9,9,9,9,9,9,9,9,9,9,9,9,9,9,9,9,9,9,9,9,9,9,9,9,9,9,9,9,9,9,10800000,1489,2,7253.19006044325,Medavakkam,2 BHK,1000-1500 sqft,Valid,Chennai,Not available in source data,315,35
7362000,2574,Medavakkam,4,0,9,9,9,9,9,9,9,9,9,9,9,9,9,9,9,9,9,9,9,9,9,9,9,9,9,9,9,9,9,9,9,9,9,9,9,7362000,2574,4,2860.13986013986,Medavakkam,4 BHK,2500+ sqft,Valid,Chennai,Not available in source data,315,35
4508000,1753,Medavakkam,3,0,9,9,9,9,9,9,9,9,9,9,9,9,9,9,9,9,9,9,9,9,9,9,9,9,9,9,9,9,9,9,9,9,9,9,9,4508000,1753,3,2571.591557330291,Medavakkam,3 BHK,1500-2500 sqft,Valid,Chennai,Not available in source data,315,35
4508000,1025,Ambattur,2,0,9,9,9,9,9,9,9,9,9,9,9,9,9,9,9,9,9,9,9,9,9,9,9,9,9,9,9,9,9,9,9,9,9,9,9,4508000,1025,2,4398.048780487805,Ambattur,2 BHK,1000-1500 sqft,Valid,Chennai,Not available in source data,315,35
10700000,1025,Ambattur,2,0,9,9,9,9,9,9,9,9,9,9,9,9,9,9,9,9,9,9,9,9,9,9,9,9,9,9,9,9,9,9,9,9,9,9,9,10700000,1025,2,10439.024390243903,Ambattur,2 BHK,1000-1500 sqft,Valid,Chennai,Not available in source data,315,35
7354000,2570,Medavakkam,4,0,9,9,9,9,9,9,9,9,9,9,9,9,9,9,9,9,9,9,9,9,9,9,9,9,9,9,9,9,9,9,9,9,9,9,9,7354000,2570,4,2861.47859922179,Medavakkam,4 BHK,2500+ sqft,Valid,Chennai,Not available in source data,315,35
10700000,1751,Medavakkam,3,0,9,9,9,9,9,9,9,9,9,9,9,9,9,9,9,9,9,9,9,9,9,9,9,9,9,9,9,9,9,9,9,9,9,9,9,10700000,1751,3,6110.793832095946,Medavakkam,3 BHK,1500-2500 sqft,Valid,Chennai,Not available in source data,315,35
5733000,2566,Medavakkam,4,0,9,9,9,9,9,9,9,9,9,9,9,9,9,9,9,9,9,9,9,9,9,9,9,9,9,9,9,9,9,9,9,9,9,9,9,5733000,2566,4,2234.2166796570536,Medavakkam,4 BHK,2500+ sqft,Valid,Chennai,Not available in source data,315,35
7320000,1365,Medavakkam,2,0,9,9,9,9,9,9,9,9,9,9,9,9,9,9,9,9,9,9,9,9,9,9,9,9,9,9,9,9,9,9,9,9,9,9,9,7320000,1365,2,5362.6373626373625,Medavakkam,2 BHK,1000-1500 sqft,Valid,Chennai,Not available in source data,315,35
3244000,1743,Medavakkam,3,0,9,9,9,9,9,9,9,9,9,9,9,9,9,9,9,9,9,9,9,9,9,9,9,9,9,9,9,9,9,9,9,9,9,9,9,3244000,1743,3,1861.1589213998852,Medavakkam,3 BHK,1500-2500 sqft,Valid,Chennai,Not available in source data,315,35
2751000,721,Ambattur,2,0,9,9,9,9,9,9,9,9,9,9,9,9,9,9,9,9,9,9,9,9,9,9,9,9,9,9,9,9,9,9,9,9,9,9,9,2751000,721,2,3815.5339805825242,Ambattur,2 BHK,500-1000 sqft,Valid,Chennai,Not available in source data,315,35
7156000,655,Medavakkam,1,0,9,9,9,9,9,9,9,9,9,9,9,9,9,9,9,9,9,9,9,9,9,9,9,9,9,9,9,9,9,9,9,9,9,9,9,7156000,655,1,10925.190839694656,Medavakkam,1 BHK,500-1000 sqft,Valid,Chennai,Not available in source data,315,35
4074000,1704,Medavakkam,3,0,9,9,9,9,9,9,9,9,9,9,9,9,9,9,9,9,9,9,9,9,9,9,9,9,9,9,9,9,9,9,9,9,9,9,9,4074000,1704,3,2390.845070422535,Medavakkam,3 BHK,1500-2500 sqft,Valid,Chennai,Not available in source data,315,35
5439000,970,Medavakkam,2,0,9,9,9,9,9,9,9,9,9,9,9,9,9,9,9,9,9,9,9,9,9,9,9,9,9,9,9,9,9,9,9,9,9,9,9,5439000,970,2,5607.216494845361,Medavakkam,2 BHK,500-1000 sqft,Valid,Chennai,Not available in source data,315,35
5363000,1295,Medavakkam,2,0,9,9,9,9,9,9,9,9,9,9,9,9,9,9,9,9,9,9,9,9,9,9,9,9,9,9,9,9,9,9,9,9,9,9,9,5363000,1295,2,4141.312741312741,Medavakkam,2 BHK,1000-1500 sqft,Valid,Chennai,Not available in source data,315,35
10800000,1277,Medavakkam,2,0,9,9,9,9,9,9,9,9,9,9,9,9,9,9,9,9,9,9,9,9,9,9,9,9,9,9,9,9,9,9,9,9,9,9,9,10800000,1277,2,8457.321848081441,Medavakkam,2 BHK,1000-1500 sqft,Valid,Chennai,Not available in source data,315,35
7501000,2575,Medavakkam,4,0,9,9,9,9,9,9,9,9,9,9,9,9,9,9,9,9,9,9,9,9,9,9,9,9,9,9,9,9,9,9,9,9,9,9,9,7501000,2575,4,2913.009708737864,Medavakkam,4 BHK,2500+ sqft,Valid,Chennai,Not available in source data,315,35
3000000,1786,Medavakkam,3,0,9,9,9,9,9,9,9,9,9,9,9,9,9,9,9,9,9,9,9,9,9,9,9,9,9,9,9,9,9,9,9,9,9,9,9,3000000,1786,3,1679.7312430011198,Medavakkam,3 BHK,1500-2500 sqft,Valid,Chennai,Not available in source data,315,35
3581000,820,Pammal,2,0,9,9,9,9,9,9,9,9,9,9,9,9,9,9,9,9,9,9,9,9,9,9,9,9,9,9,9,9,9,9,9,9,9,9,9,3581000,820,2,4367.073170731707,Pammal,2 BHK,500-1000 sqft,Valid,Chennai,Not available in source data,315,35
3981000,591,Perambur,1,0,9,9,9,9,9,9,9,9,9,9,9,9,9,9,9,9,9,9,9,9,9,9,9,9,9,9,9,9,9,9,9,9,9,9,9,3981000,591,1,6736.040609137056,Perambur,1 BHK,500-1000 sqft,Valid,Chennai,Not available in source data,315,35
13600000,657,Perambur,2,0,9,9,9,9,9,9,9,9,9,9,9,9,9,9,9,9,9,9,9,9,9,9,9,9,9,9,9,9,9,9,9,9,9,9,9,13600000,657,2,20700.152207001523,Perambur,2 BHK,500-1000 sqft,Valid,Chennai,Not available in source data,315,35
15100000,2277,Iyappanthangal,4,0,9,9,9,9,9,9,9,9,9,9,9,9,9,9,9,9,9,9,9,9,9,9,9,9,9,9,9,9,9,9,9,9,9,9,9,15100000,2277,4,6631.53271848924,Iyappanthangal,4 BHK,1500-2500 sqft,Valid,Chennai,Not available in source data,315,35
13500000,2533,Iyappanthangal,4,0,9,9,9,9,9,9,9,9,9,9,9,9,9,9,9,9,9,9,9,9,9,9,9,9,9,9,9,9,9,9,9,9,9,9,9,13500000,2533,4,5329.648637978681,Iyappanthangal,4 BHK,2500+ sqft,Valid,Chennai,Not available in source data,315,35
10900000,2256,Iyappanthangal,4,0,9,9,9,9,9,9,9,9,9,9,9,9,9,9,9,9,9,9,9,9,9,9,9,9,9,9,9,9,9,9,9,9,9,9,9,10900000,2256,4,4831.560283687943,Iyappanthangal,4 BHK,1500-2500 sqft,Valid,Chennai,Not available in source data,315,35
6995999,1825,Iyappanthangal,3,0,9,9,9,9,9,9,9,9,9,9,9,9,9,9,9,9,9,9,9,9,9,9,9,9,9,9,9,9,9,9,9,9,9,9,9,6995999,1825,3,3833.424109589041,Iyappanthangal,3 BHK,1500-2500 sqft,Valid,Chennai,Not available in source data,315,35
8964000,1166,Iyappanthangal,2,0,9,9,9,9,9,9,9,9,9,9,9,9,9,9,9,9,9,9,9,9,9,9,9,9,9,9,9,9,9,9,9,9,9,9,9,8964000,1166,2,7687.821612349914,Iyappanthangal,2 BHK,1000-1500 sqft,Valid,Chennai,Not available in source data,315,35
14800000,1494,Iyappanthangal,2,0,9,9,9,9,9,9,9,9,9,9,9,9,9,9,9,9,9,9,9,9,9,9,9,9,9,9,9,9,9,9,9,9,9,9,9,14800000,1494,2,9906.291834002677,Iyappanthangal,2 BHK,1000-1500 sqft,Valid,Chennai,Not available in source data,315,35
10800000,2474,Iyappanthangal,4,0,9,9,9,9,9,9,9,9,9,9,9,9,9,9,9,9,9,9,9,9,9,9,9,9,9,9,9,9,9,9,9,9,9,9,9,10800000,2474,4,4365.400161681488,Iyappanthangal,4 BHK,1500-2500 sqft,Valid,Chennai,Not available in source data,315,35
11600000,1800,Iyappanthangal,3,0,9,9,9,9,9,9,9,9,9,9,9,9,9,9,9,9,9,9,9,9,9,9,9,9,9,9,9,9,9,9,9,9,9,9,9,11600000,1800,3,6444.444444444444,Iyappanthangal,3 BHK,1500-2500 sqft,Valid,Chennai,Not available in source data,315,35
8040000,1938,Iyappanthangal,3,0,9,9,9,9,9,9,9,9,9,9,9,9,9,9,9,9,9,9,9,9,9,9,9,9,9,9,9,9,9,9,9,9,9,9,9,8040000,1938,3,4148.606811145511,Iyappanthangal,3 BHK,1500-2500 sqft,Valid,Chennai,Not available in source data,315,35
18200000,1340,Iyappanthangal,2,0,9,9,9,9,9,9,9,9,9,9,9,9,9,9,9,9,9,9,9,9,9,9,9,9,9,9,9,9,9,9,9,9,9,9,9,18200000,1340,2,13582.089552238805,Iyappanthangal,2 BHK,1000-1500 sqft,Valid,Chennai,Not available in source data,315,35
10600000,2436,Korattur,3,0,9,9,9,9,9,9,9,9,9,9,9,9,9,9,9,9,9,9,9,9,9,9,9,9,9,9,9,9,9,9,9,9,9,9,9,10600000,2436,3,4351.3957307060755,Korattur,3 BHK,1500-2500 sqft,Valid,Chennai,Not available in source data,315,35
17900000,1846,Sholinganallur,3,0,9,9,9,9,9,9,9,9,9,9,9,9,9,9,9,9,9,9,9,9,9,9,9,9,9,9,9,9,9,9,9,9,9,9,9,17900000,1846,3,9696.641386782232,Sholinganallur,3 BHK,1500-2500 sqft,Valid,Chennai,Not available in source data,315,35
34200000,2392,Korattur,3,0,9,9,9,9,9,9,9,9,9,9,9,9,9,9,9,9,9,9,9,9,9,9,9,9,9,9,9,9,9,9,9,9,9,9,9,34200000,2392,3,14297.658862876255,Korattur,3 BHK,1500-2500 sqft,Valid,Chennai,Not available in source data,315,35
9764000,4026,Sholinganallur,4,0,9,9,9,9,9,9,9,9,9,9,9,9,9,9,9,9,9,9,9,9,9,9,9,9,9,9,9,9,9,9,9,9,9,9,9,9764000,4026,4,2425.2359662195727,Sholinganallur,4 BHK,2500+ sqft,Valid,Chennai,Not available in source data,315,35
12900000,1336,Korattur,3,0,9,9,9,9,9,9,9,9,9,9,9,9,9,9,9,9,9,9,9,9,9,9,9,9,9,9,9,9,9,9,9,9,9,9,9,12900000,1336,3,9655.688622754491,Korattur,3 BHK,1000-1500 sqft,Valid,Chennai,Not available in source data,315,35
7820999,2250,Sholinganallur,3,0,9,9,9,9,9,9,9,9,9,9,9,9,9,9,9,9,9,9,9,9,9,9,9,9,9,9,9,9,9,9,9,9,9,9,9,7820999,2250,3,3475.9995555555556,Sholinganallur,3 BHK,1500-2500 sqft,Valid,Chennai,Not available in source data,315,35
35500000,1132,Korattur,2,0,9,9,9,9,9,9,9,9,9,9,9,9,9,9,9,9,9,9,9,9,9,9,9,9,9,9,9,9,9,9,9,9,9,9,9,35500000,1132,2,31360.42402826855,Korattur,2 BHK,1000-1500 sqft,Valid,Chennai,Not available in source data,315,35
8924000,4736,Sholinganallur,4,0,9,9,9,9,9,9,9,9,9,9,9,9,9,9,9,9,9,9,9,9,9,9,9,9,9,9,9,9,9,9,9,9,9,9,9,8924000,4736,4,1884.2905405405406,Sholinganallur,4 BHK,2500+ sqft,Valid,Chennai,Not available in source data,315,35
10800000,1552,Sholinganallur,3,0,9,9,9,9,9,9,9,9,9,9,9,9,9,9,9,9,9,9,9,9,9,9,9,9,9,9,9,9,9,9,9,9,9,9,9,10800000,1552,3,6958.762886597938,Sholinganallur,3 BHK,1500-2500 sqft,Valid,Chennai,Not available in source data,315,35
40100000,1889,Sholinganallur,3,0,9,9,9,9,9,9,9,9,9,9,9,9,9,9,9,9,9,9,9,9,9,9,9,9,9,9,9,9,9,9,9,9,9,9,9,40100000,1889,3,21228.163049232397,Sholinganallur,3 BHK,1500-2500 sqft,Valid,Chennai,Not available in source data,315,35
33300000,4727,Sholinganallur,4,0,9,9,9,9,9,9,9,9,9,9,9,9,9,9,9,9,9,9,9,9,9,9,9,9,9,9,9,9,9,9,9,9,9,9,9,33300000,4727,4,7044.637190607151,Sholinganallur,4 BHK,2500+ sqft,Valid,Chennai,Not available in source data,315,35
33300000,4452,Sholinganallur,4,0,9,9,9,9,9,9,9,9,9,9,9,9,9,9,9,9,9,9,9,9,9,9,9,9,9,9,9,9,9,9,9,9,9,9,9,33300000,4452,4,7479.78436657682,Sholinganallur,4 BHK,2500+ sqft,Valid,Chennai,Not available in source data,315,35
35100000,4451,Sholinganallur,4,0,9,9,9,9,9,9,9,9,9,9,9,9,9,9,9,9,9,9,9,9,9,9,9,9,9,9,9,9,9,9,9,9,9,9,9,35100000,4451,4,7885.868344192317,Sholinganallur,4 BHK,2500+ sqft,Valid,Chennai,Not available in source data,315,35
9522000,4690,Sholinganallur,4,0,9,9,9,9,9,9,9,9,9,9,9,9,9,9,9,9,9,9,9,9,9,9,9,9,9,9,9,9,9,9,9,9,9,9,9,9522000,4690,4,2030.277185501066,Sholinganallur,4 BHK,2500+ sqft,Valid,Chennai,Not available in source data,315,35
32400000,1656,Sholinganallur,3,0,9,9,9,9,9,9,9,9,9,9,9,9,9,9,9,9,9,9,9,9,9,9,9,9,9,9,9,9,9,9,9,9,9,9,9,32400000,1656,3,19565.217391304348,Sholinganallur,3 BHK,1500-2500 sqft,Valid,Chennai,Not available in source data,315,35
10600000,4321,Sholinganallur,4,0,9,9,9,9,9,9,9,9,9,9,9,9,9,9,9,9,9,9,9,9,9,9,9,9,9,9,9,9,9,9,9,9,9,9,9,10600000,4321,4,2453.135848183291,Sholinganallur,4 BHK,2500+ sqft,Valid,Chennai,Not available in source data,315,35
32200000,1859,Sholinganallur,3,0,9,9,9,9,9,9,9,9,9,9,9,9,9,9,9,9,9,9,9,9,9,9,9,9,9,9,9,9,9,9,9,9,9,9,9,32200000,1859,3,17321.140398063475,Sholinganallur,3 BHK,1500-2500 sqft,Valid,Chennai,Not available in source data,315,35
7598999,4297,Sholinganallur,4,0,9,9,9,9,9,9,9,9,9,9,9,9,9,9,9,9,9,9,9,9,9,9,9,9,9,9,9,9,9,9,9,9,9,9,9,7598999,4297,4,1768.4428671165929,Sholinganallur,4 BHK,2500+ sqft,Valid,Chennai,Not available in source data,315,35
7309999,1551,Sholinganallur,3,0,9,9,9,9,9,9,9,9,9,9,9,9,9,9,9,9,9,9,9,9,9,9,9,9,9,9,9,9,9,9,9,9,9,9,9,7309999,1551,3,4713.087685364281,Sholinganallur,3 BHK,1500-2500 sqft,Valid,Chennai,Not available in source data,315,35
7952000,1492,Sholinganallur,3,0,9,9,9,9,9,9,9,9,9,9,9,9,9,9,9,9,9,9,9,9,9,9,9,9,9,9,9,9,9,9,9,9,9,9,9,7952000,1492,3,5329.758713136729,Sholinganallur,3 BHK,1000-1500 sqft,Valid,Chennai,Not available in source data,315,35
10500000,1623,Sholinganallur,3,0,9,9,9,9,9,9,9,9,9,9,9,9,9,9,9,9,9,9,9,9,9,9,9,9,9,9,9,9,9,9,9,9,9,9,9,10500000,1623,3,6469.500924214418,Sholinganallur,3 BHK,1500-2500 sqft,Valid,Chennai,Not available in source data,315,35
7809999,2154,Sholinganallur,4,0,9,9,9,9,9,9,9,9,9,9,9,9,9,9,9,9,9,9,9,9,9,9,9,9,9,9,9,9,9,9,9,9,9,9,9,7809999,2154,4,3625.811977715877,Sholinganallur,4 BHK,1500-2500 sqft,Valid,Chennai,Not available in source data,315,35
10300000,1594,Sholinganallur,3,0,9,9,9,9,9,9,9,9,9,9,9,9,9,9,9,9,9,9,9,9,9,9,9,9,9,9,9,9,9,9,9,9,9,9,9,10300000,1594,3,6461.7314930991215,Sholinganallur,3 BHK,1500-2500 sqft,Valid,Chennai,Not available in source data,315,35
2392000,1699,Navallur,3,0,9,9,9,9,9,9,9,9,9,9,9,9,9,9,9,9,9,9,9,9,9,9,9,9,9,9,9,9,9,9,9,9,9,9,9,2392000,1699,3,1407.8869923484403,Navallur,3 BHK,1500-2500 sqft,Valid,Chennai,Not available in source data,315,35
3581000,581,Singaperumal Koil,1,0,9,9,9,9,9,9,9,9,9,9,9,9,9,9,9,9,9,9,9,9,9,9,9,9,9,9,9,9,9,9,9,9,9,9,9,3581000,581,1,6163.511187607573,Singaperumal Koil,1 BHK,500-1000 sqft,Valid,Chennai,Not available in source data,315,35
9228000,657,Perambur,2,0,9,9,9,9,9,9,9,9,9,9,9,9,9,9,9,9,9,9,9,9,9,9,9,9,9,9,9,9,9,9,9,9,9,9,9,9228000,657,2,14045.66210045662,Perambur,2 BHK,500-1000 sqft,Valid,Chennai,Not available in source data,315,35
9234000,1605,Sholinganallur,3,0,9,9,9,9,9,9,9,9,9,9,9,9,9,9,9,9,9,9,9,9,9,9,9,9,9,9,9,9,9,9,9,9,9,9,9,9234000,1605,3,5753.271028037383,Sholinganallur,3 BHK,1500-2500 sqft,Valid,Chennai,Not available in source data,315,35
8354000,1606,Sholinganallur,3,0,9,9,9,9,9,9,9,9,9,9,9,9,9,9,9,9,9,9,9,9,9,9,9,9,9,9,9,9,9,9,9,9,9,9,9,8354000,1606,3,5201.7434620174345,Sholinganallur,3 BHK,1500-2500 sqft,Valid,Chennai,Not available in source data,315,35
6714000,1453,Sholinganallur,3,0,9,9,9,9,9,9,9,9,9,9,9,9,9,9,9,9,9,9,9,9,9,9,9,9,9,9,9,9,9,9,9,9,9,9,9,6714000,1453,3,4620.784583620097,Sholinganallur,3 BHK,1000-1500 sqft,Valid,Chennai,Not available in source data,315,35
9533000,825,Perungudi,2,0,9,9,9,9,9,9,9,9,9,9,9,9,9,9,9,9,9,9,9,9,9,9,9,9,9,9,9,9,9,9,9,9,9,9,9,9533000,825,2,11555.151515151516,Perungudi,2 BHK,500-1000 sqft,Valid,Chennai,Not available in source data,315,35
5475000,1658,Sholinganallur,3,0,9,9,9,9,9,9,9,9,9,9,9,9,9,9,9,9,9,9,9,9,9,9,9,9,9,9,9,9,9,9,9,9,9,9,9,5475000,1658,3,3302.1712907117007,Sholinganallur,3 BHK,1500-2500 sqft,Valid,Chennai,Not available in source data,315,35
9545000,670,Perungudi,1,0,9,9,9,9,9,9,9,9,9,9,9,9,9,9,9,9,9,9,9,9,9,9,9,9,9,9,9,9,9,9,9,9,9,9,9,9545000,670,1,14246.268656716418,Perungudi,1 BHK,500-1000 sqft,Valid,Chennai,Not available in source data,315,35
3960000,1660,Sholinganallur,3,0,9,9,9,9,9,9,9,9,9,9,9,9,9,9,9,9,9,9,9,9,9,9,9,9,9,9,9,9,9,9,9,9,9,9,9,3960000,1660,3,2385.5421686746986,Sholinganallur,3 BHK,1500-2500 sqft,Valid,Chennai,Not available in source data,315,35
3361000,490,Perungudi,1,0,9,9,9,9,9,9,9,9,9,9,9,9,9,9,9,9,9,9,9,9,9,9,9,9,9,9,9,9,9,9,9,9,9,9,9,3361000,490,1,6859.183673469388,Perungudi,1 BHK,<500 sqft,Valid,Chennai,Not available in source data,315,35
5196000,415,Perungudi,1,0,9,9,9,9,9,9,9,9,9,9,9,9,9,9,9,9,9,9,9,9,9,9,9,9,9,9,9,9,9,9,9,9,9,9,9,5196000,415,1,12520.481927710844,Perungudi,1 BHK,<500 sqft,Valid,Chennai,Not available in source data,315,35
3481000,635,Perungudi,1,0,9,9,9,9,9,9,9,9,9,9,9,9,9,9,9,9,9,9,9,9,9,9,9,9,9,9,9,9,9,9,9,9,9,9,9,3481000,635,1,5481.889763779527,Perungudi,1 BHK,500-1000 sqft,Valid,Chennai,Not available in source data,315,35
7213000,430,Perungudi,1,0,9,9,9,9,9,9,9,9,9,9,9,9,9,9,9,9,9,9,9,9,9,9,9,9,9,9,9,9,9,9,9,9,9,9,9,7213000,430,1,16774.418604651164,Perungudi,1 BHK,<500 sqft,Valid,Chennai,Not available in source data,315,35
9741000,1173,Perungudi,2,0,9,9,9,9,9,9,9,9,9,9,9,9,9,9,9,9,9,9,9,9,9,9,9,9,9,9,9,9,9,9,9,9,9,9,9,9741000,1173,2,8304.347826086956,Perungudi,2 BHK,1000-1500 sqft,Valid,Chennai,Not available in source data,315,35
7869000,1584,Perungudi,3,0,9,9,9,9,9,9,9,9,9,9,9,9,9,9,9,9,9,9,9,9,9,9,9,9,9,9,9,9,9,9,9,9,9,9,9,7869000,1584,3,4967.80303030303,Perungudi,3 BHK,1500-2500 sqft,Valid,Chennai,Not available in source data,315,35
5764000,1290,Mogappair,3,0,9,9,9,9,9,9,9,9,9,9,9,9,9,9,9,9,9,9,9,9,9,9,9,9,9,9,9,9,9,9,9,9,9,9,9,5764000,1290,3,4468.217054263566,Mogappair,3 BHK,1000-1500 sqft,Valid,Chennai,Not available in source data,315,35
7686000,945,Mogappair,2,0,9,9,9,9,9,9,9,9,9,9,9,9,9,9,9,9,9,9,9,9,9,9,9,9,9,9,9,9,9,9,9,9,9,9,9,7686000,945,2,8133.333333333333,Mogappair,2 BHK,500-1000 sqft,Valid,Chennai,Not available in source data,315,35
5642000,1260,Mogappair,3,0,9,9,9,9,9,9,9,9,9,9,9,9,9,9,9,9,9,9,9,9,9,9,9,9,9,9,9,9,9,9,9,9,9,9,9,5642000,1260,3,4477.777777777777,Mogappair,3 BHK,1000-1500 sqft,Valid,Chennai,Not available in source data,315,35
8303000,925,Mogappair,2,0,9,9,9,9,9,9,9,9,9,9,9,9,9,9,9,9,9,9,9,9,9,9,9,9,9,9,9,9,9,9,9,9,9,9,9,8303000,925,2,8976.216216216217,Mogappair,2 BHK,500-1000 sqft,Valid,Chennai,Not available in source data,315,35
8540000,1444,Sholinganallur,3,0,9,9,9,9,9,9,9,9,9,9,9,9,9,9,9,9,9,9,9,9,9,9,9,9,9,9,9,9,9,9,9,9,9,9,9,8540000,1444,3,5914.127423822714,Sholinganallur,3 BHK,1000-1500 sqft,Valid,Chennai,Not available in source data,315,35
9228000,1400,Mogappair,3,0,9,9,9,9,9,9,9,9,9,9,9,9,9,9,9,9,9,9,9,9,9,9,9,9,9,9,9,9,9,9,9,9,9,9,9,9228000,1400,3,6591.428571428572,Mogappair,3 BHK,1000-1500 sqft,Valid,Chennai,Not available in source data,315,35
9533000,1453,Sholinganallur,3,0,9,9,9,9,9,9,9,9,9,9,9,9,9,9,9,9,9,9,9,9,9,9,9,9,9,9,9,9,9,9,9,9,9,9,9,9533000,1453,3,6560.9084652443225,Sholinganallur,3 BHK,1000-1500 sqft,Valid,Chennai,Not available in source data,315,35
9545000,1658,Sholinganallur,3,0,9,9,9,9,9,9,9,9,9,9,9,9,9,9,9,9,9,9,9,9,9,9,9,9,9,9,9,9,9,9,9,9,9,9,9,9545000,1658,3,5756.936067551266,Sholinganallur,3 BHK,1500-2500 sqft,Valid,Chennai,Not available in source data,315,35
4544000,1660,Sholinganallur,3,0,9,9,9,9,9,9,9,9,9,9,9,9,9,9,9,9,9,9,9,9,9,9,9,9,9,9,9,9,9,9,9,9,9,9,9,4544000,1660,3,2737.3493975903616,Sholinganallur,3 BHK,1500-2500 sqft,Valid,Chennai,Not available in source data,315,35
5884000,967,Navallur,2,0,9,9,9,9,9,9,9,9,9,9,9,9,9,9,9,9,9,9,9,9,9,9,9,9,9,9,9,9,9,9,9,9,9,9,9,5884000,967,2,6084.798345398139,Navallur,2 BHK,500-1000 sqft,Valid,Chennai,Not available in source data,315,35
2664000,1252,Navallur,2,0,9,9,9,9,9,9,9,9,9,9,9,9,9,9,9,9,9,9,9,9,9,9,9,9,9,9,9,9,9,9,9,9,9,9,9,2664000,1252,2,2127.7955271565497,Navallur,2 BHK,1000-1500 sqft,Valid,Chennai,Not available in source data,315,35
4201000,567,Navallur,1,0,9,9,9,9,9,9,9,9,9,9,9,9,9,9,9,9,9,9,9,9,9,9,9,9,9,9,9,9,9,9,9,9,9,9,9,4201000,567,1,7409.171075837742,Navallur,1 BHK,500-1000 sqft,Valid,Chennai,Not available in source data,315,35
7844000,894,Navallur,2,0,9,9,9,9,9,9,9,9,9,9,9,9,9,9,9,9,9,9,9,9,9,9,9,9,9,9,9,9,9,9,9,9,9,9,9,7844000,894,2,8774.049217002237,Navallur,2 BHK,500-1000 sqft,Valid,Chennai,Not available in source data,315,35
10300000,1669,Navallur,3,0,9,9,9,9,9,9,9,9,9,9,9,9,9,9,9,9,9,9,9,9,9,9,9,9,9,9,9,9,9,9,9,9,9,9,9,10300000,1669,3,6171.360095865788,Navallur,3 BHK,1500-2500 sqft,Valid,Chennai,Not available in source data,315,35
4934000,2200,Navallur,4,0,9,9,9,9,9,9,9,9,9,9,9,9,9,9,9,9,9,9,9,9,9,9,9,9,9,9,9,9,9,9,9,9,9,9,9,4934000,2200,4,2242.7272727272725,Navallur,4 BHK,1500-2500 sqft,Valid,Chennai,Not available in source data,315,35
3501000,999,Moolacheri,2,0,9,9,9,9,9,9,9,9,9,9,9,9,9,9,9,9,9,9,9,9,9,9,9,9,9,9,9,9,9,9,9,9,9,9,9,3501000,999,2,3504.5045045045044,Moolacheri,2 BHK,500-1000 sqft,Valid,Chennai,Not available in source data,315,35
3400000,745,Navallur,2,0,9,9,9,9,9,9,9,9,9,9,9,9,9,9,9,9,9,9,9,9,9,9,9,9,9,9,9,9,9,9,9,9,9,9,9,3400000,745,2,4563.758389261745,Navallur,2 BHK,500-1000 sqft,Valid,Chennai,Not available in source data,315,35
11700000,603,Moolacheri,2,0,9,9,9,9,9,9,9,9,9,9,9,9,9,9,9,9,9,9,9,9,9,9,9,9,9,9,9,9,9,9,9,9,9,9,9,11700000,603,2,19402.985074626864,Moolacheri,2 BHK,500-1000 sqft,Valid,Chennai,Not available in source data,315,35
5800000,2500,Navallur,4,0,9,9,9,9,9,9,9,9,9,9,9,9,9,9,9,9,9,9,9,9,9,9,9,9,9,9,9,9,9,9,9,9,9,9,9,5800000,2500,4,2320.0,Navallur,4 BHK,2500+ sqft,Valid,Chennai,Not available in source data,315,35
3143000,1152,Moolacheri,2,0,9,9,9,9,9,9,9,9,9,9,9,9,9,9,9,9,9,9,9,9,9,9,9,9,9,9,9,9,9,9,9,9,9,9,9,3143000,1152,2,2728.2986111111113,Moolacheri,2 BHK,1000-1500 sqft,Valid,Chennai,Not available in source data,315,35
17900000,603,Moolacheri,1,0,9,9,9,9,9,9,9,9,9,9,9,9,9,9,9,9,9,9,9,9,9,9,9,9,9,9,9,9,9,9,9,9,9,9,9,17900000,603,1,29684.9087893864,Moolacheri,1 BHK,500-1000 sqft,Valid,Chennai,Not available in source data,315,35
3200000,1707,Vadapalani,3,0,9,9,9,9,9,9,9,9,9,9,9,9,9,9,9,9,9,9,9,9,9,9,9,9,9,9,9,9,9,9,9,9,9,9,9,3200000,1707,3,1874.6338605741066,Vadapalani,3 BHK,1500-2500 sqft,Valid,Chennai,Not available in source data,315,35
18600000,612,Moolacheri,1,0,9,9,9,9,9,9,9,9,9,9,9,9,9,9,9,9,9,9,9,9,9,9,9,9,9,9,9,9,9,9,9,9,9,9,9,18600000,612,1,30392.156862745098,Moolacheri,1 BHK,500-1000 sqft,Valid,Chennai,Not available in source data,315,35
17200000,1777,Vadapalani,3,0,9,9,9,9,9,9,9,9,9,9,9,9,9,9,9,9,9,9,9,9,9,9,9,9,9,9,9,9,9,9,9,9,9,9,9,17200000,1777,3,9679.23466516601,Vadapalani,3 BHK,1500-2500 sqft,Valid,Chennai,Not available in source data,315,35
14900000,1645,Vadapalani,3,0,9,9,9,9,9,9,9,9,9,9,9,9,9,9,9,9,9,9,9,9,9,9,9,9,9,9,9,9,9,9,9,9,9,9,9,14900000,1645,3,9057.75075987842,Vadapalani,3 BHK,1500-2500 sqft,Valid,Chennai,Not available in source data,315,35
12200000,1423,Vadapalani,3,0,9,9,9,9,9,9,9,9,9,9,9,9,9,9,9,9,9,9,9,9,9,9,9,9,9,9,9,9,9,9,9,9,9,9,9,12200000,1423,3,8573.436401967674,Vadapalani,3 BHK,1000-1500 sqft,Valid,Chennai,Not available in source data,315,35
14900000,1163,Vadapalani,2,0,9,9,9,9,9,9,9,9,9,9,9,9,9,9,9,9,9,9,9,9,9,9,9,9,9,9,9,9,9,9,9,9,9,9,9,14900000,1163,2,12811.693895098882,Vadapalani,2 BHK,1000-1500 sqft,Valid,Chennai,Not available in source data,315,35
14900000,1421,Vadapalani,3,0,9,9,9,9,9,9,9,9,9,9,9,9,9,9,9,9,9,9,9,9,9,9,9,9,9,9,9,9,9,9,9,9,9,9,9,14900000,1421,3,10485.573539760731,Vadapalani,3 BHK,1000-1500 sqft,Valid,Chennai,Not available in source data,315,35
12200000,1428,Vadapalani,3,0,9,9,9,9,9,9,9,9,9,9,9,9,9,9,9,9,9,9,9,9,9,9,9,9,9,9,9,9,9,9,9,9,9,9,9,12200000,1428,3,8543.417366946778,Vadapalani,3 BHK,1000-1500 sqft,Valid,Chennai,Not available in source data,315,35
15000000,1168,Vadapalani,2,0,9,9,9,9,9,9,9,9,9,9,9,9,9,9,9,9,9,9,9,9,9,9,9,9,9,9,9,9,9,9,9,9,9,9,9,15000000,1168,2,12842.465753424658,Vadapalani,2 BHK,1000-1500 sqft,Valid,Chennai,Not available in source data,315,35
10300000,1434,Vadapalani,3,0,9,9,9,9,9,9,9,9,9,9,9,9,9,9,9,9,9,9,9,9,9,9,9,9,9,9,9,9,9,9,9,9,9,9,9,10300000,1434,3,7182.705718270572,Vadapalani,3 BHK,1000-1500 sqft,Valid,Chennai,Not available in source data,315,35
17600000,983,Vadapalani,2,0,9,9,9,9,9,9,9,9,9,9,9,9,9,9,9,9,9,9,9,9,9,9,9,9,9,9,9,9,9,9,9,9,9,9,9,17600000,983,2,17904.37436419125,Vadapalani,2 BHK,500-1000 sqft,Valid,Chennai,Not available in source data,315,35
11299999,1680,Vadapalani,3,0,9,9,9,9,9,9,9,9,9,9,9,9,9,9,9,9,9,9,9,9,9,9,9,9,9,9,9,9,9,9,9,9,9,9,9,11299999,1680,3,6726.189880952381,Vadapalani,3 BHK,1500-2500 sqft,Valid,Chennai,Not available in source data,315,35
11299999,1077,Vadapalani,2,0,9,9,9,9,9,9,9,9,9,9,9,9,9,9,9,9,9,9,9,9,9,9,9,9,9,9,9,9,9,9,9,9,9,9,9,11299999,1077,2,10492.10677808728,Vadapalani,2 BHK,1000-1500 sqft,Valid,Chennai,Not available in source data,315,35
10300000,1080,Vadapalani,2,0,9,9,9,9,9,9,9,9,9,9,9,9,9,9,9,9,9,9,9,9,9,9,9,9,9,9,9,9,9,9,9,9,9,9,9,10300000,1080,2,9537.037037037036,Vadapalani,2 BHK,1000-1500 sqft,Valid,Chennai,Not available in source data,315,35
10200000,981,Vadapalani,2,0,9,9,9,9,9,9,9,9,9,9,9,9,9,9,9,9,9,9,9,9,9,9,9,9,9,9,9,9,9,9,9,9,9,9,9,10200000,981,2,10397.553516819571,Vadapalani,2 BHK,500-1000 sqft,Valid,Chennai,Not available in source data,315,35
10200000,980,Vadapalani,2,0,9,9,9,9,9,9,9,9,9,9,9,9,9,9,9,9,9,9,9,9,9,9,9,9,9,9,9,9,9,9,9,9,9,9,9,10200000,980,2,10408.163265306122,Vadapalani,2 BHK,500-1000 sqft,Valid,Chennai,Not available in source data,315,35
3200000,979,Vadapalani,2,0,9,9,9,9,9,9,9,9,9,9,9,9,9,9,9,9,9,9,9,9,9,9,9,9,9,9,9,9,9,9,9,9,9,9,9,3200000,979,2,3268.641470888662,Vadapalani,2 BHK,500-1000 sqft,Valid,Chennai,Not available in source data,315,35
62900000,979,Vadapalani,2,0,9,9,9,9,9,9,9,9,9,9,9,9,9,9,9,9,9,9,9,9,9,9,9,9,9,9,9,9,9,9,9,9,9,9,9,62900000,979,2,64249.23391215526,Vadapalani,2 BHK,500-1000 sqft,Valid,Chennai,Not available in source data,315,35
48600000,3595,Adyar,4,0,9,9,9,9,9,9,9,9,9,9,9,9,9,9,9,9,9,9,9,9,9,9,9,9,9,9,9,9,9,9,9,9,9,9,9,48600000,3595,4,13518.776077885952,Adyar,4 BHK,2500+ sqft,Valid,Chennai,Not available in source data,315,35
63200000,2780,Adyar,3,0,9,9,9,9,9,9,9,9,9,9,9,9,9,9,9,9,9,9,9,9,9,9,9,9,9,9,9,9,9,9,9,9,9,9,9,63200000,2780,3,22733.812949640287,Adyar,3 BHK,2500+ sqft,Valid,Chennai,Not available in source data,315,35
57000000,3615,Adyar,4,0,9,9,9,9,9,9,9,9,9,9,9,9,9,9,9,9,9,9,9,9,9,9,9,9,9,9,9,9,9,9,9,9,9,9,9,57000000,3615,4,15767.634854771784,Adyar,4 BHK,2500+ sqft,Valid,Chennai,Not available in source data,315,35
5955000,3260,Adyar,3,0,9,9,9,9,9,9,9,9,9,9,9,9,9,9,9,9,9,9,9,9,9,9,9,9,9,9,9,9,9,9,9,9,9,9,9,5955000,3260,3,1826.6871165644172,Adyar,3 BHK,2500+ sqft,Valid,Chennai,Not available in source data,315,35
4934000,730,Perungudi,1,0,9,9,9,9,9,9,9,9,9,9,9,9,9,9,9,9,9,9,9,9,9,9,9,9,9,9,9,9,9,9,9,9,9,9,9,4934000,730,1,6758.904109589041,Perungudi,1 BHK,500-1000 sqft,Valid,Chennai,Not available in source data,315,35
3400000,999,Moolacheri,2,0,9,9,9,9,9,9,9,9,9,9,9,9,9,9,9,9,9,9,9,9,9,9,9,9,9,9,9,9,9,9,9,9,9,9,9,3400000,999,2,3403.4034034034034,Moolacheri,2 BHK,500-1000 sqft,Valid,Chennai,Not available in source data,315,35
5800000,603,Moolacheri,2,0,9,9,9,9,9,9,9,9,9,9,9,9,9,9,9,9,9,9,9,9,9,9,9,9,9,9,9,9,9,9,9,9,9,9,9,5800000,603,2,9618.573797678275,Moolacheri,2 BHK,500-1000 sqft,Valid,Chennai,Not available in source data,315,35
3200000,603,Moolacheri,1,0,9,9,9,9,9,9,9,9,9,9,9,9,9,9,9,9,9,9,9,9,9,9,9,9,9,9,9,9,9,9,9,9,9,9,9,3200000,603,1,5306.799336650083,Moolacheri,1 BHK,500-1000 sqft,Valid,Chennai,Not available in source data,315,35
5734000,612,Moolacheri,1,0,9,9,9,9,9,9,9,9,9,9,9,9,9,9,9,9,9,9,9,9,9,9,9,9,9,9,9,9,9,9,9,9,9,9,9,5734000,612,1,9369.281045751633,Moolacheri,1 BHK,500-1000 sqft,Valid,Chennai,Not available in source data,315,35
8052000,940,Mogappair,2,0,9,9,9,9,9,9,9,9,9,9,9,9,9,9,9,9,9,9,9,9,9,9,9,9,9,9,9,9,9,9,9,9,9,9,9,8052000,940,2,8565.95744680851,Mogappair,2 BHK,500-1000 sqft,Valid,Chennai,Not available in source data,315,35
7442000,1320,Mogappair,3,0,9,9,9,9,9,9,9,9,9,9,9,9,9,9,9,9,9,9,9,9,9,9,9,9,9,9,9,9,9,9,9,9,9,9,9,7442000,1320,3,5637.878787878788,Mogappair,3 BHK,1000-1500 sqft,Valid,Chennai,Not available in source data,315,35
7869000,1220,Mogappair,3,0,9,9,9,9,9,9,9,9,9,9,9,9,9,9,9,9,9,9,9,9,9,9,9,9,9,9,9,9,9,9,9,9,9,9,9,7869000,1220,3,6450.0,Mogappair,3 BHK,1000-1500 sqft,Valid,Chennai,Not available in source data,315,35
8540000,925,Mogappair,2,0,9,9,9,9,9,9,9,9,9,9,9,9,9,9,9,9,9,9,9,9,9,9,9,9,9,9,9,9,9,9,9,9,9,9,9,8540000,925,2,9232.432432432432,Mogappair,2 BHK,500-1000 sqft,Valid,Chennai,Not available in source data,315,35
11500000,1400,Mogappair,3,0,9,9,9,9,9,9,9,9,9,9,9,9,9,9,9,9,9,9,9,9,9,9,9,9,9,9,9,9,9,9,9,9,9,9,9,11500000,1400,3,8214.285714285714,Mogappair,3 BHK,1000-1500 sqft,Valid,Chennai,Not available in source data,315,35
9510000,2021,Navallur,4,0,9,9,9,9,9,9,9,9,9,9,9,9,9,9,9,9,9,9,9,9,9,9,9,9,9,9,9,9,9,9,9,9,9,9,9,9510000,2021,4,4705.591291439881,Navallur,4 BHK,1500-2500 sqft,Valid,Chennai,Not available in source data,315,35
6611000,1650,Navallur,3,0,9,9,9,9,9,9,9,9,9,9,9,9,9,9,9,9,9,9,9,9,9,9,9,9,9,9,9,9,9,9,9,9,9,9,9,6611000,1650,3,4006.6666666666665,Navallur,3 BHK,1500-2500 sqft,Valid,Chennai,Not available in source data,315,35
4942000,1158,Navallur,2,0,9,9,9,9,9,9,9,9,9,9,9,9,9,9,9,9,9,9,9,9,9,9,9,9,9,9,9,9,9,9,9,9,9,9,9,4942000,1158,2,4267.702936096718,Navallur,2 BHK,1000-1500 sqft,Valid,Chennai,Not available in source data,315,35
2400000,1131,Perungalathur,2,0,9,9,9,9,9,9,9,9,9,9,9,9,9,9,9,9,9,9,9,9,9,9,9,9,9,9,9,9,9,9,9,9,9,9,9,2400000,1131,2,2122.0159151193634,Perungalathur,2 BHK,1000-1500 sqft,Valid,Chennai,Not available in source data,315,35
3650000,540,Medavakkam,1,0,9,9,9,9,9,9,9,9,9,9,9,9,9,9,9,9,9,9,9,9,9,9,9,9,9,9,9,9,9,9,9,9,9,9,9,3650000,540,1,6759.259259259259,Medavakkam,1 BHK,500-1000 sqft,Valid,Chennai,Not available in source data,315,35
3350000,750,Medavakkam,2,0,9,9,9,9,9,9,9,9,9,9,9,9,9,9,9,9,9,9,9,9,9,9,9,9,9,9,9,9,9,9,9,9,9,9,9,3350000,750,2,4466.666666666667,Medavakkam,2 BHK,500-1000 sqft,Valid,Chennai,Not available in source data,315,35
3600000,775,Medavakkam,2,0,9,9,9,9,9,9,9,9,9,9,9,9,9,9,9,9,9,9,9,9,9,9,9,9,9,9,9,9,9,9,9,9,9,9,9,3600000,775,2,4645.1612903225805,Medavakkam,2 BHK,500-1000 sqft,Valid,Chennai,Not available in source data,315,35
5400000,1200,Peerakankaranai,3,0,9,9,9,9,9,9,9,9,9,9,9,9,9,9,9,9,9,9,9,9,9,9,9,9,9,9,9,9,9,9,9,9,9,9,9,5400000,1200,3,4500.0,Peerakankaranai,3 BHK,1000-1500 sqft,Valid,Chennai,Not available in source data,315,35
9500000,975,Chikkarayapuram,2,0,9,9,9,9,9,9,9,9,9,9,9,9,9,9,9,9,9,9,9,9,9,9,9,9,9,9,9,9,9,9,9,9,9,9,9,9500000,975,2,9743.589743589744,Chikkarayapuram,2 BHK,500-1000 sqft,Valid,Chennai,Not available in source data,315,35
10200000,996,Annamalai Colony,2,0,9,9,9,9,9,9,9,9,9,9,9,9,9,9,9,9,9,9,9,9,9,9,9,9,9,9,9,9,9,9,9,9,9,9,9,10200000,996,2,10240.963855421687,Annamalai Colony,2 BHK,500-1000 sqft,Valid,Chennai,Not available in source data,315,35
3500000,1065,Virugambakkam,2,0,9,9,9,9,9,9,9,9,9,9,9,9,9,9,9,9,9,9,9,9,9,9,9,9,9,9,9,9,9,9,9,9,9,9,9,3500000,1065,2,3286.3849765258215,Virugambakkam,2 BHK,1000-1500 sqft,Valid,Chennai,Not available in source data,315,35
6500000,790,Perumbakkam,2,0,9,9,9,9,9,9,9,9,9,9,9,9,9,9,9,9,9,9,9,9,9,9,9,9,9,9,9,9,9,9,9,9,9,9,9,6500000,790,2,8227.848101265823,Perumbakkam,2 BHK,500-1000 sqft,Valid,Chennai,Not available in source data,315,35
6500000,1159,Ayanambakkam,2,0,9,9,9,9,9,9,9,9,9,9,9,9,9,9,9,9,9,9,9,9,9,9,9,9,9,9,9,9,9,9,9,9,9,9,9,6500000,1159,2,5608.283002588439,Ayanambakkam,2 BHK,1000-1500 sqft,Valid,Chennai,Not available in source data,315,35
13500000,1131,Ayanambakkam,2,0,9,9,9,9,9,9,9,9,9,9,9,9,9,9,9,9,9,9,9,9,9,9,9,9,9,9,9,9,9,9,9,9,9,9,9,13500000,1131,2,11936.33952254642,Ayanambakkam,2 BHK,1000-1500 sqft,Valid,Chennai,Not available in source data,315,35
5116000,1135,Saidapet,3,1,9,9,9,9,9,9,9,9,9,9,9,9,9,9,9,9,9,9,9,9,9,9,9,9,9,9,9,9,9,9,9,9,9,9,9,5116000,1135,3,4507.488986784141,Saidapet,3 BHK,1000-1500 sqft,Valid,Chennai,Not available in source data,315,35
6969000,1066,Kovur,2,0,9,9,9,9,9,9,9,9,9,9,9,9,9,9,9,9,9,9,9,9,9,9,9,9,9,9,9,9,9,9,9,9,9,9,9,6969000,1066,2,6537.5234521575985,Kovur,2 BHK,1000-1500 sqft,Valid,Chennai,Not available in source data,315,35
6480000,1452,Kovur,3,0,9,9,9,9,9,9,9,9,9,9,9,9,9,9,9,9,9,9,9,9,9,9,9,9,9,9,9,9,9,9,9,9,9,9,9,6480000,1452,3,4462.809917355372,Kovur,3 BHK,1000-1500 sqft,Valid,Chennai,Not available in source data,315,35
4435000,1350,Kovur,3,0,9,9,9,9,9,9,9,9,9,9,9,9,9,9,9,9,9,9,9,9,9,9,9,9,9,9,9,9,9,9,9,9,9,9,9,4435000,1350,3,3285.185185185185,Kovur,3 BHK,1000-1500 sqft,Valid,Chennai,Not available in source data,315,35
6570999,924,Kovur,2,0,9,9,9,9,9,9,9,9,9,9,9,9,9,9,9,9,9,9,9,9,9,9,9,9,9,9,9,9,9,9,9,9,9,9,9,6570999,924,2,7111.470779220779,Kovur,2 BHK,500-1000 sqft,Valid,Chennai,Not available in source data,315,35
5640000,1369,Kovur,3,0,9,9,9,9,9,9,9,9,9,9,9,9,9,9,9,9,9,9,9,9,9,9,9,9,9,9,9,9,9,9,9,9,9,9,9,5640000,1369,3,4119.795471146823,Kovur,3 BHK,1000-1500 sqft,Valid,Chennai,Not available in source data,315,35
2952000,1175,Kovur,2,0,9,9,9,9,9,9,9,9,9,9,9,9,9,9,9,9,9,9,9,9,9,9,9,9,9,9,9,9,9,9,9,9,9,9,9,2952000,1175,2,2512.340425531915,Kovur,2 BHK,1000-1500 sqft,Valid,Chennai,Not available in source data,315,35
3000000,615,Kovur,2,0,9,9,9,9,9,9,9,9,9,9,9,9,9,9,9,9,9,9,9,9,9,9,9,9,9,9,9,9,9,9,9,9,9,9,9,3000000,615,2,4878.048780487805,Kovur,2 BHK,500-1000 sqft,Valid,Chennai,Not available in source data,315,35
3881000,450,Kodambakkam,1,1,9,9,9,9,9,9,9,9,9,9,9,9,9,9,9,9,9,9,9,9,9,9,9,9,9,9,9,9,9,9,9,9,9,9,9,3881000,450,1,8624.444444444445,Kodambakkam,1 BHK,<500 sqft,Valid,Chennai,Not available in source data,315,35
19000000,872,Ambattur,2,0,9,9,9,9,9,9,9,9,9,9,9,9,9,9,9,9,9,9,9,9,9,9,9,9,9,9,9,9,9,9,9,9,9,9,9,19000000,872,2,21788.990825688074,Ambattur,2 BHK,500-1000 sqft,Valid,Chennai,Not available in source data,315,35
6000000,1850,Guindy,3,0,9,9,9,9,9,9,9,9,9,9,9,9,9,9,9,9,9,9,9,9,9,9,9,9,9,9,9,9,9,9,9,9,9,9,9,6000000,1850,3,3243.2432432432433,Guindy,3 BHK,1500-2500 sqft,Valid,Chennai,Not available in source data,315,35
3800000,1097,Porur,2,0,9,9,9,9,9,9,9,9,9,9,9,9,9,9,9,9,9,9,9,9,9,9,9,9,9,9,9,9,9,9,9,9,9,9,9,3800000,1097,2,3463.992707383774,Porur,2 BHK,1000-1500 sqft,Valid,Chennai,Not available in source data,315,35
3200000,790,Perumbakkam,2,0,9,9,9,9,9,9,9,9,9,9,9,9,9,9,9,9,9,9,9,9,9,9,9,9,9,9,9,9,9,9,9,9,9,9,9,3200000,790,2,4050.6329113924053,Perumbakkam,2 BHK,500-1000 sqft,Valid,Chennai,Not available in source data,315,35
3200000,702,Poonamallee,2,0,9,9,9,9,9,9,9,9,9,9,9,9,9,9,9,9,9,9,9,9,9,9,9,9,9,9,9,9,9,9,9,9,9,9,9,3200000,702,2,4558.404558404558,Poonamallee,2 BHK,500-1000 sqft,Valid,Chennai,Not available in source data,315,35
8400000,702,Poonamallee,2,0,9,9,9,9,9,9,9,9,9,9,9,9,9,9,9,9,9,9,9,9,9,9,9,9,9,9,9,9,9,9,9,9,9,9,9,8400000,702,2,11965.811965811965,Poonamallee,2 BHK,500-1000 sqft,Valid,Chennai,Not available in source data,315,35
8700000,840,Choolaimedu,2,0,9,9,9,9,9,9,9,9,9,9,9,9,9,9,9,9,9,9,9,9,9,9,9,9,9,9,9,9,9,9,9,9,9,9,9,8700000,840,2,10357.142857142857,Choolaimedu,2 BHK,500-1000 sqft,Valid,Chennai,Not available in source data,315,35
8700000,977,Kilpauk,3,0,9,9,9,9,9,9,9,9,9,9,9,9,9,9,9,9,9,9,9,9,9,9,9,9,9,9,9,9,9,9,9,9,9,9,9,8700000,977,3,8904.810644831115,Kilpauk,3 BHK,500-1000 sqft,Valid,Chennai,Not available in source data,315,35
3300000,977,Kilpauk,3,0,9,9,9,9,9,9,9,9,9,9,9,9,9,9,9,9,9,9,9,9,9,9,9,9,9,9,9,9,9,9,9,9,9,9,9,3300000,977,3,3377.686796315251,Kilpauk,3 BHK,500-1000 sqft,Valid,Chennai,Not available in source data,315,35
5808000,823,Kovur,2,0,9,9,9,9,9,9,9,9,9,9,9,9,9,9,9,9,9,9,9,9,9,9,9,9,9,9,9,9,9,9,9,9,9,9,9,5808000,823,2,7057.108140947752,Kovur,2 BHK,500-1000 sqft,Valid,Chennai,Not available in source data,315,35
10500000,927,Ambattur,2,0,9,9,9,9,9,9,9,9,9,9,9,9,9,9,9,9,9,9,9,9,9,9,9,9,9,9,9,9,9,9,9,9,9,9,9,10500000,927,2,11326.860841423948,Ambattur,2 BHK,500-1000 sqft,Valid,Chennai,Not available in source data,315,35
3881000,1136,Kilpauk,3,0,9,9,9,9,9,9,9,9,9,9,9,9,9,9,9,9,9,9,9,9,9,9,9,9,9,9,9,9,9,9,9,9,9,9,9,3881000,1136,3,3416.3732394366198,Kilpauk,3 BHK,1000-1500 sqft,Valid,Chennai,Not available in source data,315,35
4635000,790,Perumbakkam,2,0,9,9,9,9,9,9,9,9,9,9,9,9,9,9,9,9,9,9,9,9,9,9,9,9,9,9,9,9,9,9,9,9,9,9,9,4635000,790,2,5867.088607594937,Perumbakkam,2 BHK,500-1000 sqft,Valid,Chennai,Not available in source data,315,35
9500000,872,Ambattur,2,0,9,9,9,9,9,9,9,9,9,9,9,9,9,9,9,9,9,9,9,9,9,9,9,9,9,9,9,9,9,9,9,9,9,9,9,9500000,872,2,10894.495412844037,Ambattur,2 BHK,500-1000 sqft,Valid,Chennai,Not available in source data,315,35
13700000,1306,Mogappair,2,0,9,9,9,9,9,9,9,9,9,9,9,9,9,9,9,9,9,9,9,9,9,9,9,9,9,9,9,9,9,9,9,9,9,9,9,13700000,1306,2,10490.045941807044,Mogappair,2 BHK,1000-1500 sqft,Valid,Chennai,Not available in source data,315,35
6659999,1850,Mogappair,3,0,9,9,9,9,9,9,9,9,9,9,9,9,9,9,9,9,9,9,9,9,9,9,9,9,9,9,9,9,9,9,9,9,9,9,9,6659999,1850,3,3599.9994594594596,Mogappair,3 BHK,1500-2500 sqft,Valid,Chennai,Not available in source data,315,35
6498999,1159,Ayanambakkam,2,0,9,9,9,9,9,9,9,9,9,9,9,9,9,9,9,9,9,9,9,9,9,9,9,9,9,9,9,9,9,9,9,9,9,9,9,6498999,1159,2,5607.41932700604,Ayanambakkam,2 BHK,1000-1500 sqft,Valid,Chennai,Not available in source data,315,35
5506000,1131,Ayanambakkam,2,0,9,9,9,9,9,9,9,9,9,9,9,9,9,9,9,9,9,9,9,9,9,9,9,9,9,9,9,9,9,9,9,9,9,9,9,5506000,1131,2,4868.258178603006,Ayanambakkam,2 BHK,1000-1500 sqft,Valid,Chennai,Not available in source data,315,35
4600000,927,Ambattur,2,0,9,9,9,9,9,9,9,9,9,9,9,9,9,9,9,9,9,9,9,9,9,9,9,9,9,9,9,9,9,9,9,9,9,9,9,4600000,927,2,4962.243797195253,Ambattur,2 BHK,500-1000 sqft,Valid,Chennai,Not available in source data,315,35
3886999,721,Ambattur,2,0,9,9,9,9,9,9,9,9,9,9,9,9,9,9,9,9,9,9,9,9,9,9,9,9,9,9,9,9,9,9,9,9,9,9,9,3886999,721,2,5391.122052704577,Ambattur,2 BHK,500-1000 sqft,Valid,Chennai,Not available in source data,315,35
8281000,721,Ambattur,2,0,9,9,9,9,9,9,9,9,9,9,9,9,9,9,9,9,9,9,9,9,9,9,9,9,9,9,9,9,9,9,9,9,9,9,9,8281000,721,2,11485.436893203883,Ambattur,2 BHK,500-1000 sqft,Valid,Chennai,Not available in source data,315,35
5206000,1314,Chromepet,3,0,9,9,9,9,9,9,9,9,9,9,9,9,9,9,9,9,9,9,9,9,9,9,9,9,9,9,9,9,9,9,9,9,9,9,9,5206000,1314,3,3961.9482496194823,Chromepet,3 BHK,1000-1500 sqft,Valid,Chennai,Not available in source data,315,35
5255000,814,Chromepet,2,0,9,9,9,9,9,9,9,9,9,9,9,9,9,9,9,9,9,9,9,9,9,9,9,9,9,9,9,9,9,9,9,9,9,9,9,5255000,814,2,6455.773955773956,Chromepet,2 BHK,500-1000 sqft,Valid,Chennai,Not available in source data,315,35
6583000,822,Chromepet,2,0,9,9,9,9,9,9,9,9,9,9,9,9,9,9,9,9,9,9,9,9,9,9,9,9,9,9,9,9,9,9,9,9,9,9,9,6583000,822,2,8008.5158150851585,Chromepet,2 BHK,500-1000 sqft,Valid,Chennai,Not available in source data,315,35
4457000,1038,Chitlapakkam,3,0,9,9,9,9,9,9,9,9,9,9,9,9,9,9,9,9,9,9,9,9,9,9,9,9,9,9,9,9,9,9,9,9,9,9,9,4457000,1038,3,4293.83429672447,Chitlapakkam,3 BHK,1000-1500 sqft,Valid,Chennai,Not available in source data,315,35
5426000,750,Medavakkam,2,0,9,9,9,9,9,9,9,9,9,9,9,9,9,9,9,9,9,9,9,9,9,9,9,9,9,9,9,9,9,9,9,9,9,9,9,5426000,750,2,7234.666666666667,Medavakkam,2 BHK,500-1000 sqft,Valid,Chennai,Not available in source data,315,35
2500000,917,Medavakkam,2,0,9,9,9,9,9,9,9,9,9,9,9,9,9,9,9,9,9,9,9,9,9,9,9,9,9,9,9,9,9,9,9,9,9,9,9,2500000,917,2,2726.281352235551,Medavakkam,2 BHK,500-1000 sqft,Valid,Chennai,Not available in source data,315,35
3500000,550,Perumbakkam,1,0,9,9,9,9,9,9,9,9,9,9,9,9,9,9,9,9,9,9,9,9,9,9,9,9,9,9,9,9,9,9,9,9,9,9,9,3500000,550,1,6363.636363636364,Perumbakkam,1 BHK,500-1000 sqft,Valid,Chennai,Not available in source data,315,35
5808000,603,Moolacheri,2,0,9,9,9,9,9,9,9,9,9,9,9,9,9,9,9,9,9,9,9,9,9,9,9,9,9,9,9,9,9,9,9,9,9,9,9,5808000,603,2,9631.8407960199,Moolacheri,2 BHK,500-1000 sqft,Valid,Chennai,Not available in source data,315,35
4500000,721,Ambattur,2,0,9,9,9,9,9,9,9,9,9,9,9,9,9,9,9,9,9,9,9,9,9,9,9,9,9,9,9,9,9,9,9,9,9,9,9,4500000,721,2,6241.331484049931,Ambattur,2 BHK,500-1000 sqft,Valid,Chennai,Not available in source data,315,35
4635000,685,Triplicane,2,1,9,9,9,9,9,9,9,9,9,9,9,9,9,9,9,9,9,9,9,9,9,9,9,9,9,9,9,9,9,9,9,9,9,9,9,4635000,685,2,6766.423357664234,Triplicane,2 BHK,500-1000 sqft,Valid,Chennai,Not available in source data,315,35
11000000,685,Triplicane,2,1,9,9,9,9,9,9,9,9,9,9,9,9,9,9,9,9,9,9,9,9,9,9,9,9,9,9,9,9,9,9,9,9,9,9,9,11000000,685,2,16058.39416058394,Triplicane,2 BHK,500-1000 sqft,Valid,Chennai,Not available in source data,315,35
5500000,1000,Royapettah,2,1,9,9,9,9,9,9,9,9,9,9,9,9,9,9,9,9,9,9,9,9,9,9,9,9,9,9,9,9,9,9,9,9,9,9,9,5500000,1000,2,5500.0,Royapettah,2 BHK,1000-1500 sqft,Valid,Chennai,Not available in source data,315,35
14100000,1218,Vanagaram,2,0,9,9,9,9,9,9,9,9,9,9,9,9,9,9,9,9,9,9,9,9,9,9,9,9,9,9,9,9,9,9,9,9,9,9,9,14100000,1218,2,11576.354679802957,Vanagaram,2 BHK,1000-1500 sqft,Valid,Chennai,Not available in source data,315,35
5000000,1222,Thoraipakkam OMR,2,0,9,9,9,9,9,9,9,9,9,9,9,9,9,9,9,9,9,9,9,9,9,9,9,9,9,9,9,9,9,9,9,9,9,9,9,5000000,1222,2,4091.653027823241,Thoraipakkam OMR,2 BHK,1000-1500 sqft,Valid,Chennai,Not available in source data,315,35
4700000,1000,Sembakkam,2,0,9,9,9,9,9,9,9,9,9,9,9,9,9,9,9,9,9,9,9,9,9,9,9,9,9,9,9,9,9,9,9,9,9,9,9,4700000,1000,2,4700.0,Sembakkam,2 BHK,1000-1500 sqft,Valid,Chennai,Not available in source data,315,35
11000000,850,Medavakkam,2,0,9,9,9,9,9,9,9,9,9,9,9,9,9,9,9,9,9,9,9,9,9,9,9,9,9,9,9,9,9,9,9,9,9,9,9,11000000,850,2,12941.176470588236,Medavakkam,2 BHK,500-1000 sqft,Valid,Chennai,Not available in source data,315,35
4900000,1590,Mogappair,3,0,9,9,9,9,9,9,9,9,9,9,9,9,9,9,9,9,9,9,9,9,9,9,9,9,9,9,9,9,9,9,9,9,9,9,9,4900000,1590,3,3081.761006289308,Mogappair,3 BHK,1500-2500 sqft,Valid,Chennai,Not available in source data,315,35
3700000,1150,Medavakkam,3,0,9,9,9,9,9,9,9,9,9,9,9,9,9,9,9,9,9,9,9,9,9,9,9,9,9,9,9,9,9,9,9,9,9,9,9,3700000,1150,3,3217.391304347826,Medavakkam,3 BHK,1000-1500 sqft,Valid,Chennai,Not available in source data,315,35
7200000,761,Medavakkam,2,0,9,9,9,9,9,9,9,9,9,9,9,9,9,9,9,9,9,9,9,9,9,9,9,9,9,9,9,9,9,9,9,9,9,9,9,7200000,761,2,9461.235216819974,Medavakkam,2 BHK,500-1000 sqft,Valid,Chennai,Not available in source data,315,35
4199000,1039,Mogappair,2,0,9,9,9,9,9,9,9,9,9,9,9,9,9,9,9,9,9,9,9,9,9,9,9,9,9,9,9,9,9,9,9,9,9,9,9,4199000,1039,2,4041.385948026949,Mogappair,2 BHK,1000-1500 sqft,Valid,Chennai,Not available in source data,315,35
4200000,900,Ullagaram,2,0,9,9,9,9,9,9,9,9,9,9,9,9,9,9,9,9,9,9,9,9,9,9,9,9,9,9,9,9,9,9,9,9,9,9,9,4200000,900,2,4666.666666666667,Ullagaram,2 BHK,500-1000 sqft,Valid,Chennai,Not available in source data,315,35
2725000,900,Ullagaram,2,0,9,9,9,9,9,9,9,9,9,9,9,9,9,9,9,9,9,9,9,9,9,9,9,9,9,9,9,9,9,9,9,9,9,9,9,2725000,900,2,3027.777777777778,Ullagaram,2 BHK,500-1000 sqft,Valid,Chennai,Not available in source data,315,35
3600000,639,Avadi,2,0,9,9,9,9,9,9,9,9,9,9,9,9,9,9,9,9,9,9,9,9,9,9,9,9,9,9,9,9,9,9,9,9,9,9,9,3600000,639,2,5633.802816901409,Avadi,2 BHK,500-1000 sqft,Valid,Chennai,Not available in source data,315,35
4450000,1200,Kelambakkam,3,0,9,9,9,9,9,9,9,9,9,9,9,9,9,9,9,9,9,9,9,9,9,9,9,9,9,9,9,9,9,9,9,9,9,9,9,4450000,1200,3,3708.3333333333335,Kelambakkam,3 BHK,1000-1500 sqft,Valid,Chennai,Not available in source data,315,35
2950000,856,Madambakkam,2,0,9,9,9,9,9,9,9,9,9,9,9,9,9,9,9,9,9,9,9,9,9,9,9,9,9,9,9,9,9,9,9,9,9,9,9,2950000,856,2,3446.2616822429904,Madambakkam,2 BHK,500-1000 sqft,Valid,Chennai,Not available in source data,315,35
5116000,548,Madambakkam,1,0,9,9,9,9,9,9,9,9,9,9,9,9,9,9,9,9,9,9,9,9,9,9,9,9,9,9,9,9,9,9,9,9,9,9,9,5116000,548,1,9335.766423357663,Madambakkam,1 BHK,500-1000 sqft,Valid,Chennai,Not available in source data,315,35
5737000,615,Kovur,2,0,9,9,9,9,9,9,9,9,9,9,9,9,9,9,9,9,9,9,9,9,9,9,9,9,9,9,9,9,9,9,9,9,9,9,9,5737000,615,2,9328.455284552845,Kovur,2 BHK,500-1000 sqft,Valid,Chennai,Not available in source data,315,35
3244000,927,Ambattur,2,0,9,9,9,9,9,9,9,9,9,9,9,9,9,9,9,9,9,9,9,9,9,9,9,9,9,9,9,9,9,9,9,9,9,9,9,3244000,927,2,3499.4606256742177,Ambattur,2 BHK,500-1000 sqft,Valid,Chennai,Not available in source data,315,35
18700000,721,Ambattur,2,0,9,9,9,9,9,9,9,9,9,9,9,9,9,9,9,9,9,9,9,9,9,9,9,9,9,9,9,9,9,9,9,9,9,9,9,18700000,721,2,25936.19972260749,Ambattur,2 BHK,500-1000 sqft,Valid,Chennai,Not available in source data,315,35
18500000,1850,Guindy,3,0,9,9,9,9,9,9,9,9,9,9,9,9,9,9,9,9,9,9,9,9,9,9,9,9,9,9,9,9,9,9,9,9,9,9,9,18500000,1850,3,10000.0,Guindy,3 BHK,1500-2500 sqft,Valid,Chennai,Not available in source data,315,35
19200000,1850,Guindy,3,0,9,9,9,9,9,9,9,9,9,9,9,9,9,9,9,9,9,9,9,9,9,9,9,9,9,9,9,9,9,9,9,9,9,9,9,19200000,1850,3,10378.378378378378,Guindy,3 BHK,1500-2500 sqft,Valid,Chennai,Not available in source data,315,35
8000000,1850,Guindy,3,0,9,9,9,9,9,9,9,9,9,9,9,9,9,9,9,9,9,9,9,9,9,9,9,9,9,9,9,9,9,9,9,9,9,9,9,8000000,1850,3,4324.324324324324,Guindy,3 BHK,1500-2500 sqft,Valid,Chennai,Not available in source data,315,35
3772000,815,Velachery,2,1,9,9,9,9,9,9,9,9,9,9,9,9,9,9,9,9,9,9,9,9,9,9,9,9,9,9,9,9,9,9,9,9,9,9,9,3772000,815,2,4628.2208588957055,Velachery,2 BHK,500-1000 sqft,Valid,Chennai,Not available in source data,315,35
3200000,820,Madambakkam,2,0,9,9,9,9,9,9,9,9,9,9,9,9,9,9,9,9,9,9,9,9,9,9,9,9,9,9,9,9,9,9,9,9,9,9,9,3200000,820,2,3902.439024390244,Madambakkam,2 BHK,500-1000 sqft,Valid,Chennai,Not available in source data,315,35
3400000,562,Virugambakkam,1,1,9,9,9,9,9,9,9,9,9,9,9,9,9,9,9,9,9,9,9,9,9,9,9,9,9,9,9,9,9,9,9,9,9,9,9,3400000,562,1,6049.82206405694,Virugambakkam,1 BHK,500-1000 sqft,Valid,Chennai,Not available in source data,315,35
62500000,838,Kattupakkam,2,1,9,9,9,9,9,9,9,9,9,9,9,9,9,9,9,9,9,9,9,9,9,9,9,9,9,9,9,9,9,9,9,9,9,9,9,62500000,838,2,74582.33890214797,Kattupakkam,2 BHK,500-1000 sqft,Valid,Chennai,Not available in source data,315,35
7991000,2400,Anna Nagar,5,0,9,9,9,9,9,9,9,9,9,9,9,9,9,9,9,9,9,9,9,9,9,9,9,9,9,9,9,9,9,9,9,9,9,9,9,7991000,2400,5,3329.5833333333335,Anna Nagar,5+ BHK,1500-2500 sqft,Valid,Chennai,Not available in source data,315,35
4138000,1567,Manapakkam,3,0,9,9,9,9,9,9,9,9,9,9,9,9,9,9,9,9,9,9,9,9,9,9,9,9,9,9,9,9,9,9,9,9,9,9,9,4138000,1567,3,2640.7147415443524,Manapakkam,3 BHK,1500-2500 sqft,Valid,Chennai,Not available in source data,315,35
3134000,1335,Vandalur,3,0,9,9,9,9,9,9,9,9,9,9,9,9,9,9,9,9,9,9,9,9,9,9,9,9,9,9,9,9,9,9,9,9,9,9,9,3134000,1335,3,2347.565543071161,Vandalur,3 BHK,1000-1500 sqft,Valid,Chennai,Not available in source data,315,35
5278000,825,Perumbakkam,2,0,9,9,9,9,9,9,9,9,9,9,9,9,9,9,9,9,9,9,9,9,9,9,9,9,9,9,9,9,9,9,9,9,9,9,9,5278000,825,2,6397.575757575758,Perumbakkam,2 BHK,500-1000 sqft,Valid,Chennai,Not available in source data,315,35
32000000,1035,Manapakkam,2,0,9,9,9,9,9,9,9,9,9,9,9,9,9,9,9,9,9,9,9,9,9,9,9,9,9,9,9,9,9,9,9,9,9,9,9,32000000,1035,2,30917.874396135267,Manapakkam,2 BHK,1000-1500 sqft,Valid,Chennai,Not available in source data,315,35
23000000,1580,Besant Nagar,3,1,9,9,9,9,9,9,9,9,9,9,9,9,9,9,9,9,9,9,9,9,9,9,9,9,9,9,9,9,9,9,9,9,9,9,9,23000000,1580,3,14556.962025316456,Besant Nagar,3 BHK,1500-2500 sqft,Valid,Chennai,Not available in source data,315,35
38000000,1275,Kilpauk,3,1,9,9,9,9,9,9,9,9,9,9,9,9,9,9,9,9,9,9,9,9,9,9,9,9,9,9,9,9,9,9,9,9,9,9,9,38000000,1275,3,29803.92156862745,Kilpauk,3 BHK,1000-1500 sqft,Valid,Chennai,Not available in source data,315,35
20099999,2050,Anna Nagar,3,1,9,9,9,9,9,9,9,9,9,9,9,9,9,9,9,9,9,9,9,9,9,9,9,9,9,9,9,9,9,9,9,9,9,9,9,20099999,2050,3,9804.87756097561,Anna Nagar,3 BHK,1500-2500 sqft,Valid,Chennai,Not available in source data,315,35
30000000,1160,Anna Nagar,2,1,9,9,9,9,9,9,9,9,9,9,9,9,9,9,9,9,9,9,9,9,9,9,9,9,9,9,9,9,9,9,9,9,9,9,9,30000000,1160,2,25862.068965517243,Anna Nagar,2 BHK,1000-1500 sqft,Valid,Chennai,Not available in source data,315,35
3679999,2145,Egmore,3,1,9,9,9,9,9,9,9,9,9,9,9,9,9,9,9,9,9,9,9,9,9,9,9,9,9,9,9,9,9,9,9,9,9,9,9,3679999,2145,3,1715.6172494172495,Egmore,3 BHK,1500-2500 sqft,Valid,Chennai,Not available in source data,315,35
3822999,1150,Tiruporur Near Kelambakkam,3,1,9,9,9,9,9,9,9,9,9,9,9,9,9,9,9,9,9,9,9,9,9,9,9,9,9,9,9,9,9,9,9,9,9,9,9,3822999,1150,3,3324.3469565217392,Tiruporur Near Kelambakkam,3 BHK,1000-1500 sqft,Valid,Chennai,Not available in source data,315,35
4431000,1062,tambaram west,2,1,9,9,9,9,9,9,9,9,9,9,9,9,9,9,9,9,9,9,9,9,9,9,9,9,9,9,9,9,9,9,9,9,9,9,9,4431000,1062,2,4172.316384180791,tambaram west,2 BHK,1000-1500 sqft,Valid,Chennai,Not available in source data,315,35
28000000,1231,tambaram west,3,1,9,9,9,9,9,9,9,9,9,9,9,9,9,9,9,9,9,9,9,9,9,9,9,9,9,9,9,9,9,9,9,9,9,9,9,28000000,1231,3,22745.735174654754,tambaram west,3 BHK,1000-1500 sqft,Valid,Chennai,Not available in source data,315,35
31000000,1704,Egmore,2,1,9,9,9,9,9,9,9,9,9,9,9,9,9,9,9,9,9,9,9,9,9,9,9,9,9,9,9,9,9,9,9,9,9,9,9,31000000,1704,2,18192.4882629108,Egmore,2 BHK,1500-2500 sqft,Valid,Chennai,Not available in source data,315,35
26000000,2610,Adyar,4,1,9,9,9,9,9,9,9,9,9,9,9,9,9,9,9,9,9,9,9,9,9,9,9,9,9,9,9,9,9,9,9,9,9,9,9,26000000,2610,4,9961.68582375479,Adyar,4 BHK,2500+ sqft,Valid,Chennai,Not available in source data,315,35
14300000,1565,Annanagar West,3,1,9,9,9,9,9,9,9,9,9,9,9,9,9,9,9,9,9,9,9,9,9,9,9,9,9,9,9,9,9,9,9,9,9,9,9,14300000,1565,3,9137.380191693292,Annanagar West,3 BHK,1500-2500 sqft,Valid,Chennai,Not available in source data,315,35
8417000,1334,Saidapet,2,0,9,9,9,9,9,9,9,9,9,9,9,9,9,9,9,9,9,9,9,9,9,9,9,9,9,9,9,9,9,9,9,9,9,9,9,8417000,1334,2,6309.5952023988,Saidapet,2 BHK,1000-1500 sqft,Valid,Chennai,Not available in source data,315,35
30400000,1295,Navallur,2,0,9,9,9,9,9,9,9,9,9,9,9,9,9,9,9,9,9,9,9,9,9,9,9,9,9,9,9,9,9,9,9,9,9,9,9,30400000,1295,2,23474.903474903476,Navallur,2 BHK,1000-1500 sqft,Valid,Chennai,Not available in source data,315,35
3634000,1851,Raja Annamalai Puram,3,0,9,9,9,9,9,9,9,9,9,9,9,9,9,9,9,9,9,9,9,9,9,9,9,9,9,9,9,9,9,9,9,9,9,9,9,3634000,1851,3,1963.2631010264722,Raja Annamalai Puram,3 BHK,1500-2500 sqft,Valid,Chennai,Not available in source data,315,35
2142000,920,Perumbakkam,2,0,9,9,9,9,9,9,9,9,9,9,9,9,9,9,9,9,9,9,9,9,9,9,9,9,9,9,9,9,9,9,9,9,9,9,9,2142000,920,2,2328.2608695652175,Perumbakkam,2 BHK,500-1000 sqft,Valid,Chennai,Not available in source data,315,35
21000000,612,Kelambakkam,1,0,9,9,9,9,9,9,9,9,9,9,9,9,9,9,9,9,9,9,9,9,9,9,9,9,9,9,9,9,9,9,9,9,9,9,9,21000000,612,1,34313.72549019608,Kelambakkam,1 BHK,500-1000 sqft,Valid,Chennai,Not available in source data,315,35
7800000,2062,Anna Nagar,2,1,9,9,9,9,9,9,9,9,9,9,9,9,9,9,9,9,9,9,9,9,9,9,9,9,9,9,9,9,9,9,9,9,9,9,9,7800000,2062,2,3782.7352085354023,Anna Nagar,2 BHK,1500-2500 sqft,Valid,Chennai,Not available in source data,315,35
35000000,1300,Thoraipakkam OMR,3,1,9,9,9,9,9,9,9,9,9,9,9,9,9,9,9,9,9,9,9,9,9,9,9,9,9,9,9,9,9,9,9,9,9,9,9,35000000,1300,3,26923.076923076922,Thoraipakkam OMR,3 BHK,1000-1500 sqft,Valid,Chennai,Not available in source data,315,35
2334000,2030,Anna Nagar,3,1,9,9,9,9,9,9,9,9,9,9,9,9,9,9,9,9,9,9,9,9,9,9,9,9,9,9,9,9,9,9,9,9,9,9,9,2334000,2030,3,1149.7536945812808,Anna Nagar,3 BHK,1500-2500 sqft,Valid,Chennai,Not available in source data,315,35
4920000,753,Thalambur,2,0,9,9,9,9,9,9,9,9,9,9,9,9,9,9,9,9,9,9,9,9,9,9,9,9,9,9,9,9,9,9,9,9,9,9,9,4920000,753,2,6533.86454183267,Thalambur,2 BHK,500-1000 sqft,Valid,Chennai,Not available in source data,315,35
15000000,1245,Perumbakkam,3,0,9,9,9,9,9,9,9,9,9,9,9,9,9,9,9,9,9,9,9,9,9,9,9,9,9,9,9,9,9,9,9,9,9,9,9,15000000,1245,3,12048.192771084337,Perumbakkam,3 BHK,1000-1500 sqft,Valid,Chennai,Not available in source data,315,35
17900000,1575,Thoraipakkam OMR,2,0,9,9,9,9,9,9,9,9,9,9,9,9,9,9,9,9,9,9,9,9,9,9,9,9,9,9,9,9,9,9,9,9,9,9,9,17900000,1575,2,11365.079365079366,Thoraipakkam OMR,2 BHK,1500-2500 sqft,Valid,Chennai,Not available in source data,315,35
4819000,1788,Thoraipakkam OMR,3,0,9,9,9,9,9,9,9,9,9,9,9,9,9,9,9,9,9,9,9,9,9,9,9,9,9,9,9,9,9,9,9,9,9,9,9,4819000,1788,3,2695.1901565995527,Thoraipakkam OMR,3 BHK,1500-2500 sqft,Valid,Chennai,Not available in source data,315,35
5420000,967,Perumbakkam,2,0,9,9,9,9,9,9,9,9,9,9,9,9,9,9,9,9,9,9,9,9,9,9,9,9,9,9,9,9,9,9,9,9,9,9,9,5420000,967,2,5604.9638055842815,Perumbakkam,2 BHK,500-1000 sqft,Valid,Chennai,Not available in source data,315,35
5956000,1207,Perumbakkam,3,0,9,9,9,9,9,9,9,9,9,9,9,9,9,9,9,9,9,9,9,9,9,9,9,9,9,9,9,9,9,9,9,9,9,9,9,5956000,1207,3,4934.548467274233,Perumbakkam,3 BHK,1000-1500 sqft,Valid,Chennai,Not available in source data,315,35
9130000,1254,Pallikaranai,2,0,9,9,9,9,9,9,9,9,9,9,9,9,9,9,9,9,9,9,9,9,9,9,9,9,9,9,9,9,9,9,9,9,9,9,9,9130000,1254,2,7280.701754385965,Pallikaranai,2 BHK,1000-1500 sqft,Valid,Chennai,Not available in source data,315,35
3843000,1922,Pallikaranai,3,0,9,9,9,9,9,9,9,9,9,9,9,9,9,9,9,9,9,9,9,9,9,9,9,9,9,9,9,9,9,9,9,9,9,9,9,3843000,1922,3,1999.4797086368367,Pallikaranai,3 BHK,1500-2500 sqft,Valid,Chennai,Not available in source data,315,35
7134000,1220,Thalambur,3,0,9,9,9,9,9,9,9,9,9,9,9,9,9,9,9,9,9,9,9,9,9,9,9,9,9,9,9,9,9,9,9,9,9,9,9,7134000,1220,3,5847.540983606557,Thalambur,3 BHK,1000-1500 sqft,Valid,Chennai,Not available in source data,315,35
7579000,1710,Kelambakkam,3,0,9,9,9,9,9,9,9,9,9,9,9,9,9,9,9,9,9,9,9,9,9,9,9,9,9,9,9,9,9,9,9,9,9,9,9,7579000,1710,3,4432.163742690059,Kelambakkam,3 BHK,1500-2500 sqft,Valid,Chennai,Not available in source data,315,35
43200000,1166,Iyappanthangal,2,0,9,9,9,9,9,9,9,9,9,9,9,9,9,9,9,9,9,9,9,9,9,9,9,9,9,9,9,9,9,9,9,9,9,9,9,43200000,1166,2,37049.74271012007,Iyappanthangal,2 BHK,1000-1500 sqft,Valid,Chennai,Not available in source data,315,35
11900000,2056,Nungambakkam,3,0,9,9,9,9,9,9,9,9,9,9,9,9,9,9,9,9,9,9,9,9,9,9,9,9,9,9,9,9,9,9,9,9,9,9,9,11900000,2056,3,5787.937743190661,Nungambakkam,3 BHK,1500-2500 sqft,Valid,Chennai,Not available in source data,315,35
4798000,1825,Iyappanthangal,3,0,9,9,9,9,9,9,9,9,9,9,9,9,9,9,9,9,9,9,9,9,9,9,9,9,9,9,9,9,9,9,9,9,9,9,9,4798000,1825,3,2629.041095890411,Iyappanthangal,3 BHK,1500-2500 sqft,Valid,Chennai,Not available in source data,315,35
8644000,1263,Perumbakkam,3,0,9,9,9,9,9,9,9,9,9,9,9,9,9,9,9,9,9,9,9,9,9,9,9,9,9,9,9,9,9,9,9,9,9,9,9,8644000,1263,3,6844.022169437846,Perumbakkam,3 BHK,1000-1500 sqft,Valid,Chennai,Not available in source data,315,35
6389000,1358,Velappanchavadi,3,0,9,9,9,9,9,9,9,9,9,9,9,9,9,9,9,9,9,9,9,9,9,9,9,9,9,9,9,9,9,9,9,9,9,9,9,6389000,1358,3,4704.712812960236,Velappanchavadi,3 BHK,1000-1500 sqft,Valid,Chennai,Not available in source data,315,35
5265000,983,Velappanchavadi,2,0,9,9,9,9,9,9,9,9,9,9,9,9,9,9,9,9,9,9,9,9,9,9,9,9,9,9,9,9,9,9,9,9,9,9,9,5265000,983,2,5356.052899287894,Velappanchavadi,2 BHK,500-1000 sqft,Valid,Chennai,Not available in source data,315,35
12000000,1170,Kattupakkam,3,0,9,9,9,9,9,9,9,9,9,9,9,9,9,9,9,9,9,9,9,9,9,9,9,9,9,9,9,9,9,9,9,9,9,9,9,12000000,1170,3,10256.410256410256,Kattupakkam,3 BHK,1000-1500 sqft,Valid,Chennai,Not available in source data,315,35
4635000,1030,Choolaimedu,2,1,9,9,9,9,9,9,9,9,9,9,9,9,9,9,9,9,9,9,9,9,9,9,9,9,9,9,9,9,9,9,9,9,9,9,9,4635000,1030,2,4500.0,Choolaimedu,2 BHK,1000-1500 sqft,Valid,Chennai,Not available in source data,315,35
3499000,872,Ambattur,2,0,9,9,9,9,9,9,9,9,9,9,9,9,9,9,9,9,9,9,9,9,9,9,9,9,9,9,9,9,9,9,9,9,9,9,9,3499000,872,2,4012.6146788990827,Ambattur,2 BHK,500-1000 sqft,Valid,Chennai,Not available in source data,315,35
3499000,775,Madambakkam,2,0,9,9,9,9,9,9,9,9,9,9,9,9,9,9,9,9,9,9,9,9,9,9,9,9,9,9,9,9,9,9,9,9,9,9,9,3499000,775,2,4514.8387096774195,Madambakkam,2 BHK,500-1000 sqft,Valid,Chennai,Not available in source data,315,35
7200000,775,Madambakkam,2,0,9,9,9,9,9,9,9,9,9,9,9,9,9,9,9,9,9,9,9,9,9,9,9,9,9,9,9,9,9,9,9,9,9,9,9,7200000,775,2,9290.322580645161,Madambakkam,2 BHK,500-1000 sqft,Valid,Chennai,Not available in source data,315,35
7400000,1220,Madipakkam,2,0,9,9,9,9,9,9,9,9,9,9,9,9,9,9,9,9,9,9,9,9,9,9,9,9,9,9,9,9,9,9,9,9,9,9,9,7400000,1220,2,6065.573770491803,Madipakkam,2 BHK,1000-1500 sqft,Valid,Chennai,Not available in source data,315,35
6018000,1310,Madipakkam,3,0,9,9,9,9,9,9,9,9,9,9,9,9,9,9,9,9,9,9,9,9,9,9,9,9,9,9,9,9,9,9,9,9,9,9,9,6018000,1310,3,4593.893129770992,Madipakkam,3 BHK,1000-1500 sqft,Valid,Chennai,Not available in source data,315,35
9738000,1020,Madipakkam,2,0,9,9,9,9,9,9,9,9,9,9,9,9,9,9,9,9,9,9,9,9,9,9,9,9,9,9,9,9,9,9,9,9,9,9,9,9738000,1020,2,9547.058823529413,Madipakkam,2 BHK,1000-1500 sqft,Valid,Chennai,Not available in source data,315,35
4800000,1855,Madipakkam,3,0,9,9,9,9,9,9,9,9,9,9,9,9,9,9,9,9,9,9,9,9,9,9,9,9,9,9,9,9,9,9,9,9,9,9,9,4800000,1855,3,2587.6010781671157,Madipakkam,3 BHK,1500-2500 sqft,Valid,Chennai,Not available in source data,315,35
5800000,1053,Guduvancheri,2,0,9,9,9,9,9,9,9,9,9,9,9,9,9,9,9,9,9,9,9,9,9,9,9,9,9,9,9,9,9,9,9,9,9,9,9,5800000,1053,2,5508.072174738842,Guduvancheri,2 BHK,1000-1500 sqft,Valid,Chennai,Not available in source data,315,35
6200000,1090,Guduvancheri,3,0,9,9,9,9,9,9,9,9,9,9,9,9,9,9,9,9,9,9,9,9,9,9,9,9,9,9,9,9,9,9,9,9,9,9,9,6200000,1090,3,5688.073394495413,Guduvancheri,3 BHK,1000-1500 sqft,Valid,Chennai,Not available in source data,315,35
4700000,1170,Guduvancheri,3,0,9,9,9,9,9,9,9,9,9,9,9,9,9,9,9,9,9,9,9,9,9,9,9,9,9,9,9,9,9,9,9,9,9,9,9,4700000,1170,3,4017.094017094017,Guduvancheri,3 BHK,1000-1500 sqft,Valid,Chennai,Not available in source data,315,35
4600000,976,Guduvancheri,3,0,9,9,9,9,9,9,9,9,9,9,9,9,9,9,9,9,9,9,9,9,9,9,9,9,9,9,9,9,9,9,9,9,9,9,9,4600000,976,3,4713.11475409836,Guduvancheri,3 BHK,500-1000 sqft,Valid,Chennai,Not available in source data,315,35
4000000,952,Guduvancheri,3,0,9,9,9,9,9,9,9,9,9,9,9,9,9,9,9,9,9,9,9,9,9,9,9,9,9,9,9,9,9,9,9,9,9,9,9,4000000,952,3,4201.680672268908,Guduvancheri,3 BHK,500-1000 sqft,Valid,Chennai,Not available in source data,315,35
4125000,800,Sunnambu Kolathur S Kolathur,2,0,9,9,9,9,9,9,9,9,9,9,9,9,9,9,9,9,9,9,9,9,9,9,9,9,9,9,9,9,9,9,9,9,9,9,9,4125000,800,2,5156.25,Sunnambu Kolathur S Kolathur,2 BHK,500-1000 sqft,Valid,Chennai,Not available in source data,315,35
3881000,825,Sunnambu Kolathur S Kolathur,2,0,9,9,9,9,9,9,9,9,9,9,9,9,9,9,9,9,9,9,9,9,9,9,9,9,9,9,9,9,9,9,9,9,9,9,9,3881000,825,2,4704.242424242424,Sunnambu Kolathur S Kolathur,2 BHK,500-1000 sqft,Valid,Chennai,Not available in source data,315,35
5808000,721,Ambattur,2,0,9,9,9,9,9,9,9,9,9,9,9,9,9,9,9,9,9,9,9,9,9,9,9,9,9,9,9,9,9,9,9,9,9,9,9,5808000,721,2,8055.478502080444,Ambattur,2 BHK,500-1000 sqft,Valid,Chennai,Not available in source data,315,35
5808000,939,Ambattur,2,0,9,9,9,9,9,9,9,9,9,9,9,9,9,9,9,9,9,9,9,9,9,9,9,9,9,9,9,9,9,9,9,9,9,9,9,5808000,939,2,6185.303514376997,Ambattur,2 BHK,500-1000 sqft,Valid,Chennai,Not available in source data,315,35
3000000,872,Ambattur,2,0,9,9,9,9,9,9,9,9,9,9,9,9,9,9,9,9,9,9,9,9,9,9,9,9,9,9,9,9,9,9,9,9,9,9,9,3000000,872,2,3440.3669724770643,Ambattur,2 BHK,500-1000 sqft,Valid,Chennai,Not available in source data,315,35
6800000,855,Perumbakkam,2,0,9,9,9,9,9,9,9,9,9,9,9,9,9,9,9,9,9,9,9,9,9,9,9,9,9,9,9,9,9,9,9,9,9,9,9,6800000,855,2,7953.216374269005,Perumbakkam,2 BHK,500-1000 sqft,Valid,Chennai,Not available in source data,315,35
4587000,1158,Velachery,3,0,9,9,9,9,9,9,9,9,9,9,9,9,9,9,9,9,9,9,9,9,9,9,9,9,9,9,9,9,9,9,9,9,9,9,9,4587000,1158,3,3961.139896373057,Velachery,3 BHK,1000-1500 sqft,Valid,Chennai,Not available in source data,315,35
4864000,976,Kattupakkam,2,0,9,9,9,9,9,9,9,9,9,9,9,9,9,9,9,9,9,9,9,9,9,9,9,9,9,9,9,9,9,9,9,9,9,9,9,4864000,976,2,4983.606557377049,Kattupakkam,2 BHK,500-1000 sqft,Valid,Chennai,Not available in source data,315,35
2486000,1035,Kattupakkam,2,0,9,9,9,9,9,9,9,9,9,9,9,9,9,9,9,9,9,9,9,9,9,9,9,9,9,9,9,9,9,9,9,9,9,9,9,2486000,1035,2,2401.9323671497586,Kattupakkam,2 BHK,1000-1500 sqft,Valid,Chennai,Not available in source data,315,35
4573000,529,Kattupakkam,1,0,9,9,9,9,9,9,9,9,9,9,9,9,9,9,9,9,9,9,9,9,9,9,9,9,9,9,9,9,9,9,9,9,9,9,9,4573000,529,1,8644.61247637051,Kattupakkam,1 BHK,500-1000 sqft,Valid,Chennai,Not available in source data,315,35
6770999,973,Kattupakkam,2,0,9,9,9,9,9,9,9,9,9,9,9,9,9,9,9,9,9,9,9,9,9,9,9,9,9,9,9,9,9,9,9,9,9,9,9,6770999,973,2,6958.889003083248,Kattupakkam,2 BHK,500-1000 sqft,Valid,Chennai,Not available in source data,315,35
5734000,1110,Mogappair,3,0,9,9,9,9,9,9,9,9,9,9,9,9,9,9,9,9,9,9,9,9,9,9,9,9,9,9,9,9,9,9,9,9,9,9,9,5734000,1110,3,5165.7657657657655,Mogappair,3 BHK,1000-1500 sqft,Valid,Chennai,Not available in source data,315,35
7436000,925,Mogappair,2,0,9,9,9,9,9,9,9,9,9,9,9,9,9,9,9,9,9,9,9,9,9,9,9,9,9,9,9,9,9,9,9,9,9,9,9,7436000,925,2,8038.918918918919,Mogappair,2 BHK,500-1000 sqft,Valid,Chennai,Not available in source data,315,35
6913000,1352,Manapakkam,3,0,9,9,9,9,9,9,9,9,9,9,9,9,9,9,9,9,9,9,9,9,9,9,9,9,9,9,9,9,9,9,9,9,9,9,9,6913000,1352,3,5113.165680473373,Manapakkam,3 BHK,1000-1500 sqft,Valid,Chennai,Not available in source data,315,35
8540000,1257,Manapakkam,2,0,9,9,9,9,9,9,9,9,9,9,9,9,9,9,9,9,9,9,9,9,9,9,9,9,9,9,9,9,9,9,9,9,9,9,9,8540000,1257,2,6793.953858392999,Manapakkam,2 BHK,1000-1500 sqft,Valid,Chennai,Not available in source data,315,35
5692000,1400,Mogappair,3,0,9,9,9,9,9,9,9,9,9,9,9,9,9,9,9,9,9,9,9,9,9,9,9,9,9,9,9,9,9,9,9,9,9,9,9,5692000,1400,3,4065.714285714286,Mogappair,3 BHK,1000-1500 sqft,Valid,Chennai,Not available in source data,315,35
2740000,1035,Manapakkam,2,0,9,9,9,9,9,9,9,9,9,9,9,9,9,9,9,9,9,9,9,9,9,9,9,9,9,9,9,9,9,9,9,9,9,9,9,2740000,1035,2,2647.3429951690823,Manapakkam,2 BHK,1000-1500 sqft,Valid,Chennai,Not available in source data,315,35
6343000,563,Thiruverkadu,1,0,9,9,9,9,9,9,9,9,9,9,9,9,9,9,9,9,9,9,9,9,9,9,9,9,9,9,9,9,9,9,9,9,9,9,9,6343000,563,1,11266.429840142097,Thiruverkadu,1 BHK,500-1000 sqft,Valid,Chennai,Not available in source data,315,35
5542000,1337,Thiruverkadu,3,0,9,9,9,9,9,9,9,9,9,9,9,9,9,9,9,9,9,9,9,9,9,9,9,9,9,9,9,9,9,9,9,9,9,9,9,5542000,1337,3,4145.100972326103,Thiruverkadu,3 BHK,1000-1500 sqft,Valid,Chennai,Not available in source data,315,35
5555000,1165,Thiruverkadu,2,0,9,9,9,9,9,9,9,9,9,9,9,9,9,9,9,9,9,9,9,9,9,9,9,9,9,9,9,9,9,9,9,9,9,9,9,5555000,1165,2,4768.240343347639,Thiruverkadu,2 BHK,1000-1500 sqft,Valid,Chennai,Not available in source data,315,35
5519000,1010,Mugalivakkam,2,0,9,9,9,9,9,9,9,9,9,9,9,9,9,9,9,9,9,9,9,9,9,9,9,9,9,9,9,9,9,9,9,9,9,9,9,5519000,1010,2,5464.3564356435645,Mugalivakkam,2 BHK,1000-1500 sqft,Valid,Chennai,Not available in source data,315,35
11500000,1160,Thiruverkadu,2,0,9,9,9,9,9,9,9,9,9,9,9,9,9,9,9,9,9,9,9,9,9,9,9,9,9,9,9,9,9,9,9,9,9,9,9,11500000,1160,2,9913.793103448275,Thiruverkadu,2 BHK,1000-1500 sqft,Valid,Chennai,Not available in source data,315,35
2777000,2096,Mugalivakkam,4,0,9,9,9,9,9,9,9,9,9,9,9,9,9,9,9,9,9,9,9,9,9,9,9,9,9,9,9,9,9,9,9,9,9,9,9,2777000,2096,4,1324.9045801526718,Mugalivakkam,4 BHK,1500-2500 sqft,Valid,Chennai,Not available in source data,315,35
8563000,571,Thiruverkadu,1,0,9,9,9,9,9,9,9,9,9,9,9,9,9,9,9,9,9,9,9,9,9,9,9,9,9,9,9,9,9,9,9,9,9,9,9,8563000,571,1,14996.497373029772,Thiruverkadu,1 BHK,500-1000 sqft,Valid,Chennai,Not available in source data,315,35
4793000,1557,Mugalivakkam,3,0,9,9,9,9,9,9,9,9,9,9,9,9,9,9,9,9,9,9,9,9,9,9,9,9,9,9,9,9,9,9,9,9,9,9,9,4793000,1557,3,3078.3558124598585,Mugalivakkam,3 BHK,1500-2500 sqft,Valid,Chennai,Not available in source data,315,35
2763000,1004,Thiruverkadu,2,0,9,9,9,9,9,9,9,9,9,9,9,9,9,9,9,9,9,9,9,9,9,9,9,9,9,9,9,9,9,9,9,9,9,9,9,2763000,1004,2,2751.99203187251,Thiruverkadu,2 BHK,1000-1500 sqft,Valid,Chennai,Not available in source data,315,35
9226000,568,Thiruverkadu,1,0,9,9,9,9,9,9,9,9,9,9,9,9,9,9,9,9,9,9,9,9,9,9,9,9,9,9,9,9,9,9,9,9,9,9,9,9226000,568,1,16242.957746478873,Thiruverkadu,1 BHK,500-1000 sqft,Valid,Chennai,Not available in source data,315,35
2703000,1633,Mugalivakkam,3,0,9,9,9,9,9,9,9,9,9,9,9,9,9,9,9,9,9,9,9,9,9,9,9,9,9,9,9,9,9,9,9,9,9,9,9,2703000,1633,3,1655.2357624004899,Mugalivakkam,3 BHK,1500-2500 sqft,Valid,Chennai,Not available in source data,315,35
5630000,555,Thiruverkadu,1,0,9,9,9,9,9,9,9,9,9,9,9,9,9,9,9,9,9,9,9,9,9,9,9,9,9,9,9,9,9,9,9,9,9,9,9,5630000,555,1,10144.144144144144,Thiruverkadu,1 BHK,500-1000 sqft,Valid,Chennai,Not available in source data,315,35
5756000,1184,Thiruverkadu,2,0,9,9,9,9,9,9,9,9,9,9,9,9,9,9,9,9,9,9,9,9,9,9,9,9,9,9,9,9,9,9,9,9,9,9,9,5756000,1184,2,4861.486486486487,Thiruverkadu,2 BHK,1000-1500 sqft,Valid,Chennai,Not available in source data,315,35
2726000,1211,Thiruverkadu,2,0,9,9,9,9,9,9,9,9,9,9,9,9,9,9,9,9,9,9,9,9,9,9,9,9,9,9,9,9,9,9,9,9,9,9,9,2726000,1211,2,2251.03220478943,Thiruverkadu,2 BHK,1000-1500 sqft,Valid,Chennai,Not available in source data,315,35
8227000,560,Thiruverkadu,1,0,9,9,9,9,9,9,9,9,9,9,9,9,9,9,9,9,9,9,9,9,9,9,9,9,9,9,9,9,9,9,9,9,9,9,9,8227000,560,1,14691.07142857143,Thiruverkadu,1 BHK,500-1000 sqft,Valid,Chennai,Not available in source data,315,35
3306000,1307,Karapakkam,3,0,9,9,9,9,9,9,9,9,9,9,9,9,9,9,9,9,9,9,9,9,9,9,9,9,9,9,9,9,9,9,9,9,9,9,9,3306000,1307,3,2529.4567712318285,Karapakkam,3 BHK,1000-1500 sqft,Valid,Chennai,Not available in source data,315,35
8270999,538,Karapakkam,1,0,9,9,9,9,9,9,9,9,9,9,9,9,9,9,9,9,9,9,9,9,9,9,9,9,9,9,9,9,9,9,9,9,9,9,9,8270999,538,1,15373.60408921933,Karapakkam,1 BHK,500-1000 sqft,Valid,Chennai,Not available in source data,315,35
6567000,1314,Karapakkam,3,0,9,9,9,9,9,9,9,9,9,9,9,9,9,9,9,9,9,9,9,9,9,9,9,9,9,9,9,9,9,9,9,9,9,9,9,6567000,1314,3,4997.7168949771685,Karapakkam,3 BHK,1000-1500 sqft,Valid,Chennai,Not available in source data,315,35
8548000,1027,Karapakkam,2,0,9,9,9,9,9,9,9,9,9,9,9,9,9,9,9,9,9,9,9,9,9,9,9,9,9,9,9,9,9,9,9,9,9,9,9,8548000,1027,2,8323.271665043818,Karapakkam,2 BHK,1000-1500 sqft,Valid,Chennai,Not available in source data,315,35
6548000,1358,Karapakkam,3,0,9,9,9,9,9,9,9,9,9,9,9,9,9,9,9,9,9,9,9,9,9,9,9,9,9,9,9,9,9,9,9,9,9,9,9,6548000,1358,3,4821.7967599410895,Karapakkam,3 BHK,1000-1500 sqft,Valid,Chennai,Not available in source data,315,35
16900000,1024,Karapakkam,2,0,9,9,9,9,9,9,9,9,9,9,9,9,9,9,9,9,9,9,9,9,9,9,9,9,9,9,9,9,9,9,9,9,9,9,9,16900000,1024,2,16503.90625,Karapakkam,2 BHK,1000-1500 sqft,Valid,Chennai,Not available in source data,315,35
9826000,2686,Karapakkam,4,0,9,9,9,9,9,9,9,9,9,9,9,9,9,9,9,9,9,9,9,9,9,9,9,9,9,9,9,9,9,9,9,9,9,9,9,9826000,2686,4,3658.227848101266,Karapakkam,4 BHK,2500+ sqft,Valid,Chennai,Not available in source data,315,35
8158000,1561,Karapakkam,3,0,9,9,9,9,9,9,9,9,9,9,9,9,9,9,9,9,9,9,9,9,9,9,9,9,9,9,9,9,9,9,9,9,9,9,9,8158000,1561,3,5226.137091607944,Karapakkam,3 BHK,1500-2500 sqft,Valid,Chennai,Not available in source data,315,35
9857000,1296,Karapakkam,3,0,9,9,9,9,9,9,9,9,9,9,9,9,9,9,9,9,9,9,9,9,9,9,9,9,9,9,9,9,9,9,9,9,9,9,9,9857000,1296,3,7605.70987654321,Karapakkam,3 BHK,1000-1500 sqft,Valid,Chennai,Not available in source data,315,35
11500000,1566,Karapakkam,3,0,9,9,9,9,9,9,9,9,9,9,9,9,9,9,9,9,9,9,9,9,9,9,9,9,9,9,9,9,9,9,9,9,9,9,9,11500000,1566,3,7343.550446998723,Karapakkam,3 BHK,1500-2500 sqft,Valid,Chennai,Not available in source data,315,35
9845000,1829,Karapakkam,3,0,9,9,9,9,9,9,9,9,9,9,9,9,9,9,9,9,9,9,9,9,9,9,9,9,9,9,9,9,9,9,9,9,9,9,9,9845000,1829,3,5382.722799343904,Karapakkam,3 BHK,1500-2500 sqft,Valid,Chennai,Not available in source data,315,35
12200000,1564,Karapakkam,3,0,9,9,9,9,9,9,9,9,9,9,9,9,9,9,9,9,9,9,9,9,9,9,9,9,9,9,9,9,9,9,9,9,9,9,9,12200000,1564,3,7800.5115089514065,Karapakkam,3 BHK,1500-2500 sqft,Valid,Chennai,Not available in source data,315,35
16600000,1944,Karapakkam,3,0,9,9,9,9,9,9,9,9,9,9,9,9,9,9,9,9,9,9,9,9,9,9,9,9,9,9,9,9,9,9,9,9,9,9,9,16600000,1944,3,8539.094650205761,Karapakkam,3 BHK,1500-2500 sqft,Valid,Chennai,Not available in source data,315,35
3372999,2640,Karapakkam,4,0,9,9,9,9,9,9,9,9,9,9,9,9,9,9,9,9,9,9,9,9,9,9,9,9,9,9,9,9,9,9,9,9,9,9,9,3372999,2640,4,1277.6511363636364,Karapakkam,4 BHK,2500+ sqft,Valid,Chennai,Not available in source data,315,35
16500000,549,Karapakkam,1,0,9,9,9,9,9,9,9,9,9,9,9,9,9,9,9,9,9,9,9,9,9,9,9,9,9,9,9,9,9,9,9,9,9,9,9,16500000,549,1,30054.64480874317,Karapakkam,1 BHK,500-1000 sqft,Valid,Chennai,Not available in source data,315,35
16399999,2630,Karapakkam,4,0,9,9,9,9,9,9,9,9,9,9,9,9,9,9,9,9,9,9,9,9,9,9,9,9,9,9,9,9,9,9,9,9,9,9,9,16399999,2630,4,6235.741064638783,Karapakkam,4 BHK,2500+ sqft,Valid,Chennai,Not available in source data,315,35
10000000,2616,Karapakkam,4,0,9,9,9,9,9,9,9,9,9,9,9,9,9,9,9,9,9,9,9,9,9,9,9,9,9,9,9,9,9,9,9,9,9,9,9,10000000,2616,4,3822.62996941896,Karapakkam,4 BHK,2500+ sqft,Valid,Chennai,Not available in source data,315,35
8029000,1599,Karapakkam,3,0,9,9,9,9,9,9,9,9,9,9,9,9,9,9,9,9,9,9,9,9,9,9,9,9,9,9,9,9,9,9,9,9,9,9,9,8029000,1599,3,5021.263289555973,Karapakkam,3 BHK,1500-2500 sqft,Valid,Chennai,Not available in source data,315,35
6380000,2140,Thalambur,4,0,9,9,9,9,9,9,9,9,9,9,9,9,9,9,9,9,9,9,9,9,9,9,9,9,9,9,9,9,9,9,9,9,9,9,9,6380000,2140,4,2981.308411214953,Thalambur,4 BHK,1500-2500 sqft,Valid,Chennai,Not available in source data,315,35
4659000,1702,Thalambur,3,0,9,9,9,9,9,9,9,9,9,9,9,9,9,9,9,9,9,9,9,9,9,9,9,9,9,9,9,9,9,9,9,9,9,9,9,4659000,1702,3,2737.367802585194,Thalambur,3 BHK,1500-2500 sqft,Valid,Chennai,Not available in source data,315,35
4699000,1277,Thalambur,3,0,9,9,9,9,9,9,9,9,9,9,9,9,9,9,9,9,9,9,9,9,9,9,9,9,9,9,9,9,9,9,9,9,9,9,9,4699000,1277,3,3679.7180892717306,Thalambur,3 BHK,1000-1500 sqft,Valid,Chennai,Not available in source data,315,35
4260000,1288,Thalambur,3,0,9,9,9,9,9,9,9,9,9,9,9,9,9,9,9,9,9,9,9,9,9,9,9,9,9,9,9,9,9,9,9,9,9,9,9,4260000,1288,3,3307.4534161490683,Thalambur,3 BHK,1000-1500 sqft,Valid,Chennai,Not available in source data,315,35
8048999,1166,Thalambur,2,0,9,9,9,9,9,9,9,9,9,9,9,9,9,9,9,9,9,9,9,9,9,9,9,9,9,9,9,9,9,9,9,9,9,9,9,8048999,1166,2,6903.086620926244,Thalambur,2 BHK,1000-1500 sqft,Valid,Chennai,Not available in source data,315,35
6360000,2146,Thalambur,4,0,9,9,9,9,9,9,9,9,9,9,9,9,9,9,9,9,9,9,9,9,9,9,9,9,9,9,9,9,9,9,9,9,9,9,9,6360000,2146,4,2963.653308480895,Thalambur,4 BHK,1500-2500 sqft,Valid,Chennai,Not available in source data,315,35
5808000,1697,Thalambur,3,0,9,9,9,9,9,9,9,9,9,9,9,9,9,9,9,9,9,9,9,9,9,9,9,9,9,9,9,9,9,9,9,9,9,9,9,5808000,1697,3,3422.5103123158515,Thalambur,3 BHK,1500-2500 sqft,Valid,Chennai,Not available in source data,315,35
6700000,872,Ambattur,2,0,9,9,9,9,9,9,9,9,9,9,9,9,9,9,9,9,9,9,9,9,9,9,9,9,9,9,9,9,9,9,9,9,9,9,9,6700000,872,2,7683.48623853211,Ambattur,2 BHK,500-1000 sqft,Valid,Chennai,Not available in source data,315,35
6700000,1123,Iyappanthangal,2,0,9,9,9,9,9,9,9,9,9,9,9,9,9,9,9,9,9,9,9,9,9,9,9,9,9,9,9,9,9,9,9,9,9,9,9,6700000,1123,2,5966.162065894924,Iyappanthangal,2 BHK,1000-1500 sqft,Valid,Chennai,Not available in source data,315,35
5200000,1123,Iyappanthangal,2,0,9,9,9,9,9,9,9,9,9,9,9,9,9,9,9,9,9,9,9,9,9,9,9,9,9,9,9,9,9,9,9,9,9,9,9,5200000,1123,2,4630.454140694568,Iyappanthangal,2 BHK,1000-1500 sqft,Valid,Chennai,Not available in source data,315,35
3432000,811,Kovilambakkam,2,0,9,9,9,9,9,9,9,9,9,9,9,9,9,9,9,9,9,9,9,9,9,9,9,9,9,9,9,9,9,9,9,9,9,9,9,3432000,811,2,4231.812577065351,Kovilambakkam,2 BHK,500-1000 sqft,Valid,Chennai,Not available in source data,315,35
4171000,722,Ullagaram,2,0,9,9,9,9,9,9,9,9,9,9,9,9,9,9,9,9,9,9,9,9,9,9,9,9,9,9,9,9,9,9,9,9,9,9,9,4171000,722,2,5777.008310249307,Ullagaram,2 BHK,500-1000 sqft,Valid,Chennai,Not available in source data,315,35
3789000,869,Nanmangalam,2,0,9,9,9,9,9,9,9,9,9,9,9,9,9,9,9,9,9,9,9,9,9,9,9,9,9,9,9,9,9,9,9,9,9,9,9,3789000,869,2,4360.1841196777905,Nanmangalam,2 BHK,500-1000 sqft,Valid,Chennai,Not available in source data,315,35
3789000,815,Vellakkal,2,0,9,9,9,9,9,9,9,9,9,9,9,9,9,9,9,9,9,9,9,9,9,9,9,9,9,9,9,9,9,9,9,9,9,9,9,3789000,815,2,4649.079754601227,Vellakkal,2 BHK,500-1000 sqft,Valid,Chennai,Not available in source data,315,35
5412000,815,Vellakkal,2,0,9,9,9,9,9,9,9,9,9,9,9,9,9,9,9,9,9,9,9,9,9,9,9,9,9,9,9,9,9,9,9,9,9,9,9,5412000,815,2,6640.490797546012,Vellakkal,2 BHK,500-1000 sqft,Valid,Chennai,Not available in source data,315,35
4248000,984,Nanmangalam,2,0,9,9,9,9,9,9,9,9,9,9,9,9,9,9,9,9,9,9,9,9,9,9,9,9,9,9,9,9,9,9,9,9,9,9,9,4248000,984,2,4317.073170731707,Nanmangalam,2 BHK,500-1000 sqft,Valid,Chennai,Not available in source data,315,35
4040999,817,Nanmangalam,2,0,9,9,9,9,9,9,9,9,9,9,9,9,9,9,9,9,9,9,9,9,9,9,9,9,9,9,9,9,9,9,9,9,9,9,9,4040999,817,2,4946.143206854345,Nanmangalam,2 BHK,500-1000 sqft,Valid,Chennai,Not available in source data,315,35
4040999,898,Nanmangalam,2,0,9,9,9,9,9,9,9,9,9,9,9,9,9,9,9,9,9,9,9,9,9,9,9,9,9,9,9,9,9,9,9,9,9,9,9,4040999,898,2,4499.998886414254,Nanmangalam,2 BHK,500-1000 sqft,Valid,Chennai,Not available in source data,315,35
4694000,898,Nanmangalam,2,0,9,9,9,9,9,9,9,9,9,9,9,9,9,9,9,9,9,9,9,9,9,9,9,9,9,9,9,9,9,9,9,9,9,9,9,4694000,898,2,5227.1714922049,Nanmangalam,2 BHK,500-1000 sqft,Valid,Chennai,Not available in source data,315,35
4344000,978,Nanmangalam,2,0,9,9,9,9,9,9,9,9,9,9,9,9,9,9,9,9,9,9,9,9,9,9,9,9,9,9,9,9,9,9,9,9,9,9,9,4344000,978,2,4441.7177914110425,Nanmangalam,2 BHK,500-1000 sqft,Valid,Chennai,Not available in source data,315,35
4344000,905,Nanmangalam,2,0,9,9,9,9,9,9,9,9,9,9,9,9,9,9,9,9,9,9,9,9,9,9,9,9,9,9,9,9,9,9,9,9,9,9,9,4344000,905,2,4800.0,Nanmangalam,2 BHK,500-1000 sqft,Valid,Chennai,Not available in source data,315,35
4536000,905,Nanmangalam,2,0,9,9,9,9,9,9,9,9,9,9,9,9,9,9,9,9,9,9,9,9,9,9,9,9,9,9,9,9,9,9,9,9,9,9,9,4536000,905,2,5012.154696132597,Nanmangalam,2 BHK,500-1000 sqft,Valid,Chennai,Not available in source data,315,35
4536000,945,Nanmangalam,2,0,9,9,9,9,9,9,9,9,9,9,9,9,9,9,9,9,9,9,9,9,9,9,9,9,9,9,9,9,9,9,9,9,9,9,9,4536000,945,2,4800.0,Nanmangalam,2 BHK,500-1000 sqft,Valid,Chennai,Not available in source data,315,35
3321000,945,Nanmangalam,2,0,9,9,9,9,9,9,9,9,9,9,9,9,9,9,9,9,9,9,9,9,9,9,9,9,9,9,9,9,9,9,9,9,9,9,9,3321000,945,2,3514.285714285714,Nanmangalam,2 BHK,500-1000 sqft,Valid,Chennai,Not available in source data,315,35
3474000,738,Nanmangalam,2,0,9,9,9,9,9,9,9,9,9,9,9,9,9,9,9,9,9,9,9,9,9,9,9,9,9,9,9,9,9,9,9,9,9,9,9,3474000,738,2,4707.317073170731,Nanmangalam,2 BHK,500-1000 sqft,Valid,Chennai,Not available in source data,315,35
3321000,772,Nanmangalam,2,0,9,9,9,9,9,9,9,9,9,9,9,9,9,9,9,9,9,9,9,9,9,9,9,9,9,9,9,9,9,9,9,9,9,9,9,3321000,772,2,4301.813471502591,Nanmangalam,2 BHK,500-1000 sqft,Valid,Chennai,Not available in source data,315,35
3461000,738,Nanmangalam,2,0,9,9,9,9,9,9,9,9,9,9,9,9,9,9,9,9,9,9,9,9,9,9,9,9,9,9,9,9,9,9,9,9,9,9,9,3461000,738,2,4689.70189701897,Nanmangalam,2 BHK,500-1000 sqft,Valid,Chennai,Not available in source data,315,35
5808000,721,Ullagaram,2,0,9,9,9,9,9,9,9,9,9,9,9,9,9,9,9,9,9,9,9,9,9,9,9,9,9,9,9,9,9,9,9,9,9,9,9,5808000,721,2,8055.478502080444,Ullagaram,2 BHK,500-1000 sqft,Valid,Chennai,Not available in source data,315,35
3945000,939,Ambattur,2,0,9,9,9,9,9,9,9,9,9,9,9,9,9,9,9,9,9,9,9,9,9,9,9,9,9,9,9,9,9,9,9,9,9,9,9,3945000,939,2,4201.277955271566,Ambattur,2 BHK,500-1000 sqft,Valid,Chennai,Not available in source data,315,35
3782000,822,Nanmangalam,2,0,9,9,9,9,9,9,9,9,9,9,9,9,9,9,9,9,9,9,9,9,9,9,9,9,9,9,9,9,9,9,9,9,9,9,9,3782000,822,2,4600.973236009732,Nanmangalam,2 BHK,500-1000 sqft,Valid,Chennai,Not available in source data,315,35
4314000,788,Nanmangalam,2,0,9,9,9,9,9,9,9,9,9,9,9,9,9,9,9,9,9,9,9,9,9,9,9,9,9,9,9,9,9,9,9,9,9,9,9,4314000,788,2,5474.619289340101,Nanmangalam,2 BHK,500-1000 sqft,Valid,Chennai,Not available in source data,315,35
3974000,915,Avadi,2,0,9,9,9,9,9,9,9,9,9,9,9,9,9,9,9,9,9,9,9,9,9,9,9,9,9,9,9,9,9,9,9,9,9,9,9,3974000,915,2,4343.169398907104,Avadi,2 BHK,500-1000 sqft,Valid,Chennai,Not available in source data,315,35
3906000,840,Avadi,2,0,9,9,9,9,9,9,9,9,9,9,9,9,9,9,9,9,9,9,9,9,9,9,9,9,9,9,9,9,9,9,9,9,9,9,9,3906000,840,2,4650.0,Avadi,2 BHK,500-1000 sqft,Valid,Chennai,Not available in source data,315,35
4314000,825,Avadi,2,0,9,9,9,9,9,9,9,9,9,9,9,9,9,9,9,9,9,9,9,9,9,9,9,9,9,9,9,9,9,9,9,9,9,9,9,4314000,825,2,5229.090909090909,Avadi,2 BHK,500-1000 sqft,Valid,Chennai,Not available in source data,315,35
3838000,915,Avadi,2,0,9,9,9,9,9,9,9,9,9,9,9,9,9,9,9,9,9,9,9,9,9,9,9,9,9,9,9,9,9,9,9,9,9,9,9,3838000,915,2,4194.535519125683,Avadi,2 BHK,500-1000 sqft,Valid,Chennai,Not available in source data,315,35
4292000,810,Avadi,2,0,9,9,9,9,9,9,9,9,9,9,9,9,9,9,9,9,9,9,9,9,9,9,9,9,9,9,9,9,9,9,9,9,9,9,9,4292000,810,2,5298.765432098766,Avadi,2 BHK,500-1000 sqft,Valid,Chennai,Not available in source data,315,35
5112000,910,Avadi,2,0,9,9,9,9,9,9,9,9,9,9,9,9,9,9,9,9,9,9,9,9,9,9,9,9,9,9,9,9,9,9,9,9,9,9,9,5112000,910,2,5617.582417582417,Avadi,2 BHK,500-1000 sqft,Valid,Chennai,Not available in source data,315,35
3653000,1065,Nanmangalam,2,0,9,9,9,9,9,9,9,9,9,9,9,9,9,9,9,9,9,9,9,9,9,9,9,9,9,9,9,9,9,9,9,9,9,9,9,3653000,1065,2,3430.0469483568077,Nanmangalam,2 BHK,1000-1500 sqft,Valid,Chennai,Not available in source data,315,35
3653000,840,Avadi,2,0,9,9,9,9,9,9,9,9,9,9,9,9,9,9,9,9,9,9,9,9,9,9,9,9,9,9,9,9,9,9,9,9,9,9,9,3653000,840,2,4348.809523809524,Avadi,2 BHK,500-1000 sqft,Valid,Chennai,Not available in source data,315,35
3724000,840,Avadi,2,0,9,9,9,9,9,9,9,9,9,9,9,9,9,9,9,9,9,9,9,9,9,9,9,9,9,9,9,9,9,9,9,9,9,9,9,3724000,840,2,4433.333333333333,Avadi,2 BHK,500-1000 sqft,Valid,Chennai,Not available in source data,315,35
5270000,776,Nanmangalam,2,0,9,9,9,9,9,9,9,9,9,9,9,9,9,9,9,9,9,9,9,9,9,9,9,9,9,9,9,9,9,9,9,9,9,9,9,5270000,776,2,6791.237113402062,Nanmangalam,2 BHK,500-1000 sqft,Valid,Chennai,Not available in source data,315,35
8900000,1098,Nanmangalam,3,0,9,9,9,9,9,9,9,9,9,9,9,9,9,9,9,9,9,9,9,9,9,9,9,9,9,9,9,9,9,9,9,9,9,9,9,8900000,1098,3,8105.646630236794,Nanmangalam,3 BHK,1000-1500 sqft,Valid,Chennai,Not available in source data,315,35
3000000,1655,Siruseri,2,0,9,9,9,9,9,9,9,9,9,9,9,9,9,9,9,9,9,9,9,9,9,9,9,9,9,9,9,9,9,9,9,9,9,9,9,3000000,1655,2,1812.6888217522658,Siruseri,2 BHK,1500-2500 sqft,Valid,Chennai,Not available in source data,315,35
8214000,700,Thiruverkadu,2,0,9,9,9,9,9,9,9,9,9,9,9,9,9,9,9,9,9,9,9,9,9,9,9,9,9,9,9,9,9,9,9,9,9,9,9,8214000,700,2,11734.285714285714,Thiruverkadu,2 BHK,500-1000 sqft,Valid,Chennai,Not available in source data,315,35
3893000,1439,Korattur,3,0,9,9,9,9,9,9,9,9,9,9,9,9,9,9,9,9,9,9,9,9,9,9,9,9,9,9,9,9,9,9,9,9,9,9,9,3893000,1439,3,2705.350938151494,Korattur,3 BHK,1000-1500 sqft,Valid,Chennai,Not available in source data,315,35
10700000,614,Korattur,2,0,9,9,9,9,9,9,9,9,9,9,9,9,9,9,9,9,9,9,9,9,9,9,9,9,9,9,9,9,9,9,9,9,9,9,9,10700000,614,2,17426.710097719868,Korattur,2 BHK,500-1000 sqft,Valid,Chennai,Not available in source data,315,35
3420000,1909,Korattur,4,0,9,9,9,9,9,9,9,9,9,9,9,9,9,9,9,9,9,9,9,9,9,9,9,9,9,9,9,9,9,9,9,9,9,9,9,3420000,1909,4,1791.5138816134101,Korattur,4 BHK,1500-2500 sqft,Valid,Chennai,Not available in source data,315,35
4238000,760,Nanmangalam,2,0,9,9,9,9,9,9,9,9,9,9,9,9,9,9,9,9,9,9,9,9,9,9,9,9,9,9,9,9,9,9,9,9,9,9,9,4238000,760,2,5576.315789473684,Nanmangalam,2 BHK,500-1000 sqft,Valid,Chennai,Not available in source data,315,35
3709000,831,Nanmangalam,2,0,9,9,9,9,9,9,9,9,9,9,9,9,9,9,9,9,9,9,9,9,9,9,9,9,9,9,9,9,9,9,9,9,9,9,9,3709000,831,2,4463.297232250301,Nanmangalam,2 BHK,500-1000 sqft,Valid,Chennai,Not available in source data,315,35
3400000,845,Padur,2,0,9,9,9,9,9,9,9,9,9,9,9,9,9,9,9,9,9,9,9,9,9,9,9,9,9,9,9,9,9,9,9,9,9,9,9,3400000,845,2,4023.6686390532545,Padur,2 BHK,500-1000 sqft,Valid,Chennai,Not available in source data,315,35
3881000,855,Perumbakkam,2,0,9,9,9,9,9,9,9,9,9,9,9,9,9,9,9,9,9,9,9,9,9,9,9,9,9,9,9,9,9,9,9,9,9,9,9,3881000,855,2,4539.181286549708,Perumbakkam,2 BHK,500-1000 sqft,Valid,Chennai,Not available in source data,315,35
6659999,721,Ambattur,2,0,9,9,9,9,9,9,9,9,9,9,9,9,9,9,9,9,9,9,9,9,9,9,9,9,9,9,9,9,9,9,9,9,9,9,9,6659999,721,2,9237.169209431346,Ambattur,2 BHK,500-1000 sqft,Valid,Chennai,Not available in source data,315,35
7753000,1131,Ayanambakkam,2,0,9,9,9,9,9,9,9,9,9,9,9,9,9,9,9,9,9,9,9,9,9,9,9,9,9,9,9,9,9,9,9,9,9,9,9,7753000,1131,2,6854.995579133511,Ayanambakkam,2 BHK,1000-1500 sqft,Valid,Chennai,Not available in source data,315,35
7458000,1551,Sholinganallur,3,0,9,9,9,9,9,9,9,9,9,9,9,9,9,9,9,9,9,9,9,9,9,9,9,9,9,9,9,9,9,9,9,9,9,9,9,7458000,1551,3,4808.510638297872,Sholinganallur,3 BHK,1500-2500 sqft,Valid,Chennai,Not available in source data,315,35
8113000,1492,Sholinganallur,3,0,9,9,9,9,9,9,9,9,9,9,9,9,9,9,9,9,9,9,9,9,9,9,9,9,9,9,9,9,9,9,9,9,9,9,9,8113000,1492,3,5437.667560321715,Sholinganallur,3 BHK,1000-1500 sqft,Valid,Chennai,Not available in source data,315,35
10700000,1623,Sholinganallur,3,0,9,9,9,9,9,9,9,9,9,9,9,9,9,9,9,9,9,9,9,9,9,9,9,9,9,9,9,9,9,9,9,9,9,9,9,10700000,1623,3,6592.729513247074,Sholinganallur,3 BHK,1500-2500 sqft,Valid,Chennai,Not available in source data,315,35
7968000,2154,Sholinganallur,4,0,9,9,9,9,9,9,9,9,9,9,9,9,9,9,9,9,9,9,9,9,9,9,9,9,9,9,9,9,9,9,9,9,9,9,9,7968000,2154,4,3699.1643454039,Sholinganallur,4 BHK,1500-2500 sqft,Valid,Chennai,Not available in source data,315,35
9100000,1594,Sholinganallur,3,0,9,9,9,9,9,9,9,9,9,9,9,9,9,9,9,9,9,9,9,9,9,9,9,9,9,9,9,9,9,9,9,9,9,9,9,9100000,1594,3,5708.908406524467,Sholinganallur,3 BHK,1500-2500 sqft,Valid,Chennai,Not available in source data,315,35
3892000,901,Nanganallur,2,0,9,9,9,9,9,9,9,9,9,9,9,9,9,9,9,9,9,9,9,9,9,9,9,9,9,9,9,9,9,9,9,9,9,9,9,3892000,901,2,4319.644839067702,Nanganallur,2 BHK,500-1000 sqft,Valid,Chennai,Not available in source data,315,35
3721000,772,Nanmangalam,2,0,9,9,9,9,9,9,9,9,9,9,9,9,9,9,9,9,9,9,9,9,9,9,9,9,9,9,9,9,9,9,9,9,9,9,9,3721000,772,2,4819.948186528497,Nanmangalam,2 BHK,500-1000 sqft,Valid,Chennai,Not available in source data,315,35
3761999,768,Nanmangalam,2,0,9,9,9,9,9,9,9,9,9,9,9,9,9,9,9,9,9,9,9,9,9,9,9,9,9,9,9,9,9,9,9,9,9,9,9,3761999,768,2,4898.436197916667,Nanmangalam,2 BHK,500-1000 sqft,Valid,Chennai,Not available in source data,315,35
5366000,836,Nanmangalam,2,0,9,9,9,9,9,9,9,9,9,9,9,9,9,9,9,9,9,9,9,9,9,9,9,9,9,9,9,9,9,9,9,9,9,9,9,5366000,836,2,6418.660287081339,Nanmangalam,2 BHK,500-1000 sqft,Valid,Chennai,Not available in source data,315,35
4139000,1118,Nanmangalam,3,0,9,9,9,9,9,9,9,9,9,9,9,9,9,9,9,9,9,9,9,9,9,9,9,9,9,9,9,9,9,9,9,9,9,9,9,4139000,1118,3,3702.1466905187835,Nanmangalam,3 BHK,1000-1500 sqft,Valid,Chennai,Not available in source data,315,35
3436999,881,Nanmangalam,2,0,9,9,9,9,9,9,9,9,9,9,9,9,9,9,9,9,9,9,9,9,9,9,9,9,9,9,9,9,9,9,9,9,9,9,9,3436999,881,2,3901.2474460839953,Nanmangalam,2 BHK,500-1000 sqft,Valid,Chennai,Not available in source data,315,35
11000000,763,Nanmangalam,2,0,9,9,9,9,9,9,9,9,9,9,9,9,9,9,9,9,9,9,9,9,9,9,9,9,9,9,9,9,9,9,9,9,9,9,9,11000000,763,2,14416.775884665793,Nanmangalam,2 BHK,500-1000 sqft,Valid,Chennai,Not available in source data,315,35
7000000,1450,Velachery,3,1,9,9,9,9,9,9,9,9,9,9,9,9,9,9,9,9,9,9,9,9,9,9,9,9,9,9,9,9,9,9,9,9,9,9,9,7000000,1450,3,4827.586206896552,Velachery,3 BHK,1000-1500 sqft,Valid,Chennai,Not available in source data,315,35
12500000,1070,Velachery,2,1,9,9,9,9,9,9,9,9,9,9,9,9,9,9,9,9,9,9,9,9,9,9,9,9,9,9,9,9,9,9,9,9,9,9,9,12500000,1070,2,11682.242990654206,Velachery,2 BHK,1000-1500 sqft,Valid,Chennai,Not available in source data,315,35
17000000,1050,Thiruvanmiyur,2,1,9,9,9,9,9,9,9,9,9,9,9,9,9,9,9,9,9,9,9,9,9,9,9,9,9,9,9,9,9,9,9,9,9,9,9,17000000,1050,2,16190.47619047619,Thiruvanmiyur,2 BHK,1000-1500 sqft,Valid,Chennai,Not available in source data,315,35
3100000,1450,Adyar,3,1,9,9,9,9,9,9,9,9,9,9,9,9,9,9,9,9,9,9,9,9,9,9,9,9,9,9,9,9,9,9,9,9,9,9,9,3100000,1450,3,2137.9310344827586,Adyar,3 BHK,1000-1500 sqft,Valid,Chennai,Not available in source data,315,35
30000000,702,Poonamallee,2,0,9,9,9,9,9,9,9,9,9,9,9,9,9,9,9,9,9,9,9,9,9,9,9,9,9,9,9,9,9,9,9,9,9,9,9,30000000,702,2,42735.042735042734,Poonamallee,2 BHK,500-1000 sqft,Valid,Chennai,Not available in source data,315,35
4635000,3000,Triplicane,2,1,9,9,9,9,9,9,9,9,9,9,9,9,9,9,9,9,9,9,9,9,9,9,9,9,9,9,9,9,9,9,9,9,9,9,9,4635000,3000,2,1545.0,Triplicane,2 BHK,2500+ sqft,Valid,Chennai,Not available in source data,315,35
5808000,872,Ambattur,2,0,9,9,9,9,9,9,9,9,9,9,9,9,9,9,9,9,9,9,9,9,9,9,9,9,9,9,9,9,9,9,9,9,9,9,9,5808000,872,2,6660.5504587155965,Ambattur,2 BHK,500-1000 sqft,Valid,Chennai,Not available in source data,315,35
3924000,939,Ambattur,2,0,9,9,9,9,9,9,9,9,9,9,9,9,9,9,9,9,9,9,9,9,9,9,9,9,9,9,9,9,9,9,9,9,9,9,9,3924000,939,2,4178.91373801917,Ambattur,2 BHK,500-1000 sqft,Valid,Chennai,Not available in source data,315,35
9068000,721,Ambattur,2,0,9,9,9,9,9,9,9,9,9,9,9,9,9,9,9,9,9,9,9,9,9,9,9,9,9,9,9,9,9,9,9,9,9,9,9,9068000,721,2,12576.976421636617,Ambattur,2 BHK,500-1000 sqft,Valid,Chennai,Not available in source data,315,35
2700000,1110,Mogappair,3,0,9,9,9,9,9,9,9,9,9,9,9,9,9,9,9,9,9,9,9,9,9,9,9,9,9,9,9,9,9,9,9,9,9,9,9,2700000,1110,3,2432.4324324324325,Mogappair,3 BHK,1000-1500 sqft,Valid,Chennai,Not available in source data,315,35
5700000,626,Kelambakkam,2,0,9,9,9,9,9,9,9,9,9,9,9,9,9,9,9,9,9,9,9,9,9,9,9,9,9,9,9,9,9,9,9,9,9,9,9,5700000,626,2,9105.431309904154,Kelambakkam,2 BHK,500-1000 sqft,Valid,Chennai,Not available in source data,315,35
9500000,1147,Padur,2,0,9,9,9,9,9,9,9,9,9,9,9,9,9,9,9,9,9,9,9,9,9,9,9,9,9,9,9,9,9,9,9,9,9,9,9,9500000,1147,2,8282.476024411508,Padur,2 BHK,1000-1500 sqft,Valid,Chennai,Not available in source data,315,35
7800000,2020,Navallur,4,0,9,9,9,9,9,9,9,9,9,9,9,9,9,9,9,9,9,9,9,9,9,9,9,9,9,9,9,9,9,9,9,9,9,9,9,7800000,2020,4,3861.3861386138615,Navallur,4 BHK,1500-2500 sqft,Valid,Chennai,Not available in source data,315,35
3881000,1699,Navallur,3,0,9,9,9,9,9,9,9,9,9,9,9,9,9,9,9,9,9,9,9,9,9,9,9,9,9,9,9,9,9,9,9,9,9,9,9,3881000,1699,3,2284.2848734549734,Navallur,3 BHK,1500-2500 sqft,Valid,Chennai,Not available in source data,315,35
5506000,721,Ambattur,2,0,9,9,9,9,9,9,9,9,9,9,9,9,9,9,9,9,9,9,9,9,9,9,9,9,9,9,9,9,9,9,9,9,9,9,9,5506000,721,2,7636.615811373093,Ambattur,2 BHK,500-1000 sqft,Valid,Chennai,Not available in source data,315,35
3924000,927,Ambattur,2,0,9,9,9,9,9,9,9,9,9,9,9,9,9,9,9,9,9,9,9,9,9,9,9,9,9,9,9,9,9,9,9,9,9,9,9,3924000,927,2,4233.0097087378645,Ambattur,2 BHK,500-1000 sqft,Valid,Chennai,Not available in source data,315,35
3924000,872,Ambattur,2,0,9,9,9,9,9,9,9,9,9,9,9,9,9,9,9,9,9,9,9,9,9,9,9,9,9,9,9,9,9,9,9,9,9,9,9,3924000,872,2,4500.0,Ambattur,2 BHK,500-1000 sqft,Valid,Chennai,Not available in source data,315,35
7900000,872,Ambattur,2,0,9,9,9,9,9,9,9,9,9,9,9,9,9,9,9,9,9,9,9,9,9,9,9,9,9,9,9,9,9,9,9,9,9,9,9,7900000,872,2,9059.633027522936,Ambattur,2 BHK,500-1000 sqft,Valid,Chennai,Not available in source data,315,35
5737000,1441,Padur,2,0,9,9,9,9,9,9,9,9,9,9,9,9,9,9,9,9,9,9,9,9,9,9,9,9,9,9,9,9,9,9,9,9,9,9,9,5737000,1441,2,3981.263011797363,Padur,2 BHK,1000-1500 sqft,Valid,Chennai,Not available in source data,315,35
3986999,721,Ambattur,2,0,9,9,9,9,9,9,9,9,9,9,9,9,9,9,9,9,9,9,9,9,9,9,9,9,9,9,9,9,9,9,9,9,9,9,9,3986999,721,2,5529.818307905686,Ambattur,2 BHK,500-1000 sqft,Valid,Chennai,Not available in source data,315,35
3621000,886,Ambattur,2,0,9,9,9,9,9,9,9,9,9,9,9,9,9,9,9,9,9,9,9,9,9,9,9,9,9,9,9,9,9,9,9,9,9,9,9,3621000,886,2,4086.907449209932,Ambattur,2 BHK,500-1000 sqft,Valid,Chennai,Not available in source data,315,35
3428000,1050,Kelambakkam,2,0,9,9,9,9,9,9,9,9,9,9,9,9,9,9,9,9,9,9,9,9,9,9,9,9,9,9,9,9,9,9,9,9,9,9,9,3428000,1050,2,3264.7619047619046,Kelambakkam,2 BHK,1000-1500 sqft,Valid,Chennai,Not available in source data,315,35
4352000,994,Kelambakkam,2,0,9,9,9,9,9,9,9,9,9,9,9,9,9,9,9,9,9,9,9,9,9,9,9,9,9,9,9,9,9,9,9,9,9,9,9,4352000,994,2,4378.269617706237,Kelambakkam,2 BHK,500-1000 sqft,Valid,Chennai,Not available in source data,315,35
4604000,1262,Kelambakkam,3,0,9,9,9,9,9,9,9,9,9,9,9,9,9,9,9,9,9,9,9,9,9,9,9,9,9,9,9,9,9,9,9,9,9,9,9,4604000,1262,3,3648.177496038035,Kelambakkam,3 BHK,1000-1500 sqft,Valid,Chennai,Not available in source data,315,35
8400000,1335,Kelambakkam,3,0,9,9,9,9,9,9,9,9,9,9,9,9,9,9,9,9,9,9,9,9,9,9,9,9,9,9,9,9,9,9,9,9,9,9,9,8400000,1335,3,6292.134831460674,Kelambakkam,3 BHK,1000-1500 sqft,Valid,Chennai,Not available in source data,315,35
11500000,1504,Navallur,3,0,9,9,9,9,9,9,9,9,9,9,9,9,9,9,9,9,9,9,9,9,9,9,9,9,9,9,9,9,9,9,9,9,9,9,9,11500000,1504,3,7646.276595744681,Navallur,3 BHK,1500-2500 sqft,Valid,Chennai,Not available in source data,315,35
6312000,1158,Navallur,2,0,9,9,9,9,9,9,9,9,9,9,9,9,9,9,9,9,9,9,9,9,9,9,9,9,9,9,9,9,9,9,9,9,9,9,9,6312000,1158,2,5450.777202072539,Navallur,2 BHK,1000-1500 sqft,Valid,Chennai,Not available in source data,315,35
10300000,1058,Navallur,2,0,9,9,9,9,9,9,9,9,9,9,9,9,9,9,9,9,9,9,9,9,9,9,9,9,9,9,9,9,9,9,9,9,9,9,9,10300000,1058,2,9735.349716446124,Navallur,2 BHK,1000-1500 sqft,Valid,Chennai,Not available in source data,315,35
2899000,1699,Navallur,3,0,9,9,9,9,9,9,9,9,9,9,9,9,9,9,9,9,9,9,9,9,9,9,9,9,9,9,9,9,9,9,9,9,9,9,9,2899000,1699,3,1706.2978222483814,Navallur,3 BHK,1500-2500 sqft,Valid,Chennai,Not available in source data,315,35
7800000,745,Poonamallee,2,1,9,9,9,9,9,9,9,9,9,9,9,9,9,9,9,9,9,9,9,9,9,9,9,9,9,9,9,9,9,9,9,9,9,9,9,7800000,745,2,10469.79865771812,Poonamallee,2 BHK,500-1000 sqft,Valid,Chennai,Not available in source data,315,35
3300000,1234,Vengaivasal,2,0,9,9,9,9,9,9,9,9,9,9,9,9,9,9,9,9,9,9,9,9,9,9,9,9,9,9,9,9,9,9,9,9,9,9,9,3300000,1234,2,2674.230145867099,Vengaivasal,2 BHK,1000-1500 sqft,Valid,Chennai,Not available in source data,315,35
12500000,855,Perumbakkam,2,0,9,9,9,9,9,9,9,9,9,9,9,9,9,9,9,9,9,9,9,9,9,9,9,9,9,9,9,9,9,9,9,9,9,9,9,12500000,855,2,14619.883040935672,Perumbakkam,2 BHK,500-1000 sqft,Valid,Chennai,Not available in source data,315,35
3244000,1060,Thiruvanmiyur,2,1,9,9,9,9,9,9,9,9,9,9,9,9,9,9,9,9,9,9,9,9,9,9,9,9,9,9,9,9,9,9,9,9,9,9,9,3244000,1060,2,3060.377358490566,Thiruvanmiyur,2 BHK,1000-1500 sqft,Valid,Chennai,Not available in source data,315,35
4999000,721,Ambattur,2,0,9,9,9,9,9,9,9,9,9,9,9,9,9,9,9,9,9,9,9,9,9,9,9,9,9,9,9,9,9,9,9,9,9,9,9,4999000,721,2,6933.425797503467,Ambattur,2 BHK,500-1000 sqft,Valid,Chennai,Not available in source data,315,35
3027000,1005,Kovilambakkam,3,0,9,9,9,9,9,9,9,9,9,9,9,9,9,9,9,9,9,9,9,9,9,9,9,9,9,9,9,9,9,9,9,9,9,9,9,3027000,1005,3,3011.9402985074626,Kovilambakkam,3 BHK,1000-1500 sqft,Valid,Chennai,Not available in source data,315,35
17000000,865,Tiruporur Near Kelambakkam,2,0,9,9,9,9,9,9,9,9,9,9,9,9,9,9,9,9,9,9,9,9,9,9,9,9,9,9,9,9,9,9,9,9,9,9,9,17000000,865,2,19653.179190751445,Tiruporur Near Kelambakkam,2 BHK,500-1000 sqft,Valid,Chennai,Not available in source data,315,35
4605000,2000,Adyar,3,1,9,9,9,9,9,9,9,9,9,9,9,9,9,9,9,9,9,9,9,9,9,9,9,9,9,9,9,9,9,9,9,9,9,9,9,4605000,2000,3,2302.5,Adyar,3 BHK,1500-2500 sqft,Valid,Chennai,Not available in source data,315,35
29200000,721,Ambattur,2,0,9,9,9,9,9,9,9,9,9,9,9,9,9,9,9,9,9,9,9,9,9,9,9,9,9,9,9,9,9,9,9,9,9,9,9,29200000,721,2,40499.30651872399,Ambattur,2 BHK,500-1000 sqft,Valid,Chennai,Not available in source data,315,35
8763000,5037,Kanathur Reddikuppam,5,0,9,9,9,9,9,9,9,9,9,9,9,9,9,9,9,9,9,9,9,9,9,9,9,9,9,9,9,9,9,9,9,9,9,9,9,8763000,5037,5,1739.7260273972602,Kanathur Reddikuppam,5+ BHK,2500+ sqft,Valid,Chennai,Not available in source data,315,35
4999000,5093,Kanathur Reddikuppam,5,0,9,9,9,9,9,9,9,9,9,9,9,9,9,9,9,9,9,9,9,9,9,9,9,9,9,9,9,9,9,9,9,9,9,9,9,4999000,5093,5,981.5432947182408,Kanathur Reddikuppam,5+ BHK,2500+ sqft,Valid,Chennai,Not available in source data,315,35
3750000,1865,Kanathur Reddikuppam,3,0,9,9,9,9,9,9,9,9,9,9,9,9,9,9,9,9,9,9,9,9,9,9,9,9,9,9,9,9,9,9,9,9,9,9,9,3750000,1865,3,2010.7238605898124,Kanathur Reddikuppam,3 BHK,1500-2500 sqft,Valid,Chennai,Not available in source data,315,35
5821000,930,Medavakkam,2,0,9,9,9,9,9,9,9,9,9,9,9,9,9,9,9,9,9,9,9,9,9,9,9,9,9,9,9,9,9,9,9,9,9,9,9,5821000,930,2,6259.139784946236,Medavakkam,2 BHK,500-1000 sqft,Valid,Chennai,Not available in source data,315,35
5659000,775,Medavakkam,2,0,9,9,9,9,9,9,9,9,9,9,9,9,9,9,9,9,9,9,9,9,9,9,9,9,9,9,9,9,9,9,9,9,9,9,9,5659000,775,2,7301.935483870968,Medavakkam,2 BHK,500-1000 sqft,Valid,Chennai,Not available in source data,315,35
3115000,1294,Ambattur,3,0,9,9,9,9,9,9,9,9,9,9,9,9,9,9,9,9,9,9,9,9,9,9,9,9,9,9,9,9,9,9,9,9,9,9,9,3115000,1294,3,2407.2642967542506,Ambattur,3 BHK,1000-1500 sqft,Valid,Chennai,Not available in source data,315,35
12600000,1068,Pallavaram,2,0,9,9,9,9,9,9,9,9,9,9,9,9,9,9,9,9,9,9,9,9,9,9,9,9,9,9,9,9,9,9,9,9,9,9,9,12600000,1068,2,11797.752808988764,Pallavaram,2 BHK,1000-1500 sqft,Valid,Chennai,Not available in source data,315,35
3700000,588,Pallavaram,2,0,9,9,9,9,9,9,9,9,9,9,9,9,9,9,9,9,9,9,9,9,9,9,9,9,9,9,9,9,9,9,9,9,9,9,9,3700000,588,2,6292.517006802721,Pallavaram,2 BHK,500-1000 sqft,Valid,Chennai,Not available in source data,315,35
5654000,1978,Mogappair,3,0,9,9,9,9,9,9,9,9,9,9,9,9,9,9,9,9,9,9,9,9,9,9,9,9,9,9,9,9,9,9,9,9,9,9,9,5654000,1978,3,2858.442871587462,Mogappair,3 BHK,1500-2500 sqft,Valid,Chennai,Not available in source data,315,35
3700000,850,Avadi,2,0,9,9,9,9,9,9,9,9,9,9,9,9,9,9,9,9,9,9,9,9,9,9,9,9,9,9,9,9,9,9,9,9,9,9,9,3700000,850,2,4352.941176470588,Avadi,2 BHK,500-1000 sqft,Valid,Chennai,Not available in source data,315,35
7492000,1414,Perumbakkam,3,0,9,9,9,9,9,9,9,9,9,9,9,9,9,9,9,9,9,9,9,9,9,9,9,9,9,9,9,9,9,9,9,9,9,9,9,7492000,1414,3,5298.444130127298,Perumbakkam,3 BHK,1000-1500 sqft,Valid,Chennai,Not available in source data,315,35
2000000,850,Avadi,2,0,9,9,9,9,9,9,9,9,9,9,9,9,9,9,9,9,9,9,9,9,9,9,9,9,9,9,9,9,9,9,9,9,9,9,9,2000000,850,2,2352.9411764705883,Avadi,2 BHK,500-1000 sqft,Valid,Chennai,Not available in source data,315,35
3600000,1414,Velappanchavadi,3,0,9,9,9,9,9,9,9,9,9,9,9,9,9,9,9,9,9,9,9,9,9,9,9,9,9,9,9,9,9,9,9,9,9,9,9,3600000,1414,3,2545.968882602546,Velappanchavadi,3 BHK,1000-1500 sqft,Valid,Chennai,Not available in source data,315,35
7195999,463,Avadi,1,0,9,9,9,9,9,9,9,9,9,9,9,9,9,9,9,9,9,9,9,9,9,9,9,9,9,9,9,9,9,9,9,9,9,9,9,7195999,463,1,15542.114470842333,Avadi,1 BHK,<500 sqft,Valid,Chennai,Not available in source data,315,35
3244000,850,Avadi,2,0,9,9,9,9,9,9,9,9,9,9,9,9,9,9,9,9,9,9,9,9,9,9,9,9,9,9,9,9,9,9,9,9,9,9,9,3244000,850,2,3816.470588235294,Avadi,2 BHK,500-1000 sqft,Valid,Chennai,Not available in source data,315,35
5892000,1358,Velappanchavadi,3,0,9,9,9,9,9,9,9,9,9,9,9,9,9,9,9,9,9,9,9,9,9,9,9,9,9,9,9,9,9,9,9,9,9,9,9,5892000,1358,3,4338.733431516936,Velappanchavadi,3 BHK,1000-1500 sqft,Valid,Chennai,Not available in source data,315,35
12000000,721,Ambattur,2,0,9,9,9,9,9,9,9,9,9,9,9,9,9,9,9,9,9,9,9,9,9,9,9,9,9,9,9,9,9,9,9,9,9,9,9,12000000,721,2,16643.55062413315,Ambattur,2 BHK,500-1000 sqft,Valid,Chennai,Not available in source data,315,35
12000000,1112,Velappanchavadi,2,0,9,9,9,9,9,9,9,9,9,9,9,9,9,9,9,9,9,9,9,9,9,9,9,9,9,9,9,9,9,9,9,9,9,9,9,12000000,1112,2,10791.366906474821,Velappanchavadi,2 BHK,1000-1500 sqft,Valid,Chennai,Not available in source data,315,35
5426000,1200,Adyar,3,1,9,9,9,9,9,9,9,9,9,9,9,9,9,9,9,9,9,9,9,9,9,9,9,9,9,9,9,9,9,9,9,9,9,9,9,5426000,1200,3,4521.666666666667,Adyar,3 BHK,1000-1500 sqft,Valid,Chennai,Not available in source data,315,35
4882000,1200,Adyar,3,1,9,9,9,9,9,9,9,9,9,9,9,9,9,9,9,9,9,9,9,9,9,9,9,9,9,9,9,9,9,9,9,9,9,9,9,4882000,1200,3,4068.3333333333335,Adyar,3 BHK,1000-1500 sqft,Valid,Chennai,Not available in source data,315,35
4820000,1024,Velappanchavadi,2,0,9,9,9,9,9,9,9,9,9,9,9,9,9,9,9,9,9,9,9,9,9,9,9,9,9,9,9,9,9,9,9,9,9,9,9,4820000,1024,2,4707.03125,Velappanchavadi,2 BHK,1000-1500 sqft,Valid,Chennai,Not available in source data,315,35
5263000,721,Ambattur,2,0,9,9,9,9,9,9,9,9,9,9,9,9,9,9,9,9,9,9,9,9,9,9,9,9,9,9,9,9,9,9,9,9,9,9,9,5263000,721,2,7299.5839112343965,Ambattur,2 BHK,500-1000 sqft,Valid,Chennai,Not available in source data,315,35
2059000,721,Ambattur,2,0,9,9,9,9,9,9,9,9,9,9,9,9,9,9,9,9,9,9,9,9,9,9,9,9,9,9,9,9,9,9,9,9,9,9,9,2059000,721,2,2855.755894590846,Ambattur,2 BHK,500-1000 sqft,Valid,Chennai,Not available in source data,315,35
3244000,1462,Agaramthen,3,0,9,9,9,9,9,9,9,9,9,9,9,9,9,9,9,9,9,9,9,9,9,9,9,9,9,9,9,9,9,9,9,9,9,9,9,3244000,1462,3,2218.8782489740083,Agaramthen,3 BHK,1000-1500 sqft,Valid,Chennai,Not available in source data,315,35
5858000,572,Agaramthen,1,0,9,9,9,9,9,9,9,9,9,9,9,9,9,9,9,9,9,9,9,9,9,9,9,9,9,9,9,9,9,9,9,9,9,9,9,5858000,572,1,10241.258741258742,Agaramthen,1 BHK,500-1000 sqft,Valid,Chennai,Not available in source data,315,35
8941000,1160,Kovur,2,0,9,9,9,9,9,9,9,9,9,9,9,9,9,9,9,9,9,9,9,9,9,9,9,9,9,9,9,9,9,9,9,9,9,9,9,8941000,1160,2,7707.758620689655,Kovur,2 BHK,1000-1500 sqft,Valid,Chennai,Not available in source data,315,35
4757000,721,Ambattur,2,0,9,9,9,9,9,9,9,9,9,9,9,9,9,9,9,9,9,9,9,9,9,9,9,9,9,9,9,9,9,9,9,9,9,9,9,4757000,721,2,6597.780859916782,Ambattur,2 BHK,500-1000 sqft,Valid,Chennai,Not available in source data,315,35
4051000,1374,Padi,3,0,9,9,9,9,9,9,9,9,9,9,9,9,9,9,9,9,9,9,9,9,9,9,9,9,9,9,9,9,9,9,9,9,9,9,9,4051000,1374,3,2948.326055312955,Padi,3 BHK,1000-1500 sqft,Valid,Chennai,Not available in source data,315,35
4449000,865,Manikandan Nagar,2,0,9,9,9,9,9,9,9,9,9,9,9,9,9,9,9,9,9,9,9,9,9,9,9,9,9,9,9,9,9,9,9,9,9,9,9,4449000,865,2,5143.35260115607,Manikandan Nagar,2 BHK,500-1000 sqft,Valid,Chennai,Not available in source data,315,35
6616000,719,Kovilambakkam,2,0,9,9,9,9,9,9,9,9,9,9,9,9,9,9,9,9,9,9,9,9,9,9,9,9,9,9,9,9,9,9,9,9,9,9,9,6616000,719,2,9201.668984700973,Kovilambakkam,2 BHK,500-1000 sqft,Valid,Chennai,Not available in source data,315,35
6616000,809,Kovilambakkam,2,0,9,9,9,9,9,9,9,9,9,9,9,9,9,9,9,9,9,9,9,9,9,9,9,9,9,9,9,9,9,9,9,9,9,9,9,6616000,809,2,8177.997527812114,Kovilambakkam,2 BHK,500-1000 sqft,Valid,Chennai,Not available in source data,315,35
4190000,1203,Kovilambakkam,3,0,9,9,9,9,9,9,9,9,9,9,9,9,9,9,9,9,9,9,9,9,9,9,9,9,9,9,9,9,9,9,9,9,9,9,9,4190000,1203,3,3482.959268495428,Kovilambakkam,3 BHK,1000-1500 sqft,Valid,Chennai,Not available in source data,315,35
11000000,1203,Kovilambakkam,3,0,9,9,9,9,9,9,9,9,9,9,9,9,9,9,9,9,9,9,9,9,9,9,9,9,9,9,9,9,9,9,9,9,9,9,9,11000000,1203,3,9143.80714879468,Kovilambakkam,3 BHK,1000-1500 sqft,Valid,Chennai,Not available in source data,315,35
7300000,764,Manikandan Nagar,2,0,9,9,9,9,9,9,9,9,9,9,9,9,9,9,9,9,9,9,9,9,9,9,9,9,9,9,9,9,9,9,9,9,9,9,9,7300000,764,2,9554.973821989528,Manikandan Nagar,2 BHK,500-1000 sqft,Valid,Chennai,Not available in source data,315,35
7300000,1775,Mugalivakkam,3,1,9,9,9,9,9,9,9,9,9,9,9,9,9,9,9,9,9,9,9,9,9,9,9,9,9,9,9,9,9,9,9,9,9,9,9,7300000,1775,3,4112.6760563380285,Mugalivakkam,3 BHK,1500-2500 sqft,Valid,Chennai,Not available in source data,315,35
3800000,1466,Guduvancheri,3,0,9,9,9,9,9,9,9,9,9,9,9,9,9,9,9,9,9,9,9,9,9,9,9,9,9,9,9,9,9,9,9,9,9,9,9,3800000,1466,3,2592.087312414734,Guduvancheri,3 BHK,1000-1500 sqft,Valid,Chennai,Not available in source data,315,35
3881000,1466,Guduvancheri,3,0,9,9,9,9,9,9,9,9,9,9,9,9,9,9,9,9,9,9,9,9,9,9,9,9,9,9,9,9,9,9,9,9,9,9,9,3881000,1466,3,2647.3396998635744,Guduvancheri,3 BHK,1000-1500 sqft,Valid,Chennai,Not available in source data,315,35
3881000,790,Perumbakkam,2,0,9,9,9,9,9,9,9,9,9,9,9,9,9,9,9,9,9,9,9,9,9,9,9,9,9,9,9,9,9,9,9,9,9,9,9,3881000,790,2,4912.658227848101,Perumbakkam,2 BHK,500-1000 sqft,Valid,Chennai,Not available in source data,315,35
2781000,721,Ambattur,2,0,9,9,9,9,9,9,9,9,9,9,9,9,9,9,9,9,9,9,9,9,9,9,9,9,9,9,9,9,9,9,9,9,9,9,9,2781000,721,2,3857.1428571428573,Ambattur,2 BHK,500-1000 sqft,Valid,Chennai,Not available in source data,315,35
4610000,721,Ambattur,2,0,9,9,9,9,9,9,9,9,9,9,9,9,9,9,9,9,9,9,9,9,9,9,9,9,9,9,9,9,9,9,9,9,9,9,9,4610000,721,2,6393.897364771151,Ambattur,2 BHK,500-1000 sqft,Valid,Chennai,Not available in source data,315,35
3475000,618,Kovur,1,0,9,9,9,9,9,9,9,9,9,9,9,9,9,9,9,9,9,9,9,9,9,9,9,9,9,9,9,9,9,9,9,9,9,9,9,3475000,618,1,5622.977346278317,Kovur,1 BHK,500-1000 sqft,Valid,Chennai,Not available in source data,315,35
3934000,913,Kovur,2,0,9,9,9,9,9,9,9,9,9,9,9,9,9,9,9,9,9,9,9,9,9,9,9,9,9,9,9,9,9,9,9,9,9,9,9,3934000,913,2,4308.871851040526,Kovur,2 BHK,500-1000 sqft,Valid,Chennai,Not available in source data,315,35
9643000,931,Selaiyur,2,0,9,9,9,9,9,9,9,9,9,9,9,9,9,9,9,9,9,9,9,9,9,9,9,9,9,9,9,9,9,9,9,9,9,9,9,9643000,931,2,10357.679914070892,Selaiyur,2 BHK,500-1000 sqft,Valid,Chennai,Not available in source data,315,35
6618000,622,Korattur,2,0,9,9,9,9,9,9,9,9,9,9,9,9,9,9,9,9,9,9,9,9,9,9,9,9,9,9,9,9,9,9,9,9,9,9,9,6618000,622,2,10639.871382636657,Korattur,2 BHK,500-1000 sqft,Valid,Chennai,Not available in source data,315,35
9165000,1691,Korattur,3,0,9,9,9,9,9,9,9,9,9,9,9,9,9,9,9,9,9,9,9,9,9,9,9,9,9,9,9,9,9,9,9,9,9,9,9,9165000,1691,3,5419.869899467771,Korattur,3 BHK,1500-2500 sqft,Valid,Chennai,Not available in source data,315,35
5004000,1138,Korattur,2,0,9,9,9,9,9,9,9,9,9,9,9,9,9,9,9,9,9,9,9,9,9,9,9,9,9,9,9,9,9,9,9,9,9,9,9,5004000,1138,2,4397.188049209139,Korattur,2 BHK,1000-1500 sqft,Valid,Chennai,Not available in source data,315,35
6700000,1222,Thoraipakkam OMR,2,0,9,9,9,9,9,9,9,9,9,9,9,9,9,9,9,9,9,9,9,9,9,9,9,9,9,9,9,9,9,9,9,9,9,9,9,6700000,1222,2,5482.815057283143,Thoraipakkam OMR,2 BHK,1000-1500 sqft,Valid,Chennai,Not available in source data,315,35
3244000,1044,Kelambakkam,2,0,9,9,9,9,9,9,9,9,9,9,9,9,9,9,9,9,9,9,9,9,9,9,9,9,9,9,9,9,9,9,9,9,9,9,9,3244000,1044,2,3107.27969348659,Kelambakkam,2 BHK,1000-1500 sqft,Valid,Chennai,Not available in source data,315,35
7336000,1123,Porur,2,0,9,9,9,9,9,9,9,9,9,9,9,9,9,9,9,9,9,9,9,9,9,9,9,9,9,9,9,9,9,9,9,9,9,9,9,7336000,1123,2,6532.502226179875,Porur,2 BHK,1000-1500 sqft,Valid,Chennai,Not available in source data,315,35
7213000,721,Ambattur,2,0,9,9,9,9,9,9,9,9,9,9,9,9,9,9,9,9,9,9,9,9,9,9,9,9,9,9,9,9,9,9,9,9,9,9,9,7213000,721,2,10004.160887656033,Ambattur,2 BHK,500-1000 sqft,Valid,Chennai,Not available in source data,315,35
12000000,1310,Madipakkam,2,0,9,9,9,9,9,9,9,9,9,9,9,9,9,9,9,9,9,9,9,9,9,9,9,9,9,9,9,9,9,9,9,9,9,9,9,12000000,1310,2,9160.30534351145,Madipakkam,2 BHK,1000-1500 sqft,Valid,Chennai,Not available in source data,315,35
11100000,1173,Perungudi,2,0,9,9,9,9,9,9,9,9,9,9,9,9,9,9,9,9,9,9,9,9,9,9,9,9,9,9,9,9,9,9,9,9,9,9,9,11100000,1173,2,9462.915601023018,Perungudi,2 BHK,1000-1500 sqft,Valid,Chennai,Not available in source data,315,35
9165000,1613,Thoraipakkam OMR,3,0,9,9,9,9,9,9,9,9,9,9,9,9,9,9,9,9,9,9,9,9,9,9,9,9,9,9,9,9,9,9,9,9,9,9,9,9165000,1613,3,5681.959082455052,Thoraipakkam OMR,3 BHK,1500-2500 sqft,Valid,Chennai,Not available in source data,315,35
5004000,1493,Thoraipakkam OMR,2,0,9,9,9,9,9,9,9,9,9,9,9,9,9,9,9,9,9,9,9,9,9,9,9,9,9,9,9,9,9,9,9,9,9,9,9,5004000,1493,2,3351.6409912926993,Thoraipakkam OMR,2 BHK,1000-1500 sqft,Valid,Chennai,Not available in source data,315,35
3965999,1222,Thoraipakkam OMR,2,0,9,9,9,9,9,9,9,9,9,9,9,9,9,9,9,9,9,9,9,9,9,9,9,9,9,9,9,9,9,9,9,9,9,9,9,3965999,1222,2,3245.4983633387887,Thoraipakkam OMR,2 BHK,1000-1500 sqft,Valid,Chennai,Not available in source data,315,35
16100000,1044,Kelambakkam,2,0,9,9,9,9,9,9,9,9,9,9,9,9,9,9,9,9,9,9,9,9,9,9,9,9,9,9,9,9,9,9,9,9,9,9,9,16100000,1044,2,15421.455938697318,Kelambakkam,2 BHK,1000-1500 sqft,Valid,Chennai,Not available in source data,315,35
14300000,1044,Kelambakkam,2,0,9,9,9,9,9,9,9,9,9,9,9,9,9,9,9,9,9,9,9,9,9,9,9,9,9,9,9,9,9,9,9,9,9,9,9,14300000,1044,2,13697.318007662836,Kelambakkam,2 BHK,1000-1500 sqft,Valid,Chennai,Not available in source data,315,35
3499000,2153,Thoraipakkam OMR,4,0,9,9,9,9,9,9,9,9,9,9,9,9,9,9,9,9,9,9,9,9,9,9,9,9,9,9,9,9,9,9,9,9,9,9,9,3499000,2153,4,1625.1741755689736,Thoraipakkam OMR,4 BHK,1500-2500 sqft,Valid,Chennai,Not available in source data,315,35
6767000,1912,Thoraipakkam OMR,3,0,9,9,9,9,9,9,9,9,9,9,9,9,9,9,9,9,9,9,9,9,9,9,9,9,9,9,9,9,9,9,9,9,9,9,9,6767000,1912,3,3539.225941422594,Thoraipakkam OMR,3 BHK,1500-2500 sqft,Valid,Chennai,Not available in source data,315,35
5045000,828,Selaiyur,2,1,9,9,9,9,9,9,9,9,9,9,9,9,9,9,9,9,9,9,9,9,9,9,9,9,9,9,9,9,9,9,9,9,9,9,9,5045000,828,2,6092.995169082125,Selaiyur,2 BHK,500-1000 sqft,Valid,Chennai,Not available in source data,315,35
6659999,1340,Kovur,3,0,9,9,9,9,9,9,9,9,9,9,9,9,9,9,9,9,9,9,9,9,9,9,9,9,9,9,9,9,9,9,9,9,9,9,9,6659999,1340,3,4970.148507462686,Kovur,3 BHK,1000-1500 sqft,Valid,Chennai,Not available in source data,315,35
5060000,869,Kilkattalai,2,0,9,9,9,9,9,9,9,9,9,9,9,9,9,9,9,9,9,9,9,9,9,9,9,9,9,9,9,9,9,9,9,9,9,9,9,5060000,869,2,5822.784810126583,Kilkattalai,2 BHK,500-1000 sqft,Valid,Chennai,Not available in source data,315,35
6312000,1110,Kilkattalai,3,0,9,9,9,9,9,9,9,9,9,9,9,9,9,9,9,9,9,9,9,9,9,9,9,9,9,9,9,9,9,9,9,9,9,9,9,6312000,1110,3,5686.486486486487,Kilkattalai,3 BHK,1000-1500 sqft,Valid,Chennai,Not available in source data,315,35
5325000,920,Kilkattalai,2,0,9,9,9,9,9,9,9,9,9,9,9,9,9,9,9,9,9,9,9,9,9,9,9,9,9,9,9,9,9,9,9,9,9,9,9,5325000,920,2,5788.04347826087,Kilkattalai,2 BHK,500-1000 sqft,Valid,Chennai,Not available in source data,315,35
5325000,1052,Kilkattalai,2,0,9,9,9,9,9,9,9,9,9,9,9,9,9,9,9,9,9,9,9,9,9,9,9,9,9,9,9,9,9,9,9,9,9,9,9,5325000,1052,2,5061.787072243346,Kilkattalai,2 BHK,1000-1500 sqft,Valid,Chennai,Not available in source data,315,35
4794000,945,Kilkattalai,2,0,9,9,9,9,9,9,9,9,9,9,9,9,9,9,9,9,9,9,9,9,9,9,9,9,9,9,9,9,9,9,9,9,9,9,9,4794000,945,2,5073.015873015873,Kilkattalai,2 BHK,500-1000 sqft,Valid,Chennai,Not available in source data,315,35
3790999,945,Kilkattalai,2,0,9,9,9,9,9,9,9,9,9,9,9,9,9,9,9,9,9,9,9,9,9,9,9,9,9,9,9,9,9,9,9,9,9,9,9,3790999,945,2,4011.6391534391532,Kilkattalai,2 BHK,500-1000 sqft,Valid,Chennai,Not available in source data,315,35
3244000,1262,Kelambakkam,3,0,9,9,9,9,9,9,9,9,9,9,9,9,9,9,9,9,9,9,9,9,9,9,9,9,9,9,9,9,9,9,9,9,9,9,9,3244000,1262,3,2570.5229793977815,Kelambakkam,3 BHK,1000-1500 sqft,Valid,Chennai,Not available in source data,315,35
4400000,998,Kelambakkam,2,0,9,9,9,9,9,9,9,9,9,9,9,9,9,9,9,9,9,9,9,9,9,9,9,9,9,9,9,9,9,9,9,9,9,9,9,4400000,998,2,4408.817635270541,Kelambakkam,2 BHK,500-1000 sqft,Valid,Chennai,Not available in source data,315,35
4383000,1100,Sithalapakkam,3,0,9,9,9,9,9,9,9,9,9,9,9,9,9,9,9,9,9,9,9,9,9,9,9,9,9,9,9,9,9,9,9,9,9,9,9,4383000,1100,3,3984.5454545454545,Sithalapakkam,3 BHK,1000-1500 sqft,Valid,Chennai,Not available in source data,315,35
5405000,927,Ambattur,2,0,9,9,9,9,9,9,9,9,9,9,9,9,9,9,9,9,9,9,9,9,9,9,9,9,9,9,9,9,9,9,9,9,9,9,9,5405000,927,2,5830.636461704423,Ambattur,2 BHK,500-1000 sqft,Valid,Chennai,Not available in source data,315,35
4233000,974,Medavakkam,2,0,9,9,9,9,9,9,9,9,9,9,9,9,9,9,9,9,9,9,9,9,9,9,9,9,9,9,9,9,9,9,9,9,9,9,9,4233000,974,2,4345.99589322382,Medavakkam,2 BHK,500-1000 sqft,Valid,Chennai,Not available in source data,315,35
4795000,1150,Medavakkam,3,0,9,9,9,9,9,9,9,9,9,9,9,9,9,9,9,9,9,9,9,9,9,9,9,9,9,9,9,9,9,9,9,9,9,9,9,4795000,1150,3,4169.565217391304,Medavakkam,3 BHK,1000-1500 sqft,Valid,Chennai,Not available in source data,315,35
4085000,882,Medavakkam,2,0,9,9,9,9,9,9,9,9,9,9,9,9,9,9,9,9,9,9,9,9,9,9,9,9,9,9,9,9,9,9,9,9,9,9,9,4085000,882,2,4631.519274376417,Medavakkam,2 BHK,500-1000 sqft,Valid,Chennai,Not available in source data,315,35
4124000,999,Medavakkam,2,0,9,9,9,9,9,9,9,9,9,9,9,9,9,9,9,9,9,9,9,9,9,9,9,9,9,9,9,9,9,9,9,9,9,9,9,4124000,999,2,4128.128128128128,Medavakkam,2 BHK,500-1000 sqft,Valid,Chennai,Not available in source data,315,35
5389000,817,Medavakkam,2,0,9,9,9,9,9,9,9,9,9,9,9,9,9,9,9,9,9,9,9,9,9,9,9,9,9,9,9,9,9,9,9,9,9,9,9,5389000,817,2,6596.083231334149,Medavakkam,2 BHK,500-1000 sqft,Valid,Chennai,Not available in source data,315,35
5295000,887,Medavakkam,2,0,9,9,9,9,9,9,9,9,9,9,9,9,9,9,9,9,9,9,9,9,9,9,9,9,9,9,9,9,9,9,9,9,9,9,9,5295000,887,2,5969.5603156708,Medavakkam,2 BHK,500-1000 sqft,Valid,Chennai,Not available in source data,315,35
5562000,1159,Medavakkam,2,0,9,9,9,9,9,9,9,9,9,9,9,9,9,9,9,9,9,9,9,9,9,9,9,9,9,9,9,9,9,9,9,9,9,9,9,5562000,1159,2,4798.964624676445,Medavakkam,2 BHK,1000-1500 sqft,Valid,Chennai,Not available in source data,315,35
2788000,929,Medavakkam,2,0,9,9,9,9,9,9,9,9,9,9,9,9,9,9,9,9,9,9,9,9,9,9,9,9,9,9,9,9,9,9,9,9,9,9,9,2788000,929,2,3001.076426264801,Medavakkam,2 BHK,500-1000 sqft,Valid,Chennai,Not available in source data,315,35
2788000,1181,Medavakkam,3,0,9,9,9,9,9,9,9,9,9,9,9,9,9,9,9,9,9,9,9,9,9,9,9,9,9,9,9,9,9,9,9,9,9,9,9,2788000,1181,3,2360.7112616426757,Medavakkam,3 BHK,1000-1500 sqft,Valid,Chennai,Not available in source data,315,35
5335000,464,Medavakkam,1,0,9,9,9,9,9,9,9,9,9,9,9,9,9,9,9,9,9,9,9,9,9,9,9,9,9,9,9,9,9,9,9,9,9,9,9,5335000,464,1,11497.844827586207,Medavakkam,1 BHK,<500 sqft,Valid,Chennai,Not available in source data,315,35
5334000,464,Medavakkam,1,0,9,9,9,9,9,9,9,9,9,9,9,9,9,9,9,9,9,9,9,9,9,9,9,9,9,9,9,9,9,9,9,9,9,9,9,5334000,464,1,11495.689655172413,Medavakkam,1 BHK,<500 sqft,Valid,Chennai,Not available in source data,315,35
5334000,970,Kilkattalai,2,0,9,9,9,9,9,9,9,9,9,9,9,9,9,9,9,9,9,9,9,9,9,9,9,9,9,9,9,9,9,9,9,9,9,9,9,5334000,970,2,5498.969072164949,Kilkattalai,2 BHK,500-1000 sqft,Valid,Chennai,Not available in source data,315,35
3800000,970,Kilkattalai,2,0,9,9,9,9,9,9,9,9,9,9,9,9,9,9,9,9,9,9,9,9,9,9,9,9,9,9,9,9,9,9,9,9,9,9,9,3800000,970,2,3917.5257731958764,Kilkattalai,2 BHK,500-1000 sqft,Valid,Chennai,Not available in source data,315,35
6800000,970,Kilkattalai,2,0,9,9,9,9,9,9,9,9,9,9,9,9,9,9,9,9,9,9,9,9,9,9,9,9,9,9,9,9,9,9,9,9,9,9,9,6800000,970,2,7010.309278350515,Kilkattalai,2 BHK,500-1000 sqft,Valid,Chennai,Not available in source data,315,35
5300000,790,Perumbakkam,2,0,9,9,9,9,9,9,9,9,9,9,9,9,9,9,9,9,9,9,9,9,9,9,9,9,9,9,9,9,9,9,9,9,9,9,9,5300000,790,2,6708.860759493671,Perumbakkam,2 BHK,500-1000 sqft,Valid,Chennai,Not available in source data,315,35
3892000,1153,Iyappanthangal,2,0,9,9,9,9,9,9,9,9,9,9,9,9,9,9,9,9,9,9,9,9,9,9,9,9,9,9,9,9,9,9,9,9,9,9,9,3892000,1153,2,3375.542064180399,Iyappanthangal,2 BHK,1000-1500 sqft,Valid,Chennai,Not available in source data,315,35
11000000,830,Kovilambakkam,1,0,9,9,9,9,9,9,9,9,9,9,9,9,9,9,9,9,9,9,9,9,9,9,9,9,9,9,9,9,9,9,9,9,9,9,9,11000000,830,1,13253.012048192772,Kovilambakkam,1 BHK,500-1000 sqft,Valid,Chennai,Not available in source data,315,35
14500000,857,Padur,1,0,9,9,9,9,9,9,9,9,9,9,9,9,9,9,9,9,9,9,9,9,9,9,9,9,9,9,9,9,9,9,9,9,9,9,9,14500000,857,1,16919.486581096848,Padur,1 BHK,500-1000 sqft,Valid,Chennai,Not available in source data,315,35
3013000,1200,Thiruvanmiyur,3,1,9,9,9,9,9,9,9,9,9,9,9,9,9,9,9,9,9,9,9,9,9,9,9,9,9,9,9,9,9,9,9,9,9,9,9,3013000,1200,3,2510.8333333333335,Thiruvanmiyur,3 BHK,1000-1500 sqft,Valid,Chennai,Not available in source data,315,35
3129000,1700,Thoraipakkam,3,1,9,9,9,9,9,9,9,9,9,9,9,9,9,9,9,9,9,9,9,9,9,9,9,9,9,9,9,9,9,9,9,9,9,9,9,3129000,1700,3,1840.5882352941176,Thoraipakkam,3 BHK,1500-2500 sqft,Valid,Chennai,Not available in source data,315,35
3153000,861,Guduvancheri,2,0,9,9,9,9,9,9,9,9,9,9,9,9,9,9,9,9,9,9,9,9,9,9,9,9,9,9,9,9,9,9,9,9,9,9,9,3153000,861,2,3662.020905923345,Guduvancheri,2 BHK,500-1000 sqft,Valid,Chennai,Not available in source data,315,35
3500000,894,Guduvancheri,2,0,9,9,9,9,9,9,9,9,9,9,9,9,9,9,9,9,9,9,9,9,9,9,9,9,9,9,9,9,9,9,9,9,9,9,9,3500000,894,2,3914.9888143176736,Guduvancheri,2 BHK,500-1000 sqft,Valid,Chennai,Not available in source data,315,35
3500000,901,Guduvancheri,2,0,9,9,9,9,9,9,9,9,9,9,9,9,9,9,9,9,9,9,9,9,9,9,9,9,9,9,9,9,9,9,9,9,9,9,9,3500000,901,2,3884.5726970033297,Guduvancheri,2 BHK,500-1000 sqft,Valid,Chennai,Not available in source data,315,35
4791000,1000,Guduvancheri,2,0,9,9,9,9,9,9,9,9,9,9,9,9,9,9,9,9,9,9,9,9,9,9,9,9,9,9,9,9,9,9,9,9,9,9,9,4791000,1000,2,4791.0,Guduvancheri,2 BHK,1000-1500 sqft,Valid,Chennai,Not available in source data,315,35
3536000,1000,Guduvancheri,2,0,9,9,9,9,9,9,9,9,9,9,9,9,9,9,9,9,9,9,9,9,9,9,9,9,9,9,9,9,9,9,9,9,9,9,9,3536000,1000,2,3536.0,Guduvancheri,2 BHK,1000-1500 sqft,Valid,Chennai,Not available in source data,315,35
2118000,848,Sembakkam,2,0,9,9,9,9,9,9,9,9,9,9,9,9,9,9,9,9,9,9,9,9,9,9,9,9,9,9,9,9,9,9,9,9,9,9,9,2118000,848,2,2497.6415094339623,Sembakkam,2 BHK,500-1000 sqft,Valid,Chennai,Not available in source data,315,35
3150000,943,Selaiyur,2,0,9,9,9,9,9,9,9,9,9,9,9,9,9,9,9,9,9,9,9,9,9,9,9,9,9,9,9,9,9,9,9,9,9,9,9,3150000,943,2,3340.402969247084,Selaiyur,2 BHK,500-1000 sqft,Valid,Chennai,Not available in source data,315,35
2988000,565,Selaiyur,1,0,9,9,9,9,9,9,9,9,9,9,9,9,9,9,9,9,9,9,9,9,9,9,9,9,9,9,9,9,9,9,9,9,9,9,9,2988000,565,1,5288.495575221239,Selaiyur,1 BHK,500-1000 sqft,Valid,Chennai,Not available in source data,315,35
6720000,840,Selaiyur,2,0,9,9,9,9,9,9,9,9,9,9,9,9,9,9,9,9,9,9,9,9,9,9,9,9,9,9,9,9,9,9,9,9,9,9,9,6720000,840,2,8000.0,Selaiyur,2 BHK,500-1000 sqft,Valid,Chennai,Not available in source data,315,35
4513000,797,Selaiyur,2,0,9,9,9,9,9,9,9,9,9,9,9,9,9,9,9,9,9,9,9,9,9,9,9,9,9,9,9,9,9,9,9,9,9,9,9,4513000,797,2,5662.484316185696,Selaiyur,2 BHK,500-1000 sqft,Valid,Chennai,Not available in source data,315,35
3490999,1120,Chromepet,3,0,9,9,9,9,9,9,9,9,9,9,9,9,9,9,9,9,9,9,9,9,9,9,9,9,9,9,9,9,9,9,9,9,9,9,9,3490999,1120,3,3116.963392857143,Chromepet,3 BHK,1000-1500 sqft,Valid,Chennai,Not available in source data,315,35
3285000,868,Chromepet,2,0,9,9,9,9,9,9,9,9,9,9,9,9,9,9,9,9,9,9,9,9,9,9,9,9,9,9,9,9,9,9,9,9,9,9,9,3285000,868,2,3784.5622119815666,Chromepet,2 BHK,500-1000 sqft,Valid,Chennai,Not available in source data,315,35
16500000,930,Selaiyur,2,0,9,9,9,9,9,9,9,9,9,9,9,9,9,9,9,9,9,9,9,9,9,9,9,9,9,9,9,9,9,9,9,9,9,9,9,16500000,930,2,17741.935483870966,Selaiyur,2 BHK,500-1000 sqft,Valid,Chennai,Not available in source data,315,35
4829000,876,Selaiyur,2,0,9,9,9,9,9,9,9,9,9,9,9,9,9,9,9,9,9,9,9,9,9,9,9,9,9,9,9,9,9,9,9,9,9,9,9,4829000,876,2,5512.557077625571,Selaiyur,2 BHK,500-1000 sqft,Valid,Chennai,Not available in source data,315,35
16500000,1610,Thiruverkadu,3,1,9,9,9,9,9,9,9,9,9,9,9,9,9,9,9,9,9,9,9,9,9,9,9,9,9,9,9,9,9,9,9,9,9,9,9,16500000,1610,3,10248.447204968945,Thiruverkadu,3 BHK,1500-2500 sqft,Valid,Chennai,Not available in source data,315,35
8200000,1271,Vengambakkam,3,0,9,9,9,9,9,9,9,9,9,9,9,9,9,9,9,9,9,9,9,9,9,9,9,9,9,9,9,9,9,9,9,9,9,9,9,8200000,1271,3,6451.612903225807,Vengambakkam,3 BHK,1000-1500 sqft,Valid,Chennai,Not available in source data,315,35
24200000,2691,Pallikaranai,4,0,9,9,9,9,9,9,9,9,9,9,9,9,9,9,9,9,9,9,9,9,9,9,9,9,9,9,9,9,9,9,9,9,9,9,9,24200000,2691,4,8992.939427722036,Pallikaranai,4 BHK,2500+ sqft,Valid,Chennai,Not available in source data,315,35
24600000,1255,Pallikaranai,2,0,9,9,9,9,9,9,9,9,9,9,9,9,9,9,9,9,9,9,9,9,9,9,9,9,9,9,9,9,9,9,9,9,9,9,9,24600000,1255,2,19601.593625498008,Pallikaranai,2 BHK,1000-1500 sqft,Valid,Chennai,Not available in source data,315,35
23300000,1938,Thiruvanmiyur,3,0,9,9,9,9,9,9,9,9,9,9,9,9,9,9,9,9,9,9,9,9,9,9,9,9,9,9,9,9,9,9,9,9,9,9,9,23300000,1938,3,12022.703818369453,Thiruvanmiyur,3 BHK,1500-2500 sqft,Valid,Chennai,Not available in source data,315,35
17800000,1970,Thiruvanmiyur,3,0,9,9,9,9,9,9,9,9,9,9,9,9,9,9,9,9,9,9,9,9,9,9,9,9,9,9,9,9,9,9,9,9,9,9,9,17800000,1970,3,9035.532994923858,Thiruvanmiyur,3 BHK,1500-2500 sqft,Valid,Chennai,Not available in source data,315,35
22799999,1871,Thiruvanmiyur,3,0,9,9,9,9,9,9,9,9,9,9,9,9,9,9,9,9,9,9,9,9,9,9,9,9,9,9,9,9,9,9,9,9,9,9,9,22799999,1871,3,12185.996258685194,Thiruvanmiyur,3 BHK,1500-2500 sqft,Valid,Chennai,Not available in source data,315,35
16500000,1431,Thiruvanmiyur,2,0,9,9,9,9,9,9,9,9,9,9,9,9,9,9,9,9,9,9,9,9,9,9,9,9,9,9,9,9,9,9,9,9,9,9,9,16500000,1431,2,11530.398322851153,Thiruvanmiyur,2 BHK,1000-1500 sqft,Valid,Chennai,Not available in source data,315,35
4829000,1831,Thiruvanmiyur,3,0,9,9,9,9,9,9,9,9,9,9,9,9,9,9,9,9,9,9,9,9,9,9,9,9,9,9,9,9,9,9,9,9,9,9,9,4829000,1831,3,2637.3566357181867,Thiruvanmiyur,3 BHK,1500-2500 sqft,Valid,Chennai,Not available in source data,315,35
3188000,1610,Thiruverkadu,3,1,9,9,9,9,9,9,9,9,9,9,9,9,9,9,9,9,9,9,9,9,9,9,9,9,9,9,9,9,9,9,9,9,9,9,9,3188000,1610,3,1980.1242236024846,Thiruverkadu,3 BHK,1500-2500 sqft,Valid,Chennai,Not available in source data,315,35
2572000,1271,Vengambakkam,3,0,9,9,9,9,9,9,9,9,9,9,9,9,9,9,9,9,9,9,9,9,9,9,9,9,9,9,9,9,9,9,9,9,9,9,9,2572000,1271,3,2023.60346184107,Vengambakkam,3 BHK,1000-1500 sqft,Valid,Chennai,Not available in source data,315,35
6655000,839,Vengambakkam,2,0,9,9,9,9,9,9,9,9,9,9,9,9,9,9,9,9,9,9,9,9,9,9,9,9,9,9,9,9,9,9,9,9,9,9,9,6655000,839,2,7932.0619785458875,Vengambakkam,2 BHK,500-1000 sqft,Valid,Chennai,Not available in source data,315,35
5050000,677,Vengambakkam,1,0,9,9,9,9,9,9,9,9,9,9,9,9,9,9,9,9,9,9,9,9,9,9,9,9,9,9,9,9,9,9,9,9,9,9,9,5050000,677,1,7459.379615952733,Vengambakkam,1 BHK,500-1000 sqft,Valid,Chennai,Not available in source data,315,35
4605000,1331,Selaiyur,3,0,9,9,9,9,9,9,9,9,9,9,9,9,9,9,9,9,9,9,9,9,9,9,9,9,9,9,9,9,9,9,9,9,9,9,9,4605000,1331,3,3459.8046581517656,Selaiyur,3 BHK,1000-1500 sqft,Valid,Chennai,Not available in source data,315,35
2650000,970,Selaiyur,2,0,9,9,9,9,9,9,9,9,9,9,9,9,9,9,9,9,9,9,9,9,9,9,9,9,9,9,9,9,9,9,9,9,9,9,9,2650000,970,2,2731.958762886598,Selaiyur,2 BHK,500-1000 sqft,Valid,Chennai,Not available in source data,315,35
6096000,881,Selaiyur,2,0,9,9,9,9,9,9,9,9,9,9,9,9,9,9,9,9,9,9,9,9,9,9,9,9,9,9,9,9,9,9,9,9,9,9,9,6096000,881,2,6919.409761634506,Selaiyur,2 BHK,500-1000 sqft,Valid,Chennai,Not available in source data,315,35
5108000,531,Selaiyur,1,0,9,9,9,9,9,9,9,9,9,9,9,9,9,9,9,9,9,9,9,9,9,9,9,9,9,9,9,9,9,9,9,9,9,9,9,5108000,531,1,9619.585687382298,Selaiyur,1 BHK,500-1000 sqft,Valid,Chennai,Not available in source data,315,35
4810000,1183,Madambakkam,3,0,9,9,9,9,9,9,9,9,9,9,9,9,9,9,9,9,9,9,9,9,9,9,9,9,9,9,9,9,9,9,9,9,9,9,9,4810000,1183,3,4065.934065934066,Madambakkam,3 BHK,1000-1500 sqft,Valid,Chennai,Not available in source data,315,35
4469000,961,Madambakkam,2,0,9,9,9,9,9,9,9,9,9,9,9,9,9,9,9,9,9,9,9,9,9,9,9,9,9,9,9,9,9,9,9,9,9,9,9,4469000,961,2,4650.364203954215,Madambakkam,2 BHK,500-1000 sqft,Valid,Chennai,Not available in source data,315,35
4963000,900,Madambakkam,2,0,9,9,9,9,9,9,9,9,9,9,9,9,9,9,9,9,9,9,9,9,9,9,9,9,9,9,9,9,9,9,9,9,9,9,9,4963000,900,2,5514.444444444444,Madambakkam,2 BHK,500-1000 sqft,Valid,Chennai,Not available in source data,315,35
4728000,851,Madambakkam,2,0,9,9,9,9,9,9,9,9,9,9,9,9,9,9,9,9,9,9,9,9,9,9,9,9,9,9,9,9,9,9,9,9,9,9,9,4728000,851,2,5555.816686251469,Madambakkam,2 BHK,500-1000 sqft,Valid,Chennai,Not available in source data,315,35
3719000,1201,Madambakkam,3,0,9,9,9,9,9,9,9,9,9,9,9,9,9,9,9,9,9,9,9,9,9,9,9,9,9,9,9,9,9,9,9,9,9,9,9,3719000,1201,3,3096.586178184846,Madambakkam,3 BHK,1000-1500 sqft,Valid,Chennai,Not available in source data,315,35
6884999,1139,Madambakkam,3,0,9,9,9,9,9,9,9,9,9,9,9,9,9,9,9,9,9,9,9,9,9,9,9,9,9,9,9,9,9,9,9,9,9,9,9,6884999,1139,3,6044.775241439859,Madambakkam,3 BHK,1000-1500 sqft,Valid,Chennai,Not available in source data,315,35
6258000,864,Madambakkam,2,0,9,9,9,9,9,9,9,9,9,9,9,9,9,9,9,9,9,9,9,9,9,9,9,9,9,9,9,9,9,9,9,9,9,9,9,6258000,864,2,7243.055555555556,Madambakkam,2 BHK,500-1000 sqft,Valid,Chennai,Not available in source data,315,35
5076000,1275,Rajakilpakkam,3,0,9,9,9,9,9,9,9,9,9,9,9,9,9,9,9,9,9,9,9,9,9,9,9,9,9,9,9,9,9,9,9,9,9,9,9,5076000,1275,3,3981.176470588235,Rajakilpakkam,3 BHK,1000-1500 sqft,Valid,Chennai,Not available in source data,315,35
4692000,1159,Rajakilpakkam,3,0,9,9,9,9,9,9,9,9,9,9,9,9,9,9,9,9,9,9,9,9,9,9,9,9,9,9,9,9,9,9,9,9,9,9,9,4692000,1159,3,4048.3175150992233,Rajakilpakkam,3 BHK,1000-1500 sqft,Valid,Chennai,Not available in source data,315,35
4325000,940,Rajakilpakkam,2,0,9,9,9,9,9,9,9,9,9,9,9,9,9,9,9,9,9,9,9,9,9,9,9,9,9,9,9,9,9,9,9,9,9,9,9,4325000,940,2,4601.063829787234,Rajakilpakkam,2 BHK,500-1000 sqft,Valid,Chennai,Not available in source data,315,35
6385000,869,Rajakilpakkam,2,0,9,9,9,9,9,9,9,9,9,9,9,9,9,9,9,9,9,9,9,9,9,9,9,9,9,9,9,9,9,9,9,9,9,9,9,6385000,869,2,7347.5258918296895,Rajakilpakkam,2 BHK,500-1000 sqft,Valid,Chennai,Not available in source data,315,35
6011000,801,Rajakilpakkam,2,0,9,9,9,9,9,9,9,9,9,9,9,9,9,9,9,9,9,9,9,9,9,9,9,9,9,9,9,9,9,9,9,9,9,9,9,6011000,801,2,7504.369538077403,Rajakilpakkam,2 BHK,500-1000 sqft,Valid,Chennai,Not available in source data,315,35
6011000,1161,Sembakkam,3,0,9,9,9,9,9,9,9,9,9,9,9,9,9,9,9,9,9,9,9,9,9,9,9,9,9,9,9,9,9,9,9,9,9,9,9,6011000,1161,3,5177.433247200689,Sembakkam,3 BHK,1000-1500 sqft,Valid,Chennai,Not available in source data,315,35
5027000,1093,Sembakkam,3,0,9,9,9,9,9,9,9,9,9,9,9,9,9,9,9,9,9,9,9,9,9,9,9,9,9,9,9,9,9,9,9,9,9,9,9,5027000,1093,3,4599.268069533395,Sembakkam,3 BHK,1000-1500 sqft,Valid,Chennai,Not available in source data,315,35
3667000,931,Sembakkam,2,0,9,9,9,9,9,9,9,9,9,9,9,9,9,9,9,9,9,9,9,9,9,9,9,9,9,9,9,9,9,9,9,9,9,9,9,3667000,931,2,3938.7755102040815,Sembakkam,2 BHK,500-1000 sqft,Valid,Chennai,Not available in source data,315,35
3021000,931,Sembakkam,2,0,9,9,9,9,9,9,9,9,9,9,9,9,9,9,9,9,9,9,9,9,9,9,9,9,9,9,9,9,9,9,9,9,9,9,9,3021000,931,2,3244.8979591836733,Sembakkam,2 BHK,500-1000 sqft,Valid,Chennai,Not available in source data,315,35
2382000,965,Madambakkam,2,0,9,9,9,9,9,9,9,9,9,9,9,9,9,9,9,9,9,9,9,9,9,9,9,9,9,9,9,9,9,9,9,9,9,9,9,2382000,965,2,2468.39378238342,Madambakkam,2 BHK,500-1000 sqft,Valid,Chennai,Not available in source data,315,35
3700000,795,Madambakkam,2,0,9,9,9,9,9,9,9,9,9,9,9,9,9,9,9,9,9,9,9,9,9,9,9,9,9,9,9,9,9,9,9,9,9,9,9,3700000,795,2,4654.088050314465,Madambakkam,2 BHK,500-1000 sqft,Valid,Chennai,Not available in source data,315,35
3650000,627,Agaramthen,1,0,9,9,9,9,9,9,9,9,9,9,9,9,9,9,9,9,9,9,9,9,9,9,9,9,9,9,9,9,9,9,9,9,9,9,9,3650000,627,1,5821.371610845295,Agaramthen,1 BHK,500-1000 sqft,Valid,Chennai,Not available in source data,315,35
3600000,850,Avadi,2,0,9,9,9,9,9,9,9,9,9,9,9,9,9,9,9,9,9,9,9,9,9,9,9,9,9,9,9,9,9,9,9,9,9,9,9,3600000,850,2,4235.294117647059,Avadi,2 BHK,500-1000 sqft,Valid,Chennai,Not available in source data,315,35
42699999,850,Avadi,2,0,9,9,9,9,9,9,9,9,9,9,9,9,9,9,9,9,9,9,9,9,9,9,9,9,9,9,9,9,9,9,9,9,9,9,9,42699999,850,2,50235.29294117647,Avadi,2 BHK,500-1000 sqft,Valid,Chennai,Not available in source data,315,35
39800000,850,Avadi,2,0,9,9,9,9,9,9,9,9,9,9,9,9,9,9,9,9,9,9,9,9,9,9,9,9,9,9,9,9,9,9,9,9,9,9,9,39800000,850,2,46823.529411764706,Avadi,2 BHK,500-1000 sqft,Valid,Chennai,Not available in source data,315,35
3650000,3055,Egmore,4,0,9,9,9,9,9,9,9,9,9,9,9,9,9,9,9,9,9,9,9,9,9,9,9,9,9,9,9,9,9,9,9,9,9,9,9,3650000,3055,4,1194.7626841243862,Egmore,4 BHK,2500+ sqft,Valid,Chennai,Not available in source data,315,35
3600000,2655,Egmore,4,0,9,9,9,9,9,9,9,9,9,9,9,9,9,9,9,9,9,9,9,9,9,9,9,9,9,9,9,9,9,9,9,9,9,9,9,3600000,2655,4,1355.9322033898304,Egmore,4 BHK,2500+ sqft,Valid,Chennai,Not available in source data,315,35
29600000,3055,Egmore,4,0,9,9,9,9,9,9,9,9,9,9,9,9,9,9,9,9,9,9,9,9,9,9,9,9,9,9,9,9,9,9,9,9,9,9,9,29600000,3055,4,9689.034369885434,Egmore,4 BHK,2500+ sqft,Valid,Chennai,Not available in source data,315,35
21200000,2655,Egmore,4,0,9,9,9,9,9,9,9,9,9,9,9,9,9,9,9,9,9,9,9,9,9,9,9,9,9,9,9,9,9,9,9,9,9,9,9,21200000,2655,4,7984.934086629002,Egmore,4 BHK,2500+ sqft,Valid,Chennai,Not available in source data,315,35
42600000,1975,Egmore,3,0,9,9,9,9,9,9,9,9,9,9,9,9,9,9,9,9,9,9,9,9,9,9,9,9,9,9,9,9,9,9,9,9,9,9,9,42600000,1975,3,21569.620253164558,Egmore,3 BHK,1500-2500 sqft,Valid,Chennai,Not available in source data,315,35
18500000,1415,Egmore,3,0,9,9,9,9,9,9,9,9,9,9,9,9,9,9,9,9,9,9,9,9,9,9,9,9,9,9,9,9,9,9,9,9,9,9,9,18500000,1415,3,13074.204946996466,Egmore,3 BHK,1000-1500 sqft,Valid,Chennai,Not available in source data,315,35
38300000,2840,Egmore,4,0,9,9,9,9,9,9,9,9,9,9,9,9,9,9,9,9,9,9,9,9,9,9,9,9,9,9,9,9,9,9,9,9,9,9,9,38300000,2840,4,13485.915492957747,Egmore,4 BHK,2500+ sqft,Valid,Chennai,Not available in source data,315,35
24900000,1325,Egmore,2,0,9,9,9,9,9,9,9,9,9,9,9,9,9,9,9,9,9,9,9,9,9,9,9,9,9,9,9,9,9,9,9,9,9,9,9,24900000,1325,2,18792.45283018868,Egmore,2 BHK,1000-1500 sqft,Valid,Chennai,Not available in source data,315,35
56100000,2555,Egmore,4,0,9,9,9,9,9,9,9,9,9,9,9,9,9,9,9,9,9,9,9,9,9,9,9,9,9,9,9,9,9,9,9,9,9,9,9,56100000,2555,4,21956.947162426615,Egmore,4 BHK,2500+ sqft,Valid,Chennai,Not available in source data,315,35
52600000,1660,Egmore,3,0,9,9,9,9,9,9,9,9,9,9,9,9,9,9,9,9,9,9,9,9,9,9,9,9,9,9,9,9,9,9,9,9,9,9,9,52600000,1660,3,31686.746987951807,Egmore,3 BHK,1500-2500 sqft,Valid,Chennai,Not available in source data,315,35
75700000,2610,Raja Annamalai Puram,3,0,9,9,9,9,9,9,9,9,9,9,9,9,9,9,9,9,9,9,9,9,9,9,9,9,9,9,9,9,9,9,9,9,9,9,9,75700000,2610,3,29003.831417624522,Raja Annamalai Puram,3 BHK,2500+ sqft,Valid,Chennai,Not available in source data,315,35
48400000,2450,Raja Annamalai Puram,3,0,9,9,9,9,9,9,9,9,9,9,9,9,9,9,9,9,9,9,9,9,9,9,9,9,9,9,9,9,9,9,9,9,9,9,9,48400000,2450,3,19755.102040816328,Raja Annamalai Puram,3 BHK,1500-2500 sqft,Valid,Chennai,Not available in source data,315,35
51600000,3225,Raja Annamalai Puram,4,0,9,9,9,9,9,9,9,9,9,9,9,9,9,9,9,9,9,9,9,9,9,9,9,9,9,9,9,9,9,9,9,9,9,9,9,51600000,3225,4,16000.0,Raja Annamalai Puram,4 BHK,2500+ sqft,Valid,Chennai,Not available in source data,315,35
47300000,2255,Raja Annamalai Puram,3,0,9,9,9,9,9,9,9,9,9,9,9,9,9,9,9,9,9,9,9,9,9,9,9,9,9,9,9,9,9,9,9,9,9,9,9,47300000,2255,3,20975.60975609756,Raja Annamalai Puram,3 BHK,1500-2500 sqft,Valid,Chennai,Not available in source data,315,35
16700000,2400,Raja Annamalai Puram,3,0,9,9,9,9,9,9,9,9,9,9,9,9,9,9,9,9,9,9,9,9,9,9,9,9,9,9,9,9,9,9,9,9,9,9,9,16700000,2400,3,6958.333333333333,Raja Annamalai Puram,3 BHK,1500-2500 sqft,Valid,Chennai,Not available in source data,315,35
18200000,2200,Raja Annamalai Puram,3,0,9,9,9,9,9,9,9,9,9,9,9,9,9,9,9,9,9,9,9,9,9,9,9,9,9,9,9,9,9,9,9,9,9,9,9,18200000,2200,3,8272.727272727272,Raja Annamalai Puram,3 BHK,1500-2500 sqft,Valid,Chennai,Not available in source data,315,35
17900000,2226,Korattur,3,0,9,9,9,9,9,9,9,9,9,9,9,9,9,9,9,9,9,9,9,9,9,9,9,9,9,9,9,9,9,9,9,9,9,9,9,17900000,2226,3,8041.329739442947,Korattur,3 BHK,1500-2500 sqft,Valid,Chennai,Not available in source data,315,35
9764000,2436,Korattur,3,0,9,9,9,9,9,9,9,9,9,9,9,9,9,9,9,9,9,9,9,9,9,9,9,9,9,9,9,9,9,9,9,9,9,9,9,9764000,2436,3,4008.210180623974,Korattur,3 BHK,1500-2500 sqft,Valid,Chennai,Not available in source data,315,35
6200000,2392,Korattur,3,0,9,9,9,9,9,9,9,9,9,9,9,9,9,9,9,9,9,9,9,9,9,9,9,9,9,9,9,9,9,9,9,9,9,9,9,6200000,2392,3,2591.9732441471574,Korattur,3 BHK,1500-2500 sqft,Valid,Chennai,Not available in source data,315,35
18100000,1336,Korattur,3,0,9,9,9,9,9,9,9,9,9,9,9,9,9,9,9,9,9,9,9,9,9,9,9,9,9,9,9,9,9,9,9,9,9,9,9,18100000,1336,3,13547.904191616766,Korattur,3 BHK,1000-1500 sqft,Valid,Chennai,Not available in source data,315,35
6400000,708,Thoraipakkam OMR,2,0,9,9,9,9,9,9,9,9,9,9,9,9,9,9,9,9,9,9,9,9,9,9,9,9,9,9,9,9,9,9,9,9,9,9,9,6400000,708,2,9039.54802259887,Thoraipakkam OMR,2 BHK,500-1000 sqft,Valid,Chennai,Not available in source data,315,35
16100000,1720,Thoraipakkam OMR,3,0,9,9,9,9,9,9,9,9,9,9,9,9,9,9,9,9,9,9,9,9,9,9,9,9,9,9,9,9,9,9,9,9,9,9,9,16100000,1720,3,9360.46511627907,Thoraipakkam OMR,3 BHK,1500-2500 sqft,Valid,Chennai,Not available in source data,315,35
16700000,734,Thoraipakkam OMR,2,0,9,9,9,9,9,9,9,9,9,9,9,9,9,9,9,9,9,9,9,9,9,9,9,9,9,9,9,9,9,9,9,9,9,9,9,16700000,734,2,22752.043596730244,Thoraipakkam OMR,2 BHK,500-1000 sqft,Valid,Chennai,Not available in source data,315,35
13400000,1576,Thoraipakkam OMR,2,0,9,9,9,9,9,9,9,9,9,9,9,9,9,9,9,9,9,9,9,9,9,9,9,9,9,9,9,9,9,9,9,9,9,9,9,13400000,1576,2,8502.53807106599,Thoraipakkam OMR,2 BHK,1500-2500 sqft,Valid,Chennai,Not available in source data,315,35
3490999,1636,Thoraipakkam OMR,2,0,9,9,9,9,9,9,9,9,9,9,9,9,9,9,9,9,9,9,9,9,9,9,9,9,9,9,9,9,9,9,9,9,9,9,9,3490999,1636,2,2133.8624694376526,Thoraipakkam OMR,2 BHK,1500-2500 sqft,Valid,Chennai,Not available in source data,315,35
3285000,1296,Thoraipakkam OMR,2,0,9,9,9,9,9,9,9,9,9,9,9,9,9,9,9,9,9,9,9,9,9,9,9,9,9,9,9,9,9,9,9,9,9,9,9,3285000,1296,2,2534.722222222222,Thoraipakkam OMR,2 BHK,1000-1500 sqft,Valid,Chennai,Not available in source data,315,35
3619000,930,Selaiyur,2,0,9,9,9,9,9,9,9,9,9,9,9,9,9,9,9,9,9,9,9,9,9,9,9,9,9,9,9,9,9,9,9,9,9,9,9,3619000,930,2,3891.3978494623657,Selaiyur,2 BHK,500-1000 sqft,Valid,Chennai,Not available in source data,315,35
2835000,876,Selaiyur,2,0,9,9,9,9,9,9,9,9,9,9,9,9,9,9,9,9,9,9,9,9,9,9,9,9,9,9,9,9,9,9,9,9,9,9,9,2835000,876,2,3236.301369863014,Selaiyur,2 BHK,500-1000 sqft,Valid,Chennai,Not available in source data,315,35
8500000,742,Madambakkam,2,0,9,9,9,9,9,9,9,9,9,9,9,9,9,9,9,9,9,9,9,9,9,9,9,9,9,9,9,9,9,9,9,9,9,9,9,8500000,742,2,11455.525606469002,Madambakkam,2 BHK,500-1000 sqft,Valid,Chennai,Not available in source data,315,35
3415000,654,Madambakkam,1,0,9,9,9,9,9,9,9,9,9,9,9,9,9,9,9,9,9,9,9,9,9,9,9,9,9,9,9,9,9,9,9,9,9,9,9,3415000,654,1,5221.712538226299,Madambakkam,1 BHK,500-1000 sqft,Valid,Chennai,Not available in source data,315,35
3500000,1620,Madipakkam,3,0,9,9,9,9,9,9,9,9,9,9,9,9,9,9,9,9,9,9,9,9,9,9,9,9,9,9,9,9,9,9,9,9,9,9,9,3500000,1620,3,2160.4938271604938,Madipakkam,3 BHK,1500-2500 sqft,Valid,Chennai,Not available in source data,315,35
7500000,833,Sithalapakkam,2,0,9,9,9,9,9,9,9,9,9,9,9,9,9,9,9,9,9,9,9,9,9,9,9,9,9,9,9,9,9,9,9,9,9,9,9,7500000,833,2,9003.60144057623,Sithalapakkam,2 BHK,500-1000 sqft,Valid,Chennai,Not available in source data,315,35
4438000,545,Keelma Nagar,1,0,9,9,9,9,9,9,9,9,9,9,9,9,9,9,9,9,9,9,9,9,9,9,9,9,9,9,9,9,9,9,9,9,9,9,9,4438000,545,1,8143.119266055046,Keelma Nagar,1 BHK,500-1000 sqft,Valid,Chennai,Not available in source data,315,35
4114000,1000,Velachery,2,0,9,9,9,9,9,9,9,9,9,9,9,9,9,9,9,9,9,9,9,9,9,9,9,9,9,9,9,9,9,9,9,9,9,9,9,4114000,1000,2,4114.0,Velachery,2 BHK,1000-1500 sqft,Valid,Chennai,Not available in source data,315,35
4114000,822,Medavakkam,2,0,9,9,9,9,9,9,9,9,9,9,9,9,9,9,9,9,9,9,9,9,9,9,9,9,9,9,9,9,9,9,9,9,9,9,9,4114000,822,2,5004.866180048662,Medavakkam,2 BHK,500-1000 sqft,Valid,Chennai,Not available in source data,315,35
3618000,763,Medavakkam,2,0,9,9,9,9,9,9,9,9,9,9,9,9,9,9,9,9,9,9,9,9,9,9,9,9,9,9,9,9,9,9,9,9,9,9,9,3618000,763,2,4741.808650065531,Medavakkam,2 BHK,500-1000 sqft,Valid,Chennai,Not available in source data,315,35
7441000,763,Medavakkam,2,0,9,9,9,9,9,9,9,9,9,9,9,9,9,9,9,9,9,9,9,9,9,9,9,9,9,9,9,9,9,9,9,9,9,9,9,7441000,763,2,9752.29357798165,Medavakkam,2 BHK,500-1000 sqft,Valid,Chennai,Not available in source data,315,35
7441000,670,Medavakkam,1,0,9,9,9,9,9,9,9,9,9,9,9,9,9,9,9,9,9,9,9,9,9,9,9,9,9,9,9,9,9,9,9,9,9,9,9,7441000,670,1,11105.970149253732,Medavakkam,1 BHK,500-1000 sqft,Valid,Chennai,Not available in source data,315,35
6647000,1378,Madipakkam,3,0,9,9,9,9,9,9,9,9,9,9,9,9,9,9,9,9,9,9,9,9,9,9,9,9,9,9,9,9,9,9,9,9,9,9,9,6647000,1378,3,4823.657474600871,Madipakkam,3 BHK,1000-1500 sqft,Valid,Chennai,Not available in source data,315,35
6296000,1378,Madipakkam,3,0,9,9,9,9,9,9,9,9,9,9,9,9,9,9,9,9,9,9,9,9,9,9,9,9,9,9,9,9,9,9,9,9,9,9,9,6296000,1378,3,4568.9404934687955,Madipakkam,3 BHK,1000-1500 sqft,Valid,Chennai,Not available in source data,315,35
5783000,1231,Madipakkam,3,0,9,9,9,9,9,9,9,9,9,9,9,9,9,9,9,9,9,9,9,9,9,9,9,9,9,9,9,9,9,9,9,9,9,9,9,5783000,1231,3,4697.806661251016,Madipakkam,3 BHK,1000-1500 sqft,Valid,Chennai,Not available in source data,315,35
5157000,1166,Madipakkam,2,0,9,9,9,9,9,9,9,9,9,9,9,9,9,9,9,9,9,9,9,9,9,9,9,9,9,9,9,9,9,9,9,9,9,9,9,5157000,1166,2,4422.813036020583,Madipakkam,2 BHK,1000-1500 sqft,Valid,Chennai,Not available in source data,315,35
4860000,1071,Madipakkam,2,0,9,9,9,9,9,9,9,9,9,9,9,9,9,9,9,9,9,9,9,9,9,9,9,9,9,9,9,9,9,9,9,9,9,9,9,4860000,1071,2,4537.81512605042,Madipakkam,2 BHK,1000-1500 sqft,Valid,Chennai,Not available in source data,315,35
4676000,955,Madipakkam,2,0,9,9,9,9,9,9,9,9,9,9,9,9,9,9,9,9,9,9,9,9,9,9,9,9,9,9,9,9,9,9,9,9,9,9,9,4676000,955,2,4896.335078534032,Madipakkam,2 BHK,500-1000 sqft,Valid,Chennai,Not available in source data,315,35
4692000,900,Madipakkam,2,0,9,9,9,9,9,9,9,9,9,9,9,9,9,9,9,9,9,9,9,9,9,9,9,9,9,9,9,9,9,9,9,9,9,9,9,4692000,900,2,5213.333333333333,Madipakkam,2 BHK,500-1000 sqft,Valid,Chennai,Not available in source data,315,35
4692000,866,Madipakkam,2,0,9,9,9,9,9,9,9,9,9,9,9,9,9,9,9,9,9,9,9,9,9,9,9,9,9,9,9,9,9,9,9,9,9,9,9,4692000,866,2,5418.013856812933,Madipakkam,2 BHK,500-1000 sqft,Valid,Chennai,Not available in source data,315,35
4240000,1173,Perumbakkam,3,0,9,9,9,9,9,9,9,9,9,9,9,9,9,9,9,9,9,9,9,9,9,9,9,9,9,9,9,9,9,9,9,9,9,9,9,4240000,1173,3,3614.6632566069907,Perumbakkam,3 BHK,1000-1500 sqft,Valid,Chennai,Not available in source data,315,35
5781000,1173,Perumbakkam,3,0,9,9,9,9,9,9,9,9,9,9,9,9,9,9,9,9,9,9,9,9,9,9,9,9,9,9,9,9,9,9,9,9,9,9,9,5781000,1173,3,4928.388746803069,Perumbakkam,3 BHK,1000-1500 sqft,Valid,Chennai,Not available in source data,315,35
5273000,1060,Vengaivasal,3,0,9,9,9,9,9,9,9,9,9,9,9,9,9,9,9,9,9,9,9,9,9,9,9,9,9,9,9,9,9,9,9,9,9,9,9,5273000,1060,3,4974.528301886792,Vengaivasal,3 BHK,1000-1500 sqft,Valid,Chennai,Not available in source data,315,35
4700000,1230,Pallikaranai,3,0,9,9,9,9,9,9,9,9,9,9,9,9,9,9,9,9,9,9,9,9,9,9,9,9,9,9,9,9,9,9,9,9,9,9,9,4700000,1230,3,3821.1382113821137,Pallikaranai,3 BHK,1000-1500 sqft,Valid,Chennai,Not available in source data,315,35
4535000,1122,Pallikaranai,3,0,9,9,9,9,9,9,9,9,9,9,9,9,9,9,9,9,9,9,9,9,9,9,9,9,9,9,9,9,9,9,9,9,9,9,9,4535000,1122,3,4041.8894830659538,Pallikaranai,3 BHK,1000-1500 sqft,Valid,Chennai,Not available in source data,315,35
4186999,1000,Pallikaranai,2,0,9,9,9,9,9,9,9,9,9,9,9,9,9,9,9,9,9,9,9,9,9,9,9,9,9,9,9,9,9,9,9,9,9,9,9,4186999,1000,2,4186.999,Pallikaranai,2 BHK,1000-1500 sqft,Valid,Chennai,Not available in source data,315,35
3904999,965,Pallikaranai,2,0,9,9,9,9,9,9,9,9,9,9,9,9,9,9,9,9,9,9,9,9,9,9,9,9,9,9,9,9,9,9,9,9,9,9,9,3904999,965,2,4046.6310880829014,Pallikaranai,2 BHK,500-1000 sqft,Valid,Chennai,Not available in source data,315,35
4331000,891,Pallikaranai,2,0,9,9,9,9,9,9,9,9,9,9,9,9,9,9,9,9,9,9,9,9,9,9,9,9,9,9,9,9,9,9,9,9,9,9,9,4331000,891,2,4860.830527497194,Pallikaranai,2 BHK,500-1000 sqft,Valid,Chennai,Not available in source data,315,35
7559999,831,Pallikaranai,2,0,9,9,9,9,9,9,9,9,9,9,9,9,9,9,9,9,9,9,9,9,9,9,9,9,9,9,9,9,9,9,9,9,9,9,9,7559999,831,2,9097.471720818292,Pallikaranai,2 BHK,500-1000 sqft,Valid,Chennai,Not available in source data,315,35
7128000,833,Kovilambakkam,2,0,9,9,9,9,9,9,9,9,9,9,9,9,9,9,9,9,9,9,9,9,9,9,9,9,9,9,9,9,9,9,9,9,9,9,9,7128000,833,2,8557.02280912365,Kovilambakkam,2 BHK,500-1000 sqft,Valid,Chennai,Not available in source data,315,35
6318000,1400,Medavakkam,3,0,9,9,9,9,9,9,9,9,9,9,9,9,9,9,9,9,9,9,9,9,9,9,9,9,9,9,9,9,9,9,9,9,9,9,9,6318000,1400,3,4512.857142857143,Medavakkam,3 BHK,1000-1500 sqft,Valid,Chennai,Not available in source data,315,35
5508000,1320,Medavakkam,3,0,9,9,9,9,9,9,9,9,9,9,9,9,9,9,9,9,9,9,9,9,9,9,9,9,9,9,9,9,9,9,9,9,9,9,9,5508000,1320,3,4172.727272727273,Medavakkam,3 BHK,1000-1500 sqft,Valid,Chennai,Not available in source data,315,35
5335000,1170,Medavakkam,3,0,9,9,9,9,9,9,9,9,9,9,9,9,9,9,9,9,9,9,9,9,9,9,9,9,9,9,9,9,9,9,9,9,9,9,9,5335000,1170,3,4559.82905982906,Medavakkam,3 BHK,1000-1500 sqft,Valid,Chennai,Not available in source data,315,35
4822000,1020,Medavakkam,3,0,9,9,9,9,9,9,9,9,9,9,9,9,9,9,9,9,9,9,9,9,9,9,9,9,9,9,9,9,9,9,9,9,9,9,9,4822000,1020,3,4727.450980392156,Medavakkam,3 BHK,1000-1500 sqft,Valid,Chennai,Not available in source data,315,35
5872000,988,Medavakkam,2,0,9,9,9,9,9,9,9,9,9,9,9,9,9,9,9,9,9,9,9,9,9,9,9,9,9,9,9,9,9,9,9,9,9,9,9,5872000,988,2,5943.31983805668,Medavakkam,2 BHK,500-1000 sqft,Valid,Chennai,Not available in source data,315,35
5482000,893,Medavakkam,2,0,9,9,9,9,9,9,9,9,9,9,9,9,9,9,9,9,9,9,9,9,9,9,9,9,9,9,9,9,9,9,9,9,9,9,9,5482000,893,2,6138.85778275476,Medavakkam,2 BHK,500-1000 sqft,Valid,Chennai,Not available in source data,315,35
5017000,1263,Sunnambu Kolathur S Kolathur,3,0,9,9,9,9,9,9,9,9,9,9,9,9,9,9,9,9,9,9,9,9,9,9,9,9,9,9,9,9,9,9,9,9,9,9,9,5017000,1263,3,3972.2882026920033,Sunnambu Kolathur S Kolathur,3 BHK,1000-1500 sqft,Valid,Chennai,Not available in source data,315,35
3864000,1179,Sunnambu Kolathur S Kolathur,3,0,9,9,9,9,9,9,9,9,9,9,9,9,9,9,9,9,9,9,9,9,9,9,9,9,9,9,9,9,9,9,9,9,9,9,9,3864000,1179,3,3277.35368956743,Sunnambu Kolathur S Kolathur,3 BHK,1000-1500 sqft,Valid,Chennai,Not available in source data,315,35
3332000,1079,Sunnambu Kolathur S Kolathur,3,0,9,9,9,9,9,9,9,9,9,9,9,9,9,9,9,9,9,9,9,9,9,9,9,9,9,9,9,9,9,9,9,9,9,9,9,3332000,1079,3,3088.044485634847,Sunnambu Kolathur S Kolathur,3 BHK,1000-1500 sqft,Valid,Chennai,Not available in source data,315,35
4580000,966,Perumbakkam,2,0,9,9,9,9,9,9,9,9,9,9,9,9,9,9,9,9,9,9,9,9,9,9,9,9,9,9,9,9,9,9,9,9,9,9,9,4580000,966,2,4741.20082815735,Perumbakkam,2 BHK,500-1000 sqft,Valid,Chennai,Not available in source data,315,35
2188000,833,Vengaivasal,2,0,9,9,9,9,9,9,9,9,9,9,9,9,9,9,9,9,9,9,9,9,9,9,9,9,9,9,9,9,9,9,9,9,9,9,9,2188000,833,2,2626.6506602641057,Vengaivasal,2 BHK,500-1000 sqft,Valid,Chennai,Not available in source data,315,35
4491000,985,Sunnambu Kolathur S Kolathur,2,0,9,9,9,9,9,9,9,9,9,9,9,9,9,9,9,9,9,9,9,9,9,9,9,9,9,9,9,9,9,9,9,9,9,9,9,4491000,985,2,4559.390862944162,Sunnambu Kolathur S Kolathur,2 BHK,500-1000 sqft,Valid,Chennai,Not available in source data,315,35
5372000,522,Perumbakkam,1,0,9,9,9,9,9,9,9,9,9,9,9,9,9,9,9,9,9,9,9,9,9,9,9,9,9,9,9,9,9,9,9,9,9,9,9,5372000,522,1,10291.187739463601,Perumbakkam,1 BHK,500-1000 sqft,Valid,Chennai,Not available in source data,315,35
4143000,966,Sunnambu Kolathur S Kolathur,2,0,9,9,9,9,9,9,9,9,9,9,9,9,9,9,9,9,9,9,9,9,9,9,9,9,9,9,9,9,9,9,9,9,9,9,9,4143000,966,2,4288.819875776398,Sunnambu Kolathur S Kolathur,2 BHK,500-1000 sqft,Valid,Chennai,Not available in source data,315,35
4840000,1221,Medavakkam,3,0,9,9,9,9,9,9,9,9,9,9,9,9,9,9,9,9,9,9,9,9,9,9,9,9,9,9,9,9,9,9,9,9,9,9,9,4840000,1221,3,3963.963963963964,Medavakkam,3 BHK,1000-1500 sqft,Valid,Chennai,Not available in source data,315,35
4589000,891,Sunnambu Kolathur S Kolathur,2,0,9,9,9,9,9,9,9,9,9,9,9,9,9,9,9,9,9,9,9,9,9,9,9,9,9,9,9,9,9,9,9,9,9,9,9,4589000,891,2,5150.392817059484,Sunnambu Kolathur S Kolathur,2 BHK,500-1000 sqft,Valid,Chennai,Not available in source data,315,35
4003000,1100,Medavakkam,3,0,9,9,9,9,9,9,9,9,9,9,9,9,9,9,9,9,9,9,9,9,9,9,9,9,9,9,9,9,9,9,9,9,9,9,9,4003000,1100,3,3639.090909090909,Medavakkam,3 BHK,1000-1500 sqft,Valid,Chennai,Not available in source data,315,35
4331000,1043,Medavakkam,2,0,9,9,9,9,9,9,9,9,9,9,9,9,9,9,9,9,9,9,9,9,9,9,9,9,9,9,9,9,9,9,9,9,9,9,9,4331000,1043,2,4152.444870565676,Medavakkam,2 BHK,1000-1500 sqft,Valid,Chennai,Not available in source data,315,35
4061000,861,Sunnambu Kolathur S Kolathur,2,0,9,9,9,9,9,9,9,9,9,9,9,9,9,9,9,9,9,9,9,9,9,9,9,9,9,9,9,9,9,9,9,9,9,9,9,4061000,861,2,4716.608594657375,Sunnambu Kolathur S Kolathur,2 BHK,500-1000 sqft,Valid,Chennai,Not available in source data,315,35
3744000,833,Kovilambakkam,2,0,9,9,9,9,9,9,9,9,9,9,9,9,9,9,9,9,9,9,9,9,9,9,9,9,9,9,9,9,9,9,9,9,9,9,9,3744000,833,2,4494.597839135654,Kovilambakkam,2 BHK,500-1000 sqft,Valid,Chennai,Not available in source data,315,35
3392000,923,Medavakkam,2,0,9,9,9,9,9,9,9,9,9,9,9,9,9,9,9,9,9,9,9,9,9,9,9,9,9,9,9,9,9,9,9,9,9,9,9,3392000,923,2,3674.972914409534,Medavakkam,2 BHK,500-1000 sqft,Valid,Chennai,Not available in source data,315,35
2952000,851,Medavakkam,2,0,9,9,9,9,9,9,9,9,9,9,9,9,9,9,9,9,9,9,9,9,9,9,9,9,9,9,9,9,9,9,9,9,9,9,9,2952000,851,2,3468.8601645123385,Medavakkam,2 BHK,500-1000 sqft,Valid,Chennai,Not available in source data,315,35
2503000,771,Medavakkam,2,0,9,9,9,9,9,9,9,9,9,9,9,9,9,9,9,9,9,9,9,9,9,9,9,9,9,9,9,9,9,9,9,9,9,9,9,2503000,771,2,3246.4332036316473,Medavakkam,2 BHK,500-1000 sqft,Valid,Chennai,Not available in source data,315,35
5145000,671,Medavakkam,2,0,9,9,9,9,9,9,9,9,9,9,9,9,9,9,9,9,9,9,9,9,9,9,9,9,9,9,9,9,9,9,9,9,9,9,9,5145000,671,2,7667.660208643815,Medavakkam,2 BHK,500-1000 sqft,Valid,Chennai,Not available in source data,315,35
4918000,569,Medavakkam,1,0,9,9,9,9,9,9,9,9,9,9,9,9,9,9,9,9,9,9,9,9,9,9,9,9,9,9,9,9,9,9,9,9,9,9,9,4918000,569,1,8643.23374340949,Medavakkam,1 BHK,500-1000 sqft,Valid,Chennai,Not available in source data,315,35
4481000,1225,Nanmangalam,3,0,9,9,9,9,9,9,9,9,9,9,9,9,9,9,9,9,9,9,9,9,9,9,9,9,9,9,9,9,9,9,9,9,9,9,9,4481000,1225,3,3657.9591836734694,Nanmangalam,3 BHK,1000-1500 sqft,Valid,Chennai,Not available in source data,315,35
4136999,1171,Nanmangalam,3,0,9,9,9,9,9,9,9,9,9,9,9,9,9,9,9,9,9,9,9,9,9,9,9,9,9,9,9,9,9,9,9,9,9,9,9,4136999,1171,3,3532.8770281810416,Nanmangalam,3 BHK,1000-1500 sqft,Valid,Chennai,Not available in source data,315,35
3876000,1067,Nanmangalam,3,0,9,9,9,9,9,9,9,9,9,9,9,9,9,9,9,9,9,9,9,9,9,9,9,9,9,9,9,9,9,9,9,9,9,9,9,3876000,1067,3,3632.61480787254,Nanmangalam,3 BHK,1000-1500 sqft,Valid,Chennai,Not available in source data,315,35
3636999,985,Nanmangalam,2,0,9,9,9,9,9,9,9,9,9,9,9,9,9,9,9,9,9,9,9,9,9,9,9,9,9,9,9,9,9,9,9,9,9,9,9,3636999,985,2,3692.384771573604,Nanmangalam,2 BHK,500-1000 sqft,Valid,Chennai,Not available in source data,315,35
3313000,923,Nanmangalam,2,0,9,9,9,9,9,9,9,9,9,9,9,9,9,9,9,9,9,9,9,9,9,9,9,9,9,9,9,9,9,9,9,9,9,9,9,3313000,923,2,3589.382448537378,Nanmangalam,2 BHK,500-1000 sqft,Valid,Chennai,Not available in source data,315,35
2352000,866,Nanmangalam,2,0,9,9,9,9,9,9,9,9,9,9,9,9,9,9,9,9,9,9,9,9,9,9,9,9,9,9,9,9,9,9,9,9,9,9,9,2352000,866,2,2715.935334872979,Nanmangalam,2 BHK,500-1000 sqft,Valid,Chennai,Not available in source data,315,35
6139000,789,Nanmangalam,2,0,9,9,9,9,9,9,9,9,9,9,9,9,9,9,9,9,9,9,9,9,9,9,9,9,9,9,9,9,9,9,9,9,9,9,9,6139000,789,2,7780.735107731305,Nanmangalam,2 BHK,500-1000 sqft,Valid,Chennai,Not available in source data,315,35
7051000,560,Nanmangalam,1,0,9,9,9,9,9,9,9,9,9,9,9,9,9,9,9,9,9,9,9,9,9,9,9,9,9,9,9,9,9,9,9,9,9,9,9,7051000,560,1,12591.07142857143,Nanmangalam,1 BHK,500-1000 sqft,Valid,Chennai,Not available in source data,315,35
5327000,1253,Korattur,2,0,9,9,9,9,9,9,9,9,9,9,9,9,9,9,9,9,9,9,9,9,9,9,9,9,9,9,9,9,9,9,9,9,9,9,9,5327000,1253,2,4251.3966480446925,Korattur,2 BHK,1000-1500 sqft,Valid,Chennai,Not available in source data,315,35
4000000,1439,Korattur,3,0,9,9,9,9,9,9,9,9,9,9,9,9,9,9,9,9,9,9,9,9,9,9,9,9,9,9,9,9,9,9,9,9,9,9,9,4000000,1439,3,2779.708130646282,Korattur,3 BHK,1000-1500 sqft,Valid,Chennai,Not available in source data,315,35
4200000,943,Medavakkam,2,0,9,9,9,9,9,9,9,9,9,9,9,9,9,9,9,9,9,9,9,9,9,9,9,9,9,9,9,9,9,9,9,9,9,9,9,4200000,943,2,4453.870625662778,Medavakkam,2 BHK,500-1000 sqft,Valid,Chennai,Not available in source data,315,35
31500000,935,Avadi,2,1,9,9,9,9,9,9,9,9,9,9,9,9,9,9,9,9,9,9,9,9,9,9,9,9,9,9,9,9,9,9,9,9,9,9,9,31500000,935,2,33689.83957219251,Avadi,2 BHK,500-1000 sqft,Valid,Chennai,Not available in source data,315,35
3415000,910,Gerugambakkam,2,1,9,9,9,9,9,9,9,9,9,9,9,9,9,9,9,9,9,9,9,9,9,9,9,9,9,9,9,9,9,9,9,9,9,9,9,3415000,910,2,3752.747252747253,Gerugambakkam,2 BHK,500-1000 sqft,Valid,Chennai,Not available in source data,315,35
3152000,1850,Egmore,3,1,9,9,9,9,9,9,9,9,9,9,9,9,9,9,9,9,9,9,9,9,9,9,9,9,9,9,9,9,9,9,9,9,9,9,9,3152000,1850,3,1703.7837837837837,Egmore,3 BHK,1500-2500 sqft,Valid,Chennai,Not available in source data,315,35
3152000,833,Sithalapakkam,2,0,9,9,9,9,9,9,9,9,9,9,9,9,9,9,9,9,9,9,9,9,9,9,9,9,9,9,9,9,9,9,9,9,9,9,9,3152000,833,2,3783.9135654261704,Sithalapakkam,2 BHK,500-1000 sqft,Valid,Chennai,Not available in source data,315,35
4784000,769,Sithalapakkam,2,0,9,9,9,9,9,9,9,9,9,9,9,9,9,9,9,9,9,9,9,9,9,9,9,9,9,9,9,9,9,9,9,9,9,9,9,4784000,769,2,6221.066319895969,Sithalapakkam,2 BHK,500-1000 sqft,Valid,Chennai,Not available in source data,315,35
4784000,920,Kovilambakkam,2,0,9,9,9,9,9,9,9,9,9,9,9,9,9,9,9,9,9,9,9,9,9,9,9,9,9,9,9,9,9,9,9,9,9,9,9,4784000,920,2,5200.0,Kovilambakkam,2 BHK,500-1000 sqft,Valid,Chennai,Not available in source data,315,35
4518000,920,Kovilambakkam,2,0,9,9,9,9,9,9,9,9,9,9,9,9,9,9,9,9,9,9,9,9,9,9,9,9,9,9,9,9,9,9,9,9,9,9,9,4518000,920,2,4910.869565217391,Kovilambakkam,2 BHK,500-1000 sqft,Valid,Chennai,Not available in source data,315,35
4331000,869,Kovilambakkam,2,0,9,9,9,9,9,9,9,9,9,9,9,9,9,9,9,9,9,9,9,9,9,9,9,9,9,9,9,9,9,9,9,9,9,9,9,4331000,869,2,4983.8895281933255,Kovilambakkam,2 BHK,500-1000 sqft,Valid,Chennai,Not available in source data,315,35
4331000,833,Kovilambakkam,2,0,9,9,9,9,9,9,9,9,9,9,9,9,9,9,9,9,9,9,9,9,9,9,9,9,9,9,9,9,9,9,9,9,9,9,9,4331000,833,2,5199.279711884754,Kovilambakkam,2 BHK,500-1000 sqft,Valid,Chennai,Not available in source data,315,35
5202000,833,Kovilambakkam,2,0,9,9,9,9,9,9,9,9,9,9,9,9,9,9,9,9,9,9,9,9,9,9,9,9,9,9,9,9,9,9,9,9,9,9,9,5202000,833,2,6244.897959183673,Kovilambakkam,2 BHK,500-1000 sqft,Valid,Chennai,Not available in source data,315,35
4797000,833,Kovilambakkam,2,0,9,9,9,9,9,9,9,9,9,9,9,9,9,9,9,9,9,9,9,9,9,9,9,9,9,9,9,9,9,9,9,9,9,9,9,4797000,833,2,5758.703481392557,Kovilambakkam,2 BHK,500-1000 sqft,Valid,Chennai,Not available in source data,315,35
4797000,1269,Sithalapakkam,3,0,9,9,9,9,9,9,9,9,9,9,9,9,9,9,9,9,9,9,9,9,9,9,9,9,9,9,9,9,9,9,9,9,9,9,9,4797000,1269,3,3780.1418439716313,Sithalapakkam,3 BHK,1000-1500 sqft,Valid,Chennai,Not available in source data,315,35
4797000,1170,Sithalapakkam,3,0,9,9,9,9,9,9,9,9,9,9,9,9,9,9,9,9,9,9,9,9,9,9,9,9,9,9,9,9,9,9,9,9,9,9,9,4797000,1170,3,4100.0,Sithalapakkam,3 BHK,1000-1500 sqft,Valid,Chennai,Not available in source data,315,35
4485000,1170,Sithalapakkam,3,0,9,9,9,9,9,9,9,9,9,9,9,9,9,9,9,9,9,9,9,9,9,9,9,9,9,9,9,9,9,9,9,9,9,9,9,4485000,1170,3,3833.3333333333335,Sithalapakkam,3 BHK,1000-1500 sqft,Valid,Chennai,Not available in source data,315,35
4485000,1094,Sithalapakkam,3,0,9,9,9,9,9,9,9,9,9,9,9,9,9,9,9,9,9,9,9,9,9,9,9,9,9,9,9,9,9,9,9,9,9,9,9,4485000,1094,3,4099.6343692870205,Sithalapakkam,3 BHK,1000-1500 sqft,Valid,Chennai,Not available in source data,315,35
4067000,1094,Sithalapakkam,3,0,9,9,9,9,9,9,9,9,9,9,9,9,9,9,9,9,9,9,9,9,9,9,9,9,9,9,9,9,9,9,9,9,9,9,9,4067000,1094,3,3717.5502742230346,Sithalapakkam,3 BHK,1000-1500 sqft,Valid,Chennai,Not available in source data,315,35
3772000,1094,Sithalapakkam,3,0,9,9,9,9,9,9,9,9,9,9,9,9,9,9,9,9,9,9,9,9,9,9,9,9,9,9,9,9,9,9,9,9,9,9,9,3772000,1094,3,3447.897623400366,Sithalapakkam,3 BHK,1000-1500 sqft,Valid,Chennai,Not available in source data,315,35
3561999,992,Sithalapakkam,2,0,9,9,9,9,9,9,9,9,9,9,9,9,9,9,9,9,9,9,9,9,9,9,9,9,9,9,9,9,9,9,9,9,9,9,9,3561999,992,2,3590.7247983870966,Sithalapakkam,2 BHK,500-1000 sqft,Valid,Chennai,Not available in source data,315,35
5319000,920,Sithalapakkam,2,0,9,9,9,9,9,9,9,9,9,9,9,9,9,9,9,9,9,9,9,9,9,9,9,9,9,9,9,9,9,9,9,9,9,9,9,5319000,920,2,5781.521739130435,Sithalapakkam,2 BHK,500-1000 sqft,Valid,Chennai,Not available in source data,315,35
5319000,869,Sithalapakkam,2,0,9,9,9,9,9,9,9,9,9,9,9,9,9,9,9,9,9,9,9,9,9,9,9,9,9,9,9,9,9,9,9,9,9,9,9,5319000,869,2,6120.828538550058,Sithalapakkam,2 BHK,500-1000 sqft,Valid,Chennai,Not available in source data,315,35
5038000,1023,Kovilambakkam,3,0,9,9,9,9,9,9,9,9,9,9,9,9,9,9,9,9,9,9,9,9,9,9,9,9,9,9,9,9,9,9,9,9,9,9,9,5038000,1023,3,4924.731182795699,Kovilambakkam,3 BHK,1000-1500 sqft,Valid,Chennai,Not available in source data,315,35
5900000,1023,Kovilambakkam,3,0,9,9,9,9,9,9,9,9,9,9,9,9,9,9,9,9,9,9,9,9,9,9,9,9,9,9,9,9,9,9,9,9,9,9,9,5900000,1023,3,5767.350928641251,Kovilambakkam,3 BHK,1000-1500 sqft,Valid,Chennai,Not available in source data,315,35
4500000,969,Kovilambakkam,2,0,9,9,9,9,9,9,9,9,9,9,9,9,9,9,9,9,9,9,9,9,9,9,9,9,9,9,9,9,9,9,9,9,9,9,9,4500000,969,2,4643.962848297214,Kovilambakkam,2 BHK,500-1000 sqft,Valid,Chennai,Not available in source data,315,35
5850000,1175,Sholinganallur,2,0,9,9,9,9,9,9,9,9,9,9,9,9,9,9,9,9,9,9,9,9,9,9,9,9,9,9,9,9,9,9,9,9,9,9,9,5850000,1175,2,4978.723404255319,Sholinganallur,2 BHK,1000-1500 sqft,Valid,Chennai,Not available in source data,315,35
8200000,909,Kundrathur,2,1,9,9,9,9,9,9,9,9,9,9,9,9,9,9,9,9,9,9,9,9,9,9,9,9,9,9,9,9,9,9,9,9,9,9,9,8200000,909,2,9020.902090209021,Kundrathur,2 BHK,500-1000 sqft,Valid,Chennai,Not available in source data,315,35
4118000,1155,Sholinganallur,3,0,9,9,9,9,9,9,9,9,9,9,9,9,9,9,9,9,9,9,9,9,9,9,9,9,9,9,9,9,9,9,9,9,9,9,9,4118000,1155,3,3565.3679653679656,Sholinganallur,3 BHK,1000-1500 sqft,Valid,Chennai,Not available in source data,315,35
3897999,1400,Porur,3,1,9,9,9,9,9,9,9,9,9,9,9,9,9,9,9,9,9,9,9,9,9,9,9,9,9,9,9,9,9,9,9,9,9,9,9,3897999,1400,3,2784.285,Porur,3 BHK,1000-1500 sqft,Valid,Chennai,Not available in source data,315,35
2613000,936,Perungalathur,2,0,9,9,9,9,9,9,9,9,9,9,9,9,9,9,9,9,9,9,9,9,9,9,9,9,9,9,9,9,9,9,9,9,9,9,9,2613000,936,2,2791.6666666666665,Perungalathur,2 BHK,500-1000 sqft,Valid,Chennai,Not available in source data,315,35
4237000,886,Perungalathur,2,0,9,9,9,9,9,9,9,9,9,9,9,9,9,9,9,9,9,9,9,9,9,9,9,9,9,9,9,9,9,9,9,9,9,9,9,4237000,886,2,4782.16704288939,Perungalathur,2 BHK,500-1000 sqft,Valid,Chennai,Not available in source data,315,35
15500000,594,Perungalathur,2,0,9,9,9,9,9,9,9,9,9,9,9,9,9,9,9,9,9,9,9,9,9,9,9,9,9,9,9,9,9,9,9,9,9,9,9,15500000,594,2,26094.276094276094,Perungalathur,2 BHK,500-1000 sqft,Valid,Chennai,Not available in source data,315,35
15900000,963,Perungalathur,2,0,9,9,9,9,9,9,9,9,9,9,9,9,9,9,9,9,9,9,9,9,9,9,9,9,9,9,9,9,9,9,9,9,9,9,9,15900000,963,2,16510.903426791276,Perungalathur,2 BHK,500-1000 sqft,Valid,Chennai,Not available in source data,315,35
15600000,1548,Valasaravakkam,3,0,9,9,9,9,9,9,9,9,9,9,9,9,9,9,9,9,9,9,9,9,9,9,9,9,9,9,9,9,9,9,9,9,9,9,9,15600000,1548,3,10077.519379844962,Valasaravakkam,3 BHK,1500-2500 sqft,Valid,Chennai,Not available in source data,315,35
15700000,1591,Valasaravakkam,3,0,9,9,9,9,9,9,9,9,9,9,9,9,9,9,9,9,9,9,9,9,9,9,9,9,9,9,9,9,9,9,9,9,9,9,9,15700000,1591,3,9868.007542426147,Valasaravakkam,3 BHK,1500-2500 sqft,Valid,Chennai,Not available in source data,315,35
6000000,1563,Valasaravakkam,3,0,9,9,9,9,9,9,9,9,9,9,9,9,9,9,9,9,9,9,9,9,9,9,9,9,9,9,9,9,9,9,9,9,9,9,9,6000000,1563,3,3838.7715930902114,Valasaravakkam,3 BHK,1500-2500 sqft,Valid,Chennai,Not available in source data,315,35
8108000,1568,Valasaravakkam,3,0,9,9,9,9,9,9,9,9,9,9,9,9,9,9,9,9,9,9,9,9,9,9,9,9,9,9,9,9,9,9,9,9,9,9,9,8108000,1568,3,5170.918367346939,Valasaravakkam,3 BHK,1500-2500 sqft,Valid,Chennai,Not available in source data,315,35
17600000,887,Velachery,2,0,9,9,9,9,9,9,9,9,9,9,9,9,9,9,9,9,9,9,9,9,9,9,9,9,9,9,9,9,9,9,9,9,9,9,9,17600000,887,2,19842.16459977452,Velachery,2 BHK,500-1000 sqft,Valid,Chennai,Not available in source data,315,35
17600000,1243,Pallikaranai,2,0,9,9,9,9,9,9,9,9,9,9,9,9,9,9,9,9,9,9,9,9,9,9,9,9,9,9,9,9,9,9,9,9,9,9,9,17600000,1243,2,14159.29203539823,Pallikaranai,2 BHK,1000-1500 sqft,Valid,Chennai,Not available in source data,315,35
12600000,2712,Pallikaranai,4,0,9,9,9,9,9,9,9,9,9,9,9,9,9,9,9,9,9,9,9,9,9,9,9,9,9,9,9,9,9,9,9,9,9,9,9,12600000,2712,4,4646.017699115044,Pallikaranai,4 BHK,2500+ sqft,Valid,Chennai,Not available in source data,315,35
12000000,2712,Pallikaranai,4,0,9,9,9,9,9,9,9,9,9,9,9,9,9,9,9,9,9,9,9,9,9,9,9,9,9,9,9,9,9,9,9,9,9,9,9,12000000,2712,4,4424.778761061947,Pallikaranai,4 BHK,2500+ sqft,Valid,Chennai,Not available in source data,315,35
16500000,1944,Pallikaranai,3,0,9,9,9,9,9,9,9,9,9,9,9,9,9,9,9,9,9,9,9,9,9,9,9,9,9,9,9,9,9,9,9,9,9,9,9,16500000,1944,3,8487.654320987655,Pallikaranai,3 BHK,1500-2500 sqft,Valid,Chennai,Not available in source data,315,35
8200000,1922,Pallikaranai,3,0,9,9,9,9,9,9,9,9,9,9,9,9,9,9,9,9,9,9,9,9,9,9,9,9,9,9,9,9,9,9,9,9,9,9,9,8200000,1922,3,4266.389177939646,Pallikaranai,3 BHK,1500-2500 sqft,Valid,Chennai,Not available in source data,315,35
21400000,2691,Pallikaranai,4,0,9,9,9,9,9,9,9,9,9,9,9,9,9,9,9,9,9,9,9,9,9,9,9,9,9,9,9,9,9,9,9,9,9,9,9,21400000,2691,4,7952.434039390561,Pallikaranai,4 BHK,2500+ sqft,Valid,Chennai,Not available in source data,315,35
25400000,1255,Pallikaranai,2,0,9,9,9,9,9,9,9,9,9,9,9,9,9,9,9,9,9,9,9,9,9,9,9,9,9,9,9,9,9,9,9,9,9,9,9,25400000,1255,2,20239.043824701195,Pallikaranai,2 BHK,1000-1500 sqft,Valid,Chennai,Not available in source data,315,35
24400000,1341,Egmore,3,0,9,9,9,9,9,9,9,9,9,9,9,9,9,9,9,9,9,9,9,9,9,9,9,9,9,9,9,9,9,9,9,9,9,9,9,24400000,1341,3,18195.37658463833,Egmore,3 BHK,1000-1500 sqft,Valid,Chennai,Not available in source data,315,35
5600000,1591,Egmore,3,0,9,9,9,9,9,9,9,9,9,9,9,9,9,9,9,9,9,9,9,9,9,9,9,9,9,9,9,9,9,9,9,9,9,9,9,5600000,1591,3,3519.7988686360777,Egmore,3 BHK,1500-2500 sqft,Valid,Chennai,Not available in source data,315,35
10000000,1526,Egmore,3,0,9,9,9,9,9,9,9,9,9,9,9,9,9,9,9,9,9,9,9,9,9,9,9,9,9,9,9,9,9,9,9,9,9,9,9,10000000,1526,3,6553.07994757536,Egmore,3 BHK,1500-2500 sqft,Valid,Chennai,Not available in source data,315,35
10000000,830,Pallikaranai,2,0,9,9,9,9,9,9,9,9,9,9,9,9,9,9,9,9,9,9,9,9,9,9,9,9,9,9,9,9,9,9,9,9,9,9,9,10000000,830,2,12048.192771084337,Pallikaranai,2 BHK,500-1000 sqft,Valid,Chennai,Not available in source data,315,35
7800000,1385,Madipakkam,3,0,9,9,9,9,9,9,9,9,9,9,9,9,9,9,9,9,9,9,9,9,9,9,9,9,9,9,9,9,9,9,9,9,9,9,9,7800000,1385,3,5631.768953068592,Madipakkam,3 BHK,1000-1500 sqft,Valid,Chennai,Not available in source data,315,35
10000000,1450,Kilkattalai,3,0,9,9,9,9,9,9,9,9,9,9,9,9,9,9,9,9,9,9,9,9,9,9,9,9,9,9,9,9,9,9,9,9,9,9,9,10000000,1450,3,6896.551724137931,Kilkattalai,3 BHK,1000-1500 sqft,Valid,Chennai,Not available in source data,315,35
6681999,956,Adambakkam,2,0,9,9,9,9,9,9,9,9,9,9,9,9,9,9,9,9,9,9,9,9,9,9,9,9,9,9,9,9,9,9,9,9,9,9,9,6681999,956,2,6989.53870292887,Adambakkam,2 BHK,500-1000 sqft,Valid,Chennai,Not available in source data,315,35
5350000,1385,Madipakkam,3,0,9,9,9,9,9,9,9,9,9,9,9,9,9,9,9,9,9,9,9,9,9,9,9,9,9,9,9,9,9,9,9,9,9,9,9,5350000,1385,3,3862.8158844765344,Madipakkam,3 BHK,1000-1500 sqft,Valid,Chennai,Not available in source data,315,35
5000000,1285,Kovilambakkam,3,0,9,9,9,9,9,9,9,9,9,9,9,9,9,9,9,9,9,9,9,9,9,9,9,9,9,9,9,9,9,9,9,9,9,9,9,5000000,1285,3,3891.0505836575876,Kovilambakkam,3 BHK,1000-1500 sqft,Valid,Chennai,Not available in source data,315,35
5000000,1028,Kovilambakkam,2,0,9,9,9,9,9,9,9,9,9,9,9,9,9,9,9,9,9,9,9,9,9,9,9,9,9,9,9,9,9,9,9,9,9,9,9,5000000,1028,2,4863.813229571984,Kovilambakkam,2 BHK,1000-1500 sqft,Valid,Chennai,Not available in source data,315,35
5100000,1250,Ottiyambakkam,3,0,9,9,9,9,9,9,9,9,9,9,9,9,9,9,9,9,9,9,9,9,9,9,9,9,9,9,9,9,9,9,9,9,9,9,9,5100000,1250,3,4080.0,Ottiyambakkam,3 BHK,1000-1500 sqft,Valid,Chennai,Not available in source data,315,35
5282000,823,Madipakkam,2,0,9,9,9,9,9,9,9,9,9,9,9,9,9,9,9,9,9,9,9,9,9,9,9,9,9,9,9,9,9,9,9,9,9,9,9,5282000,823,2,6417.982989064399,Madipakkam,2 BHK,500-1000 sqft,Valid,Chennai,Not available in source data,315,35
13400000,841,Madipakkam,2,0,9,9,9,9,9,9,9,9,9,9,9,9,9,9,9,9,9,9,9,9,9,9,9,9,9,9,9,9,9,9,9,9,9,9,9,13400000,841,2,15933.412604042805,Madipakkam,2 BHK,500-1000 sqft,Valid,Chennai,Not available in source data,315,35
14300000,915,Kilkattalai,2,0,9,9,9,9,9,9,9,9,9,9,9,9,9,9,9,9,9,9,9,9,9,9,9,9,9,9,9,9,9,9,9,9,9,9,9,14300000,915,2,15628.415300546449,Kilkattalai,2 BHK,500-1000 sqft,Valid,Chennai,Not available in source data,315,35
12900000,1536,Velachery,3,0,9,9,9,9,9,9,9,9,9,9,9,9,9,9,9,9,9,9,9,9,9,9,9,9,9,9,9,9,9,9,9,9,9,9,9,12900000,1536,3,8398.4375,Velachery,3 BHK,1500-2500 sqft,Valid,Chennai,Not available in source data,315,35
10600000,1639,Velachery,3,0,9,9,9,9,9,9,9,9,9,9,9,9,9,9,9,9,9,9,9,9,9,9,9,9,9,9,9,9,9,9,9,9,9,9,9,10600000,1639,3,6467.3581452104945,Velachery,3 BHK,1500-2500 sqft,Valid,Chennai,Not available in source data,315,35
13799999,1475,Velachery,3,0,9,9,9,9,9,9,9,9,9,9,9,9,9,9,9,9,9,9,9,9,9,9,9,9,9,9,9,9,9,9,9,9,9,9,9,13799999,1475,3,9355.931525423728,Velachery,3 BHK,1000-1500 sqft,Valid,Chennai,Not available in source data,315,35
10000000,1217,Velachery,2,0,9,9,9,9,9,9,9,9,9,9,9,9,9,9,9,9,9,9,9,9,9,9,9,9,9,9,9,9,9,9,9,9,9,9,9,10000000,1217,2,8216.926869350862,Velachery,2 BHK,1000-1500 sqft,Valid,Chennai,Not available in source data,315,35
10700000,1582,Velachery,3,0,9,9,9,9,9,9,9,9,9,9,9,9,9,9,9,9,9,9,9,9,9,9,9,9,9,9,9,9,9,9,9,9,9,9,9,10700000,1582,3,6763.590391908976,Velachery,3 BHK,1500-2500 sqft,Valid,Chennai,Not available in source data,315,35
14000000,1147,Velachery,2,0,9,9,9,9,9,9,9,9,9,9,9,9,9,9,9,9,9,9,9,9,9,9,9,9,9,9,9,9,9,9,9,9,9,9,9,14000000,1147,2,12205.754141238012,Velachery,2 BHK,1000-1500 sqft,Valid,Chennai,Not available in source data,315,35
9625000,1234,Velachery,2,0,9,9,9,9,9,9,9,9,9,9,9,9,9,9,9,9,9,9,9,9,9,9,9,9,9,9,9,9,9,9,9,9,9,9,9,9625000,1234,2,7799.837925445705,Velachery,2 BHK,1000-1500 sqft,Valid,Chennai,Not available in source data,315,35
4920000,1600,Velachery,3,0,9,9,9,9,9,9,9,9,9,9,9,9,9,9,9,9,9,9,9,9,9,9,9,9,9,9,9,9,9,9,9,9,9,9,9,4920000,1600,3,3075.0,Velachery,3 BHK,1500-2500 sqft,Valid,Chennai,Not available in source data,315,35
3675000,1100,Velachery,2,0,9,9,9,9,9,9,9,9,9,9,9,9,9,9,9,9,9,9,9,9,9,9,9,9,9,9,9,9,9,9,9,9,9,9,9,3675000,1100,2,3340.909090909091,Velachery,2 BHK,1000-1500 sqft,Valid,Chennai,Not available in source data,315,35
3675000,615,Saidapet,2,0,9,9,9,9,9,9,9,9,9,9,9,9,9,9,9,9,9,9,9,9,9,9,9,9,9,9,9,9,9,9,9,9,9,9,9,3675000,615,2,5975.609756097561,Saidapet,2 BHK,500-1000 sqft,Valid,Chennai,Not available in source data,315,35
6125000,750,Medavakkam,2,0,9,9,9,9,9,9,9,9,9,9,9,9,9,9,9,9,9,9,9,9,9,9,9,9,9,9,9,9,9,9,9,9,9,9,9,6125000,750,2,8166.666666666667,Medavakkam,2 BHK,500-1000 sqft,Valid,Chennai,Not available in source data,315,35
5330000,755,Medavakkam,2,0,9,9,9,9,9,9,9,9,9,9,9,9,9,9,9,9,9,9,9,9,9,9,9,9,9,9,9,9,9,9,9,9,9,9,9,5330000,755,2,7059.602649006622,Medavakkam,2 BHK,500-1000 sqft,Valid,Chennai,Not available in source data,315,35
4214000,1263,Perumbakkam,3,0,9,9,9,9,9,9,9,9,9,9,9,9,9,9,9,9,9,9,9,9,9,9,9,9,9,9,9,9,9,9,9,9,9,9,9,4214000,1263,3,3336.500395882819,Perumbakkam,3 BHK,1000-1500 sqft,Valid,Chennai,Not available in source data,315,35
3854999,1099,Perumbakkam,3,0,9,9,9,9,9,9,9,9,9,9,9,9,9,9,9,9,9,9,9,9,9,9,9,9,9,9,9,9,9,9,9,9,9,9,9,3854999,1099,3,3507.7333939945406,Perumbakkam,3 BHK,1000-1500 sqft,Valid,Chennai,Not available in source data,315,35
5854000,869,Perumbakkam,2,0,9,9,9,9,9,9,9,9,9,9,9,9,9,9,9,9,9,9,9,9,9,9,9,9,9,9,9,9,9,9,9,9,9,9,9,5854000,869,2,6736.478711162255,Perumbakkam,2 BHK,500-1000 sqft,Valid,Chennai,Not available in source data,315,35
2570000,795,Perumbakkam,2,0,9,9,9,9,9,9,9,9,9,9,9,9,9,9,9,9,9,9,9,9,9,9,9,9,9,9,9,9,9,9,9,9,9,9,9,2570000,795,2,3232.7044025157234,Perumbakkam,2 BHK,500-1000 sqft,Valid,Chennai,Not available in source data,315,35
6018000,1140,Madambakkam,3,0,9,9,9,9,9,9,9,9,9,9,9,9,9,9,9,9,9,9,9,9,9,9,9,9,9,9,9,9,9,9,9,9,9,9,9,6018000,1140,3,5278.9473684210525,Madambakkam,3 BHK,1000-1500 sqft,Valid,Chennai,Not available in source data,315,35
5999000,530,Perumbakkam,1,0,9,9,9,9,9,9,9,9,9,9,9,9,9,9,9,9,9,9,9,9,9,9,9,9,9,9,9,9,9,9,9,9,9,9,9,5999000,530,1,11318.867924528302,Perumbakkam,1 BHK,500-1000 sqft,Valid,Chennai,Not available in source data,315,35
4299000,1180,Madambakkam,3,0,9,9,9,9,9,9,9,9,9,9,9,9,9,9,9,9,9,9,9,9,9,9,9,9,9,9,9,9,9,9,9,9,9,9,9,4299000,1180,3,3643.2203389830506,Madambakkam,3 BHK,1000-1500 sqft,Valid,Chennai,Not available in source data,315,35
3245000,1180,Madambakkam,3,0,9,9,9,9,9,9,9,9,9,9,9,9,9,9,9,9,9,9,9,9,9,9,9,9,9,9,9,9,9,9,9,9,9,9,9,3245000,1180,3,2750.0,Madambakkam,3 BHK,1000-1500 sqft,Valid,Chennai,Not available in source data,315,35
2867000,1108,Kovur,2,0,9,9,9,9,9,9,9,9,9,9,9,9,9,9,9,9,9,9,9,9,9,9,9,9,9,9,9,9,9,9,9,9,9,9,9,2867000,1108,2,2587.5451263537907,Kovur,2 BHK,1000-1500 sqft,Valid,Chennai,Not available in source data,315,35
3045000,824,Kovur,2,0,9,9,9,9,9,9,9,9,9,9,9,9,9,9,9,9,9,9,9,9,9,9,9,9,9,9,9,9,9,9,9,9,9,9,9,3045000,824,2,3695.3883495145633,Kovur,2 BHK,500-1000 sqft,Valid,Chennai,Not available in source data,315,35
3247999,721,Kovur,2,0,9,9,9,9,9,9,9,9,9,9,9,9,9,9,9,9,9,9,9,9,9,9,9,9,9,9,9,9,9,9,9,9,9,9,9,3247999,721,2,4504.852981969487,Kovur,2 BHK,500-1000 sqft,Valid,Chennai,Not available in source data,315,35
8084000,769,Kovur,2,0,9,9,9,9,9,9,9,9,9,9,9,9,9,9,9,9,9,9,9,9,9,9,9,9,9,9,9,9,9,9,9,9,9,9,9,8084000,769,2,10512.353706111833,Kovur,2 BHK,500-1000 sqft,Valid,Chennai,Not available in source data,315,35
2605000,824,Kovur,2,0,9,9,9,9,9,9,9,9,9,9,9,9,9,9,9,9,9,9,9,9,9,9,9,9,9,9,9,9,9,9,9,9,9,9,9,2605000,824,2,3161.4077669902913,Kovur,2 BHK,500-1000 sqft,Valid,Chennai,Not available in source data,315,35
2605000,1304,Porur,2,0,9,9,9,9,9,9,9,9,9,9,9,9,9,9,9,9,9,9,9,9,9,9,9,9,9,9,9,9,9,9,9,9,9,9,9,2605000,1304,2,1997.6993865030674,Porur,2 BHK,1000-1500 sqft,Valid,Chennai,Not available in source data,315,35
2495000,521,Kattupakkam,1,0,9,9,9,9,9,9,9,9,9,9,9,9,9,9,9,9,9,9,9,9,9,9,9,9,9,9,9,9,9,9,9,9,9,9,9,2495000,521,1,4788.867562380038,Kattupakkam,1 BHK,500-1000 sqft,Valid,Chennai,Not available in source data,315,35
4564000,521,Kattupakkam,1,0,9,9,9,9,9,9,9,9,9,9,9,9,9,9,9,9,9,9,9,9,9,9,9,9,9,9,9,9,9,9,9,9,9,9,9,4564000,521,1,8760.076775431862,Kattupakkam,1 BHK,500-1000 sqft,Valid,Chennai,Not available in source data,315,35
6100000,499,Kattupakkam,1,0,9,9,9,9,9,9,9,9,9,9,9,9,9,9,9,9,9,9,9,9,9,9,9,9,9,9,9,9,9,9,9,9,9,9,9,6100000,499,1,12224.448897795592,Kattupakkam,1 BHK,<500 sqft,Valid,Chennai,Not available in source data,315,35
6363000,815,Mogappair,2,0,9,9,9,9,9,9,9,9,9,9,9,9,9,9,9,9,9,9,9,9,9,9,9,9,9,9,9,9,9,9,9,9,9,9,9,6363000,815,2,7807.361963190184,Mogappair,2 BHK,500-1000 sqft,Valid,Chennai,Not available in source data,315,35
3750000,1019,Maduravoyal,2,0,9,9,9,9,9,9,9,9,9,9,9,9,9,9,9,9,9,9,9,9,9,9,9,9,9,9,9,9,9,9,9,9,9,9,9,3750000,1019,2,3680.078508341511,Maduravoyal,2 BHK,1000-1500 sqft,Valid,Chennai,Not available in source data,315,35
3267000,1010,Maduravoyal,2,0,9,9,9,9,9,9,9,9,9,9,9,9,9,9,9,9,9,9,9,9,9,9,9,9,9,9,9,9,9,9,9,9,9,9,9,3267000,1010,2,3234.6534653465346,Maduravoyal,2 BHK,1000-1500 sqft,Valid,Chennai,Not available in source data,315,35
2573000,670,Thoraipakkam,1,0,9,9,9,9,9,9,9,9,9,9,9,9,9,9,9,9,9,9,9,9,9,9,9,9,9,9,9,9,9,9,9,9,9,9,9,2573000,670,1,3840.2985074626868,Thoraipakkam,1 BHK,500-1000 sqft,Valid,Chennai,Not available in source data,315,35
12100000,989,Kattankulathur,2,0,9,9,9,9,9,9,9,9,9,9,9,9,9,9,9,9,9,9,9,9,9,9,9,9,9,9,9,9,9,9,9,9,9,9,9,12100000,989,2,12234.580384226492,Kattankulathur,2 BHK,500-1000 sqft,Valid,Chennai,Not available in source data,315,35
5712000,780,Guduvancheri,2,0,9,9,9,9,9,9,9,9,9,9,9,9,9,9,9,9,9,9,9,9,9,9,9,9,9,9,9,9,9,9,9,9,9,9,9,5712000,780,2,7323.076923076923,Guduvancheri,2 BHK,500-1000 sqft,Valid,Chennai,Not available in source data,315,35
4163000,1600,Palavakkam,3,0,9,9,9,9,9,9,9,9,9,9,9,9,9,9,9,9,9,9,9,9,9,9,9,9,9,9,9,9,9,9,9,9,9,9,9,4163000,1600,3,2601.875,Palavakkam,3 BHK,1500-2500 sqft,Valid,Chennai,Not available in source data,315,35
3250000,1020,Thoraipakkam,2,0,9,9,9,9,9,9,9,9,9,9,9,9,9,9,9,9,9,9,9,9,9,9,9,9,9,9,9,9,9,9,9,9,9,9,9,3250000,1020,2,3186.274509803922,Thoraipakkam,2 BHK,1000-1500 sqft,Valid,Chennai,Not available in source data,315,35
4250000,1225,Maraimalai Nagar,3,0,9,9,9,9,9,9,9,9,9,9,9,9,9,9,9,9,9,9,9,9,9,9,9,9,9,9,9,9,9,9,9,9,9,9,9,4250000,1225,3,3469.387755102041,Maraimalai Nagar,3 BHK,1000-1500 sqft,Valid,Chennai,Not available in source data,315,35
7000000,985,Maraimalai Nagar,2,0,9,9,9,9,9,9,9,9,9,9,9,9,9,9,9,9,9,9,9,9,9,9,9,9,9,9,9,9,9,9,9,9,9,9,9,7000000,985,2,7106.598984771574,Maraimalai Nagar,2 BHK,500-1000 sqft,Valid,Chennai,Not available in source data,315,35
10500000,850,Porur,2,0,9,9,9,9,9,9,9,9,9,9,9,9,9,9,9,9,9,9,9,9,9,9,9,9,9,9,9,9,9,9,9,9,9,9,9,10500000,850,2,12352.941176470587,Porur,2 BHK,500-1000 sqft,Valid,Chennai,Not available in source data,315,35
9000000,1400,Maduravoyal,3,0,9,9,9,9,9,9,9,9,9,9,9,9,9,9,9,9,9,9,9,9,9,9,9,9,9,9,9,9,9,9,9,9,9,9,9,9000000,1400,3,6428.571428571428,Maduravoyal,3 BHK,1000-1500 sqft,Valid,Chennai,Not available in source data,315,35
28200000,1600,Vettuvankani,3,0,9,9,9,9,9,9,9,9,9,9,9,9,9,9,9,9,9,9,9,9,9,9,9,9,9,9,9,9,9,9,9,9,9,9,9,28200000,1600,3,17625.0,Vettuvankani,3 BHK,1500-2500 sqft,Valid,Chennai,Not available in source data,315,35
31100000,1200,Palavakkam,3,0,9,9,9,9,9,9,9,9,9,9,9,9,9,9,9,9,9,9,9,9,9,9,9,9,9,9,9,9,9,9,9,9,9,9,9,31100000,1200,3,25916.666666666668,Palavakkam,3 BHK,1000-1500 sqft,Valid,Chennai,Not available in source data,315,35
4900000,1885,Nungambakkam,3,1,9,9,9,9,9,9,9,9,9,9,9,9,9,9,9,9,9,9,9,9,9,9,9,9,9,9,9,9,9,9,9,9,9,9,9,4900000,1885,3,2599.46949602122,Nungambakkam,3 BHK,1500-2500 sqft,Valid,Chennai,Not available in source data,315,35
36000000,1500,Adyar,3,0,9,9,9,9,9,9,9,9,9,9,9,9,9,9,9,9,9,9,9,9,9,9,9,9,9,9,9,9,9,9,9,9,9,9,9,36000000,1500,3,24000.0,Adyar,3 BHK,1500-2500 sqft,Valid,Chennai,Not available in source data,315,35
36000000,876,Porur,2,0,9,9,9,9,9,9,9,9,9,9,9,9,9,9,9,9,9,9,9,9,9,9,9,9,9,9,9,9,9,9,9,9,9,9,9,36000000,876,2,41095.890410958906,Porur,2 BHK,500-1000 sqft,Valid,Chennai,Not available in source data,315,35
36000000,2777,Raja Annamalai Puram,3,0,9,9,9,9,9,9,9,9,9,9,9,9,9,9,9,9,9,9,9,9,9,9,9,9,9,9,9,9,9,9,9,9,9,9,9,36000000,2777,3,12963.629816348577,Raja Annamalai Puram,3 BHK,2500+ sqft,Valid,Chennai,Not available in source data,315,35
3752000,2777,Raja Annamalai Puram,3,0,9,9,9,9,9,9,9,9,9,9,9,9,9,9,9,9,9,9,9,9,9,9,9,9,9,9,9,9,9,9,9,9,9,9,9,3752000,2777,3,1351.0983075261074,Raja Annamalai Puram,3 BHK,2500+ sqft,Valid,Chennai,Not available in source data,315,35
4564000,2777,Alwarpet,3,0,9,9,9,9,9,9,9,9,9,9,9,9,9,9,9,9,9,9,9,9,9,9,9,9,9,9,9,9,9,9,9,9,9,9,9,4564000,2777,3,1643.5001800504142,Alwarpet,3 BHK,2500+ sqft,Valid,Chennai,Not available in source data,315,35
38600000,670,Thoraipakkam,1,0,9,9,9,9,9,9,9,9,9,9,9,9,9,9,9,9,9,9,9,9,9,9,9,9,9,9,9,9,9,9,9,9,9,9,9,38600000,670,1,57611.94029850746,Thoraipakkam,1 BHK,500-1000 sqft,Valid,Chennai,Not available in source data,315,35
28300000,815,Maduravoyal,2,0,9,9,9,9,9,9,9,9,9,9,9,9,9,9,9,9,9,9,9,9,9,9,9,9,9,9,9,9,9,9,9,9,9,9,9,28300000,815,2,34723.926380368095,Maduravoyal,2 BHK,500-1000 sqft,Valid,Chennai,Not available in source data,315,35
11200000,2652,Nungambakkam,4,0,9,9,9,9,9,9,9,9,9,9,9,9,9,9,9,9,9,9,9,9,9,9,9,9,9,9,9,9,9,9,9,9,9,9,9,11200000,2652,4,4223.227752639517,Nungambakkam,4 BHK,2500+ sqft,Valid,Chennai,Not available in source data,315,35
12600000,1885,Nungambakkam,3,0,9,9,9,9,9,9,9,9,9,9,9,9,9,9,9,9,9,9,9,9,9,9,9,9,9,9,9,9,9,9,9,9,9,9,9,12600000,1885,3,6684.350132625995,Nungambakkam,3 BHK,1500-2500 sqft,Valid,Chennai,Not available in source data,315,35
6200000,1600,Kottivakkam,3,0,9,9,9,9,9,9,9,9,9,9,9,9,9,9,9,9,9,9,9,9,9,9,9,9,9,9,9,9,9,9,9,9,9,9,9,6200000,1600,3,3875.0,Kottivakkam,3 BHK,1500-2500 sqft,Valid,Chennai,Not available in source data,315,35
3180000,1800,Kottivakkam,3,0,9,9,9,9,9,9,9,9,9,9,9,9,9,9,9,9,9,9,9,9,9,9,9,9,9,9,9,9,9,9,9,9,9,9,9,3180000,1800,3,1766.6666666666667,Kottivakkam,3 BHK,1500-2500 sqft,Valid,Chennai,Not available in source data,315,35
4272000,1019,Maduravoyal,2,0,9,9,9,9,9,9,9,9,9,9,9,9,9,9,9,9,9,9,9,9,9,9,9,9,9,9,9,9,9,9,9,9,9,9,9,4272000,1019,2,4192.34543670265,Maduravoyal,2 BHK,1000-1500 sqft,Valid,Chennai,Not available in source data,315,35
4299000,966,Maraimalai Nagar,2,0,9,9,9,9,9,9,9,9,9,9,9,9,9,9,9,9,9,9,9,9,9,9,9,9,9,9,9,9,9,9,9,9,9,9,9,4299000,966,2,4450.310559006211,Maraimalai Nagar,2 BHK,500-1000 sqft,Valid,Chennai,Not available in source data,315,35
3650000,890,Medavakkam,2,0,9,9,9,9,9,9,9,9,9,9,9,9,9,9,9,9,9,9,9,9,9,9,9,9,9,9,9,9,9,9,9,9,9,9,9,3650000,890,2,4101.123595505618,Medavakkam,2 BHK,500-1000 sqft,Valid,Chennai,Not available in source data,315,35
4237000,920,Kovilambakkam,2,0,9,9,9,9,9,9,9,9,9,9,9,9,9,9,9,9,9,9,9,9,9,9,9,9,9,9,9,9,9,9,9,9,9,9,9,4237000,920,2,4605.434782608696,Kovilambakkam,2 BHK,500-1000 sqft,Valid,Chennai,Not available in source data,315,35
4953000,745,Vellakkal,2,0,9,9,9,9,9,9,9,9,9,9,9,9,9,9,9,9,9,9,9,9,9,9,9,9,9,9,9,9,9,9,9,9,9,9,9,4953000,745,2,6648.322147651007,Vellakkal,2 BHK,500-1000 sqft,Valid,Chennai,Not available in source data,315,35
4953000,800,Medavakkam,2,0,9,9,9,9,9,9,9,9,9,9,9,9,9,9,9,9,9,9,9,9,9,9,9,9,9,9,9,9,9,9,9,9,9,9,9,4953000,800,2,6191.25,Medavakkam,2 BHK,500-1000 sqft,Valid,Chennai,Not available in source data,315,35
4432000,1032,Nanmangalam,2,0,9,9,9,9,9,9,9,9,9,9,9,9,9,9,9,9,9,9,9,9,9,9,9,9,9,9,9,9,9,9,9,9,9,9,9,4432000,1032,2,4294.573643410853,Nanmangalam,2 BHK,1000-1500 sqft,Valid,Chennai,Not available in source data,315,35
4704000,1032,Nanmangalam,2,0,9,9,9,9,9,9,9,9,9,9,9,9,9,9,9,9,9,9,9,9,9,9,9,9,9,9,9,9,9,9,9,9,9,9,9,4704000,1032,2,4558.139534883721,Nanmangalam,2 BHK,1000-1500 sqft,Valid,Chennai,Not available in source data,315,35
5690000,1108,Sithalapakkam,3,0,9,9,9,9,9,9,9,9,9,9,9,9,9,9,9,9,9,9,9,9,9,9,9,9,9,9,9,9,9,9,9,9,9,9,9,5690000,1108,3,5135.379061371841,Sithalapakkam,3 BHK,1000-1500 sqft,Valid,Chennai,Not available in source data,315,35
5690000,980,Medavakkam,2,0,9,9,9,9,9,9,9,9,9,9,9,9,9,9,9,9,9,9,9,9,9,9,9,9,9,9,9,9,9,9,9,9,9,9,9,5690000,980,2,5806.122448979592,Medavakkam,2 BHK,500-1000 sqft,Valid,Chennai,Not available in source data,315,35
5500000,1211,Kil Ayanambakkam,3,0,9,9,9,9,9,9,9,9,9,9,9,9,9,9,9,9,9,9,9,9,9,9,9,9,9,9,9,9,9,9,9,9,9,9,9,5500000,1211,3,4541.701073492981,Kil Ayanambakkam,3 BHK,1000-1500 sqft,Valid,Chennai,Not available in source data,315,35
5088000,1211,Kil Ayanambakkam,3,0,9,9,9,9,9,9,9,9,9,9,9,9,9,9,9,9,9,9,9,9,9,9,9,9,9,9,9,9,9,9,9,9,9,9,9,5088000,1211,3,4201.486374896779,Kil Ayanambakkam,3 BHK,1000-1500 sqft,Valid,Chennai,Not available in source data,315,35
5088000,960,Ponniammanmedu,2,1,9,9,9,9,9,9,9,9,9,9,9,9,9,9,9,9,9,9,9,9,9,9,9,9,9,9,9,9,9,9,9,9,9,9,9,5088000,960,2,5300.0,Ponniammanmedu,2 BHK,500-1000 sqft,Valid,Chennai,Not available in source data,315,35
2500000,1060,Medavakkam,3,0,9,9,9,9,9,9,9,9,9,9,9,9,9,9,9,9,9,9,9,9,9,9,9,9,9,9,9,9,9,9,9,9,9,9,9,2500000,1060,3,2358.490566037736,Medavakkam,3 BHK,1000-1500 sqft,Valid,Chennai,Not available in source data,315,35
4075000,1060,Medavakkam,3,0,9,9,9,9,9,9,9,9,9,9,9,9,9,9,9,9,9,9,9,9,9,9,9,9,9,9,9,9,9,9,9,9,9,9,9,4075000,1060,3,3844.3396226415093,Medavakkam,3 BHK,1000-1500 sqft,Valid,Chennai,Not available in source data,315,35
5040000,523,Selaiyur,1,0,9,9,9,9,9,9,9,9,9,9,9,9,9,9,9,9,9,9,9,9,9,9,9,9,9,9,9,9,9,9,9,9,9,9,9,5040000,523,1,9636.711281070746,Selaiyur,1 BHK,500-1000 sqft,Valid,Chennai,Not available in source data,315,35
4372000,849,Medavakkam,2,0,9,9,9,9,9,9,9,9,9,9,9,9,9,9,9,9,9,9,9,9,9,9,9,9,9,9,9,9,9,9,9,9,9,9,9,4372000,849,2,5149.587750294464,Medavakkam,2 BHK,500-1000 sqft,Valid,Chennai,Not available in source data,315,35
4705000,1050,Kovilambakkam,3,0,9,9,9,9,9,9,9,9,9,9,9,9,9,9,9,9,9,9,9,9,9,9,9,9,9,9,9,9,9,9,9,9,9,9,9,4705000,1050,3,4480.952380952381,Kovilambakkam,3 BHK,1000-1500 sqft,Valid,Chennai,Not available in source data,315,35
3270000,911,Nanmangalam,2,0,9,9,9,9,9,9,9,9,9,9,9,9,9,9,9,9,9,9,9,9,9,9,9,9,9,9,9,9,9,9,9,9,9,9,9,3270000,911,2,3589.4621295279912,Nanmangalam,2 BHK,500-1000 sqft,Valid,Chennai,Not available in source data,315,35
7108000,886,Ambattur,2,0,9,9,9,9,9,9,9,9,9,9,9,9,9,9,9,9,9,9,9,9,9,9,9,9,9,9,9,9,9,9,9,9,9,9,9,7108000,886,2,8022.573363431151,Ambattur,2 BHK,500-1000 sqft,Valid,Chennai,Not available in source data,315,35
4705000,711,Pammal,2,0,9,9,9,9,9,9,9,9,9,9,9,9,9,9,9,9,9,9,9,9,9,9,9,9,9,9,9,9,9,9,9,9,9,9,9,4705000,711,2,6617.440225035161,Pammal,2 BHK,500-1000 sqft,Valid,Chennai,Not available in source data,315,35
4300000,1481,Kanathur Reddikuppam,3,0,9,9,9,9,9,9,9,9,9,9,9,9,9,9,9,9,9,9,9,9,9,9,9,9,9,9,9,9,9,9,9,9,9,9,9,4300000,1481,3,2903.4436191762325,Kanathur Reddikuppam,3 BHK,1000-1500 sqft,Valid,Chennai,Not available in source data,315,35
5550000,886,Ambattur,2,0,9,9,9,9,9,9,9,9,9,9,9,9,9,9,9,9,9,9,9,9,9,9,9,9,9,9,9,9,9,9,9,9,9,9,9,5550000,886,2,6264.10835214447,Ambattur,2 BHK,500-1000 sqft,Valid,Chennai,Not available in source data,315,35
5775000,1000,Pozhichalur,2,0,9,9,9,9,9,9,9,9,9,9,9,9,9,9,9,9,9,9,9,9,9,9,9,9,9,9,9,9,9,9,9,9,9,9,9,5775000,1000,2,5775.0,Pozhichalur,2 BHK,1000-1500 sqft,Valid,Chennai,Not available in source data,315,35
6286000,960,Velachery,2,1,9,9,9,9,9,9,9,9,9,9,9,9,9,9,9,9,9,9,9,9,9,9,9,9,9,9,9,9,9,9,9,9,9,9,9,6286000,960,2,6547.916666666667,Velachery,2 BHK,500-1000 sqft,Valid,Chennai,Not available in source data,315,35
5775000,808,Porur,2,0,9,9,9,9,9,9,9,9,9,9,9,9,9,9,9,9,9,9,9,9,9,9,9,9,9,9,9,9,9,9,9,9,9,9,9,5775000,808,2,7147.277227722772,Porur,2 BHK,500-1000 sqft,Valid,Chennai,Not available in source data,315,35
3808000,882,Porur,2,0,9,9,9,9,9,9,9,9,9,9,9,9,9,9,9,9,9,9,9,9,9,9,9,9,9,9,9,9,9,9,9,9,9,9,9,3808000,882,2,4317.460317460317,Porur,2 BHK,500-1000 sqft,Valid,Chennai,Not available in source data,315,35
6286000,808,Porur,2,0,9,9,9,9,9,9,9,9,9,9,9,9,9,9,9,9,9,9,9,9,9,9,9,9,9,9,9,9,9,9,9,9,9,9,9,6286000,808,2,7779.702970297029,Porur,2 BHK,500-1000 sqft,Valid,Chennai,Not available in source data,315,35
6286000,523,Porur,1,0,9,9,9,9,9,9,9,9,9,9,9,9,9,9,9,9,9,9,9,9,9,9,9,9,9,9,9,9,9,9,9,9,9,9,9,6286000,523,1,12019.120458891013,Porur,1 BHK,500-1000 sqft,Valid,Chennai,Not available in source data,315,35
5940000,882,Porur,2,0,9,9,9,9,9,9,9,9,9,9,9,9,9,9,9,9,9,9,9,9,9,9,9,9,9,9,9,9,9,9,9,9,9,9,9,5940000,882,2,6734.693877551021,Porur,2 BHK,500-1000 sqft,Valid,Chennai,Not available in source data,315,35
5460000,882,Porur,2,0,9,9,9,9,9,9,9,9,9,9,9,9,9,9,9,9,9,9,9,9,9,9,9,9,9,9,9,9,9,9,9,9,9,9,9,5460000,882,2,6190.476190476191,Porur,2 BHK,500-1000 sqft,Valid,Chennai,Not available in source data,315,35
5104000,990,Chromepet,2,0,9,9,9,9,9,9,9,9,9,9,9,9,9,9,9,9,9,9,9,9,9,9,9,9,9,9,9,9,9,9,9,9,9,9,9,5104000,990,2,5155.555555555556,Chromepet,2 BHK,500-1000 sqft,Valid,Chennai,Not available in source data,315,35
7320000,910,Chromepet,2,0,9,9,9,9,9,9,9,9,9,9,9,9,9,9,9,9,9,9,9,9,9,9,9,9,9,9,9,9,9,9,9,9,9,9,9,7320000,910,2,8043.956043956044,Chromepet,2 BHK,500-1000 sqft,Valid,Chennai,Not available in source data,315,35
3159000,880,Chromepet,2,0,9,9,9,9,9,9,9,9,9,9,9,9,9,9,9,9,9,9,9,9,9,9,9,9,9,9,9,9,9,9,9,9,9,9,9,3159000,880,2,3589.7727272727275,Chromepet,2 BHK,500-1000 sqft,Valid,Chennai,Not available in source data,315,35
5600000,1220,Chromepet,3,0,9,9,9,9,9,9,9,9,9,9,9,9,9,9,9,9,9,9,9,9,9,9,9,9,9,9,9,9,9,9,9,9,9,9,9,5600000,1220,3,4590.163934426229,Chromepet,3 BHK,1000-1500 sqft,Valid,Chennai,Not available in source data,315,35
6600000,880,Anakaputhur,2,0,9,9,9,9,9,9,9,9,9,9,9,9,9,9,9,9,9,9,9,9,9,9,9,9,9,9,9,9,9,9,9,9,9,9,9,6600000,880,2,7500.0,Anakaputhur,2 BHK,500-1000 sqft,Valid,Chennai,Not available in source data,315,35
5160000,1185,Ambattur,3,0,9,9,9,9,9,9,9,9,9,9,9,9,9,9,9,9,9,9,9,9,9,9,9,9,9,9,9,9,9,9,9,9,9,9,9,5160000,1185,3,4354.430379746836,Ambattur,3 BHK,1000-1500 sqft,Valid,Chennai,Not available in source data,315,35
4240000,1100,Chromepet,3,0,9,9,9,9,9,9,9,9,9,9,9,9,9,9,9,9,9,9,9,9,9,9,9,9,9,9,9,9,9,9,9,9,9,9,9,4240000,1100,3,3854.5454545454545,Chromepet,3 BHK,1000-1500 sqft,Valid,Chennai,Not available in source data,315,35
4083000,860,Chromepet,2,0,9,9,9,9,9,9,9,9,9,9,9,9,9,9,9,9,9,9,9,9,9,9,9,9,9,9,9,9,9,9,9,9,9,9,9,4083000,860,2,4747.674418604651,Chromepet,2 BHK,500-1000 sqft,Valid,Chennai,Not available in source data,315,35
2070000,833,Selaiyur,2,0,9,9,9,9,9,9,9,9,9,9,9,9,9,9,9,9,9,9,9,9,9,9,9,9,9,9,9,9,9,9,9,9,9,9,9,2070000,833,2,2484.9939975990396,Selaiyur,2 BHK,500-1000 sqft,Valid,Chennai,Not available in source data,315,35
2840000,780,Selaiyur,2,0,9,9,9,9,9,9,9,9,9,9,9,9,9,9,9,9,9,9,9,9,9,9,9,9,9,9,9,9,9,9,9,9,9,9,9,2840000,780,2,3641.025641025641,Selaiyur,2 BHK,500-1000 sqft,Valid,Chennai,Not available in source data,315,35
2840000,450,Pammal,1,0,9,9,9,9,9,9,9,9,9,9,9,9,9,9,9,9,9,9,9,9,9,9,9,9,9,9,9,9,9,9,9,9,9,9,9,2840000,450,1,6311.111111111111,Pammal,1 BHK,<500 sqft,Valid,Chennai,Not available in source data,315,35
6512000,789,Kundrathur,2,0,9,9,9,9,9,9,9,9,9,9,9,9,9,9,9,9,9,9,9,9,9,9,9,9,9,9,9,9,9,9,9,9,9,9,9,6512000,789,2,8253.485424588087,Kundrathur,2 BHK,500-1000 sqft,Valid,Chennai,Not available in source data,315,35
6099000,789,Kundrathur,2,0,9,9,9,9,9,9,9,9,9,9,9,9,9,9,9,9,9,9,9,9,9,9,9,9,9,9,9,9,9,9,9,9,9,9,9,6099000,789,2,7730.038022813688,Kundrathur,2 BHK,500-1000 sqft,Valid,Chennai,Not available in source data,315,35
3800000,1371,Madambakkam,3,0,9,9,9,9,9,9,9,9,9,9,9,9,9,9,9,9,9,9,9,9,9,9,9,9,9,9,9,9,9,9,9,9,9,9,9,3800000,1371,3,2771.6994894237782,Madambakkam,3 BHK,1000-1500 sqft,Valid,Chennai,Not available in source data,315,35
5424000,1263,Madambakkam,3,0,9,9,9,9,9,9,9,9,9,9,9,9,9,9,9,9,9,9,9,9,9,9,9,9,9,9,9,9,9,9,9,9,9,9,9,5424000,1263,3,4294.536817102137,Madambakkam,3 BHK,1000-1500 sqft,Valid,Chennai,Not available in source data,315,35
5050000,1168,Kundrathur,3,0,9,9,9,9,9,9,9,9,9,9,9,9,9,9,9,9,9,9,9,9,9,9,9,9,9,9,9,9,9,9,9,9,9,9,9,5050000,1168,3,4323.630136986301,Kundrathur,3 BHK,1000-1500 sqft,Valid,Chennai,Not available in source data,315,35
6900000,1142,Madambakkam,2,0,9,9,9,9,9,9,9,9,9,9,9,9,9,9,9,9,9,9,9,9,9,9,9,9,9,9,9,9,9,9,9,9,9,9,9,6900000,1142,2,6042.031523642732,Madambakkam,2 BHK,1000-1500 sqft,Valid,Chennai,Not available in source data,315,35
6255000,1000,Madambakkam,2,0,9,9,9,9,9,9,9,9,9,9,9,9,9,9,9,9,9,9,9,9,9,9,9,9,9,9,9,9,9,9,9,9,9,9,9,6255000,1000,2,6255.0,Madambakkam,2 BHK,1000-1500 sqft,Valid,Chennai,Not available in source data,315,35
5846000,1453,Pallavaram,3,0,9,9,9,9,9,9,9,9,9,9,9,9,9,9,9,9,9,9,9,9,9,9,9,9,9,9,9,9,9,9,9,9,9,9,9,5846000,1453,3,4023.399862353751,Pallavaram,3 BHK,1000-1500 sqft,Valid,Chennai,Not available in source data,315,35
5705000,1331,Ayapakkam,3,0,9,9,9,9,9,9,9,9,9,9,9,9,9,9,9,9,9,9,9,9,9,9,9,9,9,9,9,9,9,9,9,9,9,9,9,5705000,1331,3,4286.2509391435015,Ayapakkam,3 BHK,1000-1500 sqft,Valid,Chennai,Not available in source data,315,35
5691000,1244,Ayapakkam,3,0,9,9,9,9,9,9,9,9,9,9,9,9,9,9,9,9,9,9,9,9,9,9,9,9,9,9,9,9,9,9,9,9,9,9,9,5691000,1244,3,4574.75884244373,Ayapakkam,3 BHK,1000-1500 sqft,Valid,Chennai,Not available in source data,315,35
5597000,1214,Ayapakkam,3,0,9,9,9,9,9,9,9,9,9,9,9,9,9,9,9,9,9,9,9,9,9,9,9,9,9,9,9,9,9,9,9,9,9,9,9,5597000,1214,3,4610.378912685338,Ayapakkam,3 BHK,1000-1500 sqft,Valid,Chennai,Not available in source data,315,35
5500000,1211,Ayapakkam,3,0,9,9,9,9,9,9,9,9,9,9,9,9,9,9,9,9,9,9,9,9,9,9,9,9,9,9,9,9,9,9,9,9,9,9,9,5500000,1211,3,4541.701073492981,Ayapakkam,3 BHK,1000-1500 sqft,Valid,Chennai,Not available in source data,315,35
2707000,1191,Ayapakkam,3,0,9,9,9,9,9,9,9,9,9,9,9,9,9,9,9,9,9,9,9,9,9,9,9,9,9,9,9,9,9,9,9,9,9,9,9,2707000,1191,3,2272.879932829555,Ayapakkam,3 BHK,1000-1500 sqft,Valid,Chennai,Not available in source data,315,35
2707000,1183,Ambattur,3,0,9,9,9,9,9,9,9,9,9,9,9,9,9,9,9,9,9,9,9,9,9,9,9,9,9,9,9,9,9,9,9,9,9,9,9,2707000,1183,3,2288.2502113271344,Ambattur,3 BHK,1000-1500 sqft,Valid,Chennai,Not available in source data,315,35
7113000,752,Pammal,2,0,9,9,9,9,9,9,9,9,9,9,9,9,9,9,9,9,9,9,9,9,9,9,9,9,9,9,9,9,9,9,9,9,9,9,9,7113000,752,2,9458.77659574468,Pammal,2 BHK,500-1000 sqft,Valid,Chennai,Not available in source data,315,35
2930000,752,Pammal,2,0,9,9,9,9,9,9,9,9,9,9,9,9,9,9,9,9,9,9,9,9,9,9,9,9,9,9,9,9,9,9,9,9,9,9,9,2930000,752,2,3896.276595744681,Pammal,2 BHK,500-1000 sqft,Valid,Chennai,Not available in source data,315,35
6698999,1355,Kolathur,2,0,9,9,9,9,9,9,9,9,9,9,9,9,9,9,9,9,9,9,9,9,9,9,9,9,9,9,9,9,9,9,9,9,9,9,9,6698999,1355,2,4943.910701107011,Kolathur,2 BHK,1000-1500 sqft,Valid,Chennai,Not available in source data,315,35
5200000,637,Pammal,2,0,9,9,9,9,9,9,9,9,9,9,9,9,9,9,9,9,9,9,9,9,9,9,9,9,9,9,9,9,9,9,9,9,9,9,9,5200000,637,2,8163.265306122449,Pammal,2 BHK,500-1000 sqft,Valid,Chennai,Not available in source data,315,35
46100000,1276,Kolathur,2,0,9,9,9,9,9,9,9,9,9,9,9,9,9,9,9,9,9,9,9,9,9,9,9,9,9,9,9,9,9,9,9,9,9,9,9,46100000,1276,2,36128.526645768026,Kolathur,2 BHK,1000-1500 sqft,Valid,Chennai,Not available in source data,315,35
4000000,1200,Pozhichalur,3,0,9,9,9,9,9,9,9,9,9,9,9,9,9,9,9,9,9,9,9,9,9,9,9,9,9,9,9,9,9,9,9,9,9,9,9,4000000,1200,3,3333.3333333333335,Pozhichalur,3 BHK,1000-1500 sqft,Valid,Chennai,Not available in source data,315,35
3400000,2882,Egmore,3,0,9,9,9,9,9,9,9,9,9,9,9,9,9,9,9,9,9,9,9,9,9,9,9,9,9,9,9,9,9,9,9,9,9,9,9,3400000,2882,3,1179.736294240111,Egmore,3 BHK,2500+ sqft,Valid,Chennai,Not available in source data,315,35
6344000,912,Madambakkam,2,0,9,9,9,9,9,9,9,9,9,9,9,9,9,9,9,9,9,9,9,9,9,9,9,9,9,9,9,9,9,9,9,9,9,9,9,6344000,912,2,6956.140350877193,Madambakkam,2 BHK,500-1000 sqft,Valid,Chennai,Not available in source data,315,35
4794000,627,Selaiyur,1,0,9,9,9,9,9,9,9,9,9,9,9,9,9,9,9,9,9,9,9,9,9,9,9,9,9,9,9,9,9,9,9,9,9,9,9,4794000,627,1,7645.933014354067,Selaiyur,1 BHK,500-1000 sqft,Valid,Chennai,Not available in source data,315,35
14200000,1220,Sunnambu Kolathur S Kolathur,3,0,9,9,9,9,9,9,9,9,9,9,9,9,9,9,9,9,9,9,9,9,9,9,9,9,9,9,9,9,9,9,9,9,9,9,9,14200000,1220,3,11639.344262295082,Sunnambu Kolathur S Kolathur,3 BHK,1000-1500 sqft,Valid,Chennai,Not available in source data,315,35
3159000,922,Sunnambu Kolathur S Kolathur,2,0,9,9,9,9,9,9,9,9,9,9,9,9,9,9,9,9,9,9,9,9,9,9,9,9,9,9,9,9,9,9,9,9,9,9,9,3159000,922,2,3426.247288503254,Sunnambu Kolathur S Kolathur,2 BHK,500-1000 sqft,Valid,Chennai,Not available in source data,315,35
3159000,560,Sunnambu Kolathur S Kolathur,1,0,9,9,9,9,9,9,9,9,9,9,9,9,9,9,9,9,9,9,9,9,9,9,9,9,9,9,9,9,9,9,9,9,9,9,9,3159000,560,1,5641.071428571428,Sunnambu Kolathur S Kolathur,1 BHK,500-1000 sqft,Valid,Chennai,Not available in source data,315,35
2240000,1801,Velachery,3,0,9,9,9,9,9,9,9,9,9,9,9,9,9,9,9,9,9,9,9,9,9,9,9,9,9,9,9,9,9,9,9,9,9,9,9,2240000,1801,3,1243.753470294281,Velachery,3 BHK,1500-2500 sqft,Valid,Chennai,Not available in source data,315,35
4165000,854,Anakaputhur,2,0,9,9,9,9,9,9,9,9,9,9,9,9,9,9,9,9,9,9,9,9,9,9,9,9,9,9,9,9,9,9,9,9,9,9,9,4165000,854,2,4877.049180327869,Anakaputhur,2 BHK,500-1000 sqft,Valid,Chennai,Not available in source data,315,35
16900000,854,Anakaputhur,2,0,9,9,9,9,9,9,9,9,9,9,9,9,9,9,9,9,9,9,9,9,9,9,9,9,9,9,9,9,9,9,9,9,9,9,9,16900000,854,2,19789.227166276345,Anakaputhur,2 BHK,500-1000 sqft,Valid,Chennai,Not available in source data,315,35
80300000,560,Pozhichalur,2,0,9,9,9,9,9,9,9,9,9,9,9,9,9,9,9,9,9,9,9,9,9,9,9,9,9,9,9,9,9,9,9,9,9,9,9,80300000,560,2,143392.85714285713,Pozhichalur,2 BHK,500-1000 sqft,Valid,Chennai,Not available in source data,315,35
80300000,850,Pozhichalur,3,0,9,9,9,9,9,9,9,9,9,9,9,9,9,9,9,9,9,9,9,9,9,9,9,9,9,9,9,9,9,9,9,9,9,9,9,80300000,850,3,94470.58823529411,Pozhichalur,3 BHK,500-1000 sqft,Valid,Chennai,Not available in source data,315,35
13700000,3234,Kolathur,4,0,9,9,9,9,9,9,9,9,9,9,9,9,9,9,9,9,9,9,9,9,9,9,9,9,9,9,9,9,9,9,9,9,9,9,9,13700000,3234,4,4236.239950525664,Kolathur,4 BHK,2500+ sqft,Valid,Chennai,Not available in source data,315,35
96900000,3826,Nungambakkam,5,0,9,9,9,9,9,9,9,9,9,9,9,9,9,9,9,9,9,9,9,9,9,9,9,9,9,9,9,9,9,9,9,9,9,9,9,96900000,3826,5,25326.711970726607,Nungambakkam,5+ BHK,2500+ sqft,Valid,Chennai,Not available in source data,315,35
14100000,1720,Thoraipakkam OMR,3,0,9,9,9,9,9,9,9,9,9,9,9,9,9,9,9,9,9,9,9,9,9,9,9,9,9,9,9,9,9,9,9,9,9,9,9,14100000,1720,3,8197.67441860465,Thoraipakkam OMR,3 BHK,1500-2500 sqft,Valid,Chennai,Not available in source data,315,35
9741000,3800,Nungambakkam,4,0,9,9,9,9,9,9,9,9,9,9,9,9,9,9,9,9,9,9,9,9,9,9,9,9,9,9,9,9,9,9,9,9,9,9,9,9741000,3800,4,2563.4210526315787,Nungambakkam,4 BHK,2500+ sqft,Valid,Chennai,Not available in source data,315,35
35500000,3800,Nungambakkam,4,0,9,9,9,9,9,9,9,9,9,9,9,9,9,9,9,9,9,9,9,9,9,9,9,9,9,9,9,9,9,9,9,9,9,9,9,35500000,3800,4,9342.105263157895,Nungambakkam,4 BHK,2500+ sqft,Valid,Chennai,Not available in source data,315,35
34800000,1889,Sholinganallur,3,0,9,9,9,9,9,9,9,9,9,9,9,9,9,9,9,9,9,9,9,9,9,9,9,9,9,9,9,9,9,9,9,9,9,9,9,34800000,1889,3,18422.44573848597,Sholinganallur,3 BHK,1500-2500 sqft,Valid,Chennai,Not available in source data,315,35
4564000,1584,Perungudi,3,0,9,9,9,9,9,9,9,9,9,9,9,9,9,9,9,9,9,9,9,9,9,9,9,9,9,9,9,9,9,9,9,9,9,9,9,4564000,1584,3,2881.313131313131,Perungudi,3 BHK,1500-2500 sqft,Valid,Chennai,Not available in source data,315,35
4564000,4736,Sholinganallur,4,0,9,9,9,9,9,9,9,9,9,9,9,9,9,9,9,9,9,9,9,9,9,9,9,9,9,9,9,9,9,9,9,9,9,9,9,4564000,4736,4,963.6824324324324,Sholinganallur,4 BHK,2500+ sqft,Valid,Chennai,Not available in source data,315,35
8400000,4643,Sholinganallur,4,0,9,9,9,9,9,9,9,9,9,9,9,9,9,9,9,9,9,9,9,9,9,9,9,9,9,9,9,9,9,9,9,9,9,9,9,8400000,4643,4,1809.1751023045445,Sholinganallur,4 BHK,2500+ sqft,Valid,Chennai,Not available in source data,315,35
8400000,815,Vanagaram,2,0,9,9,9,9,9,9,9,9,9,9,9,9,9,9,9,9,9,9,9,9,9,9,9,9,9,9,9,9,9,9,9,9,9,9,9,8400000,815,2,10306.748466257668,Vanagaram,2 BHK,500-1000 sqft,Valid,Chennai,Not available in source data,315,35
13700000,815,Vanagaram,2,0,9,9,9,9,9,9,9,9,9,9,9,9,9,9,9,9,9,9,9,9,9,9,9,9,9,9,9,9,9,9,9,9,9,9,9,13700000,815,2,16809.815950920245,Vanagaram,2 BHK,500-1000 sqft,Valid,Chennai,Not available in source data,315,35
16700000,1529,Porur,3,0,9,9,9,9,9,9,9,9,9,9,9,9,9,9,9,9,9,9,9,9,9,9,9,9,9,9,9,9,9,9,9,9,9,9,9,16700000,1529,3,10922.17135382603,Porur,3 BHK,1500-2500 sqft,Valid,Chennai,Not available in source data,315,35
51600000,1529,Maduravoyal,3,0,9,9,9,9,9,9,9,9,9,9,9,9,9,9,9,9,9,9,9,9,9,9,9,9,9,9,9,9,9,9,9,9,9,9,9,51600000,1529,3,33747.547416612164,Maduravoyal,3 BHK,1500-2500 sqft,Valid,Chennai,Not available in source data,315,35
35500000,1720,Thoraipakkam OMR,3,0,9,9,9,9,9,9,9,9,9,9,9,9,9,9,9,9,9,9,9,9,9,9,9,9,9,9,9,9,9,9,9,9,9,9,9,35500000,1720,3,20639.53488372093,Thoraipakkam OMR,3 BHK,1500-2500 sqft,Valid,Chennai,Not available in source data,315,35
8474000,2229,Sholinganallur,3,0,9,9,9,9,9,9,9,9,9,9,9,9,9,9,9,9,9,9,9,9,9,9,9,9,9,9,9,9,9,9,9,9,9,9,9,8474000,2229,3,3801.7048003589052,Sholinganallur,3 BHK,1500-2500 sqft,Valid,Chennai,Not available in source data,315,35
13700000,2348,Alwarpet,3,0,9,9,9,9,9,9,9,9,9,9,9,9,9,9,9,9,9,9,9,9,9,9,9,9,9,9,9,9,9,9,9,9,9,9,9,13700000,2348,3,5834.752981260647,Alwarpet,3 BHK,1500-2500 sqft,Valid,Chennai,Not available in source data,315,35
3200000,4736,Sholinganallur,4,0,9,9,9,9,9,9,9,9,9,9,9,9,9,9,9,9,9,9,9,9,9,9,9,9,9,9,9,9,9,9,9,9,9,9,9,3200000,4736,4,675.6756756756756,Sholinganallur,4 BHK,2500+ sqft,Valid,Chennai,Not available in source data,315,35
4000000,1599,Ayanambakkam,3,0,9,9,9,9,9,9,9,9,9,9,9,9,9,9,9,9,9,9,9,9,9,9,9,9,9,9,9,9,9,9,9,9,9,9,9,4000000,1599,3,2501.5634771732334,Ayanambakkam,3 BHK,1500-2500 sqft,Valid,Chennai,Not available in source data,315,35
8400000,1720,Thoraipakkam OMR,3,0,9,9,9,9,9,9,9,9,9,9,9,9,9,9,9,9,9,9,9,9,9,9,9,9,9,9,9,9,9,9,9,9,9,9,9,8400000,1720,3,4883.720930232558,Thoraipakkam OMR,3 BHK,1500-2500 sqft,Valid,Chennai,Not available in source data,315,35
4978000,832,Perungalathur,2,1,9,9,9,9,9,9,9,9,9,9,9,9,9,9,9,9,9,9,9,9,9,9,9,9,9,9,9,9,9,9,9,9,9,9,9,4978000,832,2,5983.173076923077,Perungalathur,2 BHK,500-1000 sqft,Valid,Chennai,Not available in source data,315,35
9246000,980,Selaiyur,2,1,9,9,9,9,9,9,9,9,9,9,9,9,9,9,9,9,9,9,9,9,9,9,9,9,9,9,9,9,9,9,9,9,9,9,9,9246000,980,2,9434.69387755102,Selaiyur,2 BHK,500-1000 sqft,Valid,Chennai,Not available in source data,315,35
8056999,1529,Maduravoyal,3,0,9,9,9,9,9,9,9,9,9,9,9,9,9,9,9,9,9,9,9,9,9,9,9,9,9,9,9,9,9,9,9,9,9,9,9,8056999,1529,3,5269.456507521256,Maduravoyal,3 BHK,1500-2500 sqft,Valid,Chennai,Not available in source data,315,35
7678000,889,Ambattur INDUSTRIAL ESTATE,3,0,9,9,9,9,9,9,9,9,9,9,9,9,9,9,9,9,9,9,9,9,9,9,9,9,9,9,9,9,9,9,9,9,9,9,9,7678000,889,3,8636.670416197976,Ambattur INDUSTRIAL ESTATE,3 BHK,500-1000 sqft,Valid,Chennai,Not available in source data,315,35
8798000,1745,Porur,3,0,9,9,9,9,9,9,9,9,9,9,9,9,9,9,9,9,9,9,9,9,9,9,9,9,9,9,9,9,9,9,9,9,9,9,9,8798000,1745,3,5041.833810888252,Porur,3 BHK,1500-2500 sqft,Valid,Chennai,Not available in source data,315,35
3500000,1465,Manapakkam,3,0,9,9,9,9,9,9,9,9,9,9,9,9,9,9,9,9,9,9,9,9,9,9,9,9,9,9,9,9,9,9,9,9,9,9,9,3500000,1465,3,2389.078498293515,Manapakkam,3 BHK,1000-1500 sqft,Valid,Chennai,Not available in source data,315,35
6344000,1396,Madipakkam,3,0,9,9,9,9,9,9,9,9,9,9,9,9,9,9,9,9,9,9,9,9,9,9,9,9,9,9,9,9,9,9,9,9,9,9,9,6344000,1396,3,4544.412607449856,Madipakkam,3 BHK,1000-1500 sqft,Valid,Chennai,Not available in source data,315,35
4794000,1375,Mogappair,3,0,9,9,9,9,9,9,9,9,9,9,9,9,9,9,9,9,9,9,9,9,9,9,9,9,9,9,9,9,9,9,9,9,9,9,9,4794000,1375,3,3486.5454545454545,Mogappair,3 BHK,1000-1500 sqft,Valid,Chennai,Not available in source data,315,35
2912000,855,Perumbakkam,2,0,9,9,9,9,9,9,9,9,9,9,9,9,9,9,9,9,9,9,9,9,9,9,9,9,9,9,9,9,9,9,9,9,9,9,9,2912000,855,2,3405.847953216374,Perumbakkam,2 BHK,500-1000 sqft,Valid,Chennai,Not available in source data,315,35
14100000,1220,Sunnambu Kolathur S Kolathur,3,0,9,9,9,9,9,9,9,9,9,9,9,9,9,9,9,9,9,9,9,9,9,9,9,9,9,9,9,9,9,9,9,9,9,9,9,14100000,1220,3,11557.377049180328,Sunnambu Kolathur S Kolathur,3 BHK,1000-1500 sqft,Valid,Chennai,Not available in source data,315,35
8084000,922,Sunnambu Kolathur S Kolathur,2,0,9,9,9,9,9,9,9,9,9,9,9,9,9,9,9,9,9,9,9,9,9,9,9,9,9,9,9,9,9,9,9,9,9,9,9,8084000,922,2,8767.895878524945,Sunnambu Kolathur S Kolathur,2 BHK,500-1000 sqft,Valid,Chennai,Not available in source data,315,35
13700000,560,Sunnambu Kolathur S Kolathur,1,0,9,9,9,9,9,9,9,9,9,9,9,9,9,9,9,9,9,9,9,9,9,9,9,9,9,9,9,9,9,9,9,9,9,9,9,13700000,560,1,24464.285714285714,Sunnambu Kolathur S Kolathur,1 BHK,500-1000 sqft,Valid,Chennai,Not available in source data,315,35
7113000,1889,Sholinganallur,3,0,9,9,9,9,9,9,9,9,9,9,9,9,9,9,9,9,9,9,9,9,9,9,9,9,9,9,9,9,9,9,9,9,9,9,9,7113000,1889,3,3765.4843832715724,Sholinganallur,3 BHK,1500-2500 sqft,Valid,Chennai,Not available in source data,315,35
20200000,1304,Porur,3,0,9,9,9,9,9,9,9,9,9,9,9,9,9,9,9,9,9,9,9,9,9,9,9,9,9,9,9,9,9,9,9,9,9,9,9,20200000,1304,3,15490.79754601227,Porur,3 BHK,1000-1500 sqft,Valid,Chennai,Not available in source data,315,35
7113000,1720,Thoraipakkam OMR,3,0,9,9,9,9,9,9,9,9,9,9,9,9,9,9,9,9,9,9,9,9,9,9,9,9,9,9,9,9,9,9,9,9,9,9,9,7113000,1720,3,4135.46511627907,Thoraipakkam OMR,3 BHK,1500-2500 sqft,Valid,Chennai,Not available in source data,315,35
8145000,1395,Velappanchavadi,3,0,9,9,9,9,9,9,9,9,9,9,9,9,9,9,9,9,9,9,9,9,9,9,9,9,9,9,9,9,9,9,9,9,9,9,9,8145000,1395,3,5838.709677419355,Velappanchavadi,3 BHK,1000-1500 sqft,Valid,Chennai,Not available in source data,315,35
7113000,1263,Egmore,3,0,9,9,9,9,9,9,9,9,9,9,9,9,9,9,9,9,9,9,9,9,9,9,9,9,9,9,9,9,9,9,9,9,9,9,9,7113000,1263,3,5631.828978622328,Egmore,3 BHK,1000-1500 sqft,Valid,Chennai,Not available in source data,315,35
21100000,1395,Velappanchavadi,3,0,9,9,9,9,9,9,9,9,9,9,9,9,9,9,9,9,9,9,9,9,9,9,9,9,9,9,9,9,9,9,9,9,9,9,9,21100000,1395,3,15125.448028673834,Velappanchavadi,3 BHK,1000-1500 sqft,Valid,Chennai,Not available in source data,315,35
6344000,1086,Porur,2,0,9,9,9,9,9,9,9,9,9,9,9,9,9,9,9,9,9,9,9,9,9,9,9,9,9,9,9,9,9,9,9,9,9,9,9,6344000,1086,2,5841.620626151013,Porur,2 BHK,1000-1500 sqft,Valid,Chennai,Not available in source data,315,35
5100000,1395,Velappanchavadi,3,0,9,9,9,9,9,9,9,9,9,9,9,9,9,9,9,9,9,9,9,9,9,9,9,9,9,9,9,9,9,9,9,9,9,9,9,5100000,1395,3,3655.9139784946237,Velappanchavadi,3 BHK,1000-1500 sqft,Valid,Chennai,Not available in source data,315,35
4579000,1565,Anna Nagar,3,0,9,9,9,9,9,9,9,9,9,9,9,9,9,9,9,9,9,9,9,9,9,9,9,9,9,9,9,9,9,9,9,9,9,9,9,4579000,1565,3,2925.8785942492013,Anna Nagar,3 BHK,1500-2500 sqft,Valid,Chennai,Not available in source data,315,35
2800000,1197,Ayanambakkam,2,0,9,9,9,9,9,9,9,9,9,9,9,9,9,9,9,9,9,9,9,9,9,9,9,9,9,9,9,9,9,9,9,9,9,9,9,2800000,1197,2,2339.1812865497077,Ayanambakkam,2 BHK,1000-1500 sqft,Valid,Chennai,Not available in source data,315,35
7358000,956,Selaiyur,2,0,9,9,9,9,9,9,9,9,9,9,9,9,9,9,9,9,9,9,9,9,9,9,9,9,9,9,9,9,9,9,9,9,9,9,9,7358000,956,2,7696.652719665272,Selaiyur,2 BHK,500-1000 sqft,Valid,Chennai,Not available in source data,315,35
3311999,864,Selaiyur,2,0,9,9,9,9,9,9,9,9,9,9,9,9,9,9,9,9,9,9,9,9,9,9,9,9,9,9,9,9,9,9,9,9,9,9,9,3311999,864,2,3833.332175925926,Selaiyur,2 BHK,500-1000 sqft,Valid,Chennai,Not available in source data,315,35
10400000,521,Selaiyur,1,0,9,9,9,9,9,9,9,9,9,9,9,9,9,9,9,9,9,9,9,9,9,9,9,9,9,9,9,9,9,9,9,9,9,9,9,10400000,521,1,19961.6122840691,Selaiyur,1 BHK,500-1000 sqft,Valid,Chennai,Not available in source data,315,35
8145000,1189,Poonamallee,3,0,9,9,9,9,9,9,9,9,9,9,9,9,9,9,9,9,9,9,9,9,9,9,9,9,9,9,9,9,9,9,9,9,9,9,9,8145000,1189,3,6850.294365012615,Poonamallee,3 BHK,1000-1500 sqft,Valid,Chennai,Not available in source data,315,35
61100000,532,Poonamallee,1,0,9,9,9,9,9,9,9,9,9,9,9,9,9,9,9,9,9,9,9,9,9,9,9,9,9,9,9,9,9,9,9,9,9,9,9,61100000,532,1,114849.62406015038,Poonamallee,1 BHK,500-1000 sqft,Valid,Chennai,Not available in source data,315,35
6360000,1165,Royapuram,2,0,9,9,9,9,9,9,9,9,9,9,9,9,9,9,9,9,9,9,9,9,9,9,9,9,9,9,9,9,9,9,9,9,9,9,9,6360000,1165,2,5459.227467811159,Royapuram,2 BHK,1000-1500 sqft,Valid,Chennai,Not available in source data,315,35
8478000,1086,Porur,2,0,9,9,9,9,9,9,9,9,9,9,9,9,9,9,9,9,9,9,9,9,9,9,9,9,9,9,9,9,9,9,9,9,9,9,9,8478000,1086,2,7806.629834254144,Porur,2 BHK,1000-1500 sqft,Valid,Chennai,Not available in source data,315,35
7367000,2781,Alwarpet,4,0,9,9,9,9,9,9,9,9,9,9,9,9,9,9,9,9,9,9,9,9,9,9,9,9,9,9,9,9,9,9,9,9,9,9,9,7367000,2781,4,2649.047105357785,Alwarpet,4 BHK,2500+ sqft,Valid,Chennai,Not available in source data,315,35
9557000,1339,Madhavaram,2,0,9,9,9,9,9,9,9,9,9,9,9,9,9,9,9,9,9,9,9,9,9,9,9,9,9,9,9,9,9,9,9,9,9,9,9,9557000,1339,2,7137.415982076176,Madhavaram,2 BHK,1000-1500 sqft,Valid,Chennai,Not available in source data,315,35
6698999,1785,Madhavaram,3,0,9,9,9,9,9,9,9,9,9,9,9,9,9,9,9,9,9,9,9,9,9,9,9,9,9,9,9,9,9,9,9,9,9,9,9,6698999,1785,3,3752.9406162464984,Madhavaram,3 BHK,1500-2500 sqft,Valid,Chennai,Not available in source data,315,35
7375000,1198,Perungudi,2,0,9,9,9,9,9,9,9,9,9,9,9,9,9,9,9,9,9,9,9,9,9,9,9,9,9,9,9,9,9,9,9,9,9,9,9,7375000,1198,2,6156.093489148581,Perungudi,2 BHK,1000-1500 sqft,Valid,Chennai,Not available in source data,315,35
3350000,1554,Perungudi,3,0,9,9,9,9,9,9,9,9,9,9,9,9,9,9,9,9,9,9,9,9,9,9,9,9,9,9,9,9,9,9,9,9,9,9,9,3350000,1554,3,2155.7271557271556,Perungudi,3 BHK,1500-2500 sqft,Valid,Chennai,Not available in source data,315,35
3500000,1276,Kolathur,2,0,9,9,9,9,9,9,9,9,9,9,9,9,9,9,9,9,9,9,9,9,9,9,9,9,9,9,9,9,9,9,9,9,9,9,9,3500000,1276,2,2742.94670846395,Kolathur,2 BHK,1000-1500 sqft,Valid,Chennai,Not available in source data,315,35
5300000,1172,Kattupakkam,3,0,9,9,9,9,9,9,9,9,9,9,9,9,9,9,9,9,9,9,9,9,9,9,9,9,9,9,9,9,9,9,9,9,9,9,9,5300000,1172,3,4522.184300341297,Kattupakkam,3 BHK,1000-1500 sqft,Valid,Chennai,Not available in source data,315,35
6500000,551,Kattupakkam,1,0,9,9,9,9,9,9,9,9,9,9,9,9,9,9,9,9,9,9,9,9,9,9,9,9,9,9,9,9,9,9,9,9,9,9,9,6500000,551,1,11796.733212341198,Kattupakkam,1 BHK,500-1000 sqft,Valid,Chennai,Not available in source data,315,35
3700000,522,Porur,1,0,9,9,9,9,9,9,9,9,9,9,9,9,9,9,9,9,9,9,9,9,9,9,9,9,9,9,9,9,9,9,9,9,9,9,9,3700000,522,1,7088.122605363985,Porur,1 BHK,500-1000 sqft,Valid,Chennai,Not available in source data,315,35
4000000,1060,Selaiyur,3,0,9,9,9,9,9,9,9,9,9,9,9,9,9,9,9,9,9,9,9,9,9,9,9,9,9,9,9,9,9,9,9,9,9,9,9,4000000,1060,3,3773.5849056603774,Selaiyur,3 BHK,1000-1500 sqft,Valid,Chennai,Not available in source data,315,35
5951000,1600,Guduvancheri,2,1,9,9,9,9,9,9,9,9,9,9,9,9,9,9,9,9,9,9,9,9,9,9,9,9,9,9,9,9,9,9,9,9,9,9,9,5951000,1600,2,3719.375,Guduvancheri,2 BHK,1500-2500 sqft,Valid,Chennai,Not available in source data,315,35
2455000,739,Selaiyur,2,0,9,9,9,9,9,9,9,9,9,9,9,9,9,9,9,9,9,9,9,9,9,9,9,9,9,9,9,9,9,9,9,9,9,9,9,2455000,739,2,3322.056833558863,Selaiyur,2 BHK,500-1000 sqft,Valid,Chennai,Not available in source data,315,35
7104000,790,Perumbakkam,2,0,9,9,9,9,9,9,9,9,9,9,9,9,9,9,9,9,9,9,9,9,9,9,9,9,9,9,9,9,9,9,9,9,9,9,9,7104000,790,2,8992.405063291139,Perumbakkam,2 BHK,500-1000 sqft,Valid,Chennai,Not available in source data,315,35
8740000,1253,Madhavaram,2,0,9,9,9,9,9,9,9,9,9,9,9,9,9,9,9,9,9,9,9,9,9,9,9,9,9,9,9,9,9,9,9,9,9,9,9,8740000,1253,2,6975.259377494014,Madhavaram,2 BHK,1000-1500 sqft,Valid,Chennai,Not available in source data,315,35
24600000,491,Selaiyur,1,0,9,9,9,9,9,9,9,9,9,9,9,9,9,9,9,9,9,9,9,9,9,9,9,9,9,9,9,9,9,9,9,9,9,9,9,24600000,491,1,50101.83299389002,Selaiyur,1 BHK,<500 sqft,Valid,Chennai,Not available in source data,315,35
54500000,1480,Kanathur Reddikuppam,2,0,9,9,9,9,9,9,9,9,9,9,9,9,9,9,9,9,9,9,9,9,9,9,9,9,9,9,9,9,9,9,9,9,9,9,9,54500000,1480,2,36824.32432432433,Kanathur Reddikuppam,2 BHK,1000-1500 sqft,Valid,Chennai,Not available in source data,315,35
6716000,1821,Kanathur Reddikuppam,3,0,9,9,9,9,9,9,9,9,9,9,9,9,9,9,9,9,9,9,9,9,9,9,9,9,9,9,9,9,9,9,9,9,9,9,9,6716000,1821,3,3688.0834706205383,Kanathur Reddikuppam,3 BHK,1500-2500 sqft,Valid,Chennai,Not available in source data,315,35
6739000,1975,Thiruvanmiyur,3,0,9,9,9,9,9,9,9,9,9,9,9,9,9,9,9,9,9,9,9,9,9,9,9,9,9,9,9,9,9,9,9,9,9,9,9,6739000,1975,3,3412.1518987341774,Thiruvanmiyur,3 BHK,1500-2500 sqft,Valid,Chennai,Not available in source data,315,35
13899999,2599,Nungambakkam,3,0,9,9,9,9,9,9,9,9,9,9,9,9,9,9,9,9,9,9,9,9,9,9,9,9,9,9,9,9,9,9,9,9,9,9,9,13899999,2599,3,5348.210465563679,Nungambakkam,3 BHK,2500+ sqft,Valid,Chennai,Not available in source data,315,35
7386000,1414,Velappanchavadi,3,0,9,9,9,9,9,9,9,9,9,9,9,9,9,9,9,9,9,9,9,9,9,9,9,9,9,9,9,9,9,9,9,9,9,9,9,7386000,1414,3,5223.479490806223,Velappanchavadi,3 BHK,1000-1500 sqft,Valid,Chennai,Not available in source data,315,35
8145000,1498,Ambattur,3,0,9,9,9,9,9,9,9,9,9,9,9,9,9,9,9,9,9,9,9,9,9,9,9,9,9,9,9,9,9,9,9,9,9,9,9,8145000,1498,3,5437.249666221629,Ambattur,3 BHK,1000-1500 sqft,Valid,Chennai,Not available in source data,315,35
5500000,1856,Sholinganallur,3,0,9,9,9,9,9,9,9,9,9,9,9,9,9,9,9,9,9,9,9,9,9,9,9,9,9,9,9,9,9,9,9,9,9,9,9,5500000,1856,3,2963.362068965517,Sholinganallur,3 BHK,1500-2500 sqft,Valid,Chennai,Not available in source data,315,35
5000000,1555,Madhavaram,3,0,9,9,9,9,9,9,9,9,9,9,9,9,9,9,9,9,9,9,9,9,9,9,9,9,9,9,9,9,9,9,9,9,9,9,9,5000000,1555,3,3215.434083601286,Madhavaram,3 BHK,1500-2500 sqft,Valid,Chennai,Not available in source data,315,35
4800000,1086,Porur,2,0,9,9,9,9,9,9,9,9,9,9,9,9,9,9,9,9,9,9,9,9,9,9,9,9,9,9,9,9,9,9,9,9,9,9,9,4800000,1086,2,4419.889502762431,Porur,2 BHK,1000-1500 sqft,Valid,Chennai,Not available in source data,315,35
5780000,1021,Selaiyur,3,0,9,9,9,9,9,9,9,9,9,9,9,9,9,9,9,9,9,9,9,9,9,9,9,9,9,9,9,9,9,9,9,9,9,9,9,5780000,1021,3,5661.116552399608,Selaiyur,3 BHK,1000-1500 sqft,Valid,Chennai,Not available in source data,315,35
6552000,991,Selaiyur,2,0,9,9,9,9,9,9,9,9,9,9,9,9,9,9,9,9,9,9,9,9,9,9,9,9,9,9,9,9,9,9,9,9,9,9,9,6552000,991,2,6611.503531786075,Selaiyur,2 BHK,500-1000 sqft,Valid,Chennai,Not available in source data,315,35
6550000,921,Selaiyur,2,0,9,9,9,9,9,9,9,9,9,9,9,9,9,9,9,9,9,9,9,9,9,9,9,9,9,9,9,9,9,9,9,9,9,9,9,6550000,921,2,7111.834961997828,Selaiyur,2 BHK,500-1000 sqft,Valid,Chennai,Not available in source data,315,35
6050000,1100,Madambakkam,2,0,9,9,9,9,9,9,9,9,9,9,9,9,9,9,9,9,9,9,9,9,9,9,9,9,9,9,9,9,9,9,9,9,9,9,9,6050000,1100,2,5500.0,Madambakkam,2 BHK,1000-1500 sqft,Valid,Chennai,Not available in source data,315,35
6798000,1240,Madambakkam,3,0,9,9,9,9,9,9,9,9,9,9,9,9,9,9,9,9,9,9,9,9,9,9,9,9,9,9,9,9,9,9,9,9,9,9,9,6798000,1240,3,5482.258064516129,Madambakkam,3 BHK,1000-1500 sqft,Valid,Chennai,Not available in source data,315,35
6010000,1250,Madambakkam,3,0,9,9,9,9,9,9,9,9,9,9,9,9,9,9,9,9,9,9,9,9,9,9,9,9,9,9,9,9,9,9,9,9,9,9,9,6010000,1250,3,4808.0,Madambakkam,3 BHK,1000-1500 sqft,Valid,Chennai,Not available in source data,315,35
5898000,1150,Madambakkam,3,0,9,9,9,9,9,9,9,9,9,9,9,9,9,9,9,9,9,9,9,9,9,9,9,9,9,9,9,9,9,9,9,9,9,9,9,5898000,1150,3,5128.695652173913,Madambakkam,3 BHK,1000-1500 sqft,Valid,Chennai,Not available in source data,315,35
5015000,1269,Sembakkam,3,0,9,9,9,9,9,9,9,9,9,9,9,9,9,9,9,9,9,9,9,9,9,9,9,9,9,9,9,9,9,9,9,9,9,9,9,5015000,1269,3,3951.930654058314,Sembakkam,3 BHK,1000-1500 sqft,Valid,Chennai,Not available in source data,315,35
4653000,1135,Sembakkam,3,0,9,9,9,9,9,9,9,9,9,9,9,9,9,9,9,9,9,9,9,9,9,9,9,9,9,9,9,9,9,9,9,9,9,9,9,4653000,1135,3,4099.559471365639,Sembakkam,3 BHK,1000-1500 sqft,Valid,Chennai,Not available in source data,315,35
7459999,1115,Sembakkam,3,0,9,9,9,9,9,9,9,9,9,9,9,9,9,9,9,9,9,9,9,9,9,9,9,9,9,9,9,9,9,9,9,9,9,9,9,7459999,1115,3,6690.582062780269,Sembakkam,3 BHK,1000-1500 sqft,Valid,Chennai,Not available in source data,315,35
6473999,926,Rajakilpakkam,2,0,9,9,9,9,9,9,9,9,9,9,9,9,9,9,9,9,9,9,9,9,9,9,9,9,9,9,9,9,9,9,9,9,9,9,9,6473999,926,2,6991.359611231102,Rajakilpakkam,2 BHK,500-1000 sqft,Valid,Chennai,Not available in source data,315,35
6242000,818,Rajakilpakkam,2,0,9,9,9,9,9,9,9,9,9,9,9,9,9,9,9,9,9,9,9,9,9,9,9,9,9,9,9,9,9,9,9,9,9,9,9,6242000,818,2,7630.80684596577,Rajakilpakkam,2 BHK,500-1000 sqft,Valid,Chennai,Not available in source data,315,35
5860000,1200,tambaram west,3,0,9,9,9,9,9,9,9,9,9,9,9,9,9,9,9,9,9,9,9,9,9,9,9,9,9,9,9,9,9,9,9,9,9,9,9,5860000,1200,3,4883.333333333333,tambaram west,3 BHK,1000-1500 sqft,Valid,Chennai,Not available in source data,315,35
6350000,1030,tambaram west,2,0,9,9,9,9,9,9,9,9,9,9,9,9,9,9,9,9,9,9,9,9,9,9,9,9,9,9,9,9,9,9,9,9,9,9,9,6350000,1030,2,6165.0485436893205,tambaram west,2 BHK,1000-1500 sqft,Valid,Chennai,Not available in source data,315,35
6230000,990,tambaram west,2,0,9,9,9,9,9,9,9,9,9,9,9,9,9,9,9,9,9,9,9,9,9,9,9,9,9,9,9,9,9,9,9,9,9,9,9,6230000,990,2,6292.929292929293,tambaram west,2 BHK,500-1000 sqft,Valid,Chennai,Not available in source data,315,35
5200000,930,tambaram west,2,0,9,9,9,9,9,9,9,9,9,9,9,9,9,9,9,9,9,9,9,9,9,9,9,9,9,9,9,9,9,9,9,9,9,9,9,5200000,930,2,5591.397849462365,tambaram west,2 BHK,500-1000 sqft,Valid,Chennai,Not available in source data,315,35
5380000,1210,Selaiyur,3,0,9,9,9,9,9,9,9,9,9,9,9,9,9,9,9,9,9,9,9,9,9,9,9,9,9,9,9,9,9,9,9,9,9,9,9,5380000,1210,3,4446.280991735537,Selaiyur,3 BHK,1000-1500 sqft,Valid,Chennai,Not available in source data,315,35
4850000,1150,Selaiyur,3,0,9,9,9,9,9,9,9,9,9,9,9,9,9,9,9,9,9,9,9,9,9,9,9,9,9,9,9,9,9,9,9,9,9,9,9,4850000,1150,3,4217.391304347826,Selaiyur,3 BHK,1000-1500 sqft,Valid,Chennai,Not available in source data,315,35
8050000,1010,Selaiyur,2,0,9,9,9,9,9,9,9,9,9,9,9,9,9,9,9,9,9,9,9,9,9,9,9,9,9,9,9,9,9,9,9,9,9,9,9,8050000,1010,2,7970.297029702971,Selaiyur,2 BHK,1000-1500 sqft,Valid,Chennai,Not available in source data,315,35
7630000,960,Selaiyur,2,0,9,9,9,9,9,9,9,9,9,9,9,9,9,9,9,9,9,9,9,9,9,9,9,9,9,9,9,9,9,9,9,9,9,9,9,7630000,960,2,7947.916666666667,Selaiyur,2 BHK,500-1000 sqft,Valid,Chennai,Not available in source data,315,35
6886000,844,Selaiyur,2,0,9,9,9,9,9,9,9,9,9,9,9,9,9,9,9,9,9,9,9,9,9,9,9,9,9,9,9,9,9,9,9,9,9,9,9,6886000,844,2,8158.767772511848,Selaiyur,2 BHK,500-1000 sqft,Valid,Chennai,Not available in source data,315,35
6886000,1250,Tambaram Sanatoruim,3,0,9,9,9,9,9,9,9,9,9,9,9,9,9,9,9,9,9,9,9,9,9,9,9,9,9,9,9,9,9,9,9,9,9,9,9,6886000,1250,3,5508.8,Tambaram Sanatoruim,3 BHK,1000-1500 sqft,Valid,Chennai,Not available in source data,315,35
6576000,1150,Tambaram Sanatoruim,3,0,9,9,9,9,9,9,9,9,9,9,9,9,9,9,9,9,9,9,9,9,9,9,9,9,9,9,9,9,9,9,9,9,9,9,9,6576000,1150,3,5718.260869565217,Tambaram Sanatoruim,3 BHK,1000-1500 sqft,Valid,Chennai,Not available in source data,315,35
6066000,1030,Tambaram Sanatoruim,2,0,9,9,9,9,9,9,9,9,9,9,9,9,9,9,9,9,9,9,9,9,9,9,9,9,9,9,9,9,9,9,9,9,9,9,9,6066000,1030,2,5889.320388349514,Tambaram Sanatoruim,2 BHK,1000-1500 sqft,Valid,Chennai,Not available in source data,315,35
7419000,1030,Tambaram Sanatoruim,2,0,9,9,9,9,9,9,9,9,9,9,9,9,9,9,9,9,9,9,9,9,9,9,9,9,9,9,9,9,9,9,9,9,9,9,9,7419000,1030,2,7202.9126213592235,Tambaram Sanatoruim,2 BHK,1000-1500 sqft,Valid,Chennai,Not available in source data,315,35
7666000,980,Tambaram Sanatoruim,2,0,9,9,9,9,9,9,9,9,9,9,9,9,9,9,9,9,9,9,9,9,9,9,9,9,9,9,9,9,9,9,9,9,9,9,9,7666000,980,2,7822.448979591837,Tambaram Sanatoruim,2 BHK,500-1000 sqft,Valid,Chennai,Not available in source data,315,35
6300000,930,Tambaram Sanatoruim,2,0,9,9,9,9,9,9,9,9,9,9,9,9,9,9,9,9,9,9,9,9,9,9,9,9,9,9,9,9,9,9,9,9,9,9,9,6300000,930,2,6774.193548387097,Tambaram Sanatoruim,2 BHK,500-1000 sqft,Valid,Chennai,Not available in source data,315,35
5200000,1562,Madhavaram,3,0,9,9,9,9,9,9,9,9,9,9,9,9,9,9,9,9,9,9,9,9,9,9,9,9,9,9,9,9,9,9,9,9,9,9,9,5200000,1562,3,3329.0653008962868,Madhavaram,3 BHK,1500-2500 sqft,Valid,Chennai,Not available in source data,315,35
7859999,1614,Madhavaram,3,0,9,9,9,9,9,9,9,9,9,9,9,9,9,9,9,9,9,9,9,9,9,9,9,9,9,9,9,9,9,9,9,9,9,9,9,7859999,1614,3,4869.887856257745,Madhavaram,3 BHK,1500-2500 sqft,Valid,Chennai,Not available in source data,315,35
13000000,1220,Pammal,3,0,9,9,9,9,9,9,9,9,9,9,9,9,9,9,9,9,9,9,9,9,9,9,9,9,9,9,9,9,9,9,9,9,9,9,9,13000000,1220,3,10655.737704918032,Pammal,3 BHK,1000-1500 sqft,Valid,Chennai,Not available in source data,315,35
17100000,1200,Pammal,3,0,9,9,9,9,9,9,9,9,9,9,9,9,9,9,9,9,9,9,9,9,9,9,9,9,9,9,9,9,9,9,9,9,9,9,9,17100000,1200,3,14250.0,Pammal,3 BHK,1000-1500 sqft,Valid,Chennai,Not available in source data,315,35
12400000,1240,Chromepet,3,0,9,9,9,9,9,9,9,9,9,9,9,9,9,9,9,9,9,9,9,9,9,9,9,9,9,9,9,9,9,9,9,9,9,9,9,12400000,1240,3,10000.0,Chromepet,3 BHK,1000-1500 sqft,Valid,Chennai,Not available in source data,315,35
9226000,1970,Mogappair,3,0,9,9,9,9,9,9,9,9,9,9,9,9,9,9,9,9,9,9,9,9,9,9,9,9,9,9,9,9,9,9,9,9,9,9,9,9226000,1970,3,4683.248730964467,Mogappair,3 BHK,1500-2500 sqft,Valid,Chennai,Not available in source data,315,35
12200000,2580,Mogappair,4,0,9,9,9,9,9,9,9,9,9,9,9,9,9,9,9,9,9,9,9,9,9,9,9,9,9,9,9,9,9,9,9,9,9,9,9,12200000,2580,4,4728.6821705426355,Mogappair,4 BHK,2500+ sqft,Valid,Chennai,Not available in source data,315,35
7900000,1880,Mogappair,3,0,9,9,9,9,9,9,9,9,9,9,9,9,9,9,9,9,9,9,9,9,9,9,9,9,9,9,9,9,9,9,9,9,9,9,9,7900000,1880,3,4202.127659574468,Mogappair,3 BHK,1500-2500 sqft,Valid,Chennai,Not available in source data,315,35
8430000,1390,Mogappair,3,0,9,9,9,9,9,9,9,9,9,9,9,9,9,9,9,9,9,9,9,9,9,9,9,9,9,9,9,9,9,9,9,9,9,9,9,8430000,1390,3,6064.748201438849,Mogappair,3 BHK,1000-1500 sqft,Valid,Chennai,Not available in source data,315,35
6628000,1850,Mogappair,3,0,9,9,9,9,9,9,9,9,9,9,9,9,9,9,9,9,9,9,9,9,9,9,9,9,9,9,9,9,9,9,9,9,9,9,9,6628000,1850,3,3582.7027027027025,Mogappair,3 BHK,1500-2500 sqft,Valid,Chennai,Not available in source data,315,35
6534000,1190,Mogappair,2,0,9,9,9,9,9,9,9,9,9,9,9,9,9,9,9,9,9,9,9,9,9,9,9,9,9,9,9,9,9,9,9,9,9,9,9,6534000,1190,2,5490.756302521008,Mogappair,2 BHK,1000-1500 sqft,Valid,Chennai,Not available in source data,315,35
6534000,1270,Mogappair,2,0,9,9,9,9,9,9,9,9,9,9,9,9,9,9,9,9,9,9,9,9,9,9,9,9,9,9,9,9,9,9,9,9,9,9,9,6534000,1270,2,5144.881889763779,Mogappair,2 BHK,1000-1500 sqft,Valid,Chennai,Not available in source data,315,35
5712000,1217,Selaiyur,3,0,9,9,9,9,9,9,9,9,9,9,9,9,9,9,9,9,9,9,9,9,9,9,9,9,9,9,9,9,9,9,9,9,9,9,9,5712000,1217,3,4693.5086277732125,Selaiyur,3 BHK,1000-1500 sqft,Valid,Chennai,Not available in source data,315,35
5474000,1199,Selaiyur,3,0,9,9,9,9,9,9,9,9,9,9,9,9,9,9,9,9,9,9,9,9,9,9,9,9,9,9,9,9,9,9,9,9,9,9,9,5474000,1199,3,4565.471226021685,Selaiyur,3 BHK,1000-1500 sqft,Valid,Chennai,Not available in source data,315,35
5271000,1199,Selaiyur,3,0,9,9,9,9,9,9,9,9,9,9,9,9,9,9,9,9,9,9,9,9,9,9,9,9,9,9,9,9,9,9,9,9,9,9,9,5271000,1199,3,4396.163469557965,Selaiyur,3 BHK,1000-1500 sqft,Valid,Chennai,Not available in source data,315,35
4692000,1060,Selaiyur,3,0,9,9,9,9,9,9,9,9,9,9,9,9,9,9,9,9,9,9,9,9,9,9,9,9,9,9,9,9,9,9,9,9,9,9,9,4692000,1060,3,4426.415094339623,Selaiyur,3 BHK,1000-1500 sqft,Valid,Chennai,Not available in source data,315,35
3019000,995,Selaiyur,2,0,9,9,9,9,9,9,9,9,9,9,9,9,9,9,9,9,9,9,9,9,9,9,9,9,9,9,9,9,9,9,9,9,9,9,9,3019000,995,2,3034.170854271357,Selaiyur,2 BHK,500-1000 sqft,Valid,Chennai,Not available in source data,315,35
5250000,956,Selaiyur,2,0,9,9,9,9,9,9,9,9,9,9,9,9,9,9,9,9,9,9,9,9,9,9,9,9,9,9,9,9,9,9,9,9,9,9,9,5250000,956,2,5491.6317991631795,Selaiyur,2 BHK,500-1000 sqft,Valid,Chennai,Not available in source data,315,35
4800000,864,Selaiyur,2,0,9,9,9,9,9,9,9,9,9,9,9,9,9,9,9,9,9,9,9,9,9,9,9,9,9,9,9,9,9,9,9,9,9,9,9,4800000,864,2,5555.555555555556,Selaiyur,2 BHK,500-1000 sqft,Valid,Chennai,Not available in source data,315,35
2850000,521,Selaiyur,1,0,9,9,9,9,9,9,9,9,9,9,9,9,9,9,9,9,9,9,9,9,9,9,9,9,9,9,9,9,9,9,9,9,9,9,9,2850000,521,1,5470.249520153551,Selaiyur,1 BHK,500-1000 sqft,Valid,Chennai,Not available in source data,315,35
7065000,990,Selaiyur,2,0,9,9,9,9,9,9,9,9,9,9,9,9,9,9,9,9,9,9,9,9,9,9,9,9,9,9,9,9,9,9,9,9,9,9,9,7065000,990,2,7136.363636363636,Selaiyur,2 BHK,500-1000 sqft,Valid,Chennai,Not available in source data,315,35
6422000,920,Selaiyur,2,0,9,9,9,9,9,9,9,9,9,9,9,9,9,9,9,9,9,9,9,9,9,9,9,9,9,9,9,9,9,9,9,9,9,9,9,6422000,920,2,6980.434782608696,Selaiyur,2 BHK,500-1000 sqft,Valid,Chennai,Not available in source data,315,35
5872000,490,Selaiyur,1,0,9,9,9,9,9,9,9,9,9,9,9,9,9,9,9,9,9,9,9,9,9,9,9,9,9,9,9,9,9,9,9,9,9,9,9,5872000,490,1,11983.673469387755,Selaiyur,1 BHK,<500 sqft,Valid,Chennai,Not available in source data,315,35
5384000,1395,Selaiyur,3,0,9,9,9,9,9,9,9,9,9,9,9,9,9,9,9,9,9,9,9,9,9,9,9,9,9,9,9,9,9,9,9,9,9,9,9,5384000,1395,3,3859.4982078853045,Selaiyur,3 BHK,1000-1500 sqft,Valid,Chennai,Not available in source data,315,35
4991000,1283,Selaiyur,3,0,9,9,9,9,9,9,9,9,9,9,9,9,9,9,9,9,9,9,9,9,9,9,9,9,9,9,9,9,9,9,9,9,9,9,9,4991000,1283,3,3890.1013250194856,Selaiyur,3 BHK,1000-1500 sqft,Valid,Chennai,Not available in source data,315,35
4812000,1149,Selaiyur,3,0,9,9,9,9,9,9,9,9,9,9,9,9,9,9,9,9,9,9,9,9,9,9,9,9,9,9,9,9,9,9,9,9,9,9,9,4812000,1149,3,4187.98955613577,Selaiyur,3 BHK,1000-1500 sqft,Valid,Chennai,Not available in source data,315,35
4665000,1069,Selaiyur,2,0,9,9,9,9,9,9,9,9,9,9,9,9,9,9,9,9,9,9,9,9,9,9,9,9,9,9,9,9,9,9,9,9,9,9,9,4665000,1069,2,4363.891487371375,Selaiyur,2 BHK,1000-1500 sqft,Valid,Chennai,Not available in source data,315,35
7433000,988,Selaiyur,2,0,9,9,9,9,9,9,9,9,9,9,9,9,9,9,9,9,9,9,9,9,9,9,9,9,9,9,9,9,9,9,9,9,9,9,9,7433000,988,2,7523.27935222672,Selaiyur,2 BHK,500-1000 sqft,Valid,Chennai,Not available in source data,315,35
6131000,951,Selaiyur,2,0,9,9,9,9,9,9,9,9,9,9,9,9,9,9,9,9,9,9,9,9,9,9,9,9,9,9,9,9,9,9,9,9,9,9,9,6131000,951,2,6446.898002103049,Selaiyur,2 BHK,500-1000 sqft,Valid,Chennai,Not available in source data,315,35
7666000,900,Selaiyur,2,0,9,9,9,9,9,9,9,9,9,9,9,9,9,9,9,9,9,9,9,9,9,9,9,9,9,9,9,9,9,9,9,9,9,9,9,7666000,900,2,8517.777777777777,Selaiyur,2 BHK,500-1000 sqft,Valid,Chennai,Not available in source data,315,35
6300000,1297,Rajakilpakkam,3,0,9,9,9,9,9,9,9,9,9,9,9,9,9,9,9,9,9,9,9,9,9,9,9,9,9,9,9,9,9,9,9,9,9,9,9,6300000,1297,3,4857.363145720894,Rajakilpakkam,3 BHK,1000-1500 sqft,Valid,Chennai,Not available in source data,315,35
5200000,1060,Rajakilpakkam,3,0,9,9,9,9,9,9,9,9,9,9,9,9,9,9,9,9,9,9,9,9,9,9,9,9,9,9,9,9,9,9,9,9,9,9,9,5200000,1060,3,4905.66037735849,Rajakilpakkam,3 BHK,1000-1500 sqft,Valid,Chennai,Not available in source data,315,35
5243000,1220,Pammal,3,0,9,9,9,9,9,9,9,9,9,9,9,9,9,9,9,9,9,9,9,9,9,9,9,9,9,9,9,9,9,9,9,9,9,9,9,5243000,1220,3,4297.540983606557,Pammal,3 BHK,1000-1500 sqft,Valid,Chennai,Not available in source data,315,35
4165000,1200,Pammal,3,0,9,9,9,9,9,9,9,9,9,9,9,9,9,9,9,9,9,9,9,9,9,9,9,9,9,9,9,9,9,9,9,9,9,9,9,4165000,1200,3,3470.8333333333335,Pammal,3 BHK,1000-1500 sqft,Valid,Chennai,Not available in source data,315,35
5045000,1240,Chromepet,3,0,9,9,9,9,9,9,9,9,9,9,9,9,9,9,9,9,9,9,9,9,9,9,9,9,9,9,9,9,9,9,9,9,9,9,9,5045000,1240,3,4068.548387096774,Chromepet,3 BHK,1000-1500 sqft,Valid,Chennai,Not available in source data,315,35
5049000,1070,Pammal,3,0,9,9,9,9,9,9,9,9,9,9,9,9,9,9,9,9,9,9,9,9,9,9,9,9,9,9,9,9,9,9,9,9,9,9,9,5049000,1070,3,4718.691588785046,Pammal,3 BHK,1000-1500 sqft,Valid,Chennai,Not available in source data,315,35
4949000,850,Pammal,2,0,9,9,9,9,9,9,9,9,9,9,9,9,9,9,9,9,9,9,9,9,9,9,9,9,9,9,9,9,9,9,9,9,9,9,9,4949000,850,2,5822.35294117647,Pammal,2 BHK,500-1000 sqft,Valid,Chennai,Not available in source data,315,35
7600000,1120,Perumbakkam,2,0,9,9,9,9,9,9,9,9,9,9,9,9,9,9,9,9,9,9,9,9,9,9,9,9,9,9,9,9,9,9,9,9,9,9,9,7600000,1120,2,6785.714285714285,Perumbakkam,2 BHK,1000-1500 sqft,Valid,Chennai,Not available in source data,315,35
5780000,1122,Perumbakkam,2,0,9,9,9,9,9,9,9,9,9,9,9,9,9,9,9,9,9,9,9,9,9,9,9,9,9,9,9,9,9,9,9,9,9,9,9,5780000,1122,2,5151.515151515152,Perumbakkam,2 BHK,1000-1500 sqft,Valid,Chennai,Not available in source data,315,35
5480000,1122,Perumbakkam,2,0,9,9,9,9,9,9,9,9,9,9,9,9,9,9,9,9,9,9,9,9,9,9,9,9,9,9,9,9,9,9,9,9,9,9,9,5480000,1122,2,4884.135472370766,Perumbakkam,2 BHK,1000-1500 sqft,Valid,Chennai,Not available in source data,315,35
5112000,1250,Chromepet,3,0,9,9,9,9,9,9,9,9,9,9,9,9,9,9,9,9,9,9,9,9,9,9,9,9,9,9,9,9,9,9,9,9,9,9,9,5112000,1250,3,4089.6,Chromepet,3 BHK,1000-1500 sqft,Valid,Chennai,Not available in source data,315,35
4283000,930,Chromepet,2,0,9,9,9,9,9,9,9,9,9,9,9,9,9,9,9,9,9,9,9,9,9,9,9,9,9,9,9,9,9,9,9,9,9,9,9,4283000,930,2,4605.376344086021,Chromepet,2 BHK,500-1000 sqft,Valid,Chennai,Not available in source data,315,35
5250000,880,Chromepet,2,0,9,9,9,9,9,9,9,9,9,9,9,9,9,9,9,9,9,9,9,9,9,9,9,9,9,9,9,9,9,9,9,9,9,9,9,5250000,880,2,5965.909090909091,Chromepet,2 BHK,500-1000 sqft,Valid,Chennai,Not available in source data,315,35
6845000,951,Selaiyur,2,0,9,9,9,9,9,9,9,9,9,9,9,9,9,9,9,9,9,9,9,9,9,9,9,9,9,9,9,9,9,9,9,9,9,9,9,6845000,951,2,7197.686645636172,Selaiyur,2 BHK,500-1000 sqft,Valid,Chennai,Not available in source data,315,35
5615000,780,Madambakkam,2,0,9,9,9,9,9,9,9,9,9,9,9,9,9,9,9,9,9,9,9,9,9,9,9,9,9,9,9,9,9,9,9,9,9,9,9,5615000,780,2,7198.717948717948,Madambakkam,2 BHK,500-1000 sqft,Valid,Chennai,Not available in source data,315,35
7020000,1000,Madambakkam,2,0,9,9,9,9,9,9,9,9,9,9,9,9,9,9,9,9,9,9,9,9,9,9,9,9,9,9,9,9,9,9,9,9,9,9,9,7020000,1000,2,7020.0,Madambakkam,2 BHK,1000-1500 sqft,Valid,Chennai,Not available in source data,315,35
4930000,1190,Selaiyur,3,0,9,9,9,9,9,9,9,9,9,9,9,9,9,9,9,9,9,9,9,9,9,9,9,9,9,9,9,9,9,9,9,9,9,9,9,4930000,1190,3,4142.857142857143,Selaiyur,3 BHK,1000-1500 sqft,Valid,Chennai,Not available in source data,315,35
7800000,930,Chitlapakkam,2,0,9,9,9,9,9,9,9,9,9,9,9,9,9,9,9,9,9,9,9,9,9,9,9,9,9,9,9,9,9,9,9,9,9,9,9,7800000,930,2,8387.09677419355,Chitlapakkam,2 BHK,500-1000 sqft,Valid,Chennai,Not available in source data,315,35
6700000,1240,Chromepet,3,0,9,9,9,9,9,9,9,9,9,9,9,9,9,9,9,9,9,9,9,9,9,9,9,9,9,9,9,9,9,9,9,9,9,9,9,6700000,1240,3,5403.225806451613,Chromepet,3 BHK,1000-1500 sqft,Valid,Chennai,Not available in source data,315,35
6372000,860,Chromepet,2,0,9,9,9,9,9,9,9,9,9,9,9,9,9,9,9,9,9,9,9,9,9,9,9,9,9,9,9,9,9,9,9,9,9,9,9,6372000,860,2,7409.302325581395,Chromepet,2 BHK,500-1000 sqft,Valid,Chennai,Not available in source data,315,35
2847000,1300,Chromepet,3,0,9,9,9,9,9,9,9,9,9,9,9,9,9,9,9,9,9,9,9,9,9,9,9,9,9,9,9,9,9,9,9,9,9,9,9,2847000,1300,3,2190.0,Chromepet,3 BHK,1000-1500 sqft,Valid,Chennai,Not available in source data,315,35
2827000,1150,Chromepet,2,0,9,9,9,9,9,9,9,9,9,9,9,9,9,9,9,9,9,9,9,9,9,9,9,9,9,9,9,9,9,9,9,9,9,9,9,2827000,1150,2,2458.2608695652175,Chromepet,2 BHK,1000-1500 sqft,Valid,Chennai,Not available in source data,315,35
2100000,1149,Madambakkam,3,0,9,9,9,9,9,9,9,9,9,9,9,9,9,9,9,9,9,9,9,9,9,9,9,9,9,9,9,9,9,9,9,9,9,9,9,2100000,1149,3,1827.6762402088773,Madambakkam,3 BHK,1000-1500 sqft,Valid,Chennai,Not available in source data,315,35
4893000,730,Pozhichalur,2,0,9,9,9,9,9,9,9,9,9,9,9,9,9,9,9,9,9,9,9,9,9,9,9,9,9,9,9,9,9,9,9,9,9,9,9,4893000,730,2,6702.739726027397,Pozhichalur,2 BHK,500-1000 sqft,Valid,Chennai,Not available in source data,315,35
6828000,725,Pozhichalur,2,0,9,9,9,9,9,9,9,9,9,9,9,9,9,9,9,9,9,9,9,9,9,9,9,9,9,9,9,9,9,9,9,9,9,9,9,6828000,725,2,9417.931034482759,Pozhichalur,2 BHK,500-1000 sqft,Valid,Chennai,Not available in source data,315,35
5674000,580,Pozhichalur,1,0,9,9,9,9,9,9,9,9,9,9,9,9,9,9,9,9,9,9,9,9,9,9,9,9,9,9,9,9,9,9,9,9,9,9,9,5674000,580,1,9782.758620689656,Pozhichalur,1 BHK,500-1000 sqft,Valid,Chennai,Not available in source data,315,35
5471000,844,Madambakkam,2,0,9,9,9,9,9,9,9,9,9,9,9,9,9,9,9,9,9,9,9,9,9,9,9,9,9,9,9,9,9,9,9,9,9,9,9,5471000,844,2,6482.227488151659,Madambakkam,2 BHK,500-1000 sqft,Valid,Chennai,Not available in source data,315,35
4992000,1217,Selaiyur,3,0,9,9,9,9,9,9,9,9,9,9,9,9,9,9,9,9,9,9,9,9,9,9,9,9,9,9,9,9,9,9,9,9,9,9,9,4992000,1217,3,4101.88989317995,Selaiyur,3 BHK,1000-1500 sqft,Valid,Chennai,Not available in source data,315,35
7840000,995,Selaiyur,2,0,9,9,9,9,9,9,9,9,9,9,9,9,9,9,9,9,9,9,9,9,9,9,9,9,9,9,9,9,9,9,9,9,9,9,9,7840000,995,2,7879.396984924623,Selaiyur,2 BHK,500-1000 sqft,Valid,Chennai,Not available in source data,315,35
7359999,956,Selaiyur,2,0,9,9,9,9,9,9,9,9,9,9,9,9,9,9,9,9,9,9,9,9,9,9,9,9,9,9,9,9,9,9,9,9,9,9,9,7359999,956,2,7698.743723849372,Selaiyur,2 BHK,500-1000 sqft,Valid,Chennai,Not available in source data,315,35
7248999,864,Selaiyur,2,0,9,9,9,9,9,9,9,9,9,9,9,9,9,9,9,9,9,9,9,9,9,9,9,9,9,9,9,9,9,9,9,9,9,9,9,7248999,864,2,8390.045138888889,Selaiyur,2 BHK,500-1000 sqft,Valid,Chennai,Not available in source data,315,35
3549000,1300,Iyyappanthangal,3,0,9,9,9,9,9,9,9,9,9,9,9,9,9,9,9,9,9,9,9,9,9,9,9,9,9,9,9,9,9,9,9,9,9,9,9,3549000,1300,3,2730.0,Iyyappanthangal,3 BHK,1000-1500 sqft,Valid,Chennai,Not available in source data,315,35
3270000,1200,Iyyappanthangal,3,0,9,9,9,9,9,9,9,9,9,9,9,9,9,9,9,9,9,9,9,9,9,9,9,9,9,9,9,9,9,9,9,9,9,9,9,3270000,1200,3,2725.0,Iyyappanthangal,3 BHK,1000-1500 sqft,Valid,Chennai,Not available in source data,315,35
2082999,1181,Iyyappanthangal,3,0,9,9,9,9,9,9,9,9,9,9,9,9,9,9,9,9,9,9,9,9,9,9,9,9,9,9,9,9,9,9,9,9,9,9,9,2082999,1181,3,1763.7586790855207,Iyyappanthangal,3 BHK,1000-1500 sqft,Valid,Chennai,Not available in source data,315,35
2082999,543,Iyyappanthangal,1,0,9,9,9,9,9,9,9,9,9,9,9,9,9,9,9,9,9,9,9,9,9,9,9,9,9,9,9,9,9,9,9,9,9,9,9,2082999,543,1,3836.0939226519336,Iyyappanthangal,1 BHK,500-1000 sqft,Valid,Chennai,Not available in source data,315,35
2540000,711,Pammal,2,0,9,9,9,9,9,9,9,9,9,9,9,9,9,9,9,9,9,9,9,9,9,9,9,9,9,9,9,9,9,9,9,9,9,9,9,2540000,711,2,3572.4331926863574,Pammal,2 BHK,500-1000 sqft,Valid,Chennai,Not available in source data,315,35
2540000,453,Pammal,1,0,9,9,9,9,9,9,9,9,9,9,9,9,9,9,9,9,9,9,9,9,9,9,9,9,9,9,9,9,9,9,9,9,9,9,9,2540000,453,1,5607.064017660045,Pammal,1 BHK,<500 sqft,Valid,Chennai,Not available in source data,315,35
2760000,453,Pammal,1,0,9,9,9,9,9,9,9,9,9,9,9,9,9,9,9,9,9,9,9,9,9,9,9,9,9,9,9,9,9,9,9,9,9,9,9,2760000,453,1,6092.715231788079,Pammal,1 BHK,<500 sqft,Valid,Chennai,Not available in source data,315,35
3270000,635,Pammal,2,0,9,9,9,9,9,9,9,9,9,9,9,9,9,9,9,9,9,9,9,9,9,9,9,9,9,9,9,9,9,9,9,9,9,9,9,3270000,635,2,5149.606299212598,Pammal,2 BHK,500-1000 sqft,Valid,Chennai,Not available in source data,315,35
2082999,635,Pammal,2,0,9,9,9,9,9,9,9,9,9,9,9,9,9,9,9,9,9,9,9,9,9,9,9,9,9,9,9,9,9,9,9,9,9,9,9,2082999,635,2,3280.3133858267715,Pammal,2 BHK,500-1000 sqft,Valid,Chennai,Not available in source data,315,35
2082999,600,Pammal,2,0,9,9,9,9,9,9,9,9,9,9,9,9,9,9,9,9,9,9,9,9,9,9,9,9,9,9,9,9,9,9,9,9,9,9,9,2082999,600,2,3471.665,Pammal,2 BHK,500-1000 sqft,Valid,Chennai,Not available in source data,315,35
4900000,635,Pammal,2,0,9,9,9,9,9,9,9,9,9,9,9,9,9,9,9,9,9,9,9,9,9,9,9,9,9,9,9,9,9,9,9,9,9,9,9,4900000,635,2,7716.535433070866,Pammal,2 BHK,500-1000 sqft,Valid,Chennai,Not available in source data,315,35
40000000,600,Pammal,2,0,9,9,9,9,9,9,9,9,9,9,9,9,9,9,9,9,9,9,9,9,9,9,9,9,9,9,9,9,9,9,9,9,9,9,9,40000000,600,2,66666.66666666667,Pammal,2 BHK,500-1000 sqft,Valid,Chennai,Not available in source data,315,35
70000000,913,Kovur,2,0,9,9,9,9,9,9,9,9,9,9,9,9,9,9,9,9,9,9,9,9,9,9,9,9,9,9,9,9,9,9,9,9,9,9,9,70000000,913,2,76670.31763417306,Kovur,2 BHK,500-1000 sqft,Valid,Chennai,Not available in source data,315,35
4480000,913,Kovur,2,0,9,9,9,9,9,9,9,9,9,9,9,9,9,9,9,9,9,9,9,9,9,9,9,9,9,9,9,9,9,9,9,9,9,9,9,4480000,913,2,4906.900328587076,Kovur,2 BHK,500-1000 sqft,Valid,Chennai,Not available in source data,315,35
2999000,2883,Chetpet,3,1,9,9,9,9,9,9,9,9,9,9,9,9,9,9,9,9,9,9,9,9,9,9,9,9,9,9,9,9,9,9,9,9,9,9,9,2999000,2883,3,1040.2358654179675,Chetpet,3 BHK,2500+ sqft,Valid,Chennai,Not available in source data,315,35
2116000,5498,Nungambakkam,4,1,9,9,9,9,9,9,9,9,9,9,9,9,9,9,9,9,9,9,9,9,9,9,9,9,9,9,9,9,9,9,9,9,9,9,9,2116000,5498,4,384.8672244452528,Nungambakkam,4 BHK,2500+ sqft,Valid,Chennai,Not available in source data,315,35
2930000,1120,Pammal,3,0,9,9,9,9,9,9,9,9,9,9,9,9,9,9,9,9,9,9,9,9,9,9,9,9,9,9,9,9,9,9,9,9,9,9,9,2930000,1120,3,2616.0714285714284,Pammal,3 BHK,1000-1500 sqft,Valid,Chennai,Not available in source data,315,35
4000000,652,Pammal,2,0,9,9,9,9,9,9,9,9,9,9,9,9,9,9,9,9,9,9,9,9,9,9,9,9,9,9,9,9,9,9,9,9,9,9,9,4000000,652,2,6134.9693251533745,Pammal,2 BHK,500-1000 sqft,Valid,Chennai,Not available in source data,315,35
2300000,460,Pammal,2,0,9,9,9,9,9,9,9,9,9,9,9,9,9,9,9,9,9,9,9,9,9,9,9,9,9,9,9,9,9,9,9,9,9,9,9,2300000,460,2,5000.0,Pammal,2 BHK,<500 sqft,Valid,Chennai,Not available in source data,315,35
4770000,637,Pammal,2,0,9,9,9,9,9,9,9,9,9,9,9,9,9,9,9,9,9,9,9,9,9,9,9,9,9,9,9,9,9,9,9,9,9,9,9,4770000,637,2,7488.226059654631,Pammal,2 BHK,500-1000 sqft,Valid,Chennai,Not available in source data,315,35
2510000,790,Perumbakkam,2,0,9,9,9,9,9,9,9,9,9,9,9,9,9,9,9,9,9,9,9,9,9,9,9,9,9,9,9,9,9,9,9,9,9,9,9,2510000,790,2,3177.215189873418,Perumbakkam,2 BHK,500-1000 sqft,Valid,Chennai,Not available in source data,315,35
4880000,570,Avadi,2,0,9,9,9,9,9,9,9,9,9,9,9,9,9,9,9,9,9,9,9,9,9,9,9,9,9,9,9,9,9,9,9,9,9,9,9,4880000,570,2,8561.40350877193,Avadi,2 BHK,500-1000 sqft,Valid,Chennai,Not available in source data,315,35
5900000,1015,Medavakkam,2,0,9,9,9,9,9,9,9,9,9,9,9,9,9,9,9,9,9,9,9,9,9,9,9,9,9,9,9,9,9,9,9,9,9,9,9,5900000,1015,2,5812.8078817733995,Medavakkam,2 BHK,1000-1500 sqft,Valid,Chennai,Not available in source data,315,35
3300000,717,Selaiyur,2,0,9,9,9,9,9,9,9,9,9,9,9,9,9,9,9,9,9,9,9,9,9,9,9,9,9,9,9,9,9,9,9,9,9,9,9,3300000,717,2,4602.510460251046,Selaiyur,2 BHK,500-1000 sqft,Valid,Chennai,Not available in source data,315,35
7000000,1135,Shanthi Nagar,3,0,9,9,9,9,9,9,9,9,9,9,9,9,9,9,9,9,9,9,9,9,9,9,9,9,9,9,9,9,9,9,9,9,9,9,9,7000000,1135,3,6167.400881057269,Shanthi Nagar,3 BHK,1000-1500 sqft,Valid,Chennai,Not available in source data,315,35
3685000,1047,Kolapakkam,2,0,9,9,9,9,9,9,9,9,9,9,9,9,9,9,9,9,9,9,9,9,9,9,9,9,9,9,9,9,9,9,9,9,9,9,9,3685000,1047,2,3519.5797516714424,Kolapakkam,2 BHK,1000-1500 sqft,Valid,Chennai,Not available in source data,315,35
5500000,780,Serapanacheri,2,0,9,9,9,9,9,9,9,9,9,9,9,9,9,9,9,9,9,9,9,9,9,9,9,9,9,9,9,9,9,9,9,9,9,9,9,5500000,780,2,7051.282051282052,Serapanacheri,2 BHK,500-1000 sqft,Valid,Chennai,Not available in source data,315,35
12500000,1275,Perungalathur,3,0,9,9,9,9,9,9,9,9,9,9,9,9,9,9,9,9,9,9,9,9,9,9,9,9,9,9,9,9,9,9,9,9,9,9,9,12500000,1275,3,9803.921568627451,Perungalathur,3 BHK,1000-1500 sqft,Valid,Chennai,Not available in source data,315,35
15000000,670,Thoraipakkam,2,0,9,9,9,9,9,9,9,9,9,9,9,9,9,9,9,9,9,9,9,9,9,9,9,9,9,9,9,9,9,9,9,9,9,9,9,15000000,670,2,22388.059701492537,Thoraipakkam,2 BHK,500-1000 sqft,Valid,Chennai,Not available in source data,315,35
5900000,1150,Sunnambu Kolathur S Kolathur,3,1,9,9,9,9,9,9,9,9,9,9,9,9,9,9,9,9,9,9,9,9,9,9,9,9,9,9,9,9,9,9,9,9,9,9,9,5900000,1150,3,5130.434782608696,Sunnambu Kolathur S Kolathur,3 BHK,1000-1500 sqft,Valid,Chennai,Not available in source data,315,35
8322000,1400,Thiruvanmiyur,3,1,9,9,9,9,9,9,9,9,9,9,9,9,9,9,9,9,9,9,9,9,9,9,9,9,9,9,9,9,9,9,9,9,9,9,9,8322000,1400,3,5944.285714285715,Thiruvanmiyur,3 BHK,1000-1500 sqft,Valid,Chennai,Not available in source data,315,35
7798999,1300,Thiruvanmiyur,3,1,9,9,9,9,9,9,9,9,9,9,9,9,9,9,9,9,9,9,9,9,9,9,9,9,9,9,9,9,9,9,9,9,9,9,9,7798999,1300,3,5999.23,Thiruvanmiyur,3 BHK,1000-1500 sqft,Valid,Chennai,Not available in source data,315,35
8000000,995,Adambakkam,2,1,9,9,9,9,9,9,9,9,9,9,9,9,9,9,9,9,9,9,9,9,9,9,9,9,9,9,9,9,9,9,9,9,9,9,9,8000000,995,2,8040.201005025126,Adambakkam,2 BHK,500-1000 sqft,Valid,Chennai,Not available in source data,315,35
13000000,1193,Kolapakkam,3,0,9,9,9,9,9,9,9,9,9,9,9,9,9,9,9,9,9,9,9,9,9,9,9,9,9,9,9,9,9,9,9,9,9,9,9,13000000,1193,3,10896.898575020956,Kolapakkam,3 BHK,1000-1500 sqft,Valid,Chennai,Not available in source data,315,35
5900000,1118,Kolapakkam,3,0,9,9,9,9,9,9,9,9,9,9,9,9,9,9,9,9,9,9,9,9,9,9,9,9,9,9,9,9,9,9,9,9,9,9,9,5900000,1118,3,5277.280858676208,Kolapakkam,3 BHK,1000-1500 sqft,Valid,Chennai,Not available in source data,315,35
7028000,1338,Perambur,3,1,9,9,9,9,9,9,9,9,9,9,9,9,9,9,9,9,9,9,9,9,9,9,9,9,9,9,9,9,9,9,9,9,9,9,9,7028000,1338,3,5252.615844544096,Perambur,3 BHK,1000-1500 sqft,Valid,Chennai,Not available in source data,315,35
5750000,1690,Porur,3,1,9,9,9,9,9,9,9,9,9,9,9,9,9,9,9,9,9,9,9,9,9,9,9,9,9,9,9,9,9,9,9,9,9,9,9,5750000,1690,3,3402.3668639053253,Porur,3 BHK,1500-2500 sqft,Valid,Chennai,Not available in source data,315,35
4793000,850,Porur,2,0,9,9,9,9,9,9,9,9,9,9,9,9,9,9,9,9,9,9,9,9,9,9,9,9,9,9,9,9,9,9,9,9,9,9,9,4793000,850,2,5638.823529411765,Porur,2 BHK,500-1000 sqft,Valid,Chennai,Not available in source data,315,35
4000000,891,Annamalai Colony,2,0,9,9,9,9,9,9,9,9,9,9,9,9,9,9,9,9,9,9,9,9,9,9,9,9,9,9,9,9,9,9,9,9,9,9,9,4000000,891,2,4489.337822671156,Annamalai Colony,2 BHK,500-1000 sqft,Valid,Chennai,Not available in source data,315,35
9004000,1515,Perumbakkam,3,0,9,9,9,9,9,9,9,9,9,9,9,9,9,9,9,9,9,9,9,9,9,9,9,9,9,9,9,9,9,9,9,9,9,9,9,9004000,1515,3,5943.234323432343,Perumbakkam,3 BHK,1500-2500 sqft,Valid,Chennai,Not available in source data,315,35
38400000,1004,Avadi,2,0,9,9,9,9,9,9,9,9,9,9,9,9,9,9,9,9,9,9,9,9,9,9,9,9,9,9,9,9,9,9,9,9,9,9,9,38400000,1004,2,38247.011952191235,Avadi,2 BHK,1000-1500 sqft,Valid,Chennai,Not available in source data,315,35
2070000,700,Saidapet,2,1,9,9,9,9,9,9,9,9,9,9,9,9,9,9,9,9,9,9,9,9,9,9,9,9,9,9,9,9,9,9,9,9,9,9,9,2070000,700,2,2957.1428571428573,Saidapet,2 BHK,500-1000 sqft,Valid,Chennai,Not available in source data,315,35
5243000,1147,Annamalai Colony,3,0,9,9,9,9,9,9,9,9,9,9,9,9,9,9,9,9,9,9,9,9,9,9,9,9,9,9,9,9,9,9,9,9,9,9,9,5243000,1147,3,4571.054925893635,Annamalai Colony,3 BHK,1000-1500 sqft,Valid,Chennai,Not available in source data,315,35
2999000,2400,Kotturpuram,3,0,9,9,9,9,9,9,9,9,9,9,9,9,9,9,9,9,9,9,9,9,9,9,9,9,9,9,9,9,9,9,9,9,9,9,9,2999000,2400,3,1249.5833333333333,Kotturpuram,3 BHK,1500-2500 sqft,Valid,Chennai,Not available in source data,315,35
2540000,450,Pammal,1,0,9,9,9,9,9,9,9,9,9,9,9,9,9,9,9,9,9,9,9,9,9,9,9,9,9,9,9,9,9,9,9,9,9,9,9,2540000,450,1,5644.444444444444,Pammal,1 BHK,<500 sqft,Valid,Chennai,Not available in source data,315,35
5005000,1070,Pammal,3,0,9,9,9,9,9,9,9,9,9,9,9,9,9,9,9,9,9,9,9,9,9,9,9,9,9,9,9,9,9,9,9,9,9,9,9,5005000,1070,3,4677.570093457944,Pammal,3 BHK,1000-1500 sqft,Valid,Chennai,Not available in source data,315,35
6050000,652,Pammal,2,0,9,9,9,9,9,9,9,9,9,9,9,9,9,9,9,9,9,9,9,9,9,9,9,9,9,9,9,9,9,9,9,9,9,9,9,6050000,652,2,9279.141104294478,Pammal,2 BHK,500-1000 sqft,Valid,Chennai,Not available in source data,315,35
4800000,635,Pozhichalur,2,0,9,9,9,9,9,9,9,9,9,9,9,9,9,9,9,9,9,9,9,9,9,9,9,9,9,9,9,9,9,9,9,9,9,9,9,4800000,635,2,7559.055118110236,Pozhichalur,2 BHK,500-1000 sqft,Valid,Chennai,Not available in source data,315,35
6300000,910,Medavakkam,2,0,9,9,9,9,9,9,9,9,9,9,9,9,9,9,9,9,9,9,9,9,9,9,9,9,9,9,9,9,9,9,9,9,9,9,9,6300000,910,2,6923.076923076923,Medavakkam,2 BHK,500-1000 sqft,Valid,Chennai,Not available in source data,315,35
3299000,1100,Medavakkam,2,0,9,9,9,9,9,9,9,9,9,9,9,9,9,9,9,9,9,9,9,9,9,9,9,9,9,9,9,9,9,9,9,9,9,9,9,3299000,1100,2,2999.090909090909,Medavakkam,2 BHK,1000-1500 sqft,Valid,Chennai,Not available in source data,315,35
4537000,700,Madhavaram,2,0,9,9,9,9,9,9,9,9,9,9,9,9,9,9,9,9,9,9,9,9,9,9,9,9,9,9,9,9,9,9,9,9,9,9,9,4537000,700,2,6481.428571428572,Madhavaram,2 BHK,500-1000 sqft,Valid,Chennai,Not available in source data,315,35
5843000,700,Vanagaram,2,0,9,9,9,9,9,9,9,9,9,9,9,9,9,9,9,9,9,9,9,9,9,9,9,9,9,9,9,9,9,9,9,9,9,9,9,5843000,700,2,8347.142857142857,Vanagaram,2 BHK,500-1000 sqft,Valid,Chennai,Not available in source data,315,35
7200000,564,Selaiyur,1,1,9,9,9,9,9,9,9,9,9,9,9,9,9,9,9,9,9,9,9,9,9,9,9,9,9,9,9,9,9,9,9,9,9,9,9,7200000,564,1,12765.95744680851,Selaiyur,1 BHK,500-1000 sqft,Valid,Chennai,Not available in source data,315,35
7198999,825,Medavakkam,2,0,9,9,9,9,9,9,9,9,9,9,9,9,9,9,9,9,9,9,9,9,9,9,9,9,9,9,9,9,9,9,9,9,9,9,9,7198999,825,2,8726.059393939395,Medavakkam,2 BHK,500-1000 sqft,Valid,Chennai,Not available in source data,315,35
4324000,899,Velachery,2,0,9,9,9,9,9,9,9,9,9,9,9,9,9,9,9,9,9,9,9,9,9,9,9,9,9,9,9,9,9,9,9,9,9,9,9,4324000,899,2,4809.788654060067,Velachery,2 BHK,500-1000 sqft,Valid,Chennai,Not available in source data,315,35
2930000,1458,Madipakkam,3,0,9,9,9,9,9,9,9,9,9,9,9,9,9,9,9,9,9,9,9,9,9,9,9,9,9,9,9,9,9,9,9,9,9,9,9,2930000,1458,3,2009.60219478738,Madipakkam,3 BHK,1000-1500 sqft,Valid,Chennai,Not available in source data,315,35
16000000,1178,Chromepet,3,1,9,9,9,9,9,9,9,9,9,9,9,9,9,9,9,9,9,9,9,9,9,9,9,9,9,9,9,9,9,9,9,9,9,9,9,16000000,1178,3,13582.342954159592,Chromepet,3 BHK,1000-1500 sqft,Valid,Chennai,Not available in source data,315,35
8817000,920,Medavakkam,2,0,9,9,9,9,9,9,9,9,9,9,9,9,9,9,9,9,9,9,9,9,9,9,9,9,9,9,9,9,9,9,9,9,9,9,9,8817000,920,2,9583.695652173914,Medavakkam,2 BHK,500-1000 sqft,Valid,Chennai,Not available in source data,315,35
2950000,637,Pammal,2,0,9,9,9,9,9,9,9,9,9,9,9,9,9,9,9,9,9,9,9,9,9,9,9,9,9,9,9,9,9,9,9,9,9,9,9,2950000,637,2,4631.083202511774,Pammal,2 BHK,500-1000 sqft,Valid,Chennai,Not available in source data,315,35
5200000,2408,Palavakkam,3,0,9,9,9,9,9,9,9,9,9,9,9,9,9,9,9,9,9,9,9,9,9,9,9,9,9,9,9,9,9,9,9,9,9,9,9,5200000,2408,3,2159.468438538206,Palavakkam,3 BHK,1500-2500 sqft,Valid,Chennai,Not available in source data,315,35
7100000,1304,Chromepet,3,0,9,9,9,9,9,9,9,9,9,9,9,9,9,9,9,9,9,9,9,9,9,9,9,9,9,9,9,9,9,9,9,9,9,9,9,7100000,1304,3,5444.78527607362,Chromepet,3 BHK,1000-1500 sqft,Valid,Chennai,Not available in source data,315,35
8508000,576,Kuthambakkam,1,0,9,9,9,9,9,9,9,9,9,9,9,9,9,9,9,9,9,9,9,9,9,9,9,9,9,9,9,9,9,9,9,9,9,9,9,8508000,576,1,14770.833333333334,Kuthambakkam,1 BHK,500-1000 sqft,Valid,Chennai,Not available in source data,315,35
3200000,811,Kilkattalai,2,0,9,9,9,9,9,9,9,9,9,9,9,9,9,9,9,9,9,9,9,9,9,9,9,9,9,9,9,9,9,9,9,9,9,9,9,3200000,811,2,3945.7459926017264,Kilkattalai,2 BHK,500-1000 sqft,Valid,Chennai,Not available in source data,315,35
16000000,1123,Iyappanthangal,2,0,9,9,9,9,9,9,9,9,9,9,9,9,9,9,9,9,9,9,9,9,9,9,9,9,9,9,9,9,9,9,9,9,9,9,9,16000000,1123,2,14247.551202137132,Iyappanthangal,2 BHK,1000-1500 sqft,Valid,Chennai,Not available in source data,315,35
3420000,1210,Chromepet,3,0,9,9,9,9,9,9,9,9,9,9,9,9,9,9,9,9,9,9,9,9,9,9,9,9,9,9,9,9,9,9,9,9,9,9,9,3420000,1210,3,2826.4462809917354,Chromepet,3 BHK,1000-1500 sqft,Valid,Chennai,Not available in source data,315,35
25500000,690,Chromepet,2,1,9,9,9,9,9,9,9,9,9,9,9,9,9,9,9,9,9,9,9,9,9,9,9,9,9,9,9,9,9,9,9,9,9,9,9,25500000,690,2,36956.52173913043,Chromepet,2 BHK,500-1000 sqft,Valid,Chennai,Not available in source data,315,35
5100000,1708,Porur,3,1,9,9,9,9,9,9,9,9,9,9,9,9,9,9,9,9,9,9,9,9,9,9,9,9,9,9,9,9,9,9,9,9,9,9,9,5100000,1708,3,2985.9484777517564,Porur,3 BHK,1500-2500 sqft,Valid,Chennai,Not available in source data,315,35
2280000,950,Pammal,2,0,9,9,9,9,9,9,9,9,9,9,9,9,9,9,9,9,9,9,9,9,9,9,9,9,9,9,9,9,9,9,9,9,9,9,9,2280000,950,2,2400.0,Pammal,2 BHK,500-1000 sqft,Valid,Chennai,Not available in source data,315,35
3850000,2350,Kilpauk,3,1,9,9,9,9,9,9,9,9,9,9,9,9,9,9,9,9,9,9,9,9,9,9,9,9,9,9,9,9,9,9,9,9,9,9,9,3850000,2350,3,1638.2978723404256,Kilpauk,3 BHK,1500-2500 sqft,Valid,Chennai,Not available in source data,315,35
4760000,804,Madipakkam,2,0,9,9,9,9,9,9,9,9,9,9,9,9,9,9,9,9,9,9,9,9,9,9,9,9,9,9,9,9,9,9,9,9,9,9,9,4760000,804,2,5920.398009950249,Madipakkam,2 BHK,500-1000 sqft,Valid,Chennai,Not available in source data,315,35
5300000,453,Avadi,2,0,9,9,9,9,9,9,9,9,9,9,9,9,9,9,9,9,9,9,9,9,9,9,9,9,9,9,9,9,9,9,9,9,9,9,9,5300000,453,2,11699.779249448124,Avadi,2 BHK,<500 sqft,Valid,Chennai,Not available in source data,315,35
4200000,1015,Perumbakkam,2,0,9,9,9,9,9,9,9,9,9,9,9,9,9,9,9,9,9,9,9,9,9,9,9,9,9,9,9,9,9,9,9,9,9,9,9,4200000,1015,2,4137.931034482759,Perumbakkam,2 BHK,1000-1500 sqft,Valid,Chennai,Not available in source data,315,35
20500000,1035,Sithalapakkam,2,0,9,9,9,9,9,9,9,9,9,9,9,9,9,9,9,9,9,9,9,9,9,9,9,9,9,9,9,9,9,9,9,9,9,9,9,20500000,1035,2,19806.763285024153,Sithalapakkam,2 BHK,1000-1500 sqft,Valid,Chennai,Not available in source data,315,35
4595000,793,Kilkattalai,2,0,9,9,9,9,9,9,9,9,9,9,9,9,9,9,9,9,9,9,9,9,9,9,9,9,9,9,9,9,9,9,9,9,9,9,9,4595000,793,2,5794.451450189155,Kilkattalai,2 BHK,500-1000 sqft,Valid,Chennai,Not available in source data,315,35
3167000,510,Adambakkam,1,0,9,9,9,9,9,9,9,9,9,9,9,9,9,9,9,9,9,9,9,9,9,9,9,9,9,9,9,9,9,9,9,9,9,9,9,3167000,510,1,6209.803921568628,Adambakkam,1 BHK,500-1000 sqft,Valid,Chennai,Not available in source data,315,35
5200000,1350,Anna Nagar East,3,0,9,9,9,9,9,9,9,9,9,9,9,9,9,9,9,9,9,9,9,9,9,9,9,9,9,9,9,9,9,9,9,9,9,9,9,5200000,1350,3,3851.8518518518517,Anna Nagar East,3 BHK,1000-1500 sqft,Valid,Chennai,Not available in source data,315,35
2070000,1149,Guduvancheri,3,0,9,9,9,9,9,9,9,9,9,9,9,9,9,9,9,9,9,9,9,9,9,9,9,9,9,9,9,9,9,9,9,9,9,9,9,2070000,1149,3,1801.5665796344647,Guduvancheri,3 BHK,1000-1500 sqft,Valid,Chennai,Not available in source data,315,35
8800000,792,Guduvancheri,2,0,9,9,9,9,9,9,9,9,9,9,9,9,9,9,9,9,9,9,9,9,9,9,9,9,9,9,9,9,9,9,9,9,9,9,9,8800000,792,2,11111.111111111111,Guduvancheri,2 BHK,500-1000 sqft,Valid,Chennai,Not available in source data,315,35
7700000,830,Madipakkam,2,0,9,9,9,9,9,9,9,9,9,9,9,9,9,9,9,9,9,9,9,9,9,9,9,9,9,9,9,9,9,9,9,9,9,9,9,7700000,830,2,9277.10843373494,Madipakkam,2 BHK,500-1000 sqft,Valid,Chennai,Not available in source data,315,35
2723000,450,Pammal,1,0,9,9,9,9,9,9,9,9,9,9,9,9,9,9,9,9,9,9,9,9,9,9,9,9,9,9,9,9,9,9,9,9,9,9,9,2723000,450,1,6051.111111111111,Pammal,1 BHK,<500 sqft,Valid,Chennai,Not available in source data,315,35
6700000,1034,Virugambakkam,2,1,9,9,9,9,9,9,9,9,9,9,9,9,9,9,9,9,9,9,9,9,9,9,9,9,9,9,9,9,9,9,9,9,9,9,9,6700000,1034,2,6479.6905222437135,Virugambakkam,2 BHK,1000-1500 sqft,Valid,Chennai,Not available in source data,315,35
4500000,954,Adambakkam,2,0,9,9,9,9,9,9,9,9,9,9,9,9,9,9,9,9,9,9,9,9,9,9,9,9,9,9,9,9,9,9,9,9,9,9,9,4500000,954,2,4716.981132075472,Adambakkam,2 BHK,500-1000 sqft,Valid,Chennai,Not available in source data,315,35
7358000,592,Kanathur Reddikuppam,2,0,9,9,9,9,9,9,9,9,9,9,9,9,9,9,9,9,9,9,9,9,9,9,9,9,9,9,9,9,9,9,9,9,9,9,9,7358000,592,2,12429.054054054053,Kanathur Reddikuppam,2 BHK,500-1000 sqft,Valid,Chennai,Not available in source data,315,35
5874000,1123,Porur,3,0,9,9,9,9,9,9,9,9,9,9,9,9,9,9,9,9,9,9,9,9,9,9,9,9,9,9,9,9,9,9,9,9,9,9,9,5874000,1123,3,5230.632235084595,Porur,3 BHK,1000-1500 sqft,Valid,Chennai,Not available in source data,315,35
11200000,860,Kolathur,2,1,9,9,9,9,9,9,9,9,9,9,9,9,9,9,9,9,9,9,9,9,9,9,9,9,9,9,9,9,9,9,9,9,9,9,9,11200000,860,2,13023.255813953489,Kolathur,2 BHK,500-1000 sqft,Valid,Chennai,Not available in source data,315,35
6500000,1038,Chromepet,3,0,9,9,9,9,9,9,9,9,9,9,9,9,9,9,9,9,9,9,9,9,9,9,9,9,9,9,9,9,9,9,9,9,9,9,9,6500000,1038,3,6262.042389210019,Chromepet,3 BHK,1000-1500 sqft,Valid,Chennai,Not available in source data,315,35
5150000,822,Chromepet,2,0,9,9,9,9,9,9,9,9,9,9,9,9,9,9,9,9,9,9,9,9,9,9,9,9,9,9,9,9,9,9,9,9,9,9,9,5150000,822,2,6265.206812652068,Chromepet,2 BHK,500-1000 sqft,Valid,Chennai,Not available in source data,315,35
12000000,1400,Nanganallur,3,0,9,9,9,9,9,9,9,9,9,9,9,9,9,9,9,9,9,9,9,9,9,9,9,9,9,9,9,9,9,9,9,9,9,9,9,12000000,1400,3,8571.42857142857,Nanganallur,3 BHK,1000-1500 sqft,Valid,Chennai,Not available in source data,315,35
3975000,1130,Iyyappanthangal,3,0,9,9,9,9,9,9,9,9,9,9,9,9,9,9,9,9,9,9,9,9,9,9,9,9,9,9,9,9,9,9,9,9,9,9,9,3975000,1130,3,3517.6991150442477,Iyyappanthangal,3 BHK,1000-1500 sqft,Valid,Chennai,Not available in source data,315,35
2400000,830,Kovilambakkam,2,0,9,9,9,9,9,9,9,9,9,9,9,9,9,9,9,9,9,9,9,9,9,9,9,9,9,9,9,9,9,9,9,9,9,9,9,2400000,830,2,2891.5662650602408,Kovilambakkam,2 BHK,500-1000 sqft,Valid,Chennai,Not available in source data,315,35
4250000,1600,Kolathur,3,0,9,9,9,9,9,9,9,9,9,9,9,9,9,9,9,9,9,9,9,9,9,9,9,9,9,9,9,9,9,9,9,9,9,9,9,4250000,1600,3,2656.25,Kolathur,3 BHK,1500-2500 sqft,Valid,Chennai,Not available in source data,315,35
6050000,772,tambaram west,2,0,9,9,9,9,9,9,9,9,9,9,9,9,9,9,9,9,9,9,9,9,9,9,9,9,9,9,9,9,9,9,9,9,9,9,9,6050000,772,2,7836.78756476684,tambaram west,2 BHK,500-1000 sqft,Valid,Chennai,Not available in source data,315,35
2950000,570,Avadi,1,0,9,9,9,9,9,9,9,9,9,9,9,9,9,9,9,9,9,9,9,9,9,9,9,9,9,9,9,9,9,9,9,9,9,9,9,2950000,570,1,5175.438596491228,Avadi,1 BHK,500-1000 sqft,Valid,Chennai,Not available in source data,315,35
5830000,850,Madambakkam,2,0,9,9,9,9,9,9,9,9,9,9,9,9,9,9,9,9,9,9,9,9,9,9,9,9,9,9,9,9,9,9,9,9,9,9,9,5830000,850,2,6858.823529411765,Madambakkam,2 BHK,500-1000 sqft,Valid,Chennai,Not available in source data,315,35
6540000,1100,Medavakkam,2,0,9,9,9,9,9,9,9,9,9,9,9,9,9,9,9,9,9,9,9,9,9,9,9,9,9,9,9,9,9,9,9,9,9,9,9,6540000,1100,2,5945.454545454545,Medavakkam,2 BHK,1000-1500 sqft,Valid,Chennai,Not available in source data,315,35
4096000,550,Kuthambakkam,1,0,9,9,9,9,9,9,9,9,9,9,9,9,9,9,9,9,9,9,9,9,9,9,9,9,9,9,9,9,9,9,9,9,9,9,9,4096000,550,1,7447.272727272727,Kuthambakkam,1 BHK,500-1000 sqft,Valid,Chennai,Not available in source data,315,35
2322000,1423,Peerakankaranai,3,0,9,9,9,9,9,9,9,9,9,9,9,9,9,9,9,9,9,9,9,9,9,9,9,9,9,9,9,9,9,9,9,9,9,9,9,2322000,1423,3,1631.7638791286015,Peerakankaranai,3 BHK,1000-1500 sqft,Valid,Chennai,Not available in source data,315,35
4060000,1151,Poonamallee,3,0,9,9,9,9,9,9,9,9,9,9,9,9,9,9,9,9,9,9,9,9,9,9,9,9,9,9,9,9,9,9,9,9,9,9,9,4060000,1151,3,3527.367506516073,Poonamallee,3 BHK,1000-1500 sqft,Valid,Chennai,Not available in source data,315,35
53000000,999,Peerakankaranai,2,0,9,9,9,9,9,9,9,9,9,9,9,9,9,9,9,9,9,9,9,9,9,9,9,9,9,9,9,9,9,9,9,9,9,9,9,53000000,999,2,53053.05305305305,Peerakankaranai,2 BHK,500-1000 sqft,Valid,Chennai,Not available in source data,315,35
6942000,612,Peerakankaranai,1,0,9,9,9,9,9,9,9,9,9,9,9,9,9,9,9,9,9,9,9,9,9,9,9,9,9,9,9,9,9,9,9,9,9,9,9,6942000,612,1,11343.137254901962,Peerakankaranai,1 BHK,500-1000 sqft,Valid,Chennai,Not available in source data,315,35
2386000,855,Poonamallee,2,0,9,9,9,9,9,9,9,9,9,9,9,9,9,9,9,9,9,9,9,9,9,9,9,9,9,9,9,9,9,9,9,9,9,9,9,2386000,855,2,2790.6432748538014,Poonamallee,2 BHK,500-1000 sqft,Valid,Chennai,Not available in source data,315,35
7654000,4818,Annanagar West,5,1,9,9,9,9,9,9,9,9,9,9,9,9,9,9,9,9,9,9,9,9,9,9,9,9,9,9,9,9,9,9,9,9,9,9,9,7654000,4818,5,1588.62598588626,Annanagar West,5+ BHK,2500+ sqft,Valid,Chennai,Not available in source data,315,35
2300000,1068,Velachery,2,0,9,9,9,9,9,9,9,9,9,9,9,9,9,9,9,9,9,9,9,9,9,9,9,9,9,9,9,9,9,9,9,9,9,9,9,2300000,1068,2,2153.558052434457,Velachery,2 BHK,1000-1500 sqft,Valid,Chennai,Not available in source data,315,35
22000000,612,Pammal,2,0,9,9,9,9,9,9,9,9,9,9,9,9,9,9,9,9,9,9,9,9,9,9,9,9,9,9,9,9,9,9,9,9,9,9,9,22000000,612,2,35947.71241830065,Pammal,2 BHK,500-1000 sqft,Valid,Chennai,Not available in source data,315,35
4950000,1472,Pudupakkam,3,0,9,9,9,9,9,9,9,9,9,9,9,9,9,9,9,9,9,9,9,9,9,9,9,9,9,9,9,9,9,9,9,9,9,9,9,4950000,1472,3,3362.771739130435,Pudupakkam,3 BHK,1000-1500 sqft,Valid,Chennai,Not available in source data,315,35
4911000,570,Avadi,2,0,9,9,9,9,9,9,9,9,9,9,9,9,9,9,9,9,9,9,9,9,9,9,9,9,9,9,9,9,9,9,9,9,9,9,9,4911000,570,2,8615.78947368421,Avadi,2 BHK,500-1000 sqft,Valid,Chennai,Not available in source data,315,35
3713000,1524,Anna Nagar,3,0,9,9,9,9,9,9,9,9,9,9,9,9,9,9,9,9,9,9,9,9,9,9,9,9,9,9,9,9,9,9,9,9,9,9,9,3713000,1524,3,2436.3517060367453,Anna Nagar,3 BHK,1500-2500 sqft,Valid,Chennai,Not available in source data,315,35
2760000,913,Kovur,2,0,9,9,9,9,9,9,9,9,9,9,9,9,9,9,9,9,9,9,9,9,9,9,9,9,9,9,9,9,9,9,9,9,9,9,9,2760000,913,2,3023.001095290252,Kovur,2 BHK,500-1000 sqft,Valid,Chennai,Not available in source data,315,35
7276000,1045,Medavakkam,2,0,9,9,9,9,9,9,9,9,9,9,9,9,9,9,9,9,9,9,9,9,9,9,9,9,9,9,9,9,9,9,9,9,9,9,9,7276000,1045,2,6962.67942583732,Medavakkam,2 BHK,1000-1500 sqft,Valid,Chennai,Not available in source data,315,35
21500000,790,Medavakkam,2,0,9,9,9,9,9,9,9,9,9,9,9,9,9,9,9,9,9,9,9,9,9,9,9,9,9,9,9,9,9,9,9,9,9,9,9,21500000,790,2,27215.189873417723,Medavakkam,2 BHK,500-1000 sqft,Valid,Chennai,Not available in source data,315,35
16399999,600,Pammal,2,0,9,9,9,9,9,9,9,9,9,9,9,9,9,9,9,9,9,9,9,9,9,9,9,9,9,9,9,9,9,9,9,9,9,9,9,16399999,600,2,27333.331666666665,Pammal,2 BHK,500-1000 sqft,Valid,Chennai,Not available in source data,315,35
6700000,1323,Pallikaranai,2,0,9,9,9,9,9,9,9,9,9,9,9,9,9,9,9,9,9,9,9,9,9,9,9,9,9,9,9,9,9,9,9,9,9,9,9,6700000,1323,2,5064.247921390778,Pallikaranai,2 BHK,1000-1500 sqft,Valid,Chennai,Not available in source data,315,35
2949000,2153,Thoraipakkam,4,0,9,9,9,9,9,9,9,9,9,9,9,9,9,9,9,9,9,9,9,9,9,9,9,9,9,9,9,9,9,9,9,9,9,9,9,2949000,2153,4,1369.716674407803,Thoraipakkam,4 BHK,1500-2500 sqft,Valid,Chennai,Not available in source data,315,35
7600000,1611,Thoraipakkam,3,0,9,9,9,9,9,9,9,9,9,9,9,9,9,9,9,9,9,9,9,9,9,9,9,9,9,9,9,9,9,9,9,9,9,9,9,7600000,1611,3,4717.566728739913,Thoraipakkam,3 BHK,1500-2500 sqft,Valid,Chennai,Not available in source data,315,35
6200000,685,Thoraipakkam,2,0,9,9,9,9,9,9,9,9,9,9,9,9,9,9,9,9,9,9,9,9,9,9,9,9,9,9,9,9,9,9,9,9,9,9,9,6200000,685,2,9051.094890510949,Thoraipakkam,2 BHK,500-1000 sqft,Valid,Chennai,Not available in source data,315,35
6150000,362,Kuthambakkam,1,0,9,9,9,9,9,9,9,9,9,9,9,9,9,9,9,9,9,9,9,9,9,9,9,9,9,9,9,9,9,9,9,9,9,9,9,6150000,362,1,16988.950276243093,Kuthambakkam,1 BHK,<500 sqft,Valid,Chennai,Not available in source data,315,35
7998999,881,Adambakkam,2,0,9,9,9,9,9,9,9,9,9,9,9,9,9,9,9,9,9,9,9,9,9,9,9,9,9,9,9,9,9,9,9,9,9,9,9,7998999,881,2,9079.454029511919,Adambakkam,2 BHK,500-1000 sqft,Valid,Chennai,Not available in source data,315,35
24500000,1123,Kattupakkam,3,0,9,9,9,9,9,9,9,9,9,9,9,9,9,9,9,9,9,9,9,9,9,9,9,9,9,9,9,9,9,9,9,9,9,9,9,24500000,1123,3,21816.562778272484,Kattupakkam,3 BHK,1000-1500 sqft,Valid,Chennai,Not available in source data,315,35
8499000,1123,Iyyappanthangal,3,0,9,9,9,9,9,9,9,9,9,9,9,9,9,9,9,9,9,9,9,9,9,9,9,9,9,9,9,9,9,9,9,9,9,9,9,8499000,1123,3,7568.121104185218,Iyyappanthangal,3 BHK,1000-1500 sqft,Valid,Chennai,Not available in source data,315,35
6998999,960,Anna Nagar,2,0,9,9,9,9,9,9,9,9,9,9,9,9,9,9,9,9,9,9,9,9,9,9,9,9,9,9,9,9,9,9,9,9,9,9,9,6998999,960,2,7290.623958333334,Anna Nagar,2 BHK,500-1000 sqft,Valid,Chennai,Not available in source data,315,35
5950000,2153,Thoraipakkam OMR,4,0,9,9,9,9,9,9,9,9,9,9,9,9,9,9,9,9,9,9,9,9,9,9,9,9,9,9,9,9,9,9,9,9,9,9,9,5950000,2153,4,2763.585694379935,Thoraipakkam OMR,4 BHK,1500-2500 sqft,Valid,Chennai,Not available in source data,315,35
21900000,1020,Anna Nagar,2,0,9,9,9,9,9,9,9,9,9,9,9,9,9,9,9,9,9,9,9,9,9,9,9,9,9,9,9,9,9,9,9,9,9,9,9,21900000,1020,2,21470.58823529412,Anna Nagar,2 BHK,1000-1500 sqft,Valid,Chennai,Not available in source data,315,35
39900000,836,Anna Nagar,2,0,9,9,9,9,9,9,9,9,9,9,9,9,9,9,9,9,9,9,9,9,9,9,9,9,9,9,9,9,9,9,9,9,9,9,9,39900000,836,2,47727.27272727273,Anna Nagar,2 BHK,500-1000 sqft,Valid,Chennai,Not available in source data,315,35
2240000,1200,Porur,3,0,9,9,9,9,9,9,9,9,9,9,9,9,9,9,9,9,9,9,9,9,9,9,9,9,9,9,9,9,9,9,9,9,9,9,9,2240000,1200,3,1866.6666666666667,Porur,3 BHK,1000-1500 sqft,Valid,Chennai,Not available in source data,315,35
6900000,1897,Kotturpuram,3,0,9,9,9,9,9,9,9,9,9,9,9,9,9,9,9,9,9,9,9,9,9,9,9,9,9,9,9,9,9,9,9,9,9,9,9,6900000,1897,3,3637.3220875065895,Kotturpuram,3 BHK,1500-2500 sqft,Valid,Chennai,Not available in source data,315,35
5900000,2056,Nungambakkam,3,0,9,9,9,9,9,9,9,9,9,9,9,9,9,9,9,9,9,9,9,9,9,9,9,9,9,9,9,9,9,9,9,9,9,9,9,5900000,2056,3,2869.649805447471,Nungambakkam,3 BHK,1500-2500 sqft,Valid,Chennai,Not available in source data,315,35
4734000,560,Pammal,2,0,9,9,9,9,9,9,9,9,9,9,9,9,9,9,9,9,9,9,9,9,9,9,9,9,9,9,9,9,9,9,9,9,9,9,9,4734000,560,2,8453.57142857143,Pammal,2 BHK,500-1000 sqft,Valid,Chennai,Not available in source data,315,35
4734000,1712,Maraimalai Nagar,3,0,9,9,9,9,9,9,9,9,9,9,9,9,9,9,9,9,9,9,9,9,9,9,9,9,9,9,9,9,9,9,9,9,9,9,9,4734000,1712,3,2765.1869158878503,Maraimalai Nagar,3 BHK,1500-2500 sqft,Valid,Chennai,Not available in source data,315,35
3731000,1391,Maraimalai Nagar,2,0,9,9,9,9,9,9,9,9,9,9,9,9,9,9,9,9,9,9,9,9,9,9,9,9,9,9,9,9,9,9,9,9,9,9,9,3731000,1391,2,2682.2429906542056,Maraimalai Nagar,2 BHK,1000-1500 sqft,Valid,Chennai,Not available in source data,315,35
2264000,1246,Kelambakkam,3,0,9,9,9,9,9,9,9,9,9,9,9,9,9,9,9,9,9,9,9,9,9,9,9,9,9,9,9,9,9,9,9,9,9,9,9,2264000,1246,3,1817.0144462279293,Kelambakkam,3 BHK,1000-1500 sqft,Valid,Chennai,Not available in source data,315,35
5213000,1246,Kelambakkam,3,0,9,9,9,9,9,9,9,9,9,9,9,9,9,9,9,9,9,9,9,9,9,9,9,9,9,9,9,9,9,9,9,9,9,9,9,5213000,1246,3,4183.788121990369,Kelambakkam,3 BHK,1000-1500 sqft,Valid,Chennai,Not available in source data,315,35
2534000,982,Kelambakkam,2,0,9,9,9,9,9,9,9,9,9,9,9,9,9,9,9,9,9,9,9,9,9,9,9,9,9,9,9,9,9,9,9,9,9,9,9,2534000,982,2,2580.448065173116,Kelambakkam,2 BHK,500-1000 sqft,Valid,Chennai,Not available in source data,315,35
7500000,612,Kelambakkam,1,0,9,9,9,9,9,9,9,9,9,9,9,9,9,9,9,9,9,9,9,9,9,9,9,9,9,9,9,9,9,9,9,9,9,9,9,7500000,612,1,12254.901960784313,Kelambakkam,1 BHK,500-1000 sqft,Valid,Chennai,Not available in source data,315,35
9474000,1193,Perungalathur,3,0,9,9,9,9,9,9,9,9,9,9,9,9,9,9,9,9,9,9,9,9,9,9,9,9,9,9,9,9,9,9,9,9,9,9,9,9474000,1193,3,7941.3243922883485,Perungalathur,3 BHK,1000-1500 sqft,Valid,Chennai,Not available in source data,315,35
15000000,580,Perungalathur,2,0,9,9,9,9,9,9,9,9,9,9,9,9,9,9,9,9,9,9,9,9,9,9,9,9,9,9,9,9,9,9,9,9,9,9,9,15000000,580,2,25862.068965517243,Perungalathur,2 BHK,500-1000 sqft,Valid,Chennai,Not available in source data,315,35
8512000,1450,Perungalathur,3,0,9,9,9,9,9,9,9,9,9,9,9,9,9,9,9,9,9,9,9,9,9,9,9,9,9,9,9,9,9,9,9,9,9,9,9,8512000,1450,3,5870.3448275862065,Perungalathur,3 BHK,1000-1500 sqft,Valid,Chennai,Not available in source data,315,35
4200000,1364,Mugalivakkam,3,0,9,9,9,9,9,9,9,9,9,9,9,9,9,9,9,9,9,9,9,9,9,9,9,9,9,9,9,9,9,9,9,9,9,9,9,4200000,1364,3,3079.1788856304984,Mugalivakkam,3 BHK,1000-1500 sqft,Valid,Chennai,Not available in source data,315,35
4300000,1657,Mogappair,3,0,9,9,9,9,9,9,9,9,9,9,9,9,9,9,9,9,9,9,9,9,9,9,9,9,9,9,9,9,9,9,9,9,9,9,9,4300000,1657,3,2595.051297525649,Mogappair,3 BHK,1500-2500 sqft,Valid,Chennai,Not available in source data,315,35
4400000,1333,Mogappair,2,0,9,9,9,9,9,9,9,9,9,9,9,9,9,9,9,9,9,9,9,9,9,9,9,9,9,9,9,9,9,9,9,9,9,9,9,4400000,1333,2,3300.8252063015752,Mogappair,2 BHK,1000-1500 sqft,Valid,Chennai,Not available in source data,315,35
4300000,1100,Iyyappanthangal,2,0,9,9,9,9,9,9,9,9,9,9,9,9,9,9,9,9,9,9,9,9,9,9,9,9,9,9,9,9,9,9,9,9,9,9,9,4300000,1100,2,3909.090909090909,Iyyappanthangal,2 BHK,1000-1500 sqft,Valid,Chennai,Not available in source data,315,35
10400000,1125,Iyyappanthangal,2,0,9,9,9,9,9,9,9,9,9,9,9,9,9,9,9,9,9,9,9,9,9,9,9,9,9,9,9,9,9,9,9,9,9,9,9,10400000,1125,2,9244.444444444445,Iyyappanthangal,2 BHK,1000-1500 sqft,Valid,Chennai,Not available in source data,315,35
6300000,1165,Iyyappanthangal,2,0,9,9,9,9,9,9,9,9,9,9,9,9,9,9,9,9,9,9,9,9,9,9,9,9,9,9,9,9,9,9,9,9,9,9,9,6300000,1165,2,5407.725321888412,Iyyappanthangal,2 BHK,1000-1500 sqft,Valid,Chennai,Not available in source data,315,35
6172000,1125,Iyyappanthangal,2,0,9,9,9,9,9,9,9,9,9,9,9,9,9,9,9,9,9,9,9,9,9,9,9,9,9,9,9,9,9,9,9,9,9,9,9,6172000,1125,2,5486.222222222223,Iyyappanthangal,2 BHK,1000-1500 sqft,Valid,Chennai,Not available in source data,315,35
6300000,1495,Iyappanthangal,3,1,9,9,9,9,9,9,9,9,9,9,9,9,9,9,9,9,9,9,9,9,9,9,9,9,9,9,9,9,9,9,9,9,9,9,9,6300000,1495,3,4214.046822742475,Iyappanthangal,3 BHK,1000-1500 sqft,Valid,Chennai,Not available in source data,315,35
5800000,1130,Iyappanthangal,2,0,9,9,9,9,9,9,9,9,9,9,9,9,9,9,9,9,9,9,9,9,9,9,9,9,9,9,9,9,9,9,9,9,9,9,9,5800000,1130,2,5132.743362831859,Iyappanthangal,2 BHK,1000-1500 sqft,Valid,Chennai,Not available in source data,315,35
9500000,1286,Kanathur Reddikuppam,2,0,9,9,9,9,9,9,9,9,9,9,9,9,9,9,9,9,9,9,9,9,9,9,9,9,9,9,9,9,9,9,9,9,9,9,9,9500000,1286,2,7387.2472783825815,Kanathur Reddikuppam,2 BHK,1000-1500 sqft,Valid,Chennai,Not available in source data,315,35
25400000,1130,Iyappanthangal,2,0,9,9,9,9,9,9,9,9,9,9,9,9,9,9,9,9,9,9,9,9,9,9,9,9,9,9,9,9,9,9,9,9,9,9,9,25400000,1130,2,22477.87610619469,Iyappanthangal,2 BHK,1000-1500 sqft,Valid,Chennai,Not available in source data,315,35
24400000,1090,Guduvancheri,3,0,9,9,9,9,9,9,9,9,9,9,9,9,9,9,9,9,9,9,9,9,9,9,9,9,9,9,9,9,9,9,9,9,9,9,9,24400000,1090,3,22385.32110091743,Guduvancheri,3 BHK,1000-1500 sqft,Valid,Chennai,Not available in source data,315,35
3000000,1312,Valasaravakkam,2,1,9,9,9,9,9,9,9,9,9,9,9,9,9,9,9,9,9,9,9,9,9,9,9,9,9,9,9,9,9,9,9,9,9,9,9,3000000,1312,2,2286.5853658536585,Valasaravakkam,2 BHK,1000-1500 sqft,Valid,Chennai,Not available in source data,315,35
3800000,1591,Egmore,3,0,9,9,9,9,9,9,9,9,9,9,9,9,9,9,9,9,9,9,9,9,9,9,9,9,9,9,9,9,9,9,9,9,9,9,9,3800000,1591,3,2388.4349465744813,Egmore,3 BHK,1500-2500 sqft,Valid,Chennai,Not available in source data,315,35
7200000,1526,Egmore,3,0,9,9,9,9,9,9,9,9,9,9,9,9,9,9,9,9,9,9,9,9,9,9,9,9,9,9,9,9,9,9,9,9,9,9,9,7200000,1526,3,4718.217562254259,Egmore,3 BHK,1500-2500 sqft,Valid,Chennai,Not available in source data,315,35
7420000,706,Madipakkam,2,1,9,9,9,9,9,9,9,9,9,9,9,9,9,9,9,9,9,9,9,9,9,9,9,9,9,9,9,9,9,9,9,9,9,9,9,7420000,706,2,10509.915014164306,Madipakkam,2 BHK,500-1000 sqft,Valid,Chennai,Not available in source data,315,35
6440000,787,Madipakkam,2,0,9,9,9,9,9,9,9,9,9,9,9,9,9,9,9,9,9,9,9,9,9,9,9,9,9,9,9,9,9,9,9,9,9,9,9,6440000,787,2,8182.97331639136,Madipakkam,2 BHK,500-1000 sqft,Valid,Chennai,Not available in source data,315,35
9613000,1458,Madipakkam,3,0,9,9,9,9,9,9,9,9,9,9,9,9,9,9,9,9,9,9,9,9,9,9,9,9,9,9,9,9,9,9,9,9,9,9,9,9613000,1458,3,6593.278463648834,Madipakkam,3 BHK,1000-1500 sqft,Valid,Chennai,Not available in source data,315,35
9613000,1060,Perambur,2,1,9,9,9,9,9,9,9,9,9,9,9,9,9,9,9,9,9,9,9,9,9,9,9,9,9,9,9,9,9,9,9,9,9,9,9,9613000,1060,2,9068.867924528302,Perambur,2 BHK,1000-1500 sqft,Valid,Chennai,Not available in source data,315,35
7416000,920,Perambur,2,1,9,9,9,9,9,9,9,9,9,9,9,9,9,9,9,9,9,9,9,9,9,9,9,9,9,9,9,9,9,9,9,9,9,9,9,7416000,920,2,8060.869565217391,Perambur,2 BHK,500-1000 sqft,Valid,Chennai,Not available in source data,315,35
11299999,1479,Maduravoyal,3,0,9,9,9,9,9,9,9,9,9,9,9,9,9,9,9,9,9,9,9,9,9,9,9,9,9,9,9,9,9,9,9,9,9,9,9,11299999,1479,3,7640.296822177147,Maduravoyal,3 BHK,1000-1500 sqft,Valid,Chennai,Not available in source data,315,35
7026000,1479,Valasaravakkam,3,0,9,9,9,9,9,9,9,9,9,9,9,9,9,9,9,9,9,9,9,9,9,9,9,9,9,9,9,9,9,9,9,9,9,9,9,7026000,1479,3,4750.507099391481,Valasaravakkam,3 BHK,1000-1500 sqft,Valid,Chennai,Not available in source data,315,35
6083000,1141,Valasaravakkam,2,0,9,9,9,9,9,9,9,9,9,9,9,9,9,9,9,9,9,9,9,9,9,9,9,9,9,9,9,9,9,9,9,9,9,9,9,6083000,1141,2,5331.288343558283,Valasaravakkam,2 BHK,1000-1500 sqft,Valid,Chennai,Not available in source data,315,35
4153000,2343,Navallur,4,0,9,9,9,9,9,9,9,9,9,9,9,9,9,9,9,9,9,9,9,9,9,9,9,9,9,9,9,9,9,9,9,9,9,9,9,4153000,2343,4,1772.5138711054203,Navallur,4 BHK,1500-2500 sqft,Valid,Chennai,Not available in source data,315,35
3553000,1579,Navallur,3,0,9,9,9,9,9,9,9,9,9,9,9,9,9,9,9,9,9,9,9,9,9,9,9,9,9,9,9,9,9,9,9,9,9,9,9,3553000,1579,3,2250.1583280557315,Navallur,3 BHK,1500-2500 sqft,Valid,Chennai,Not available in source data,315,35
7152000,1106,Mugalivakkam,2,0,9,9,9,9,9,9,9,9,9,9,9,9,9,9,9,9,9,9,9,9,9,9,9,9,9,9,9,9,9,9,9,9,9,9,9,7152000,1106,2,6466.546112115732,Mugalivakkam,2 BHK,1000-1500 sqft,Valid,Chennai,Not available in source data,315,35
11100000,989,Gerugambakkam,2,0,9,9,9,9,9,9,9,9,9,9,9,9,9,9,9,9,9,9,9,9,9,9,9,9,9,9,9,9,9,9,9,9,9,9,9,11100000,989,2,11223.458038422648,Gerugambakkam,2 BHK,500-1000 sqft,Valid,Chennai,Not available in source data,315,35
8981000,846,Gerugambakkam,2,0,9,9,9,9,9,9,9,9,9,9,9,9,9,9,9,9,9,9,9,9,9,9,9,9,9,9,9,9,9,9,9,9,9,9,9,8981000,846,2,10615.839243498818,Gerugambakkam,2 BHK,500-1000 sqft,Valid,Chennai,Not available in source data,315,35
3289000,974,Gowrivakkam,2,0,9,9,9,9,9,9,9,9,9,9,9,9,9,9,9,9,9,9,9,9,9,9,9,9,9,9,9,9,9,9,9,9,9,9,9,3289000,974,2,3376.7967145790553,Gowrivakkam,2 BHK,500-1000 sqft,Valid,Chennai,Not available in source data,315,35
6400000,1474,Mugalivakkam,3,0,9,9,9,9,9,9,9,9,9,9,9,9,9,9,9,9,9,9,9,9,9,9,9,9,9,9,9,9,9,9,9,9,9,9,9,6400000,1474,3,4341.926729986431,Mugalivakkam,3 BHK,1000-1500 sqft,Valid,Chennai,Not available in source data,315,35
4710000,1633,Mugalivakkam,3,0,9,9,9,9,9,9,9,9,9,9,9,9,9,9,9,9,9,9,9,9,9,9,9,9,9,9,9,9,9,9,9,9,9,9,9,4710000,1633,3,2884.26209430496,Mugalivakkam,3 BHK,1500-2500 sqft,Valid,Chennai,Not available in source data,315,35
4737000,598,Mugalivakkam,1,0,9,9,9,9,9,9,9,9,9,9,9,9,9,9,9,9,9,9,9,9,9,9,9,9,9,9,9,9,9,9,9,9,9,9,9,4737000,598,1,7921.4046822742475,Mugalivakkam,1 BHK,500-1000 sqft,Valid,Chennai,Not available in source data,315,35
6717000,1240,Pallikaranai,2,0,9,9,9,9,9,9,9,9,9,9,9,9,9,9,9,9,9,9,9,9,9,9,9,9,9,9,9,9,9,9,9,9,9,9,9,6717000,1240,2,5416.935483870968,Pallikaranai,2 BHK,1000-1500 sqft,Valid,Chennai,Not available in source data,315,35
5821000,1047,Ambattur,2,0,9,9,9,9,9,9,9,9,9,9,9,9,9,9,9,9,9,9,9,9,9,9,9,9,9,9,9,9,9,9,9,9,9,9,9,5821000,1047,2,5559.694364851958,Ambattur,2 BHK,1000-1500 sqft,Valid,Chennai,Not available in source data,315,35
6730000,1053,Ambattur,2,0,9,9,9,9,9,9,9,9,9,9,9,9,9,9,9,9,9,9,9,9,9,9,9,9,9,9,9,9,9,9,9,9,9,9,9,6730000,1053,2,6391.263057929725,Ambattur,2 BHK,1000-1500 sqft,Valid,Chennai,Not available in source data,315,35
5695000,1493,Ambattur,3,0,9,9,9,9,9,9,9,9,9,9,9,9,9,9,9,9,9,9,9,9,9,9,9,9,9,9,9,9,9,9,9,9,9,9,9,5695000,1493,3,3814.4675150703283,Ambattur,3 BHK,1000-1500 sqft,Valid,Chennai,Not available in source data,315,35
5682000,1294,Ambattur,3,0,9,9,9,9,9,9,9,9,9,9,9,9,9,9,9,9,9,9,9,9,9,9,9,9,9,9,9,9,9,9,9,9,9,9,9,5682000,1294,3,4391.0355486862445,Ambattur,3 BHK,1000-1500 sqft,Valid,Chennai,Not available in source data,315,35
6739000,1496,Ambattur,3,0,9,9,9,9,9,9,9,9,9,9,9,9,9,9,9,9,9,9,9,9,9,9,9,9,9,9,9,9,9,9,9,9,9,9,9,6739000,1496,3,4504.679144385027,Ambattur,3 BHK,1000-1500 sqft,Valid,Chennai,Not available in source data,315,35
5385000,1266,Ambattur,3,0,9,9,9,9,9,9,9,9,9,9,9,9,9,9,9,9,9,9,9,9,9,9,9,9,9,9,9,9,9,9,9,9,9,9,9,5385000,1266,3,4253.554502369669,Ambattur,3 BHK,1000-1500 sqft,Valid,Chennai,Not available in source data,315,35
4702000,1263,Ambattur,3,0,9,9,9,9,9,9,9,9,9,9,9,9,9,9,9,9,9,9,9,9,9,9,9,9,9,9,9,9,9,9,9,9,9,9,9,4702000,1263,3,3722.882026920032,Ambattur,3 BHK,1000-1500 sqft,Valid,Chennai,Not available in source data,315,35
2358000,1498,Ambattur,3,0,9,9,9,9,9,9,9,9,9,9,9,9,9,9,9,9,9,9,9,9,9,9,9,9,9,9,9,9,9,9,9,9,9,9,9,2358000,1498,3,1574.098798397864,Ambattur,3 BHK,1000-1500 sqft,Valid,Chennai,Not available in source data,315,35
2340000,1436,Thalambur,3,0,9,9,9,9,9,9,9,9,9,9,9,9,9,9,9,9,9,9,9,9,9,9,9,9,9,9,9,9,9,9,9,9,9,9,9,2340000,1436,3,1629.5264623955431,Thalambur,3 BHK,1000-1500 sqft,Valid,Chennai,Not available in source data,315,35
3701000,1254,Thalambur,2,0,9,9,9,9,9,9,9,9,9,9,9,9,9,9,9,9,9,9,9,9,9,9,9,9,9,9,9,9,9,9,9,9,9,9,9,3701000,1254,2,2951.3556618819775,Thalambur,2 BHK,1000-1500 sqft,Valid,Chennai,Not available in source data,315,35
3543000,629,Thalambur,1,0,9,9,9,9,9,9,9,9,9,9,9,9,9,9,9,9,9,9,9,9,9,9,9,9,9,9,9,9,9,9,9,9,9,9,9,3543000,629,1,5632.75039745628,Thalambur,1 BHK,500-1000 sqft,Valid,Chennai,Not available in source data,315,35
4762000,624,Thalambur,1,0,9,9,9,9,9,9,9,9,9,9,9,9,9,9,9,9,9,9,9,9,9,9,9,9,9,9,9,9,9,9,9,9,9,9,9,4762000,624,1,7631.410256410257,Thalambur,1 BHK,500-1000 sqft,Valid,Chennai,Not available in source data,315,35
11299999,987,Thalambur,2,0,9,9,9,9,9,9,9,9,9,9,9,9,9,9,9,9,9,9,9,9,9,9,9,9,9,9,9,9,9,9,9,9,9,9,9,11299999,987,2,11448.833839918947,Thalambur,2 BHK,500-1000 sqft,Valid,Chennai,Not available in source data,315,35
7026000,945,Thalambur,2,0,9,9,9,9,9,9,9,9,9,9,9,9,9,9,9,9,9,9,9,9,9,9,9,9,9,9,9,9,9,9,9,9,9,9,9,7026000,945,2,7434.920634920635,Thalambur,2 BHK,500-1000 sqft,Valid,Chennai,Not available in source data,315,35
2340000,1270,Thalambur,2,0,9,9,9,9,9,9,9,9,9,9,9,9,9,9,9,9,9,9,9,9,9,9,9,9,9,9,9,9,9,9,9,9,9,9,9,2340000,1270,2,1842.5196850393702,Thalambur,2 BHK,1000-1500 sqft,Valid,Chennai,Not available in source data,315,35
3701000,2343,Navallur,4,0,9,9,9,9,9,9,9,9,9,9,9,9,9,9,9,9,9,9,9,9,9,9,9,9,9,9,9,9,9,9,9,9,9,9,9,3701000,2343,4,1579.5988049509176,Navallur,4 BHK,1500-2500 sqft,Valid,Chennai,Not available in source data,315,35
3543000,1579,Navallur,3,0,9,9,9,9,9,9,9,9,9,9,9,9,9,9,9,9,9,9,9,9,9,9,9,9,9,9,9,9,9,9,9,9,9,9,9,3543000,1579,3,2243.8252058264725,Navallur,3 BHK,1500-2500 sqft,Valid,Chennai,Not available in source data,315,35
6400000,987,Thalambur,2,0,9,9,9,9,9,9,9,9,9,9,9,9,9,9,9,9,9,9,9,9,9,9,9,9,9,9,9,9,9,9,9,9,9,9,9,6400000,987,2,6484.295845997974,Thalambur,2 BHK,500-1000 sqft,Valid,Chennai,Not available in source data,315,35
8400000,945,Thalambur,2,0,9,9,9,9,9,9,9,9,9,9,9,9,9,9,9,9,9,9,9,9,9,9,9,9,9,9,9,9,9,9,9,9,9,9,9,8400000,945,2,8888.888888888889,Thalambur,2 BHK,500-1000 sqft,Valid,Chennai,Not available in source data,315,35
6312000,1270,Thalambur,2,0,9,9,9,9,9,9,9,9,9,9,9,9,9,9,9,9,9,9,9,9,9,9,9,9,9,9,9,9,9,9,9,9,9,9,9,6312000,1270,2,4970.078740157481,Thalambur,2 BHK,1000-1500 sqft,Valid,Chennai,Not available in source data,315,35
12000000,1240,Pallikaranai,2,0,9,9,9,9,9,9,9,9,9,9,9,9,9,9,9,9,9,9,9,9,9,9,9,9,9,9,9,9,9,9,9,9,9,9,9,12000000,1240,2,9677.41935483871,Pallikaranai,2 BHK,1000-1500 sqft,Valid,Chennai,Not available in source data,315,35
7931999,1504,Navallur,3,0,9,9,9,9,9,9,9,9,9,9,9,9,9,9,9,9,9,9,9,9,9,9,9,9,9,9,9,9,9,9,9,9,9,9,9,7931999,1504,3,5273.935505319149,Navallur,3 BHK,1500-2500 sqft,Valid,Chennai,Not available in source data,315,35
7403000,1058,Navallur,2,0,9,9,9,9,9,9,9,9,9,9,9,9,9,9,9,9,9,9,9,9,9,9,9,9,9,9,9,9,9,9,9,9,9,9,9,7403000,1058,2,6997.164461247637,Navallur,2 BHK,1000-1500 sqft,Valid,Chennai,Not available in source data,315,35
8013000,1833,Ambattur,3,1,9,9,9,9,9,9,9,9,9,9,9,9,9,9,9,9,9,9,9,9,9,9,9,9,9,9,9,9,9,9,9,9,9,9,9,8013000,1833,3,4371.52209492635,Ambattur,3 BHK,1500-2500 sqft,Valid,Chennai,Not available in source data,315,35
6663000,1469,Vengaivasal,3,0,9,9,9,9,9,9,9,9,9,9,9,9,9,9,9,9,9,9,9,9,9,9,9,9,9,9,9,9,9,9,9,9,9,9,9,6663000,1469,3,4535.7385976855,Vengaivasal,3 BHK,1000-1500 sqft,Valid,Chennai,Not available in source data,315,35
49900000,1371,Vengaivasal,3,0,9,9,9,9,9,9,9,9,9,9,9,9,9,9,9,9,9,9,9,9,9,9,9,9,9,9,9,9,9,9,9,9,9,9,9,49900000,1371,3,36396.79066374909,Vengaivasal,3 BHK,1000-1500 sqft,Valid,Chennai,Not available in source data,315,35
5050000,1484,Vengaivasal,3,0,9,9,9,9,9,9,9,9,9,9,9,9,9,9,9,9,9,9,9,9,9,9,9,9,9,9,9,9,9,9,9,9,9,9,9,5050000,1484,3,3402.9649595687333,Vengaivasal,3 BHK,1000-1500 sqft,Valid,Chennai,Not available in source data,315,35
3342000,1234,Vengaivasal,2,0,9,9,9,9,9,9,9,9,9,9,9,9,9,9,9,9,9,9,9,9,9,9,9,9,9,9,9,9,9,9,9,9,9,9,9,3342000,1234,2,2708.265802269044,Vengaivasal,2 BHK,1000-1500 sqft,Valid,Chennai,Not available in source data,315,35
2470000,2777,Raja Annamalai Puram,3,0,9,9,9,9,9,9,9,9,9,9,9,9,9,9,9,9,9,9,9,9,9,9,9,9,9,9,9,9,9,9,9,9,9,9,9,2470000,2777,3,889.4490457328052,Raja Annamalai Puram,3 BHK,2500+ sqft,Valid,Chennai,Not available in source data,315,35
9980000,1378,Vandalur,3,0,9,9,9,9,9,9,9,9,9,9,9,9,9,9,9,9,9,9,9,9,9,9,9,9,9,9,9,9,9,9,9,9,9,9,9,9980000,1378,3,7242.380261248186,Vandalur,3 BHK,1000-1500 sqft,Valid,Chennai,Not available in source data,315,35
9937000,748,Padur,2,1,9,9,9,9,9,9,9,9,9,9,9,9,9,9,9,9,9,9,9,9,9,9,9,9,9,9,9,9,9,9,9,9,9,9,9,9937000,748,2,13284.75935828877,Padur,2 BHK,500-1000 sqft,Valid,Chennai,Not available in source data,315,35
4928000,690,Guduvancheri,2,0,9,9,9,9,9,9,9,9,9,9,9,9,9,9,9,9,9,9,9,9,9,9,9,9,9,9,9,9,9,9,9,9,9,9,9,4928000,690,2,7142.028985507246,Guduvancheri,2 BHK,500-1000 sqft,Valid,Chennai,Not available in source data,315,35
7198999,2333,Padur,4,0,9,9,9,9,9,9,9,9,9,9,9,9,9,9,9,9,9,9,9,9,9,9,9,9,9,9,9,9,9,9,9,9,9,9,9,7198999,2333,4,3085.726103729104,Padur,4 BHK,1500-2500 sqft,Valid,Chennai,Not available in source data,315,35
9548000,2323,Padur,4,0,9,9,9,9,9,9,9,9,9,9,9,9,9,9,9,9,9,9,9,9,9,9,9,9,9,9,9,9,9,9,9,9,9,9,9,9548000,2323,4,4110.202324580284,Padur,4 BHK,1500-2500 sqft,Valid,Chennai,Not available in source data,315,35
49900000,1152,Padur,2,0,9,9,9,9,9,9,9,9,9,9,9,9,9,9,9,9,9,9,9,9,9,9,9,9,9,9,9,9,9,9,9,9,9,9,9,49900000,1152,2,43315.97222222222,Padur,2 BHK,1000-1500 sqft,Valid,Chennai,Not available in source data,315,35
5050000,1683,Padur,3,0,9,9,9,9,9,9,9,9,9,9,9,9,9,9,9,9,9,9,9,9,9,9,9,9,9,9,9,9,9,9,9,9,9,9,9,5050000,1683,3,3000.5941770647655,Padur,3 BHK,1500-2500 sqft,Valid,Chennai,Not available in source data,315,35
2458000,2232,Padur,4,0,9,9,9,9,9,9,9,9,9,9,9,9,9,9,9,9,9,9,9,9,9,9,9,9,9,9,9,9,9,9,9,9,9,9,9,2458000,2232,4,1101.2544802867383,Padur,4 BHK,1500-2500 sqft,Valid,Chennai,Not available in source data,315,35
9900000,2777,Raja Annamalai Puram,3,0,9,9,9,9,9,9,9,9,9,9,9,9,9,9,9,9,9,9,9,9,9,9,9,9,9,9,9,9,9,9,9,9,9,9,9,9900000,2777,3,3564.998199495859,Raja Annamalai Puram,3 BHK,2500+ sqft,Valid,Chennai,Not available in source data,315,35
3244000,1378,Vandalur,3,0,9,9,9,9,9,9,9,9,9,9,9,9,9,9,9,9,9,9,9,9,9,9,9,9,9,9,9,9,9,9,9,9,9,9,9,3244000,1378,3,2354.136429608128,Vandalur,3 BHK,1000-1500 sqft,Valid,Chennai,Not available in source data,315,35
6773999,523,Nanmangalam,1,0,9,9,9,9,9,9,9,9,9,9,9,9,9,9,9,9,9,9,9,9,9,9,9,9,9,9,9,9,9,9,9,9,9,9,9,6773999,523,1,12952.196940726577,Nanmangalam,1 BHK,500-1000 sqft,Valid,Chennai,Not available in source data,315,35
7073000,1436,Pallikaranai,3,1,9,9,9,9,9,9,9,9,9,9,9,9,9,9,9,9,9,9,9,9,9,9,9,9,9,9,9,9,9,9,9,9,9,9,9,7073000,1436,3,4925.487465181059,Pallikaranai,3 BHK,1000-1500 sqft,Valid,Chennai,Not available in source data,315,35
5965000,721,Ambattur,2,0,9,9,9,9,9,9,9,9,9,9,9,9,9,9,9,9,9,9,9,9,9,9,9,9,9,9,9,9,9,9,9,9,9,9,9,5965000,721,2,8273.231622746185,Ambattur,2 BHK,500-1000 sqft,Valid,Chennai,Not available in source data,315,35
35100000,1130,Porur,2,0,9,9,9,9,9,9,9,9,9,9,9,9,9,9,9,9,9,9,9,9,9,9,9,9,9,9,9,9,9,9,9,9,9,9,9,35100000,1130,2,31061.94690265487,Porur,2 BHK,1000-1500 sqft,Valid,Chennai,Not available in source data,315,35
10500000,962,Gowrivakkam,2,0,9,9,9,9,9,9,9,9,9,9,9,9,9,9,9,9,9,9,9,9,9,9,9,9,9,9,9,9,9,9,9,9,9,9,9,10500000,962,2,10914.760914760915,Gowrivakkam,2 BHK,500-1000 sqft,Valid,Chennai,Not available in source data,315,35
9453000,1250,Madambakkam,3,0,9,9,9,9,9,9,9,9,9,9,9,9,9,9,9,9,9,9,9,9,9,9,9,9,9,9,9,9,9,9,9,9,9,9,9,9453000,1250,3,7562.4,Madambakkam,3 BHK,1000-1500 sqft,Valid,Chennai,Not available in source data,315,35
30700000,4682,Sholinganallur,4,0,9,9,9,9,9,9,9,9,9,9,9,9,9,9,9,9,9,9,9,9,9,9,9,9,9,9,9,9,9,9,9,9,9,9,9,30700000,4682,4,6557.026911576249,Sholinganallur,4 BHK,2500+ sqft,Valid,Chennai,Not available in source data,315,35
10600000,1838,Sholinganallur,3,0,9,9,9,9,9,9,9,9,9,9,9,9,9,9,9,9,9,9,9,9,9,9,9,9,9,9,9,9,9,9,9,9,9,9,9,10600000,1838,3,5767.138193688792,Sholinganallur,3 BHK,1500-2500 sqft,Valid,Chennai,Not available in source data,315,35
34200000,1644,Sholinganallur,3,0,9,9,9,9,9,9,9,9,9,9,9,9,9,9,9,9,9,9,9,9,9,9,9,9,9,9,9,9,9,9,9,9,9,9,9,34200000,1644,3,20802.919708029196,Sholinganallur,3 BHK,1500-2500 sqft,Valid,Chennai,Not available in source data,315,35
12900000,4105,Sholinganallur,4,0,9,9,9,9,9,9,9,9,9,9,9,9,9,9,9,9,9,9,9,9,9,9,9,9,9,9,9,9,9,9,9,9,9,9,9,12900000,4105,4,3142.5091352009745,Sholinganallur,4 BHK,2500+ sqft,Valid,Chennai,Not available in source data,315,35
35500000,1846,Sholinganallur,3,0,9,9,9,9,9,9,9,9,9,9,9,9,9,9,9,9,9,9,9,9,9,9,9,9,9,9,9,9,9,9,9,9,9,9,9,35500000,1846,3,19230.76923076923,Sholinganallur,3 BHK,1500-2500 sqft,Valid,Chennai,Not available in source data,315,35
8924000,4026,Sholinganallur,4,0,9,9,9,9,9,9,9,9,9,9,9,9,9,9,9,9,9,9,9,9,9,9,9,9,9,9,9,9,9,9,9,9,9,9,9,8924000,4026,4,2216.5921510183807,Sholinganallur,4 BHK,2500+ sqft,Valid,Chennai,Not available in source data,315,35
10800000,2250,Sholinganallur,3,0,9,9,9,9,9,9,9,9,9,9,9,9,9,9,9,9,9,9,9,9,9,9,9,9,9,9,9,9,9,9,9,9,9,9,9,10800000,2250,3,4800.0,Sholinganallur,3 BHK,1500-2500 sqft,Valid,Chennai,Not available in source data,315,35
40100000,4736,Sholinganallur,4,0,9,9,9,9,9,9,9,9,9,9,9,9,9,9,9,9,9,9,9,9,9,9,9,9,9,9,9,9,9,9,9,9,9,9,9,40100000,4736,4,8467.06081081081,Sholinganallur,4 BHK,2500+ sqft,Valid,Chennai,Not available in source data,315,35
33300000,1552,Sholinganallur,3,0,9,9,9,9,9,9,9,9,9,9,9,9,9,9,9,9,9,9,9,9,9,9,9,9,9,9,9,9,9,9,9,9,9,9,9,33300000,1552,3,21456.18556701031,Sholinganallur,3 BHK,1500-2500 sqft,Valid,Chennai,Not available in source data,315,35
33300000,1889,Sholinganallur,3,0,9,9,9,9,9,9,9,9,9,9,9,9,9,9,9,9,9,9,9,9,9,9,9,9,9,9,9,9,9,9,9,9,9,9,9,33300000,1889,3,17628.374801482267,Sholinganallur,3 BHK,1500-2500 sqft,Valid,Chennai,Not available in source data,315,35
35100000,4727,Sholinganallur,4,0,9,9,9,9,9,9,9,9,9,9,9,9,9,9,9,9,9,9,9,9,9,9,9,9,9,9,9,9,9,9,9,9,9,9,9,35100000,4727,4,7425.428390099429,Sholinganallur,4 BHK,2500+ sqft,Valid,Chennai,Not available in source data,315,35
9522000,4452,Sholinganallur,4,0,9,9,9,9,9,9,9,9,9,9,9,9,9,9,9,9,9,9,9,9,9,9,9,9,9,9,9,9,9,9,9,9,9,9,9,9522000,4452,4,2138.814016172507,Sholinganallur,4 BHK,2500+ sqft,Valid,Chennai,Not available in source data,315,35
32400000,4451,Sholinganallur,4,0,9,9,9,9,9,9,9,9,9,9,9,9,9,9,9,9,9,9,9,9,9,9,9,9,9,9,9,9,9,9,9,9,9,9,9,32400000,4451,4,7279.263086946754,Sholinganallur,4 BHK,2500+ sqft,Valid,Chennai,Not available in source data,315,35
10600000,4690,Sholinganallur,4,0,9,9,9,9,9,9,9,9,9,9,9,9,9,9,9,9,9,9,9,9,9,9,9,9,9,9,9,9,9,9,9,9,9,9,9,10600000,4690,4,2260.1279317697226,Sholinganallur,4 BHK,2500+ sqft,Valid,Chennai,Not available in source data,315,35
32200000,1656,Sholinganallur,3,0,9,9,9,9,9,9,9,9,9,9,9,9,9,9,9,9,9,9,9,9,9,9,9,9,9,9,9,9,9,9,9,9,9,9,9,32200000,1656,3,19444.444444444445,Sholinganallur,3 BHK,1500-2500 sqft,Valid,Chennai,Not available in source data,315,35
4640000,4321,Sholinganallur,4,0,9,9,9,9,9,9,9,9,9,9,9,9,9,9,9,9,9,9,9,9,9,9,9,9,9,9,9,9,9,9,9,9,9,9,9,4640000,4321,4,1073.8255033557048,Sholinganallur,4 BHK,2500+ sqft,Valid,Chennai,Not available in source data,315,35
3500000,1859,Sholinganallur,3,0,9,9,9,9,9,9,9,9,9,9,9,9,9,9,9,9,9,9,9,9,9,9,9,9,9,9,9,9,9,9,9,9,9,9,9,3500000,1859,3,1882.7326519634212,Sholinganallur,3 BHK,1500-2500 sqft,Valid,Chennai,Not available in source data,315,35
4456000,4297,Sholinganallur,4,0,9,9,9,9,9,9,9,9,9,9,9,9,9,9,9,9,9,9,9,9,9,9,9,9,9,9,9,9,9,9,9,9,9,9,9,4456000,4297,4,1037.0025599255293,Sholinganallur,4 BHK,2500+ sqft,Valid,Chennai,Not available in source data,315,35
4445000,1037,Ayanambakkam,2,0,9,9,9,9,9,9,9,9,9,9,9,9,9,9,9,9,9,9,9,9,9,9,9,9,9,9,9,9,9,9,9,9,9,9,9,4445000,1037,2,4286.403085824494,Ayanambakkam,2 BHK,1000-1500 sqft,Valid,Chennai,Not available in source data,315,35
35100000,777,Nanmangalam,2,0,9,9,9,9,9,9,9,9,9,9,9,9,9,9,9,9,9,9,9,9,9,9,9,9,9,9,9,9,9,9,9,9,9,9,9,35100000,777,2,45173.74517374517,Nanmangalam,2 BHK,500-1000 sqft,Valid,Chennai,Not available in source data,315,35
8303000,992,Nanmangalam,2,0,9,9,9,9,9,9,9,9,9,9,9,9,9,9,9,9,9,9,9,9,9,9,9,9,9,9,9,9,9,9,9,9,9,9,9,8303000,992,2,8369.959677419354,Nanmangalam,2 BHK,500-1000 sqft,Valid,Chennai,Not available in source data,315,35
10500000,980,Madambakkam,2,0,9,9,9,9,9,9,9,9,9,9,9,9,9,9,9,9,9,9,9,9,9,9,9,9,9,9,9,9,9,9,9,9,9,9,9,10500000,980,2,10714.285714285714,Madambakkam,2 BHK,500-1000 sqft,Valid,Chennai,Not available in source data,315,35
9453000,4682,Sholinganallur,4,0,9,9,9,9,9,9,9,9,9,9,9,9,9,9,9,9,9,9,9,9,9,9,9,9,9,9,9,9,9,9,9,9,9,9,9,9453000,4682,4,2019.0089705254165,Sholinganallur,4 BHK,2500+ sqft,Valid,Chennai,Not available in source data,315,35
30700000,1444,Sholinganallur,3,0,9,9,9,9,9,9,9,9,9,9,9,9,9,9,9,9,9,9,9,9,9,9,9,9,9,9,9,9,9,9,9,9,9,9,9,30700000,1444,3,21260.387811634348,Sholinganallur,3 BHK,1000-1500 sqft,Valid,Chennai,Not available in source data,315,35
7844000,4026,Sholinganallur,4,0,9,9,9,9,9,9,9,9,9,9,9,9,9,9,9,9,9,9,9,9,9,9,9,9,9,9,9,9,9,9,9,9,9,9,9,7844000,4026,4,1948.3358171882762,Sholinganallur,4 BHK,2500+ sqft,Valid,Chennai,Not available in source data,315,35
4147999,2250,Sholinganallur,3,0,9,9,9,9,9,9,9,9,9,9,9,9,9,9,9,9,9,9,9,9,9,9,9,9,9,9,9,9,9,9,9,9,9,9,9,4147999,2250,3,1843.555111111111,Sholinganallur,3 BHK,1500-2500 sqft,Valid,Chennai,Not available in source data,315,35
7848999,4736,Sholinganallur,4,0,9,9,9,9,9,9,9,9,9,9,9,9,9,9,9,9,9,9,9,9,9,9,9,9,9,9,9,9,9,9,9,9,9,9,9,7848999,4736,4,1657.3055320945946,Sholinganallur,4 BHK,2500+ sqft,Valid,Chennai,Not available in source data,315,35
7880000,1753,Ayanambakkam,3,0,9,9,9,9,9,9,9,9,9,9,9,9,9,9,9,9,9,9,9,9,9,9,9,9,9,9,9,9,9,9,9,9,9,9,9,7880000,1753,3,4495.151169423845,Ayanambakkam,3 BHK,1500-2500 sqft,Valid,Chennai,Not available in source data,315,35
4170000,927,Ayanambakkam,2,0,9,9,9,9,9,9,9,9,9,9,9,9,9,9,9,9,9,9,9,9,9,9,9,9,9,9,9,9,9,9,9,9,9,9,9,4170000,927,2,4498.3818770226535,Ayanambakkam,2 BHK,500-1000 sqft,Valid,Chennai,Not available in source data,315,35
7804000,1754,Ayanambakkam,3,0,9,9,9,9,9,9,9,9,9,9,9,9,9,9,9,9,9,9,9,9,9,9,9,9,9,9,9,9,9,9,9,9,9,9,9,7804000,1754,3,4449.258836944127,Ayanambakkam,3 BHK,1500-2500 sqft,Valid,Chennai,Not available in source data,315,35
7813000,1761,Ayanambakkam,3,0,9,9,9,9,9,9,9,9,9,9,9,9,9,9,9,9,9,9,9,9,9,9,9,9,9,9,9,9,9,9,9,9,9,9,9,7813000,1761,3,4436.683702441795,Ayanambakkam,3 BHK,1500-2500 sqft,Valid,Chennai,Not available in source data,315,35
4680000,932,Ayanambakkam,2,0,9,9,9,9,9,9,9,9,9,9,9,9,9,9,9,9,9,9,9,9,9,9,9,9,9,9,9,9,9,9,9,9,9,9,9,4680000,932,2,5021.459227467811,Ayanambakkam,2 BHK,500-1000 sqft,Valid,Chennai,Not available in source data,315,35
4676000,1744,Ayanambakkam,3,0,9,9,9,9,9,9,9,9,9,9,9,9,9,9,9,9,9,9,9,9,9,9,9,9,9,9,9,9,9,9,9,9,9,9,9,4676000,1744,3,2681.1926605504586,Ayanambakkam,3 BHK,1500-2500 sqft,Valid,Chennai,Not available in source data,315,35
4667000,1746,Ayanambakkam,3,0,9,9,9,9,9,9,9,9,9,9,9,9,9,9,9,9,9,9,9,9,9,9,9,9,9,9,9,9,9,9,9,9,9,9,9,4667000,1746,3,2672.966781214204,Ayanambakkam,3 BHK,1500-2500 sqft,Valid,Chennai,Not available in source data,315,35
4654000,1046,Ayanambakkam,2,0,9,9,9,9,9,9,9,9,9,9,9,9,9,9,9,9,9,9,9,9,9,9,9,9,9,9,9,9,9,9,9,9,9,9,9,4654000,1046,2,4449.330783938814,Ayanambakkam,2 BHK,1000-1500 sqft,Valid,Chennai,Not available in source data,315,35
4698000,1045,Ayanambakkam,2,0,9,9,9,9,9,9,9,9,9,9,9,9,9,9,9,9,9,9,9,9,9,9,9,9,9,9,9,9,9,9,9,9,9,9,9,4698000,1045,2,4495.693779904306,Ayanambakkam,2 BHK,1000-1500 sqft,Valid,Chennai,Not available in source data,315,35
4694000,1043,Ayanambakkam,2,0,9,9,9,9,9,9,9,9,9,9,9,9,9,9,9,9,9,9,9,9,9,9,9,9,9,9,9,9,9,9,9,9,9,9,9,4694000,1043,2,4500.479386385427,Ayanambakkam,2 BHK,1000-1500 sqft,Valid,Chennai,Not available in source data,315,35
4609000,1040,Ayanambakkam,2,0,9,9,9,9,9,9,9,9,9,9,9,9,9,9,9,9,9,9,9,9,9,9,9,9,9,9,9,9,9,9,9,9,9,9,9,4609000,1040,2,4431.7307692307695,Ayanambakkam,2 BHK,1000-1500 sqft,Valid,Chennai,Not available in source data,315,35
4604000,1050,Ayanambakkam,2,0,9,9,9,9,9,9,9,9,9,9,9,9,9,9,9,9,9,9,9,9,9,9,9,9,9,9,9,9,9,9,9,9,9,9,9,4604000,1050,2,4384.761904761905,Ayanambakkam,2 BHK,1000-1500 sqft,Valid,Chennai,Not available in source data,315,35
4649000,1049,Ayanambakkam,2,0,9,9,9,9,9,9,9,9,9,9,9,9,9,9,9,9,9,9,9,9,9,9,9,9,9,9,9,9,9,9,9,9,9,9,9,4649000,1049,2,4431.839847473784,Ayanambakkam,2 BHK,1000-1500 sqft,Valid,Chennai,Not available in source data,315,35
4645000,1030,Ayanambakkam,2,0,9,9,9,9,9,9,9,9,9,9,9,9,9,9,9,9,9,9,9,9,9,9,9,9,9,9,9,9,9,9,9,9,9,9,9,4645000,1030,2,4509.708737864078,Ayanambakkam,2 BHK,1000-1500 sqft,Valid,Chennai,Not available in source data,315,35
4264000,1029,Ayanambakkam,2,0,9,9,9,9,9,9,9,9,9,9,9,9,9,9,9,9,9,9,9,9,9,9,9,9,9,9,9,9,9,9,9,9,9,9,9,4264000,1029,2,4143.828960155491,Ayanambakkam,2 BHK,1000-1500 sqft,Valid,Chennai,Not available in source data,315,35
4260000,1039,Ayanambakkam,2,0,9,9,9,9,9,9,9,9,9,9,9,9,9,9,9,9,9,9,9,9,9,9,9,9,9,9,9,9,9,9,9,9,9,9,9,4260000,1039,2,4100.09624639076,Ayanambakkam,2 BHK,1000-1500 sqft,Valid,Chennai,Not available in source data,315,35
4255000,1038,Ayanambakkam,2,0,9,9,9,9,9,9,9,9,9,9,9,9,9,9,9,9,9,9,9,9,9,9,9,9,9,9,9,9,9,9,9,9,9,9,9,4255000,1038,2,4099.2292870905585,Ayanambakkam,2 BHK,1000-1500 sqft,Valid,Chennai,Not available in source data,315,35
6480000,953,Ayanambakkam,2,0,9,9,9,9,9,9,9,9,9,9,9,9,9,9,9,9,9,9,9,9,9,9,9,9,9,9,9,9,9,9,9,9,9,9,9,6480000,953,2,6799.580272822665,Ayanambakkam,2 BHK,500-1000 sqft,Valid,Chennai,Not available in source data,315,35
4435000,952,Ayanambakkam,2,0,9,9,9,9,9,9,9,9,9,9,9,9,9,9,9,9,9,9,9,9,9,9,9,9,9,9,9,9,9,9,9,9,9,9,9,4435000,952,2,4658.6134453781515,Ayanambakkam,2 BHK,500-1000 sqft,Valid,Chennai,Not available in source data,315,35
6570999,951,Ayanambakkam,2,0,9,9,9,9,9,9,9,9,9,9,9,9,9,9,9,9,9,9,9,9,9,9,9,9,9,9,9,9,9,9,9,9,9,9,9,6570999,951,2,6909.567823343848,Ayanambakkam,2 BHK,500-1000 sqft,Valid,Chennai,Not available in source data,315,35
5640000,1350,Kovur,3,0,9,9,9,9,9,9,9,9,9,9,9,9,9,9,9,9,9,9,9,9,9,9,9,9,9,9,9,9,9,9,9,9,9,9,9,5640000,1350,3,4177.777777777777,Kovur,3 BHK,1000-1500 sqft,Valid,Chennai,Not available in source data,315,35
2952000,924,Kovur,2,0,9,9,9,9,9,9,9,9,9,9,9,9,9,9,9,9,9,9,9,9,9,9,9,9,9,9,9,9,9,9,9,9,9,9,9,2952000,924,2,3194.805194805195,Kovur,2 BHK,500-1000 sqft,Valid,Chennai,Not available in source data,315,35
2800000,1369,Kovur,3,0,9,9,9,9,9,9,9,9,9,9,9,9,9,9,9,9,9,9,9,9,9,9,9,9,9,9,9,9,9,9,9,9,9,9,9,2800000,1369,3,2045.2885317750183,Kovur,3 BHK,1000-1500 sqft,Valid,Chennai,Not available in source data,315,35
10200000,1175,Kovur,2,0,9,9,9,9,9,9,9,9,9,9,9,9,9,9,9,9,9,9,9,9,9,9,9,9,9,9,9,9,9,9,9,9,9,9,9,10200000,1175,2,8680.851063829787,Kovur,2 BHK,1000-1500 sqft,Valid,Chennai,Not available in source data,315,35
8014000,615,Kovur,2,0,9,9,9,9,9,9,9,9,9,9,9,9,9,9,9,9,9,9,9,9,9,9,9,9,9,9,9,9,9,9,9,9,9,9,9,8014000,615,2,13030.894308943089,Kovur,2 BHK,500-1000 sqft,Valid,Chennai,Not available in source data,315,35
10100000,698,Poonamallee,1,1,9,9,9,9,9,9,9,9,9,9,9,9,9,9,9,9,9,9,9,9,9,9,9,9,9,9,9,9,9,9,9,9,9,9,9,10100000,698,1,14469.914040114612,Poonamallee,1 BHK,500-1000 sqft,Valid,Chennai,Not available in source data,315,35
9222000,980,Vadapalani,2,0,9,9,9,9,9,9,9,9,9,9,9,9,9,9,9,9,9,9,9,9,9,9,9,9,9,9,9,9,9,9,9,9,9,9,9,9222000,980,2,9410.204081632653,Vadapalani,2 BHK,500-1000 sqft,Valid,Chennai,Not available in source data,315,35
7681000,1373,Poonamallee,2,0,9,9,9,9,9,9,9,9,9,9,9,9,9,9,9,9,9,9,9,9,9,9,9,9,9,9,9,9,9,9,9,9,9,9,9,7681000,1373,2,5594.319009468318,Poonamallee,2 BHK,1000-1500 sqft,Valid,Chennai,Not available in source data,315,35
9018000,1740,Poonamallee,3,0,9,9,9,9,9,9,9,9,9,9,9,9,9,9,9,9,9,9,9,9,9,9,9,9,9,9,9,9,9,9,9,9,9,9,9,9018000,1740,3,5182.758620689655,Poonamallee,3 BHK,1500-2500 sqft,Valid,Chennai,Not available in source data,315,35
8901000,1580,Poonamallee,3,0,9,9,9,9,9,9,9,9,9,9,9,9,9,9,9,9,9,9,9,9,9,9,9,9,9,9,9,9,9,9,9,9,9,9,9,8901000,1580,3,5633.544303797468,Poonamallee,3 BHK,1500-2500 sqft,Valid,Chennai,Not available in source data,315,35
3565999,1316,Poonamallee,2,0,9,9,9,9,9,9,9,9,9,9,9,9,9,9,9,9,9,9,9,9,9,9,9,9,9,9,9,9,9,9,9,9,9,9,9,3565999,1316,2,2709.7256838905773,Poonamallee,2 BHK,1000-1500 sqft,Valid,Chennai,Not available in source data,315,35
3490000,1545,Poonamallee,2,0,9,9,9,9,9,9,9,9,9,9,9,9,9,9,9,9,9,9,9,9,9,9,9,9,9,9,9,9,9,9,9,9,9,9,9,3490000,1545,2,2258.8996763754044,Poonamallee,2 BHK,1500-2500 sqft,Valid,Chennai,Not available in source data,315,35
7531000,1525,Poonamallee,2,0,9,9,9,9,9,9,9,9,9,9,9,9,9,9,9,9,9,9,9,9,9,9,9,9,9,9,9,9,9,9,9,9,9,9,9,7531000,1525,2,4938.360655737705,Poonamallee,2 BHK,1500-2500 sqft,Valid,Chennai,Not available in source data,315,35
7276000,611,Poonamallee,1,0,9,9,9,9,9,9,9,9,9,9,9,9,9,9,9,9,9,9,9,9,9,9,9,9,9,9,9,9,9,9,9,9,9,9,9,7276000,611,1,11908.34697217676,Poonamallee,1 BHK,500-1000 sqft,Valid,Chennai,Not available in source data,315,35
8313000,598,Poonamallee,1,0,9,9,9,9,9,9,9,9,9,9,9,9,9,9,9,9,9,9,9,9,9,9,9,9,9,9,9,9,9,9,9,9,9,9,9,8313000,598,1,13901.33779264214,Poonamallee,1 BHK,500-1000 sqft,Valid,Chennai,Not available in source data,315,35
17900000,1772,Maraimalai Nagar,3,0,9,9,9,9,9,9,9,9,9,9,9,9,9,9,9,9,9,9,9,9,9,9,9,9,9,9,9,9,9,9,9,9,9,9,9,17900000,1772,3,10101.580135440181,Maraimalai Nagar,3 BHK,1500-2500 sqft,Valid,Chennai,Not available in source data,315,35
18600000,1712,Maraimalai Nagar,3,0,9,9,9,9,9,9,9,9,9,9,9,9,9,9,9,9,9,9,9,9,9,9,9,9,9,9,9,9,9,9,9,9,9,9,9,18600000,1712,3,10864.485981308411,Maraimalai Nagar,3 BHK,1500-2500 sqft,Valid,Chennai,Not available in source data,315,35
8424000,1956,Maraimalai Nagar,3,0,9,9,9,9,9,9,9,9,9,9,9,9,9,9,9,9,9,9,9,9,9,9,9,9,9,9,9,9,9,9,9,9,9,9,9,8424000,1956,3,4306.748466257669,Maraimalai Nagar,3 BHK,1500-2500 sqft,Valid,Chennai,Not available in source data,315,35
7365000,1707,Vadapalani,3,0,9,9,9,9,9,9,9,9,9,9,9,9,9,9,9,9,9,9,9,9,9,9,9,9,9,9,9,9,9,9,9,9,9,9,9,7365000,1707,3,4314.586994727592,Vadapalani,3 BHK,1500-2500 sqft,Valid,Chennai,Not available in source data,315,35
6188000,1777,Vadapalani,3,0,9,9,9,9,9,9,9,9,9,9,9,9,9,9,9,9,9,9,9,9,9,9,9,9,9,9,9,9,9,9,9,9,9,9,9,6188000,1777,3,3482.2734946539113,Vadapalani,3 BHK,1500-2500 sqft,Valid,Chennai,Not available in source data,315,35
5621000,1575,Iyappanthangal,3,0,9,9,9,9,9,9,9,9,9,9,9,9,9,9,9,9,9,9,9,9,9,9,9,9,9,9,9,9,9,9,9,9,9,9,9,5621000,1575,3,3568.8888888888887,Iyappanthangal,3 BHK,1500-2500 sqft,Valid,Chennai,Not available in source data,315,35
5846000,1377,Iyappanthangal,3,0,9,9,9,9,9,9,9,9,9,9,9,9,9,9,9,9,9,9,9,9,9,9,9,9,9,9,9,9,9,9,9,9,9,9,9,5846000,1377,3,4245.461147421932,Iyappanthangal,3 BHK,1000-1500 sqft,Valid,Chennai,Not available in source data,315,35
6909999,1157,Iyappanthangal,2,0,9,9,9,9,9,9,9,9,9,9,9,9,9,9,9,9,9,9,9,9,9,9,9,9,9,9,9,9,9,9,9,9,9,9,9,6909999,1157,2,5972.341400172861,Iyappanthangal,2 BHK,1000-1500 sqft,Valid,Chennai,Not available in source data,315,35
3188000,1051,Iyappanthangal,2,0,9,9,9,9,9,9,9,9,9,9,9,9,9,9,9,9,9,9,9,9,9,9,9,9,9,9,9,9,9,9,9,9,9,9,9,3188000,1051,2,3033.301617507136,Iyappanthangal,2 BHK,1000-1500 sqft,Valid,Chennai,Not available in source data,315,35
6937000,1093,Iyappanthangal,2,0,9,9,9,9,9,9,9,9,9,9,9,9,9,9,9,9,9,9,9,9,9,9,9,9,9,9,9,9,9,9,9,9,9,9,9,6937000,1093,2,6346.752058554437,Iyappanthangal,2 BHK,1000-1500 sqft,Valid,Chennai,Not available in source data,315,35
3347999,1292,Iyappanthangal,3,0,9,9,9,9,9,9,9,9,9,9,9,9,9,9,9,9,9,9,9,9,9,9,9,9,9,9,9,9,9,9,9,9,9,9,9,3347999,1292,3,2591.3304953560373,Iyappanthangal,3 BHK,1000-1500 sqft,Valid,Chennai,Not available in source data,315,35
4755000,596,Iyappanthangal,1,0,9,9,9,9,9,9,9,9,9,9,9,9,9,9,9,9,9,9,9,9,9,9,9,9,9,9,9,9,9,9,9,9,9,9,9,4755000,596,1,7978.187919463087,Iyappanthangal,1 BHK,500-1000 sqft,Valid,Chennai,Not available in source data,315,35
8515000,1297,Iyappanthangal,3,0,9,9,9,9,9,9,9,9,9,9,9,9,9,9,9,9,9,9,9,9,9,9,9,9,9,9,9,9,9,9,9,9,9,9,9,8515000,1297,3,6565.1503469545105,Iyappanthangal,3 BHK,1000-1500 sqft,Valid,Chennai,Not available in source data,315,35
4862000,626,Iyappanthangal,1,0,9,9,9,9,9,9,9,9,9,9,9,9,9,9,9,9,9,9,9,9,9,9,9,9,9,9,9,9,9,9,9,9,9,9,9,4862000,626,1,7766.773162939297,Iyappanthangal,1 BHK,500-1000 sqft,Valid,Chennai,Not available in source data,315,35
5284000,889,Iyappanthangal,2,0,9,9,9,9,9,9,9,9,9,9,9,9,9,9,9,9,9,9,9,9,9,9,9,9,9,9,9,9,9,9,9,9,9,9,9,5284000,889,2,5943.757030371204,Iyappanthangal,2 BHK,500-1000 sqft,Valid,Chennai,Not available in source data,315,35
7830000,1592,Iyappanthangal,3,0,9,9,9,9,9,9,9,9,9,9,9,9,9,9,9,9,9,9,9,9,9,9,9,9,9,9,9,9,9,9,9,9,9,9,9,7830000,1592,3,4918.341708542714,Iyappanthangal,3 BHK,1500-2500 sqft,Valid,Chennai,Not available in source data,315,35
4899000,909,Iyappanthangal,2,0,9,9,9,9,9,9,9,9,9,9,9,9,9,9,9,9,9,9,9,9,9,9,9,9,9,9,9,9,9,9,9,9,9,9,9,4899000,909,2,5389.438943894389,Iyappanthangal,2 BHK,500-1000 sqft,Valid,Chennai,Not available in source data,315,35
3097000,988,Iyappanthangal,2,0,9,9,9,9,9,9,9,9,9,9,9,9,9,9,9,9,9,9,9,9,9,9,9,9,9,9,9,9,9,9,9,9,9,9,9,3097000,988,2,3134.6153846153848,Iyappanthangal,2 BHK,500-1000 sqft,Valid,Chennai,Not available in source data,315,35
7130000,1464,Iyappanthangal,3,0,9,9,9,9,9,9,9,9,9,9,9,9,9,9,9,9,9,9,9,9,9,9,9,9,9,9,9,9,9,9,9,9,9,9,9,7130000,1464,3,4870.218579234973,Iyappanthangal,3 BHK,1000-1500 sqft,Valid,Chennai,Not available in source data,315,35
3102000,916,Iyappanthangal,2,0,9,9,9,9,9,9,9,9,9,9,9,9,9,9,9,9,9,9,9,9,9,9,9,9,9,9,9,9,9,9,9,9,9,9,9,3102000,916,2,3386.4628820960697,Iyappanthangal,2 BHK,500-1000 sqft,Valid,Chennai,Not available in source data,315,35
8014000,579,Iyappanthangal,1,0,9,9,9,9,9,9,9,9,9,9,9,9,9,9,9,9,9,9,9,9,9,9,9,9,9,9,9,9,9,9,9,9,9,9,9,8014000,579,1,13841.105354058722,Iyappanthangal,1 BHK,500-1000 sqft,Valid,Chennai,Not available in source data,315,35
10100000,1333,Iyappanthangal,3,0,9,9,9,9,9,9,9,9,9,9,9,9,9,9,9,9,9,9,9,9,9,9,9,9,9,9,9,9,9,9,9,9,9,9,9,10100000,1333,3,7576.894223555889,Iyappanthangal,3 BHK,1000-1500 sqft,Valid,Chennai,Not available in source data,315,35
4175000,580,Iyappanthangal,1,0,9,9,9,9,9,9,9,9,9,9,9,9,9,9,9,9,9,9,9,9,9,9,9,9,9,9,9,9,9,9,9,9,9,9,9,4175000,580,1,7198.275862068966,Iyappanthangal,1 BHK,500-1000 sqft,Valid,Chennai,Not available in source data,315,35
4501000,1373,Poonamallee,2,0,9,9,9,9,9,9,9,9,9,9,9,9,9,9,9,9,9,9,9,9,9,9,9,9,9,9,9,9,9,9,9,9,9,9,9,4501000,1373,2,3278.2228696285506,Poonamallee,2 BHK,1000-1500 sqft,Valid,Chennai,Not available in source data,315,35
4492000,1740,Poonamallee,3,0,9,9,9,9,9,9,9,9,9,9,9,9,9,9,9,9,9,9,9,9,9,9,9,9,9,9,9,9,9,9,9,9,9,9,9,4492000,1740,3,2581.609195402299,Poonamallee,3 BHK,1500-2500 sqft,Valid,Chennai,Not available in source data,315,35
4193000,933,Ayanambakkam,2,0,9,9,9,9,9,9,9,9,9,9,9,9,9,9,9,9,9,9,9,9,9,9,9,9,9,9,9,9,9,9,9,9,9,9,9,4193000,933,2,4494.105037513397,Ayanambakkam,2 BHK,500-1000 sqft,Valid,Chennai,Not available in source data,315,35
7844000,1006,Ayanambakkam,2,0,9,9,9,9,9,9,9,9,9,9,9,9,9,9,9,9,9,9,9,9,9,9,9,9,9,9,9,9,9,9,9,9,9,9,9,7844000,1006,2,7797.216699801193,Ayanambakkam,2 BHK,1000-1500 sqft,Valid,Chennai,Not available in source data,315,35
4147999,1004,Ayanambakkam,2,0,9,9,9,9,9,9,9,9,9,9,9,9,9,9,9,9,9,9,9,9,9,9,9,9,9,9,9,9,9,9,9,9,9,9,9,4147999,1004,2,4131.473107569721,Ayanambakkam,2 BHK,1000-1500 sqft,Valid,Chennai,Not available in source data,315,35
7848999,937,Ayanambakkam,2,0,9,9,9,9,9,9,9,9,9,9,9,9,9,9,9,9,9,9,9,9,9,9,9,9,9,9,9,9,9,9,9,9,9,9,9,7848999,937,2,8376.733191035219,Ayanambakkam,2 BHK,500-1000 sqft,Valid,Chennai,Not available in source data,315,35
4251000,953,Ayanambakkam,2,0,9,9,9,9,9,9,9,9,9,9,9,9,9,9,9,9,9,9,9,9,9,9,9,9,9,9,9,9,9,9,9,9,9,9,9,4251000,953,2,4460.6505771248685,Ayanambakkam,2 BHK,500-1000 sqft,Valid,Chennai,Not available in source data,315,35
4577000,952,Ayanambakkam,2,0,9,9,9,9,9,9,9,9,9,9,9,9,9,9,9,9,9,9,9,9,9,9,9,9,9,9,9,9,9,9,9,9,9,9,9,4577000,952,2,4807.773109243697,Ayanambakkam,2 BHK,500-1000 sqft,Valid,Chennai,Not available in source data,315,35
4573000,951,Ayanambakkam,2,0,9,9,9,9,9,9,9,9,9,9,9,9,9,9,9,9,9,9,9,9,9,9,9,9,9,9,9,9,9,9,9,9,9,9,9,4573000,951,2,4808.622502628812,Ayanambakkam,2 BHK,500-1000 sqft,Valid,Chennai,Not available in source data,315,35
4246000,950,Ayanambakkam,2,0,9,9,9,9,9,9,9,9,9,9,9,9,9,9,9,9,9,9,9,9,9,9,9,9,9,9,9,9,9,9,9,9,9,9,9,4246000,950,2,4469.473684210527,Ayanambakkam,2 BHK,500-1000 sqft,Valid,Chennai,Not available in source data,315,35
5541000,1023,Ayanambakkam,2,0,9,9,9,9,9,9,9,9,9,9,9,9,9,9,9,9,9,9,9,9,9,9,9,9,9,9,9,9,9,9,9,9,9,9,9,5541000,1023,2,5416.422287390029,Ayanambakkam,2 BHK,1000-1500 sqft,Valid,Chennai,Not available in source data,315,35
3070000,1022,Ayanambakkam,2,0,9,9,9,9,9,9,9,9,9,9,9,9,9,9,9,9,9,9,9,9,9,9,9,9,9,9,9,9,9,9,9,9,9,9,9,3070000,1022,2,3003.913894324853,Ayanambakkam,2 BHK,1000-1500 sqft,Valid,Chennai,Not available in source data,315,35
8424000,949,Ayanambakkam,2,0,9,9,9,9,9,9,9,9,9,9,9,9,9,9,9,9,9,9,9,9,9,9,9,9,9,9,9,9,9,9,9,9,9,9,9,8424000,949,2,8876.712328767124,Ayanambakkam,2 BHK,500-1000 sqft,Valid,Chennai,Not available in source data,315,35
7365000,1036,Iyappanthangal,2,0,9,9,9,9,9,9,9,9,9,9,9,9,9,9,9,9,9,9,9,9,9,9,9,9,9,9,9,9,9,9,9,9,9,9,9,7365000,1036,2,7109.073359073359,Iyappanthangal,2 BHK,1000-1500 sqft,Valid,Chennai,Not available in source data,315,35
6188000,574,Iyappanthangal,1,0,9,9,9,9,9,9,9,9,9,9,9,9,9,9,9,9,9,9,9,9,9,9,9,9,9,9,9,9,9,9,9,9,9,9,9,6188000,574,1,10780.487804878048,Iyappanthangal,1 BHK,500-1000 sqft,Valid,Chennai,Not available in source data,315,35
2710000,579,Iyappanthangal,1,0,9,9,9,9,9,9,9,9,9,9,9,9,9,9,9,9,9,9,9,9,9,9,9,9,9,9,9,9,9,9,9,9,9,9,9,2710000,579,1,4680.483592400691,Iyappanthangal,1 BHK,500-1000 sqft,Valid,Chennai,Not available in source data,315,35
3260000,1333,Iyappanthangal,3,0,9,9,9,9,9,9,9,9,9,9,9,9,9,9,9,9,9,9,9,9,9,9,9,9,9,9,9,9,9,9,9,9,9,9,9,3260000,1333,3,2445.6114028507127,Iyappanthangal,3 BHK,1000-1500 sqft,Valid,Chennai,Not available in source data,315,35
2276000,580,Iyappanthangal,1,0,9,9,9,9,9,9,9,9,9,9,9,9,9,9,9,9,9,9,9,9,9,9,9,9,9,9,9,9,9,9,9,9,9,9,9,2276000,580,1,3924.137931034483,Iyappanthangal,1 BHK,500-1000 sqft,Valid,Chennai,Not available in source data,315,35
2272000,873,Vandalur,2,0,9,9,9,9,9,9,9,9,9,9,9,9,9,9,9,9,9,9,9,9,9,9,9,9,9,9,9,9,9,9,9,9,9,9,9,2272000,873,2,2602.5200458190147,Vandalur,2 BHK,500-1000 sqft,Valid,Chennai,Not available in source data,315,35
2347000,1051,Vandalur,2,0,9,9,9,9,9,9,9,9,9,9,9,9,9,9,9,9,9,9,9,9,9,9,9,9,9,9,9,9,9,9,9,9,9,9,9,2347000,1051,2,2233.1113225499525,Vandalur,2 BHK,1000-1500 sqft,Valid,Chennai,Not available in source data,315,35
5321000,607,Thalambur,1,0,9,9,9,9,9,9,9,9,9,9,9,9,9,9,9,9,9,9,9,9,9,9,9,9,9,9,9,9,9,9,9,9,9,9,9,5321000,607,1,8766.062602965403,Thalambur,1 BHK,500-1000 sqft,Valid,Chennai,Not available in source data,315,35
3457000,606,Thalambur,1,0,9,9,9,9,9,9,9,9,9,9,9,9,9,9,9,9,9,9,9,9,9,9,9,9,9,9,9,9,9,9,9,9,9,9,9,3457000,606,1,5704.620462046205,Thalambur,1 BHK,500-1000 sqft,Valid,Chennai,Not available in source data,315,35
5557000,626,Thalambur,1,0,9,9,9,9,9,9,9,9,9,9,9,9,9,9,9,9,9,9,9,9,9,9,9,9,9,9,9,9,9,9,9,9,9,9,9,5557000,626,1,8876.996805111821,Thalambur,1 BHK,500-1000 sqft,Valid,Chennai,Not available in source data,315,35
4316000,1419,Thalambur,3,0,9,9,9,9,9,9,9,9,9,9,9,9,9,9,9,9,9,9,9,9,9,9,9,9,9,9,9,9,9,9,9,9,9,9,9,4316000,1419,3,3041.5785764622974,Thalambur,3 BHK,1000-1500 sqft,Valid,Chennai,Not available in source data,315,35
5116000,922,Thalambur,2,0,9,9,9,9,9,9,9,9,9,9,9,9,9,9,9,9,9,9,9,9,9,9,9,9,9,9,9,9,9,9,9,9,9,9,9,5116000,922,2,5548.806941431671,Thalambur,2 BHK,500-1000 sqft,Valid,Chennai,Not available in source data,315,35
4792000,1482,Thalambur,3,0,9,9,9,9,9,9,9,9,9,9,9,9,9,9,9,9,9,9,9,9,9,9,9,9,9,9,9,9,9,9,9,9,9,9,9,4792000,1482,3,3233.468286099865,Thalambur,3 BHK,1000-1500 sqft,Valid,Chennai,Not available in source data,315,35
4788000,1151,Thalambur,3,0,9,9,9,9,9,9,9,9,9,9,9,9,9,9,9,9,9,9,9,9,9,9,9,9,9,9,9,9,9,9,9,9,9,9,9,4788000,1151,3,4159.860990443093,Thalambur,3 BHK,1000-1500 sqft,Valid,Chennai,Not available in source data,315,35
4556000,1278,Thalambur,3,0,9,9,9,9,9,9,9,9,9,9,9,9,9,9,9,9,9,9,9,9,9,9,9,9,9,9,9,9,9,9,9,9,9,9,9,4556000,1278,3,3564.945226917058,Thalambur,3 BHK,1000-1500 sqft,Valid,Chennai,Not available in source data,315,35
3967000,1277,Thalambur,3,0,9,9,9,9,9,9,9,9,9,9,9,9,9,9,9,9,9,9,9,9,9,9,9,9,9,9,9,9,9,9,9,9,9,9,9,3967000,1277,3,3106.4996084573218,Thalambur,3 BHK,1000-1500 sqft,Valid,Chennai,Not available in source data,315,35
5246000,1215,Thalambur,2,0,9,9,9,9,9,9,9,9,9,9,9,9,9,9,9,9,9,9,9,9,9,9,9,9,9,9,9,9,9,9,9,9,9,9,9,5246000,1215,2,4317.6954732510285,Thalambur,2 BHK,1000-1500 sqft,Valid,Chennai,Not available in source data,315,35
3671000,1058,Thalambur,2,0,9,9,9,9,9,9,9,9,9,9,9,9,9,9,9,9,9,9,9,9,9,9,9,9,9,9,9,9,9,9,9,9,9,9,9,3671000,1058,2,3469.7542533081287,Thalambur,2 BHK,1000-1500 sqft,Valid,Chennai,Not available in source data,315,35
6570999,1399,Thalambur,3,0,9,9,9,9,9,9,9,9,9,9,9,9,9,9,9,9,9,9,9,9,9,9,9,9,9,9,9,9,9,9,9,9,9,9,9,6570999,1399,3,4696.925661186562,Thalambur,3 BHK,1000-1500 sqft,Valid,Chennai,Not available in source data,315,35
5640000,979,Thalambur,2,0,9,9,9,9,9,9,9,9,9,9,9,9,9,9,9,9,9,9,9,9,9,9,9,9,9,9,9,9,9,9,9,9,9,9,9,5640000,979,2,5760.980592441267,Thalambur,2 BHK,500-1000 sqft,Valid,Chennai,Not available in source data,315,35
11500000,1369,Kovur,3,0,9,9,9,9,9,9,9,9,9,9,9,9,9,9,9,9,9,9,9,9,9,9,9,9,9,9,9,9,9,9,9,9,9,9,9,11500000,1369,3,8400.292184075968,Kovur,3 BHK,1000-1500 sqft,Valid,Chennai,Not available in source data,315,35
9510000,1175,Kovur,2,0,9,9,9,9,9,9,9,9,9,9,9,9,9,9,9,9,9,9,9,9,9,9,9,9,9,9,9,9,9,9,9,9,9,9,9,9510000,1175,2,8093.617021276596,Kovur,2 BHK,1000-1500 sqft,Valid,Chennai,Not available in source data,315,35
6611000,615,Kovur,2,0,9,9,9,9,9,9,9,9,9,9,9,9,9,9,9,9,9,9,9,9,9,9,9,9,9,9,9,9,9,9,9,9,9,9,9,6611000,615,2,10749.59349593496,Kovur,2 BHK,500-1000 sqft,Valid,Chennai,Not available in source data,315,35
10300000,2021,Navallur,4,0,9,9,9,9,9,9,9,9,9,9,9,9,9,9,9,9,9,9,9,9,9,9,9,9,9,9,9,9,9,9,9,9,9,9,9,10300000,2021,4,5096.486887679367,Navallur,4 BHK,1500-2500 sqft,Valid,Chennai,Not available in source data,315,35
5100000,1650,Navallur,3,0,9,9,9,9,9,9,9,9,9,9,9,9,9,9,9,9,9,9,9,9,9,9,9,9,9,9,9,9,9,9,9,9,9,9,9,5100000,1650,3,3090.909090909091,Navallur,3 BHK,1500-2500 sqft,Valid,Chennai,Not available in source data,315,35
6167000,1158,Navallur,2,0,9,9,9,9,9,9,9,9,9,9,9,9,9,9,9,9,9,9,9,9,9,9,9,9,9,9,9,9,9,9,9,9,9,9,9,6167000,1158,2,5325.561312607945,Navallur,2 BHK,1000-1500 sqft,Valid,Chennai,Not available in source data,315,35
46600000,1699,Navallur,3,0,9,9,9,9,9,9,9,9,9,9,9,9,9,9,9,9,9,9,9,9,9,9,9,9,9,9,9,9,9,9,9,9,9,9,9,46600000,1699,3,27427.89876397881,Navallur,3 BHK,1500-2500 sqft,Valid,Chennai,Not available in source data,315,35
56200000,990,Selaiyur,2,0,9,9,9,9,9,9,9,9,9,9,9,9,9,9,9,9,9,9,9,9,9,9,9,9,9,9,9,9,9,9,9,9,9,9,9,56200000,990,2,56767.67676767677,Selaiyur,2 BHK,500-1000 sqft,Valid,Chennai,Not available in source data,315,35
6500000,1386,Navallur,3,0,9,9,9,9,9,9,9,9,9,9,9,9,9,9,9,9,9,9,9,9,9,9,9,9,9,9,9,9,9,9,9,9,9,9,9,6500000,1386,3,4689.75468975469,Navallur,3 BHK,1000-1500 sqft,Valid,Chennai,Not available in source data,315,35
15300000,2590,Raja Annamalai Puram,3,0,9,9,9,9,9,9,9,9,9,9,9,9,9,9,9,9,9,9,9,9,9,9,9,9,9,9,9,9,9,9,9,9,9,9,9,15300000,2590,3,5907.335907335907,Raja Annamalai Puram,3 BHK,2500+ sqft,Valid,Chennai,Not available in source data,315,35
14700000,3126,Raja Annamalai Puram,3,0,9,9,9,9,9,9,9,9,9,9,9,9,9,9,9,9,9,9,9,9,9,9,9,9,9,9,9,9,9,9,9,9,9,9,9,14700000,3126,3,4702.495201535508,Raja Annamalai Puram,3 BHK,2500+ sqft,Valid,Chennai,Not available in source data,315,35
6164000,1032,Sholinganallur,2,0,9,9,9,9,9,9,9,9,9,9,9,9,9,9,9,9,9,9,9,9,9,9,9,9,9,9,9,9,9,9,9,9,9,9,9,6164000,1032,2,5972.868217054263,Sholinganallur,2 BHK,1000-1500 sqft,Valid,Chennai,Not available in source data,315,35
8345999,3583,Padur,4,0,9,9,9,9,9,9,9,9,9,9,9,9,9,9,9,9,9,9,9,9,9,9,9,9,9,9,9,9,9,9,9,9,9,9,9,8345999,3583,4,2329.3326821099636,Padur,4 BHK,2500+ sqft,Valid,Chennai,Not available in source data,315,35
7212000,3452,Padur,4,0,9,9,9,9,9,9,9,9,9,9,9,9,9,9,9,9,9,9,9,9,9,9,9,9,9,9,9,9,9,9,9,9,9,9,9,7212000,3452,4,2089.223638470452,Padur,4 BHK,2500+ sqft,Valid,Chennai,Not available in source data,315,35
14800000,1441,Padur,3,0,9,9,9,9,9,9,9,9,9,9,9,9,9,9,9,9,9,9,9,9,9,9,9,9,9,9,9,9,9,9,9,9,9,9,9,14800000,1441,3,10270.645385149202,Padur,3 BHK,1000-1500 sqft,Valid,Chennai,Not available in source data,315,35
18100000,1951,Padur,3,0,9,9,9,9,9,9,9,9,9,9,9,9,9,9,9,9,9,9,9,9,9,9,9,9,9,9,9,9,9,9,9,9,9,9,9,18100000,1951,3,9277.293695540748,Padur,3 BHK,1500-2500 sqft,Valid,Chennai,Not available in source data,315,35
4915000,1686,Padur,3,0,9,9,9,9,9,9,9,9,9,9,9,9,9,9,9,9,9,9,9,9,9,9,9,9,9,9,9,9,9,9,9,9,9,9,9,4915000,1686,3,2915.1838671411624,Padur,3 BHK,1500-2500 sqft,Valid,Chennai,Not available in source data,315,35
4906000,3470,Padur,4,0,9,9,9,9,9,9,9,9,9,9,9,9,9,9,9,9,9,9,9,9,9,9,9,9,9,9,9,9,9,9,9,9,9,9,9,4906000,3470,4,1413.8328530259366,Padur,4 BHK,2500+ sqft,Valid,Chennai,Not available in source data,315,35
5394000,4251,Padur,4,0,9,9,9,9,9,9,9,9,9,9,9,9,9,9,9,9,9,9,9,9,9,9,9,9,9,9,9,9,9,9,9,9,9,9,9,5394000,4251,4,1268.877911079746,Padur,4 BHK,2500+ sqft,Valid,Chennai,Not available in source data,315,35
15100000,1149,Padur,2,0,9,9,9,9,9,9,9,9,9,9,9,9,9,9,9,9,9,9,9,9,9,9,9,9,9,9,9,9,9,9,9,9,9,9,9,15100000,1149,2,13141.862489120975,Padur,2 BHK,1000-1500 sqft,Valid,Chennai,Not available in source data,315,35
6258000,1147,Padur,2,0,9,9,9,9,9,9,9,9,9,9,9,9,9,9,9,9,9,9,9,9,9,9,9,9,9,9,9,9,9,9,9,9,9,9,9,6258000,1147,2,5455.972101133391,Padur,2 BHK,1000-1500 sqft,Valid,Chennai,Not available in source data,315,35
17300000,1261,Padur,2,0,9,9,9,9,9,9,9,9,9,9,9,9,9,9,9,9,9,9,9,9,9,9,9,9,9,9,9,9,9,9,9,9,9,9,9,17300000,1261,2,13719.270420301347,Padur,2 BHK,1000-1500 sqft,Valid,Chennai,Not available in source data,315,35
6280000,3549,Padur,4,0,9,9,9,9,9,9,9,9,9,9,9,9,9,9,9,9,9,9,9,9,9,9,9,9,9,9,9,9,9,9,9,9,9,9,9,6280000,3549,4,1769.512538743308,Padur,4 BHK,2500+ sqft,Valid,Chennai,Not available in source data,315,35
7118000,1463,Padur,3,0,9,9,9,9,9,9,9,9,9,9,9,9,9,9,9,9,9,9,9,9,9,9,9,9,9,9,9,9,9,9,9,9,9,9,9,7118000,1463,3,4865.345181134655,Padur,3 BHK,1000-1500 sqft,Valid,Chennai,Not available in source data,315,35
2297000,4065,Padur,4,0,9,9,9,9,9,9,9,9,9,9,9,9,9,9,9,9,9,9,9,9,9,9,9,9,9,9,9,9,9,9,9,9,9,9,9,2297000,4065,4,565.0676506765068,Padur,4 BHK,2500+ sqft,Valid,Chennai,Not available in source data,315,35
8792000,1468,Padur,3,0,9,9,9,9,9,9,9,9,9,9,9,9,9,9,9,9,9,9,9,9,9,9,9,9,9,9,9,9,9,9,9,9,9,9,9,8792000,1468,3,5989.1008174386925,Padur,3 BHK,1000-1500 sqft,Valid,Chennai,Not available in source data,315,35
8836000,1664,Padur,3,0,9,9,9,9,9,9,9,9,9,9,9,9,9,9,9,9,9,9,9,9,9,9,9,9,9,9,9,9,9,9,9,9,9,9,9,8836000,1664,3,5310.096153846154,Padur,3 BHK,1500-2500 sqft,Valid,Chennai,Not available in source data,315,35
6995999,428,Padur,2,0,9,9,9,9,9,9,9,9,9,9,9,9,9,9,9,9,9,9,9,9,9,9,9,9,9,9,9,9,9,9,9,9,9,9,9,6995999,428,2,16345.792056074766,Padur,2 BHK,<500 sqft,Valid,Chennai,Not available in source data,315,35
9119000,1307,Karapakkam,3,0,9,9,9,9,9,9,9,9,9,9,9,9,9,9,9,9,9,9,9,9,9,9,9,9,9,9,9,9,9,9,9,9,9,9,9,9119000,1307,3,6977.046671767406,Karapakkam,3 BHK,1000-1500 sqft,Valid,Chennai,Not available in source data,315,35
6977000,1314,Karapakkam,3,0,9,9,9,9,9,9,9,9,9,9,9,9,9,9,9,9,9,9,9,9,9,9,9,9,9,9,9,9,9,9,9,9,9,9,9,6977000,1314,3,5309.741248097413,Karapakkam,3 BHK,1000-1500 sqft,Valid,Chennai,Not available in source data,315,35
19000000,1027,Karapakkam,2,0,9,9,9,9,9,9,9,9,9,9,9,9,9,9,9,9,9,9,9,9,9,9,9,9,9,9,9,9,9,9,9,9,9,9,9,19000000,1027,2,18500.486854917235,Karapakkam,2 BHK,1000-1500 sqft,Valid,Chennai,Not available in source data,315,35
10400000,1358,Karapakkam,3,0,9,9,9,9,9,9,9,9,9,9,9,9,9,9,9,9,9,9,9,9,9,9,9,9,9,9,9,9,9,9,9,9,9,9,9,10400000,1358,3,7658.321060382916,Karapakkam,3 BHK,1000-1500 sqft,Valid,Chennai,Not available in source data,315,35
8721000,1024,Karapakkam,2,0,9,9,9,9,9,9,9,9,9,9,9,9,9,9,9,9,9,9,9,9,9,9,9,9,9,9,9,9,9,9,9,9,9,9,9,8721000,1024,2,8516.6015625,Karapakkam,2 BHK,1000-1500 sqft,Valid,Chennai,Not available in source data,315,35
10400000,2686,Karapakkam,4,0,9,9,9,9,9,9,9,9,9,9,9,9,9,9,9,9,9,9,9,9,9,9,9,9,9,9,9,9,9,9,9,9,9,9,9,10400000,2686,4,3871.92851824274,Karapakkam,4 BHK,2500+ sqft,Valid,Chennai,Not available in source data,315,35
13200000,1561,Karapakkam,3,0,9,9,9,9,9,9,9,9,9,9,9,9,9,9,9,9,9,9,9,9,9,9,9,9,9,9,9,9,9,9,9,9,9,9,9,13200000,1561,3,8456.117873158231,Karapakkam,3 BHK,1500-2500 sqft,Valid,Chennai,Not available in source data,315,35
10400000,1296,Karapakkam,3,0,9,9,9,9,9,9,9,9,9,9,9,9,9,9,9,9,9,9,9,9,9,9,9,9,9,9,9,9,9,9,9,9,9,9,9,10400000,1296,3,8024.691358024691,Karapakkam,3 BHK,1000-1500 sqft,Valid,Chennai,Not available in source data,315,35
13799999,1566,Karapakkam,3,0,9,9,9,9,9,9,9,9,9,9,9,9,9,9,9,9,9,9,9,9,9,9,9,9,9,9,9,9,9,9,9,9,9,9,9,13799999,1566,3,8812.259897828862,Karapakkam,3 BHK,1500-2500 sqft,Valid,Chennai,Not available in source data,315,35
18600000,1829,Karapakkam,3,0,9,9,9,9,9,9,9,9,9,9,9,9,9,9,9,9,9,9,9,9,9,9,9,9,9,9,9,9,9,9,9,9,9,9,9,18600000,1829,3,10169.49152542373,Karapakkam,3 BHK,1500-2500 sqft,Valid,Chennai,Not available in source data,315,35
18500000,1564,Karapakkam,3,0,9,9,9,9,9,9,9,9,9,9,9,9,9,9,9,9,9,9,9,9,9,9,9,9,9,9,9,9,9,9,9,9,9,9,9,18500000,1564,3,11828.644501278772,Karapakkam,3 BHK,1500-2500 sqft,Valid,Chennai,Not available in source data,315,35
10600000,1944,Karapakkam,3,0,9,9,9,9,9,9,9,9,9,9,9,9,9,9,9,9,9,9,9,9,9,9,9,9,9,9,9,9,9,9,9,9,9,9,9,10600000,1944,3,5452.674897119342,Karapakkam,3 BHK,1500-2500 sqft,Valid,Chennai,Not available in source data,315,35
4942000,2630,Karapakkam,4,0,9,9,9,9,9,9,9,9,9,9,9,9,9,9,9,9,9,9,9,9,9,9,9,9,9,9,9,9,9,9,9,9,9,9,9,4942000,2630,4,1879.087452471483,Karapakkam,4 BHK,2500+ sqft,Valid,Chennai,Not available in source data,315,35
3289000,2616,Karapakkam,4,0,9,9,9,9,9,9,9,9,9,9,9,9,9,9,9,9,9,9,9,9,9,9,9,9,9,9,9,9,9,9,9,9,9,9,9,3289000,2616,4,1257.262996941896,Karapakkam,4 BHK,2500+ sqft,Valid,Chennai,Not available in source data,315,35
4045000,1599,Karapakkam,3,0,9,9,9,9,9,9,9,9,9,9,9,9,9,9,9,9,9,9,9,9,9,9,9,9,9,9,9,9,9,9,9,9,9,9,9,4045000,1599,3,2529.7060662914323,Karapakkam,3 BHK,1500-2500 sqft,Valid,Chennai,Not available in source data,315,35
4038000,1131,Perungalathur,2,0,9,9,9,9,9,9,9,9,9,9,9,9,9,9,9,9,9,9,9,9,9,9,9,9,9,9,9,9,9,9,9,9,9,9,9,4038000,1131,2,3570.291777188329,Perungalathur,2 BHK,1000-1500 sqft,Valid,Chennai,Not available in source data,315,35
4988000,765,Porur,1,0,9,9,9,9,9,9,9,9,9,9,9,9,9,9,9,9,9,9,9,9,9,9,9,9,9,9,9,9,9,9,9,9,9,9,9,4988000,765,1,6520.261437908497,Porur,1 BHK,500-1000 sqft,Valid,Chennai,Not available in source data,315,35
3990000,1116,Vandalur,2,0,9,9,9,9,9,9,9,9,9,9,9,9,9,9,9,9,9,9,9,9,9,9,9,9,9,9,9,9,9,9,9,9,9,9,9,3990000,1116,2,3575.2688172043013,Vandalur,2 BHK,1000-1500 sqft,Valid,Chennai,Not available in source data,315,35
57000000,1114,Vandalur,2,0,9,9,9,9,9,9,9,9,9,9,9,9,9,9,9,9,9,9,9,9,9,9,9,9,9,9,9,9,9,9,9,9,9,9,9,57000000,1114,2,51166.96588868941,Vandalur,2 BHK,1000-1500 sqft,Valid,Chennai,Not available in source data,315,35
50199999,1360,Vandalur,3,0,9,9,9,9,9,9,9,9,9,9,9,9,9,9,9,9,9,9,9,9,9,9,9,9,9,9,9,9,9,9,9,9,9,9,9,50199999,1360,3,36911.76397058823,Vandalur,3 BHK,1000-1500 sqft,Valid,Chennai,Not available in source data,315,35
45500000,1101,Vandalur,2,0,9,9,9,9,9,9,9,9,9,9,9,9,9,9,9,9,9,9,9,9,9,9,9,9,9,9,9,9,9,9,9,9,9,9,9,45500000,1101,2,41326.06721162579,Vandalur,2 BHK,1000-1500 sqft,Valid,Chennai,Not available in source data,315,35
76900000,3170,Raja Annamalai Puram,3,0,9,9,9,9,9,9,9,9,9,9,9,9,9,9,9,9,9,9,9,9,9,9,9,9,9,9,9,9,9,9,9,9,9,9,9,76900000,3170,3,24258.675078864355,Raja Annamalai Puram,3 BHK,2500+ sqft,Valid,Chennai,Not available in source data,315,35
44900000,2789,Raja Annamalai Puram,3,0,9,9,9,9,9,9,9,9,9,9,9,9,9,9,9,9,9,9,9,9,9,9,9,9,9,9,9,9,9,9,9,9,9,9,9,44900000,2789,3,16098.960200788813,Raja Annamalai Puram,3 BHK,2500+ sqft,Valid,Chennai,Not available in source data,315,35
63000000,2533,Raja Annamalai Puram,3,0,9,9,9,9,9,9,9,9,9,9,9,9,9,9,9,9,9,9,9,9,9,9,9,9,9,9,9,9,9,9,9,9,9,9,9,63000000,2533,3,24871.693643900515,Raja Annamalai Puram,3 BHK,2500+ sqft,Valid,Chennai,Not available in source data,315,35
5292000,4273,Raja Annamalai Puram,4,0,9,9,9,9,9,9,9,9,9,9,9,9,9,9,9,9,9,9,9,9,9,9,9,9,9,9,9,9,9,9,9,9,9,9,9,5292000,4273,4,1238.474139948514,Raja Annamalai Puram,4 BHK,2500+ sqft,Valid,Chennai,Not available in source data,315,35
4061999,2498,Raja Annamalai Puram,3,0,9,9,9,9,9,9,9,9,9,9,9,9,9,9,9,9,9,9,9,9,9,9,9,9,9,9,9,9,9,9,9,9,9,9,9,4061999,2498,3,1626.1004803843075,Raja Annamalai Puram,3 BHK,1500-2500 sqft,Valid,Chennai,Not available in source data,315,35
5533000,3500,Raja Annamalai Puram,4,0,9,9,9,9,9,9,9,9,9,9,9,9,9,9,9,9,9,9,9,9,9,9,9,9,9,9,9,9,9,9,9,9,9,9,9,5533000,3500,4,1580.857142857143,Raja Annamalai Puram,4 BHK,2500+ sqft,Valid,Chennai,Not available in source data,315,35
6800000,1448,Vandalur,3,0,9,9,9,9,9,9,9,9,9,9,9,9,9,9,9,9,9,9,9,9,9,9,9,9,9,9,9,9,9,9,9,9,9,9,9,6800000,1448,3,4696.132596685083,Vandalur,3 BHK,1000-1500 sqft,Valid,Chennai,Not available in source data,315,35
11000000,1121,Vandalur,2,0,9,9,9,9,9,9,9,9,9,9,9,9,9,9,9,9,9,9,9,9,9,9,9,9,9,9,9,9,9,9,9,9,9,9,9,11000000,1121,2,9812.667261373774,Vandalur,2 BHK,1000-1500 sqft,Valid,Chennai,Not available in source data,315,35
4500000,1518,Vandalur,3,0,9,9,9,9,9,9,9,9,9,9,9,9,9,9,9,9,9,9,9,9,9,9,9,9,9,9,9,9,9,9,9,9,9,9,9,4500000,1518,3,2964.4268774703555,Vandalur,3 BHK,1500-2500 sqft,Valid,Chennai,Not available in source data,315,35
6500000,1110,Valasaravakkam,2,1,9,9,9,9,9,9,9,9,9,9,9,9,9,9,9,9,9,9,9,9,9,9,9,9,9,9,9,9,9,9,9,9,9,9,9,6500000,1110,2,5855.855855855856,Valasaravakkam,2 BHK,1000-1500 sqft,Valid,Chennai,Not available in source data,315,35
6458000,1600,Vettuvankani,3,0,9,9,9,9,9,9,9,9,9,9,9,9,9,9,9,9,9,9,9,9,9,9,9,9,9,9,9,9,9,9,9,9,9,9,9,6458000,1600,3,4036.25,Vettuvankani,3 BHK,1500-2500 sqft,Valid,Chennai,Not available in source data,315,35
8000000,910,Medavakkam,2,0,9,9,9,9,9,9,9,9,9,9,9,9,9,9,9,9,9,9,9,9,9,9,9,9,9,9,9,9,9,9,9,9,9,9,9,8000000,910,2,8791.208791208792,Medavakkam,2 BHK,500-1000 sqft,Valid,Chennai,Not available in source data,315,35
4934000,1100,Porur,2,0,9,9,9,9,9,9,9,9,9,9,9,9,9,9,9,9,9,9,9,9,9,9,9,9,9,9,9,9,9,9,9,9,9,9,9,4934000,1100,2,4485.454545454545,Porur,2 BHK,1000-1500 sqft,Valid,Chennai,Not available in source data,315,35
3400000,990,Chromepet,2,0,9,9,9,9,9,9,9,9,9,9,9,9,9,9,9,9,9,9,9,9,9,9,9,9,9,9,9,9,9,9,9,9,9,9,9,3400000,990,2,3434.343434343434,Chromepet,2 BHK,500-1000 sqft,Valid,Chennai,Not available in source data,315,35
5800000,1294,Chromepet,3,0,9,9,9,9,9,9,9,9,9,9,9,9,9,9,9,9,9,9,9,9,9,9,9,9,9,9,9,9,9,9,9,9,9,9,9,5800000,1294,3,4482.225656877898,Chromepet,3 BHK,1000-1500 sqft,Valid,Chennai,Not available in source data,315,35
3143000,999,Moolacheri,2,0,9,9,9,9,9,9,9,9,9,9,9,9,9,9,9,9,9,9,9,9,9,9,9,9,9,9,9,9,9,9,9,9,9,9,9,3143000,999,2,3146.1461461461463,Moolacheri,2 BHK,500-1000 sqft,Valid,Chennai,Not available in source data,315,35
3400000,603,Moolacheri,2,0,9,9,9,9,9,9,9,9,9,9,9,9,9,9,9,9,9,9,9,9,9,9,9,9,9,9,9,9,9,9,9,9,9,9,9,3400000,603,2,5638.474295190713,Moolacheri,2 BHK,500-1000 sqft,Valid,Chennai,Not available in source data,315,35
3200000,1152,Moolacheri,2,0,9,9,9,9,9,9,9,9,9,9,9,9,9,9,9,9,9,9,9,9,9,9,9,9,9,9,9,9,9,9,9,9,9,9,9,3200000,1152,2,2777.777777777778,Moolacheri,2 BHK,1000-1500 sqft,Valid,Chennai,Not available in source data,315,35
8108000,603,Moolacheri,1,0,9,9,9,9,9,9,9,9,9,9,9,9,9,9,9,9,9,9,9,9,9,9,9,9,9,9,9,9,9,9,9,9,9,9,9,8108000,603,1,13446.102819237147,Moolacheri,1 BHK,500-1000 sqft,Valid,Chennai,Not available in source data,315,35
17600000,612,Moolacheri,2,0,9,9,9,9,9,9,9,9,9,9,9,9,9,9,9,9,9,9,9,9,9,9,9,9,9,9,9,9,9,9,9,9,9,9,9,17600000,612,2,28758.169934640522,Moolacheri,2 BHK,500-1000 sqft,Valid,Chennai,Not available in source data,315,35
12600000,612,Moolacheri,1,0,9,9,9,9,9,9,9,9,9,9,9,9,9,9,9,9,9,9,9,9,9,9,9,9,9,9,9,9,9,9,9,9,9,9,9,12600000,612,1,20588.235294117647,Moolacheri,1 BHK,500-1000 sqft,Valid,Chennai,Not available in source data,315,35
12000000,1243,Pallikaranai,2,0,9,9,9,9,9,9,9,9,9,9,9,9,9,9,9,9,9,9,9,9,9,9,9,9,9,9,9,9,9,9,9,9,9,9,9,12000000,1243,2,9654.062751407884,Pallikaranai,2 BHK,1000-1500 sqft,Valid,Chennai,Not available in source data,315,35
16500000,2712,Pallikaranai,4,0,9,9,9,9,9,9,9,9,9,9,9,9,9,9,9,9,9,9,9,9,9,9,9,9,9,9,9,9,9,9,9,9,9,9,9,16500000,2712,4,6084.070796460177,Pallikaranai,4 BHK,2500+ sqft,Valid,Chennai,Not available in source data,315,35
8200000,1944,Pallikaranai,3,0,9,9,9,9,9,9,9,9,9,9,9,9,9,9,9,9,9,9,9,9,9,9,9,9,9,9,9,9,9,9,9,9,9,9,9,8200000,1944,3,4218.106995884774,Pallikaranai,3 BHK,1500-2500 sqft,Valid,Chennai,Not available in source data,315,35
5957000,1922,Pallikaranai,3,0,9,9,9,9,9,9,9,9,9,9,9,9,9,9,9,9,9,9,9,9,9,9,9,9,9,9,9,9,9,9,9,9,9,9,9,5957000,1922,3,3099.375650364204,Pallikaranai,3 BHK,1500-2500 sqft,Valid,Chennai,Not available in source data,315,35
3300000,2691,Pallikaranai,4,0,9,9,9,9,9,9,9,9,9,9,9,9,9,9,9,9,9,9,9,9,9,9,9,9,9,9,9,9,9,9,9,9,9,9,9,3300000,2691,4,1226.3099219620958,Pallikaranai,4 BHK,2500+ sqft,Valid,Chennai,Not available in source data,315,35
9056000,1255,Pallikaranai,2,0,9,9,9,9,9,9,9,9,9,9,9,9,9,9,9,9,9,9,9,9,9,9,9,9,9,9,9,9,9,9,9,9,9,9,9,9056000,1255,2,7215.93625498008,Pallikaranai,2 BHK,1000-1500 sqft,Valid,Chennai,Not available in source data,315,35
7917000,1036,Iyappanthangal,2,0,9,9,9,9,9,9,9,9,9,9,9,9,9,9,9,9,9,9,9,9,9,9,9,9,9,9,9,9,9,9,9,9,9,9,9,7917000,1036,2,7641.891891891892,Iyappanthangal,2 BHK,1000-1500 sqft,Valid,Chennai,Not available in source data,315,35
6652000,574,Iyappanthangal,1,0,9,9,9,9,9,9,9,9,9,9,9,9,9,9,9,9,9,9,9,9,9,9,9,9,9,9,9,9,9,9,9,9,9,9,9,6652000,574,1,11588.850174216028,Iyappanthangal,1 BHK,500-1000 sqft,Valid,Chennai,Not available in source data,315,35
6043000,1575,Iyappanthangal,3,0,9,9,9,9,9,9,9,9,9,9,9,9,9,9,9,9,9,9,9,9,9,9,9,9,9,9,9,9,9,9,9,9,9,9,9,6043000,1575,3,3836.8253968253966,Iyappanthangal,3 BHK,1500-2500 sqft,Valid,Chennai,Not available in source data,315,35
6284000,1377,Iyappanthangal,3,0,9,9,9,9,9,9,9,9,9,9,9,9,9,9,9,9,9,9,9,9,9,9,9,9,9,9,9,9,9,9,9,9,9,9,9,6284000,1377,3,4563.543936092956,Iyappanthangal,3 BHK,1000-1500 sqft,Valid,Chennai,Not available in source data,315,35
7429000,1157,Iyappanthangal,2,0,9,9,9,9,9,9,9,9,9,9,9,9,9,9,9,9,9,9,9,9,9,9,9,9,9,9,9,9,9,9,9,9,9,9,9,7429000,1157,2,6420.916162489196,Iyappanthangal,2 BHK,1000-1500 sqft,Valid,Chennai,Not available in source data,315,35
3427000,1051,Iyappanthangal,2,0,9,9,9,9,9,9,9,9,9,9,9,9,9,9,9,9,9,9,9,9,9,9,9,9,9,9,9,9,9,9,9,9,9,9,9,3427000,1051,2,3260.7040913415794,Iyappanthangal,2 BHK,1000-1500 sqft,Valid,Chennai,Not available in source data,315,35
7456999,1093,Iyappanthangal,2,0,9,9,9,9,9,9,9,9,9,9,9,9,9,9,9,9,9,9,9,9,9,9,9,9,9,9,9,9,9,9,9,9,9,9,9,7456999,1093,2,6822.505946935041,Iyappanthangal,2 BHK,1000-1500 sqft,Valid,Chennai,Not available in source data,315,35
3599000,1292,Iyappanthangal,3,0,9,9,9,9,9,9,9,9,9,9,9,9,9,9,9,9,9,9,9,9,9,9,9,9,9,9,9,9,9,9,9,9,9,9,9,3599000,1292,3,2785.6037151702785,Iyappanthangal,3 BHK,1000-1500 sqft,Valid,Chennai,Not available in source data,315,35
5111000,596,Iyappanthangal,1,0,9,9,9,9,9,9,9,9,9,9,9,9,9,9,9,9,9,9,9,9,9,9,9,9,9,9,9,9,9,9,9,9,9,9,9,5111000,596,1,8575.503355704697,Iyappanthangal,1 BHK,500-1000 sqft,Valid,Chennai,Not available in source data,315,35
9154000,1297,Iyappanthangal,3,0,9,9,9,9,9,9,9,9,9,9,9,9,9,9,9,9,9,9,9,9,9,9,9,9,9,9,9,9,9,9,9,9,9,9,9,9154000,1297,3,7057.825751734773,Iyappanthangal,3 BHK,1000-1500 sqft,Valid,Chennai,Not available in source data,315,35
5226000,626,Iyappanthangal,1,0,9,9,9,9,9,9,9,9,9,9,9,9,9,9,9,9,9,9,9,9,9,9,9,9,9,9,9,9,9,9,9,9,9,9,9,5226000,626,1,8348.242811501597,Iyappanthangal,1 BHK,500-1000 sqft,Valid,Chennai,Not available in source data,315,35
5681000,889,Iyappanthangal,2,0,9,9,9,9,9,9,9,9,9,9,9,9,9,9,9,9,9,9,9,9,9,9,9,9,9,9,9,9,9,9,9,9,9,9,9,5681000,889,2,6390.326209223847,Iyappanthangal,2 BHK,500-1000 sqft,Valid,Chennai,Not available in source data,315,35
8418000,1592,Iyappanthangal,3,0,9,9,9,9,9,9,9,9,9,9,9,9,9,9,9,9,9,9,9,9,9,9,9,9,9,9,9,9,9,9,9,9,9,9,9,8418000,1592,3,5287.688442211055,Iyappanthangal,3 BHK,1500-2500 sqft,Valid,Chennai,Not available in source data,315,35
5267000,909,Iyappanthangal,2,0,9,9,9,9,9,9,9,9,9,9,9,9,9,9,9,9,9,9,9,9,9,9,9,9,9,9,9,9,9,9,9,9,9,9,9,5267000,909,2,5794.279427942794,Iyappanthangal,2 BHK,500-1000 sqft,Valid,Chennai,Not available in source data,315,35
3329000,988,Iyappanthangal,2,0,9,9,9,9,9,9,9,9,9,9,9,9,9,9,9,9,9,9,9,9,9,9,9,9,9,9,9,9,9,9,9,9,9,9,9,3329000,988,2,3369.433198380567,Iyappanthangal,2 BHK,500-1000 sqft,Valid,Chennai,Not available in source data,315,35
7664000,1464,Iyappanthangal,3,0,9,9,9,9,9,9,9,9,9,9,9,9,9,9,9,9,9,9,9,9,9,9,9,9,9,9,9,9,9,9,9,9,9,9,9,7664000,1464,3,5234.972677595629,Iyappanthangal,3 BHK,1000-1500 sqft,Valid,Chennai,Not available in source data,315,35
3335000,916,Iyappanthangal,2,0,9,9,9,9,9,9,9,9,9,9,9,9,9,9,9,9,9,9,9,9,9,9,9,9,9,9,9,9,9,9,9,9,9,9,9,3335000,916,2,3640.829694323144,Iyappanthangal,2 BHK,500-1000 sqft,Valid,Chennai,Not available in source data,315,35
6800000,579,Iyappanthangal,1,0,9,9,9,9,9,9,9,9,9,9,9,9,9,9,9,9,9,9,9,9,9,9,9,9,9,9,9,9,9,9,9,9,9,9,9,6800000,579,1,11744.386873920552,Iyappanthangal,1 BHK,500-1000 sqft,Valid,Chennai,Not available in source data,315,35
5400000,1333,Iyappanthangal,3,0,9,9,9,9,9,9,9,9,9,9,9,9,9,9,9,9,9,9,9,9,9,9,9,9,9,9,9,9,9,9,9,9,9,9,9,5400000,1333,3,4051.012753188297,Iyappanthangal,3 BHK,1000-1500 sqft,Valid,Chennai,Not available in source data,315,35
2760000,580,Iyappanthangal,1,0,9,9,9,9,9,9,9,9,9,9,9,9,9,9,9,9,9,9,9,9,9,9,9,9,9,9,9,9,9,9,9,9,9,9,9,2760000,580,1,4758.620689655172,Iyappanthangal,1 BHK,500-1000 sqft,Valid,Chennai,Not available in source data,315,35
3756000,1110,Maduravoyal,2,1,9,9,9,9,9,9,9,9,9,9,9,9,9,9,9,9,9,9,9,9,9,9,9,9,9,9,9,9,9,9,9,9,9,9,9,3756000,1110,2,3383.7837837837837,Maduravoyal,2 BHK,1000-1500 sqft,Valid,Chennai,Not available in source data,315,35
6000000,811,Kilkattalai,2,0,9,9,9,9,9,9,9,9,9,9,9,9,9,9,9,9,9,9,9,9,9,9,9,9,9,9,9,9,9,9,9,9,9,9,9,6000000,811,2,7398.273736128237,Kilkattalai,2 BHK,500-1000 sqft,Valid,Chennai,Not available in source data,315,35
2628000,600,Pammal,2,0,9,9,9,9,9,9,9,9,9,9,9,9,9,9,9,9,9,9,9,9,9,9,9,9,9,9,9,9,9,9,9,9,9,9,9,2628000,600,2,4380.0,Pammal,2 BHK,500-1000 sqft,Valid,Chennai,Not available in source data,315,35
4100000,840,Pammal,2,0,9,9,9,9,9,9,9,9,9,9,9,9,9,9,9,9,9,9,9,9,9,9,9,9,9,9,9,9,9,9,9,9,9,9,9,4100000,840,2,4880.952380952381,Pammal,2 BHK,500-1000 sqft,Valid,Chennai,Not available in source data,315,35
2840000,1220,Pammal,3,0,9,9,9,9,9,9,9,9,9,9,9,9,9,9,9,9,9,9,9,9,9,9,9,9,9,9,9,9,9,9,9,9,9,9,9,2840000,1220,3,2327.8688524590166,Pammal,3 BHK,1000-1500 sqft,Valid,Chennai,Not available in source data,315,35
5243000,730,Thiruneermalai,2,0,9,9,9,9,9,9,9,9,9,9,9,9,9,9,9,9,9,9,9,9,9,9,9,9,9,9,9,9,9,9,9,9,9,9,9,5243000,730,2,7182.191780821918,Thiruneermalai,2 BHK,500-1000 sqft,Valid,Chennai,Not available in source data,315,35
4480000,777,Pammal,2,0,9,9,9,9,9,9,9,9,9,9,9,9,9,9,9,9,9,9,9,9,9,9,9,9,9,9,9,9,9,9,9,9,9,9,9,4480000,777,2,5765.7657657657655,Pammal,2 BHK,500-1000 sqft,Valid,Chennai,Not available in source data,315,35
6900000,789,Kundrathur,2,0,9,9,9,9,9,9,9,9,9,9,9,9,9,9,9,9,9,9,9,9,9,9,9,9,9,9,9,9,9,9,9,9,9,9,9,6900000,789,2,8745.247148288974,Kundrathur,2 BHK,500-1000 sqft,Valid,Chennai,Not available in source data,315,35
3900000,1070,Pallavaram,3,0,9,9,9,9,9,9,9,9,9,9,9,9,9,9,9,9,9,9,9,9,9,9,9,9,9,9,9,9,9,9,9,9,9,9,9,3900000,1070,3,3644.8598130841124,Pallavaram,3 BHK,1000-1500 sqft,Valid,Chennai,Not available in source data,315,35
2520000,1120,Pammal,3,0,9,9,9,9,9,9,9,9,9,9,9,9,9,9,9,9,9,9,9,9,9,9,9,9,9,9,9,9,9,9,9,9,9,9,9,2520000,1120,3,2250.0,Pammal,3 BHK,1000-1500 sqft,Valid,Chennai,Not available in source data,315,35
3500000,1453,Pallavaram,3,0,9,9,9,9,9,9,9,9,9,9,9,9,9,9,9,9,9,9,9,9,9,9,9,9,9,9,9,9,9,9,9,9,9,9,9,3500000,1453,3,2408.8093599449417,Pallavaram,3 BHK,1000-1500 sqft,Valid,Chennai,Not available in source data,315,35
3000000,1195,Kundrathur,1,0,9,9,9,9,9,9,9,9,9,9,9,9,9,9,9,9,9,9,9,9,9,9,9,9,9,9,9,9,9,9,9,9,9,9,9,3000000,1195,1,2510.460251046025,Kundrathur,1 BHK,1000-1500 sqft,Valid,Chennai,Not available in source data,315,35
3295000,700,Kundrathur,2,0,9,9,9,9,9,9,9,9,9,9,9,9,9,9,9,9,9,9,9,9,9,9,9,9,9,9,9,9,9,9,9,9,9,9,9,3295000,700,2,4707.142857142857,Kundrathur,2 BHK,500-1000 sqft,Valid,Chennai,Not available in source data,315,35
3865000,915,Kumananchavadi,2,0,9,9,9,9,9,9,9,9,9,9,9,9,9,9,9,9,9,9,9,9,9,9,9,9,9,9,9,9,9,9,9,9,9,9,9,3865000,915,2,4224.043715846995,Kumananchavadi,2 BHK,500-1000 sqft,Valid,Chennai,Not available in source data,315,35
2840000,755,Kumananchavadi,2,0,9,9,9,9,9,9,9,9,9,9,9,9,9,9,9,9,9,9,9,9,9,9,9,9,9,9,9,9,9,9,9,9,9,9,9,2840000,755,2,3761.58940397351,Kumananchavadi,2 BHK,500-1000 sqft,Valid,Chennai,Not available in source data,315,35
3500000,845,Kolapakkam,2,0,9,9,9,9,9,9,9,9,9,9,9,9,9,9,9,9,9,9,9,9,9,9,9,9,9,9,9,9,9,9,9,9,9,9,9,3500000,845,2,4142.011834319526,Kolapakkam,2 BHK,500-1000 sqft,Valid,Chennai,Not available in source data,315,35
6934999,777,Pammal,2,0,9,9,9,9,9,9,9,9,9,9,9,9,9,9,9,9,9,9,9,9,9,9,9,9,9,9,9,9,9,9,9,9,9,9,9,6934999,777,2,8925.352638352639,Pammal,2 BHK,500-1000 sqft,Valid,Chennai,Not available in source data,315,35
51600000,789,Kundrathur,2,0,9,9,9,9,9,9,9,9,9,9,9,9,9,9,9,9,9,9,9,9,9,9,9,9,9,9,9,9,9,9,9,9,9,9,9,51600000,789,2,65399.23954372624,Kundrathur,2 BHK,500-1000 sqft,Valid,Chennai,Not available in source data,315,35
17000000,915,Mangadu,2,0,9,9,9,9,9,9,9,9,9,9,9,9,9,9,9,9,9,9,9,9,9,9,9,9,9,9,9,9,9,9,9,9,9,9,9,17000000,915,2,18579.234972677597,Mangadu,2 BHK,500-1000 sqft,Valid,Chennai,Not available in source data,315,35
5536000,1067,Maduravoyal,2,0,9,9,9,9,9,9,9,9,9,9,9,9,9,9,9,9,9,9,9,9,9,9,9,9,9,9,9,9,9,9,9,9,9,9,9,5536000,1067,2,5188.3786316776,Maduravoyal,2 BHK,1000-1500 sqft,Valid,Chennai,Not available in source data,315,35
7100000,2348,Alwarpet,3,0,9,9,9,9,9,9,9,9,9,9,9,9,9,9,9,9,9,9,9,9,9,9,9,9,9,9,9,9,9,9,9,9,9,9,9,7100000,2348,3,3023.850085178876,Alwarpet,3 BHK,1500-2500 sqft,Valid,Chennai,Not available in source data,315,35
5500000,1215,Anna Nagar,3,0,9,9,9,9,9,9,9,9,9,9,9,9,9,9,9,9,9,9,9,9,9,9,9,9,9,9,9,9,9,9,9,9,9,9,9,5500000,1215,3,4526.748971193416,Anna Nagar,3 BHK,1000-1500 sqft,Valid,Chennai,Not available in source data,315,35
7100000,1061,Vanagaram,2,0,9,9,9,9,9,9,9,9,9,9,9,9,9,9,9,9,9,9,9,9,9,9,9,9,9,9,9,9,9,9,9,9,9,9,9,7100000,1061,2,6691.800188501414,Vanagaram,2 BHK,1000-1500 sqft,Valid,Chennai,Not available in source data,315,35
9072000,1123,Porur,2,0,9,9,9,9,9,9,9,9,9,9,9,9,9,9,9,9,9,9,9,9,9,9,9,9,9,9,9,9,9,9,9,9,9,9,9,9072000,1123,2,8078.361531611754,Porur,2 BHK,1000-1500 sqft,Valid,Chennai,Not available in source data,315,35
2100000,811,Kilkattalai,1,0,9,9,9,9,9,9,9,9,9,9,9,9,9,9,9,9,9,9,9,9,9,9,9,9,9,9,9,9,9,9,9,9,9,9,9,2100000,811,1,2589.395807644883,Kilkattalai,1 BHK,500-1000 sqft,Valid,Chennai,Not available in source data,315,35
2000000,1123,Iyappanthangal,2,0,9,9,9,9,9,9,9,9,9,9,9,9,9,9,9,9,9,9,9,9,9,9,9,9,9,9,9,9,9,9,9,9,9,9,9,2000000,1123,2,1780.9439002671415,Iyappanthangal,2 BHK,1000-1500 sqft,Valid,Chennai,Not available in source data,315,35
2386000,1260,Arumbakkam,2,0,9,9,9,9,9,9,9,9,9,9,9,9,9,9,9,9,9,9,9,9,9,9,9,9,9,9,9,9,9,9,9,9,9,9,9,2386000,1260,2,1893.6507936507937,Arumbakkam,2 BHK,1000-1500 sqft,Valid,Chennai,Not available in source data,315,35
3918000,580,Pammal,1,0,9,9,9,9,9,9,9,9,9,9,9,9,9,9,9,9,9,9,9,9,9,9,9,9,9,9,9,9,9,9,9,9,9,9,9,3918000,580,1,6755.172413793103,Pammal,1 BHK,500-1000 sqft,Valid,Chennai,Not available in source data,315,35
46100000,450,Anakaputhur,1,1,9,9,9,9,9,9,9,9,9,9,9,9,9,9,9,9,9,9,9,9,9,9,9,9,9,9,9,9,9,9,9,9,9,9,9,46100000,450,1,102444.44444444444,Anakaputhur,1 BHK,<500 sqft,Valid,Chennai,Not available in source data,315,35
2600000,575,Thiruverkadu,1,0,9,9,9,9,9,9,9,9,9,9,9,9,9,9,9,9,9,9,9,9,9,9,9,9,9,9,9,9,9,9,9,9,9,9,9,2600000,575,1,4521.739130434783,Thiruverkadu,1 BHK,500-1000 sqft,Valid,Chennai,Not available in source data,315,35
8000000,982,Guduvancheri,2,0,9,9,9,9,9,9,9,9,9,9,9,9,9,9,9,9,9,9,9,9,9,9,9,9,9,9,9,9,9,9,9,9,9,9,9,8000000,982,2,8146.639511201629,Guduvancheri,2 BHK,500-1000 sqft,Valid,Chennai,Not available in source data,315,35
3200000,2882,Egmore,3,0,9,9,9,9,9,9,9,9,9,9,9,9,9,9,9,9,9,9,9,9,9,9,9,9,9,9,9,9,9,9,9,9,9,9,9,3200000,2882,3,1110.3400416377515,Egmore,3 BHK,2500+ sqft,Valid,Chennai,Not available in source data,315,35
3400000,571,Pallavaram,1,0,9,9,9,9,9,9,9,9,9,9,9,9,9,9,9,9,9,9,9,9,9,9,9,9,9,9,9,9,9,9,9,9,9,9,9,3400000,571,1,5954.46584938704,Pallavaram,1 BHK,500-1000 sqft,Valid,Chennai,Not available in source data,315,35
4115999,3500,Pammal,5,0,9,9,9,9,9,9,9,9,9,9,9,9,9,9,9,9,9,9,9,9,9,9,9,9,9,9,9,9,9,9,9,9,9,9,9,4115999,3500,5,1175.9997142857144,Pammal,5+ BHK,2500+ sqft,Valid,Chennai,Not available in source data,315,35
3560000,612,Moolacheri,1,0,9,9,9,9,9,9,9,9,9,9,9,9,9,9,9,9,9,9,9,9,9,9,9,9,9,9,9,9,9,9,9,9,9,9,9,3560000,612,1,5816.993464052288,Moolacheri,1 BHK,500-1000 sqft,Valid,Chennai,Not available in source data,315,35
5540000,1052,Kundrathur,2,0,9,9,9,9,9,9,9,9,9,9,9,9,9,9,9,9,9,9,9,9,9,9,9,9,9,9,9,9,9,9,9,9,9,9,9,5540000,1052,2,5266.1596958174905,Kundrathur,2 BHK,1000-1500 sqft,Valid,Chennai,Not available in source data,315,35
8901000,980,Vanagaram,2,0,9,9,9,9,9,9,9,9,9,9,9,9,9,9,9,9,9,9,9,9,9,9,9,9,9,9,9,9,9,9,9,9,9,9,9,8901000,980,2,9082.65306122449,Vanagaram,2 BHK,500-1000 sqft,Valid,Chennai,Not available in source data,315,35
3800000,890,Ambattur,2,0,9,9,9,9,9,9,9,9,9,9,9,9,9,9,9,9,9,9,9,9,9,9,9,9,9,9,9,9,9,9,9,9,9,9,9,3800000,890,2,4269.662921348315,Ambattur,2 BHK,500-1000 sqft,Valid,Chennai,Not available in source data,315,35
11000000,1539,Poonamallee,2,0,9,9,9,9,9,9,9,9,9,9,9,9,9,9,9,9,9,9,9,9,9,9,9,9,9,9,9,9,9,9,9,9,9,9,9,11000000,1539,2,7147.498375568551,Poonamallee,2 BHK,1500-2500 sqft,Valid,Chennai,Not available in source data,315,35
11500000,1535,Kolapakkam,3,0,9,9,9,9,9,9,9,9,9,9,9,9,9,9,9,9,9,9,9,9,9,9,9,9,9,9,9,9,9,9,9,9,9,9,9,11500000,1535,3,7491.85667752443,Kolapakkam,3 BHK,1500-2500 sqft,Valid,Chennai,Not available in source data,315,35
14000000,1215,Irandankattalai,2,1,9,9,9,9,9,9,9,9,9,9,9,9,9,9,9,9,9,9,9,9,9,9,9,9,9,9,9,9,9,9,9,9,9,9,9,14000000,1215,2,11522.633744855968,Irandankattalai,2 BHK,1000-1500 sqft,Valid,Chennai,Not available in source data,315,35
11000000,1200,Nanganallur,3,0,9,9,9,9,9,9,9,9,9,9,9,9,9,9,9,9,9,9,9,9,9,9,9,9,9,9,9,9,9,9,9,9,9,9,9,11000000,1200,3,9166.666666666666,Nanganallur,3 BHK,1000-1500 sqft,Valid,Chennai,Not available in source data,315,35
9000000,1300,Nanganallur,3,0,9,9,9,9,9,9,9,9,9,9,9,9,9,9,9,9,9,9,9,9,9,9,9,9,9,9,9,9,9,9,9,9,9,9,9,9000000,1300,3,6923.076923076923,Nanganallur,3 BHK,1000-1500 sqft,Valid,Chennai,Not available in source data,315,35
5700000,1464,Virugambakkam,3,0,9,9,9,9,9,9,9,9,9,9,9,9,9,9,9,9,9,9,9,9,9,9,9,9,9,9,9,9,9,9,9,9,9,9,9,5700000,1464,3,3893.44262295082,Virugambakkam,3 BHK,1000-1500 sqft,Valid,Chennai,Not available in source data,315,35
2000000,1191,Adambakkam,3,0,9,9,9,9,9,9,9,9,9,9,9,9,9,9,9,9,9,9,9,9,9,9,9,9,9,9,9,9,9,9,9,9,9,9,9,2000000,1191,3,1679.2611251049539,Adambakkam,3 BHK,1000-1500 sqft,Valid,Chennai,Not available in source data,315,35
3100000,950,Adambakkam,2,0,9,9,9,9,9,9,9,9,9,9,9,9,9,9,9,9,9,9,9,9,9,9,9,9,9,9,9,9,9,9,9,9,9,9,9,3100000,950,2,3263.157894736842,Adambakkam,2 BHK,500-1000 sqft,Valid,Chennai,Not available in source data,315,35
2400000,830,Kolathur,2,1,9,9,9,9,9,9,9,9,9,9,9,9,9,9,9,9,9,9,9,9,9,9,9,9,9,9,9,9,9,9,9,9,9,9,9,2400000,830,2,2891.5662650602408,Kolathur,2 BHK,500-1000 sqft,Valid,Chennai,Not available in source data,315,35
7900000,520,Mevalurkuppam,1,0,9,9,9,9,9,9,9,9,9,9,9,9,9,9,9,9,9,9,9,9,9,9,9,9,9,9,9,9,9,9,9,9,9,9,9,7900000,520,1,15192.307692307691,Mevalurkuppam,1 BHK,500-1000 sqft,Valid,Chennai,Not available in source data,315,35
5407000,611,Pallikaranai,1,0,9,9,9,9,9,9,9,9,9,9,9,9,9,9,9,9,9,9,9,9,9,9,9,9,9,9,9,9,9,9,9,9,9,9,9,5407000,611,1,8849.427168576105,Pallikaranai,1 BHK,500-1000 sqft,Valid,Chennai,Not available in source data,315,35
6367000,580,Pozhichalur,1,1,9,9,9,9,9,9,9,9,9,9,9,9,9,9,9,9,9,9,9,9,9,9,9,9,9,9,9,9,9,9,9,9,9,9,9,6367000,580,1,10977.586206896553,Pozhichalur,1 BHK,500-1000 sqft,Valid,Chennai,Not available in source data,315,35
7148999,1190,Mogappair,2,0,9,9,9,9,9,9,9,9,9,9,9,9,9,9,9,9,9,9,9,9,9,9,9,9,9,9,9,9,9,9,9,9,9,9,9,7148999,1190,2,6007.562184873949,Mogappair,2 BHK,1000-1500 sqft,Valid,Chennai,Not available in source data,315,35
6556000,1442,Thalambur,2,0,9,9,9,9,9,9,9,9,9,9,9,9,9,9,9,9,9,9,9,9,9,9,9,9,9,9,9,9,9,9,9,9,9,9,9,6556000,1442,2,4546.463245492372,Thalambur,2 BHK,1000-1500 sqft,Valid,Chennai,Not available in source data,315,35
5781000,1499,Padur,2,0,9,9,9,9,9,9,9,9,9,9,9,9,9,9,9,9,9,9,9,9,9,9,9,9,9,9,9,9,9,9,9,9,9,9,9,5781000,1499,2,3856.57104736491,Padur,2 BHK,1000-1500 sqft,Valid,Chennai,Not available in source data,315,35
32400000,1683,Padur,2,0,9,9,9,9,9,9,9,9,9,9,9,9,9,9,9,9,9,9,9,9,9,9,9,9,9,9,9,9,9,9,9,9,9,9,9,32400000,1683,2,19251.336898395723,Padur,2 BHK,1500-2500 sqft,Valid,Chennai,Not available in source data,315,35
35500000,1395,Madambakkam,3,0,9,9,9,9,9,9,9,9,9,9,9,9,9,9,9,9,9,9,9,9,9,9,9,9,9,9,9,9,9,9,9,9,9,9,9,35500000,1395,3,25448.028673835124,Madambakkam,3 BHK,1000-1500 sqft,Valid,Chennai,Not available in source data,315,35
3740000,1361,Padur,1,0,9,9,9,9,9,9,9,9,9,9,9,9,9,9,9,9,9,9,9,9,9,9,9,9,9,9,9,9,9,9,9,9,9,9,9,3740000,1361,1,2747.9794268919914,Padur,1 BHK,1000-1500 sqft,Valid,Chennai,Not available in source data,315,35
7370000,4321,Sholinganallur,4,0,9,9,9,9,9,9,9,9,9,9,9,9,9,9,9,9,9,9,9,9,9,9,9,9,9,9,9,9,9,9,9,9,9,9,9,7370000,4321,4,1705.623698218005,Sholinganallur,4 BHK,2500+ sqft,Valid,Chennai,Not available in source data,315,35
7390000,4736,Sholinganallur,4,0,9,9,9,9,9,9,9,9,9,9,9,9,9,9,9,9,9,9,9,9,9,9,9,9,9,9,9,9,9,9,9,9,9,9,9,7390000,4736,4,1560.3885135135135,Sholinganallur,4 BHK,2500+ sqft,Valid,Chennai,Not available in source data,315,35
9557000,841,Perungalathur,2,0,9,9,9,9,9,9,9,9,9,9,9,9,9,9,9,9,9,9,9,9,9,9,9,9,9,9,9,9,9,9,9,9,9,9,9,9557000,841,2,11363.85255648038,Perungalathur,2 BHK,500-1000 sqft,Valid,Chennai,Not available in source data,315,35
6342000,1100,Porur,2,0,9,9,9,9,9,9,9,9,9,9,9,9,9,9,9,9,9,9,9,9,9,9,9,9,9,9,9,9,9,9,9,9,9,9,9,6342000,1100,2,5765.454545454545,Porur,2 BHK,1000-1500 sqft,Valid,Chennai,Not available in source data,315,35
61100000,1345,Pallavaram,3,0,9,9,9,9,9,9,9,9,9,9,9,9,9,9,9,9,9,9,9,9,9,9,9,9,9,9,9,9,9,9,9,9,9,9,9,61100000,1345,3,45427.5092936803,Pallavaram,3 BHK,1000-1500 sqft,Valid,Chennai,Not available in source data,315,35
7017000,1554,Perungudi,3,0,9,9,9,9,9,9,9,9,9,9,9,9,9,9,9,9,9,9,9,9,9,9,9,9,9,9,9,9,9,9,9,9,9,9,9,7017000,1554,3,4515.444015444015,Perungudi,3 BHK,1500-2500 sqft,Valid,Chennai,Not available in source data,315,35
6800000,1510,Poonamallee,3,0,9,9,9,9,9,9,9,9,9,9,9,9,9,9,9,9,9,9,9,9,9,9,9,9,9,9,9,9,9,9,9,9,9,9,9,6800000,1510,3,4503.311258278146,Poonamallee,3 BHK,1500-2500 sqft,Valid,Chennai,Not available in source data,315,35
3679999,2781,Alwarpet,4,0,9,9,9,9,9,9,9,9,9,9,9,9,9,9,9,9,9,9,9,9,9,9,9,9,9,9,9,9,9,9,9,9,9,9,9,3679999,2781,4,1323.264653002517,Alwarpet,4 BHK,2500+ sqft,Valid,Chennai,Not available in source data,315,35
7600000,1340,Porur,3,0,9,9,9,9,9,9,9,9,9,9,9,9,9,9,9,9,9,9,9,9,9,9,9,9,9,9,9,9,9,9,9,9,9,9,9,7600000,1340,3,5671.641791044776,Porur,3 BHK,1000-1500 sqft,Valid,Chennai,Not available in source data,315,35
4300000,1130,Porur,2,0,9,9,9,9,9,9,9,9,9,9,9,9,9,9,9,9,9,9,9,9,9,9,9,9,9,9,9,9,9,9,9,9,9,9,9,4300000,1130,2,3805.309734513274,Porur,2 BHK,1000-1500 sqft,Valid,Chennai,Not available in source data,315,35
5500000,780,Perungalathur,2,0,9,9,9,9,9,9,9,9,9,9,9,9,9,9,9,9,9,9,9,9,9,9,9,9,9,9,9,9,9,9,9,9,9,9,9,5500000,780,2,7051.282051282052,Perungalathur,2 BHK,500-1000 sqft,Valid,Chennai,Not available in source data,315,35
3500000,1295,Egatoor,2,0,9,9,9,9,9,9,9,9,9,9,9,9,9,9,9,9,9,9,9,9,9,9,9,9,9,9,9,9,9,9,9,9,9,9,9,3500000,1295,2,2702.7027027027025,Egatoor,2 BHK,1000-1500 sqft,Valid,Chennai,Not available in source data,315,35
2785000,1081,Avadi,2,0,9,9,9,9,9,9,9,9,9,9,9,9,9,9,9,9,9,9,9,9,9,9,9,9,9,9,9,9,9,9,9,9,9,9,9,2785000,1081,2,2576.31822386679,Avadi,2 BHK,1000-1500 sqft,Valid,Chennai,Not available in source data,315,35
4809000,815,Virugambakkam,2,0,9,9,9,9,9,9,9,9,9,9,9,9,9,9,9,9,9,9,9,9,9,9,9,9,9,9,9,9,9,9,9,9,9,9,9,4809000,815,2,5900.613496932516,Virugambakkam,2 BHK,500-1000 sqft,Valid,Chennai,Not available in source data,315,35
2800000,510,Porur,1,0,9,9,9,9,9,9,9,9,9,9,9,9,9,9,9,9,9,9,9,9,9,9,9,9,9,9,9,9,9,9,9,9,9,9,9,2800000,510,1,5490.196078431372,Porur,1 BHK,500-1000 sqft,Valid,Chennai,Not available in source data,315,35
7213000,733,Pozhichalur,1,0,9,9,9,9,9,9,9,9,9,9,9,9,9,9,9,9,9,9,9,9,9,9,9,9,9,9,9,9,9,9,9,9,9,9,9,7213000,733,1,9840.381991814462,Pozhichalur,1 BHK,500-1000 sqft,Valid,Chennai,Not available in source data,315,35
10100000,1093,Pammal,2,0,9,9,9,9,9,9,9,9,9,9,9,9,9,9,9,9,9,9,9,9,9,9,9,9,9,9,9,9,9,9,9,9,9,9,9,10100000,1093,2,9240.622140896614,Pammal,2 BHK,1000-1500 sqft,Valid,Chennai,Not available in source data,315,35
10500000,570,Pammal,1,0,9,9,9,9,9,9,9,9,9,9,9,9,9,9,9,9,9,9,9,9,9,9,9,9,9,9,9,9,9,9,9,9,9,9,9,10500000,570,1,18421.052631578947,Pammal,1 BHK,500-1000 sqft,Valid,Chennai,Not available in source data,315,35
14900000,1173,Perungudi,1,0,9,9,9,9,9,9,9,9,9,9,9,9,9,9,9,9,9,9,9,9,9,9,9,9,9,9,9,9,9,9,9,9,9,9,9,14900000,1173,1,12702.472293265133,Perungudi,1 BHK,1000-1500 sqft,Valid,Chennai,Not available in source data,315,35
9200000,2323,Padur,4,0,9,9,9,9,9,9,9,9,9,9,9,9,9,9,9,9,9,9,9,9,9,9,9,9,9,9,9,9,9,9,9,9,9,9,9,9200000,2323,4,3960.3960396039606,Padur,4 BHK,1500-2500 sqft,Valid,Chennai,Not available in source data,315,35
2840000,1850,Mogappair,3,0,9,9,9,9,9,9,9,9,9,9,9,9,9,9,9,9,9,9,9,9,9,9,9,9,9,9,9,9,9,9,9,9,9,9,9,2840000,1850,3,1535.1351351351352,Mogappair,3 BHK,1500-2500 sqft,Valid,Chennai,Not available in source data,315,35
3400000,2300,Korattur,3,0,9,9,9,9,9,9,9,9,9,9,9,9,9,9,9,9,9,9,9,9,9,9,9,9,9,9,9,9,9,9,9,9,9,9,9,3400000,2300,3,1478.2608695652175,Korattur,3 BHK,1500-2500 sqft,Valid,Chennai,Not available in source data,315,35
5700000,1655,Siruseri,3,0,9,9,9,9,9,9,9,9,9,9,9,9,9,9,9,9,9,9,9,9,9,9,9,9,9,9,9,9,9,9,9,9,9,9,9,5700000,1655,3,3444.1087613293053,Siruseri,3 BHK,1500-2500 sqft,Valid,Chennai,Not available in source data,315,35
3800000,789,Kundrathur,2,0,9,9,9,9,9,9,9,9,9,9,9,9,9,9,9,9,9,9,9,9,9,9,9,9,9,9,9,9,9,9,9,9,9,9,9,3800000,789,2,4816.223067173638,Kundrathur,2 BHK,500-1000 sqft,Valid,Chennai,Not available in source data,315,35
2400000,1044,Kundrathur,2,0,9,9,9,9,9,9,9,9,9,9,9,9,9,9,9,9,9,9,9,9,9,9,9,9,9,9,9,9,9,9,9,9,9,9,9,2400000,1044,2,2298.8505747126437,Kundrathur,2 BHK,1000-1500 sqft,Valid,Chennai,Not available in source data,315,35
4500000,1300,Pammal,1,0,9,9,9,9,9,9,9,9,9,9,9,9,9,9,9,9,9,9,9,9,9,9,9,9,9,9,9,9,9,9,9,9,9,9,9,4500000,1300,1,3461.5384615384614,Pammal,1 BHK,1000-1500 sqft,Valid,Chennai,Not available in source data,315,35
6500000,1168,Kundrathur,2,0,9,9,9,9,9,9,9,9,9,9,9,9,9,9,9,9,9,9,9,9,9,9,9,9,9,9,9,9,9,9,9,9,9,9,9,6500000,1168,2,5565.068493150685,Kundrathur,2 BHK,1000-1500 sqft,Valid,Chennai,Not available in source data,315,35
5000000,580,Pozhichalur,1,1,9,9,9,9,9,9,9,9,9,9,9,9,9,9,9,9,9,9,9,9,9,9,9,9,9,9,9,9,9,9,9,9,9,9,9,5000000,580,1,8620.689655172413,Pozhichalur,1 BHK,500-1000 sqft,Valid,Chennai,Not available in source data,315,35
6450000,858,Kolathur,2,0,9,9,9,9,9,9,9,9,9,9,9,9,9,9,9,9,9,9,9,9,9,9,9,9,9,9,9,9,9,9,9,9,9,9,9,6450000,858,2,7517.482517482517,Kolathur,2 BHK,500-1000 sqft,Valid,Chennai,Not available in source data,315,35
5407000,1130,Porur,3,0,9,9,9,9,9,9,9,9,9,9,9,9,9,9,9,9,9,9,9,9,9,9,9,9,9,9,9,9,9,9,9,9,9,9,9,5407000,1130,3,4784.95575221239,Porur,3 BHK,1000-1500 sqft,Valid,Chennai,Not available in source data,315,35
6367000,800,Kilkattalai,2,0,9,9,9,9,9,9,9,9,9,9,9,9,9,9,9,9,9,9,9,9,9,9,9,9,9,9,9,9,9,9,9,9,9,9,9,6367000,800,2,7958.75,Kilkattalai,2 BHK,500-1000 sqft,Valid,Chennai,Not available in source data,315,35
7148999,1180,Iyyappanthangal,3,0,9,9,9,9,9,9,9,9,9,9,9,9,9,9,9,9,9,9,9,9,9,9,9,9,9,9,9,9,9,9,9,9,9,9,9,7148999,1180,3,6058.473728813559,Iyyappanthangal,3 BHK,1000-1500 sqft,Valid,Chennai,Not available in source data,315,35
3740000,1395,Madambakkam,3,0,9,9,9,9,9,9,9,9,9,9,9,9,9,9,9,9,9,9,9,9,9,9,9,9,9,9,9,9,9,9,9,9,9,9,9,3740000,1395,3,2681.0035842293905,Madambakkam,3 BHK,1000-1500 sqft,Valid,Chennai,Not available in source data,315,35
7370000,1361,Padur,1,0,9,9,9,9,9,9,9,9,9,9,9,9,9,9,9,9,9,9,9,9,9,9,9,9,9,9,9,9,9,9,9,9,9,9,9,7370000,1361,1,5415.1359294636295,Padur,1 BHK,1000-1500 sqft,Valid,Chennai,Not available in source data,315,35
7390000,4321,Sholinganallur,4,0,9,9,9,9,9,9,9,9,9,9,9,9,9,9,9,9,9,9,9,9,9,9,9,9,9,9,9,9,9,9,9,9,9,9,9,7390000,4321,4,1710.2522564221244,Sholinganallur,4 BHK,2500+ sqft,Valid,Chennai,Not available in source data,315,35
6493000,841,Perungalathur,2,0,9,9,9,9,9,9,9,9,9,9,9,9,9,9,9,9,9,9,9,9,9,9,9,9,9,9,9,9,9,9,9,9,9,9,9,6493000,841,2,7720.570749108205,Perungalathur,2 BHK,500-1000 sqft,Valid,Chennai,Not available in source data,315,35
6956999,1100,Porur,2,0,9,9,9,9,9,9,9,9,9,9,9,9,9,9,9,9,9,9,9,9,9,9,9,9,9,9,9,9,9,9,9,9,9,9,9,6956999,1100,2,6324.544545454545,Porur,2 BHK,1000-1500 sqft,Valid,Chennai,Not available in source data,315,35
4335000,1345,Pallavaram,3,0,9,9,9,9,9,9,9,9,9,9,9,9,9,9,9,9,9,9,9,9,9,9,9,9,9,9,9,9,9,9,9,9,9,9,9,4335000,1345,3,3223.0483271375465,Pallavaram,3 BHK,1000-1500 sqft,Valid,Chennai,Not available in source data,315,35
4255000,1443,Perumbakkam,3,0,9,9,9,9,9,9,9,9,9,9,9,9,9,9,9,9,9,9,9,9,9,9,9,9,9,9,9,9,9,9,9,9,9,9,9,4255000,1443,3,2948.7179487179487,Perumbakkam,3 BHK,1000-1500 sqft,Valid,Chennai,Not available in source data,315,35
8100000,1456,Perumbakkam,3,0,9,9,9,9,9,9,9,9,9,9,9,9,9,9,9,9,9,9,9,9,9,9,9,9,9,9,9,9,9,9,9,9,9,9,9,8100000,1456,3,5563.186813186813,Perumbakkam,3 BHK,1000-1500 sqft,Valid,Chennai,Not available in source data,315,35
8600000,867,Ambattur,2,0,9,9,9,9,9,9,9,9,9,9,9,9,9,9,9,9,9,9,9,9,9,9,9,9,9,9,9,9,9,9,9,9,9,9,9,8600000,867,2,9919.26182237601,Ambattur,2 BHK,500-1000 sqft,Valid,Chennai,Not available in source data,315,35
5600000,925,Iyyappanthangal,2,0,9,9,9,9,9,9,9,9,9,9,9,9,9,9,9,9,9,9,9,9,9,9,9,9,9,9,9,9,9,9,9,9,9,9,9,5600000,925,2,6054.054054054054,Iyyappanthangal,2 BHK,500-1000 sqft,Valid,Chennai,Not available in source data,315,35
12500000,1102,Tambaram Sanatoruim,3,0,9,9,9,9,9,9,9,9,9,9,9,9,9,9,9,9,9,9,9,9,9,9,9,9,9,9,9,9,9,9,9,9,9,9,9,12500000,1102,3,11343.012704174229,Tambaram Sanatoruim,3 BHK,1000-1500 sqft,Valid,Chennai,Not available in source data,315,35
6366000,1270,tambaram west,3,0,9,9,9,9,9,9,9,9,9,9,9,9,9,9,9,9,9,9,9,9,9,9,9,9,9,9,9,9,9,9,9,9,9,9,9,6366000,1270,3,5012.59842519685,tambaram west,3 BHK,1000-1500 sqft,Valid,Chennai,Not available in source data,315,35
6800000,1044,Madambakkam,3,0,9,9,9,9,9,9,9,9,9,9,9,9,9,9,9,9,9,9,9,9,9,9,9,9,9,9,9,9,9,9,9,9,9,9,9,6800000,1044,3,6513.409961685824,Madambakkam,3 BHK,1000-1500 sqft,Valid,Chennai,Not available in source data,315,35
8000000,1250,Nandambakkam,3,0,9,9,9,9,9,9,9,9,9,9,9,9,9,9,9,9,9,9,9,9,9,9,9,9,9,9,9,9,9,9,9,9,9,9,9,8000000,1250,3,6400.0,Nandambakkam,3 BHK,1000-1500 sqft,Valid,Chennai,Not available in source data,315,35
6100000,1286,Kanathur Reddikuppam,2,0,9,9,9,9,9,9,9,9,9,9,9,9,9,9,9,9,9,9,9,9,9,9,9,9,9,9,9,9,9,9,9,9,9,9,9,6100000,1286,2,4743.390357698289,Kanathur Reddikuppam,2 BHK,1000-1500 sqft,Valid,Chennai,Not available in source data,315,35
7209000,913,Tambaram Sanatoruim,2,0,9,9,9,9,9,9,9,9,9,9,9,9,9,9,9,9,9,9,9,9,9,9,9,9,9,9,9,9,9,9,9,9,9,9,9,7209000,913,2,7895.947426067908,Tambaram Sanatoruim,2 BHK,500-1000 sqft,Valid,Chennai,Not available in source data,315,35
2000000,1125,Rajakilpakkam,3,0,9,9,9,9,9,9,9,9,9,9,9,9,9,9,9,9,9,9,9,9,9,9,9,9,9,9,9,9,9,9,9,9,9,9,9,2000000,1125,3,1777.7777777777778,Rajakilpakkam,3 BHK,1000-1500 sqft,Valid,Chennai,Not available in source data,315,35
7811000,888,Korattur,2,0,9,9,9,9,9,9,9,9,9,9,9,9,9,9,9,9,9,9,9,9,9,9,9,9,9,9,9,9,9,9,9,9,9,9,9,7811000,888,2,8796.17117117117,Korattur,2 BHK,500-1000 sqft,Valid,Chennai,Not available in source data,315,35
6233000,1502,Kanathur Reddikuppam,3,0,9,9,9,9,9,9,9,9,9,9,9,9,9,9,9,9,9,9,9,9,9,9,9,9,9,9,9,9,9,9,9,9,9,9,9,6233000,1502,3,4149.800266311585,Kanathur Reddikuppam,3 BHK,1500-2500 sqft,Valid,Chennai,Not available in source data,315,35
5988000,598,Guduvancheri,2,0,9,9,9,9,9,9,9,9,9,9,9,9,9,9,9,9,9,9,9,9,9,9,9,9,9,9,9,9,9,9,9,9,9,9,9,5988000,598,2,10013.377926421404,Guduvancheri,2 BHK,500-1000 sqft,Valid,Chennai,Not available in source data,315,35
5710000,1048,Gowrivakkam,2,0,9,9,9,9,9,9,9,9,9,9,9,9,9,9,9,9,9,9,9,9,9,9,9,9,9,9,9,9,9,9,9,9,9,9,9,5710000,1048,2,5448.473282442748,Gowrivakkam,2 BHK,1000-1500 sqft,Valid,Chennai,Not available in source data,315,35
3544000,1212,Pallavaram,2,0,9,9,9,9,9,9,9,9,9,9,9,9,9,9,9,9,9,9,9,9,9,9,9,9,9,9,9,9,9,9,9,9,9,9,9,3544000,1212,2,2924.092409240924,Pallavaram,2 BHK,1000-1500 sqft,Valid,Chennai,Not available in source data,315,35
2600000,1155,Pallavaram,2,0,9,9,9,9,9,9,9,9,9,9,9,9,9,9,9,9,9,9,9,9,9,9,9,9,9,9,9,9,9,9,9,9,9,9,9,2600000,1155,2,2251.082251082251,Pallavaram,2 BHK,1000-1500 sqft,Valid,Chennai,Not available in source data,315,35
3900000,1021,Pallavaram,2,0,9,9,9,9,9,9,9,9,9,9,9,9,9,9,9,9,9,9,9,9,9,9,9,9,9,9,9,9,9,9,9,9,9,9,9,3900000,1021,2,3819.784524975514,Pallavaram,2 BHK,1000-1500 sqft,Valid,Chennai,Not available in source data,315,35
2100000,588,Pallavaram,2,0,9,9,9,9,9,9,9,9,9,9,9,9,9,9,9,9,9,9,9,9,9,9,9,9,9,9,9,9,9,9,9,9,9,9,9,2100000,588,2,3571.4285714285716,Pallavaram,2 BHK,500-1000 sqft,Valid,Chennai,Not available in source data,315,35
2100000,920,Avadi,2,0,9,9,9,9,9,9,9,9,9,9,9,9,9,9,9,9,9,9,9,9,9,9,9,9,9,9,9,9,9,9,9,9,9,9,9,2100000,920,2,2282.608695652174,Avadi,2 BHK,500-1000 sqft,Valid,Chennai,Not available in source data,315,35
2827000,1195,Kundrathur,2,0,9,9,9,9,9,9,9,9,9,9,9,9,9,9,9,9,9,9,9,9,9,9,9,9,9,9,9,9,9,9,9,9,9,9,9,2827000,1195,2,2365.6903765690377,Kundrathur,2 BHK,1000-1500 sqft,Valid,Chennai,Not available in source data,315,35
4305000,580,Pammal,1,0,9,9,9,9,9,9,9,9,9,9,9,9,9,9,9,9,9,9,9,9,9,9,9,9,9,9,9,9,9,9,9,9,9,9,9,4305000,580,1,7422.413793103448,Pammal,1 BHK,500-1000 sqft,Valid,Chennai,Not available in source data,315,35
2000000,580,Pammal,1,0,9,9,9,9,9,9,9,9,9,9,9,9,9,9,9,9,9,9,9,9,9,9,9,9,9,9,9,9,9,9,9,9,9,9,9,2000000,580,1,3448.2758620689656,Pammal,1 BHK,500-1000 sqft,Valid,Chennai,Not available in source data,315,35
3900000,725,Pozhichalur,2,0,9,9,9,9,9,9,9,9,9,9,9,9,9,9,9,9,9,9,9,9,9,9,9,9,9,9,9,9,9,9,9,9,9,9,9,3900000,725,2,5379.310344827586,Pozhichalur,2 BHK,500-1000 sqft,Valid,Chennai,Not available in source data,315,35
5700000,861,Pammal,1,0,9,9,9,9,9,9,9,9,9,9,9,9,9,9,9,9,9,9,9,9,9,9,9,9,9,9,9,9,9,9,9,9,9,9,9,5700000,861,1,6620.20905923345,Pammal,1 BHK,500-1000 sqft,Valid,Chennai,Not available in source data,315,35
9083000,500,Pammal,1,0,9,9,9,9,9,9,9,9,9,9,9,9,9,9,9,9,9,9,9,9,9,9,9,9,9,9,9,9,9,9,9,9,9,9,9,9083000,500,1,18166.0,Pammal,1 BHK,500-1000 sqft,Valid,Chennai,Not available in source data,315,35
14900000,1195,Kundrathur,3,0,9,9,9,9,9,9,9,9,9,9,9,9,9,9,9,9,9,9,9,9,9,9,9,9,9,9,9,9,9,9,9,9,9,9,9,14900000,1195,3,12468.619246861925,Kundrathur,3 BHK,1000-1500 sqft,Valid,Chennai,Not available in source data,315,35
9200000,1300,Pammal,2,0,9,9,9,9,9,9,9,9,9,9,9,9,9,9,9,9,9,9,9,9,9,9,9,9,9,9,9,9,9,9,9,9,9,9,9,9200000,1300,2,7076.923076923077,Pammal,2 BHK,1000-1500 sqft,Valid,Chennai,Not available in source data,315,35
2840000,1653,Pallavaram,3,0,9,9,9,9,9,9,9,9,9,9,9,9,9,9,9,9,9,9,9,9,9,9,9,9,9,9,9,9,9,9,9,9,9,9,9,2840000,1653,3,1718.0883242589232,Pallavaram,3 BHK,1500-2500 sqft,Valid,Chennai,Not available in source data,315,35
5310000,1044,Kundrathur,2,0,9,9,9,9,9,9,9,9,9,9,9,9,9,9,9,9,9,9,9,9,9,9,9,9,9,9,9,9,9,9,9,9,9,9,9,5310000,1044,2,5086.206896551724,Kundrathur,2 BHK,1000-1500 sqft,Valid,Chennai,Not available in source data,315,35
4165000,1300,Pammal,1,0,9,9,9,9,9,9,9,9,9,9,9,9,9,9,9,9,9,9,9,9,9,9,9,9,9,9,9,9,9,9,9,9,9,9,9,4165000,1300,1,3203.846153846154,Pammal,1 BHK,1000-1500 sqft,Valid,Chennai,Not available in source data,315,35
7540000,1168,Kundrathur,2,0,9,9,9,9,9,9,9,9,9,9,9,9,9,9,9,9,9,9,9,9,9,9,9,9,9,9,9,9,9,9,9,9,9,9,9,7540000,1168,2,6455.479452054795,Kundrathur,2 BHK,1000-1500 sqft,Valid,Chennai,Not available in source data,315,35
6500000,1250,Padur,2,0,9,9,9,9,9,9,9,9,9,9,9,9,9,9,9,9,9,9,9,9,9,9,9,9,9,9,9,9,9,9,9,9,9,9,9,6500000,1250,2,5200.0,Padur,2 BHK,1000-1500 sqft,Valid,Chennai,Not available in source data,315,35
5000000,833,Medavakkam,2,0,9,9,9,9,9,9,9,9,9,9,9,9,9,9,9,9,9,9,9,9,9,9,9,9,9,9,9,9,9,9,9,9,9,9,9,5000000,833,2,6002.400960384153,Medavakkam,2 BHK,500-1000 sqft,Valid,Chennai,Not available in source data,315,35
6400000,1160,Chitlapakkam,3,0,9,9,9,9,9,9,9,9,9,9,9,9,9,9,9,9,9,9,9,9,9,9,9,9,9,9,9,9,9,9,9,9,9,9,9,6400000,1160,3,5517.241379310345,Chitlapakkam,3 BHK,1000-1500 sqft,Valid,Chennai,Not available in source data,315,35
6500000,1130,Porur,3,0,9,9,9,9,9,9,9,9,9,9,9,9,9,9,9,9,9,9,9,9,9,9,9,9,9,9,9,9,9,9,9,9,9,9,9,6500000,1130,3,5752.212389380531,Porur,3 BHK,1000-1500 sqft,Valid,Chennai,Not available in source data,315,35
5000000,820,Kilkattalai,2,0,9,9,9,9,9,9,9,9,9,9,9,9,9,9,9,9,9,9,9,9,9,9,9,9,9,9,9,9,9,9,9,9,9,9,9,5000000,820,2,6097.5609756097565,Kilkattalai,2 BHK,500-1000 sqft,Valid,Chennai,Not available in source data,315,35
6450000,1140,Iyyappanthangal,3,0,9,9,9,9,9,9,9,9,9,9,9,9,9,9,9,9,9,9,9,9,9,9,9,9,9,9,9,9,9,9,9,9,9,9,9,6450000,1140,3,5657.894736842105,Iyyappanthangal,3 BHK,1000-1500 sqft,Valid,Chennai,Not available in source data,315,35
6366000,1130,Porur,3,0,9,9,9,9,9,9,9,9,9,9,9,9,9,9,9,9,9,9,9,9,9,9,9,9,9,9,9,9,9,9,9,9,9,9,9,6366000,1130,3,5633.628318584071,Porur,3 BHK,1000-1500 sqft,Valid,Chennai,Not available in source data,315,35
2400000,800,Kilkattalai,2,0,9,9,9,9,9,9,9,9,9,9,9,9,9,9,9,9,9,9,9,9,9,9,9,9,9,9,9,9,9,9,9,9,9,9,9,2400000,800,2,3000.0,Kilkattalai,2 BHK,500-1000 sqft,Valid,Chennai,Not available in source data,315,35
2400000,1180,Iyyappanthangal,3,0,9,9,9,9,9,9,9,9,9,9,9,9,9,9,9,9,9,9,9,9,9,9,9,9,9,9,9,9,9,9,9,9,9,9,9,2400000,1180,3,2033.8983050847457,Iyyappanthangal,3 BHK,1000-1500 sqft,Valid,Chennai,Not available in source data,315,35
7811000,1286,Kanathur Reddikuppam,2,0,9,9,9,9,9,9,9,9,9,9,9,9,9,9,9,9,9,9,9,9,9,9,9,9,9,9,9,9,9,9,9,9,9,9,9,7811000,1286,2,6073.872472783826,Kanathur Reddikuppam,2 BHK,1000-1500 sqft,Valid,Chennai,Not available in source data,315,35
6233000,677,Avadi,2,0,9,9,9,9,9,9,9,9,9,9,9,9,9,9,9,9,9,9,9,9,9,9,9,9,9,9,9,9,9,9,9,9,9,9,9,6233000,677,2,9206.794682422453,Avadi,2 BHK,500-1000 sqft,Valid,Chennai,Not available in source data,315,35
5988000,677,Avadi,2,0,9,9,9,9,9,9,9,9,9,9,9,9,9,9,9,9,9,9,9,9,9,9,9,9,9,9,9,9,9,9,9,9,9,9,9,5988000,677,2,8844.903988183161,Avadi,2 BHK,500-1000 sqft,Valid,Chennai,Not available in source data,315,35
2100000,1021,Pallavaram,2,0,9,9,9,9,9,9,9,9,9,9,9,9,9,9,9,9,9,9,9,9,9,9,9,9,9,9,9,9,9,9,9,9,9,9,9,2100000,1021,2,2056.8070519098924,Pallavaram,2 BHK,1000-1500 sqft,Valid,Chennai,Not available in source data,315,35
4400000,588,Pallavaram,2,0,9,9,9,9,9,9,9,9,9,9,9,9,9,9,9,9,9,9,9,9,9,9,9,9,9,9,9,9,9,9,9,9,9,9,9,4400000,588,2,7482.993197278912,Pallavaram,2 BHK,500-1000 sqft,Valid,Chennai,Not available in source data,315,35
5500000,920,Avadi,2,0,9,9,9,9,9,9,9,9,9,9,9,9,9,9,9,9,9,9,9,9,9,9,9,9,9,9,9,9,9,9,9,9,9,9,9,5500000,920,2,5978.260869565217,Avadi,2 BHK,500-1000 sqft,Valid,Chennai,Not available in source data,315,35
4700000,656,Avadi,2,0,9,9,9,9,9,9,9,9,9,9,9,9,9,9,9,9,9,9,9,9,9,9,9,9,9,9,9,9,9,9,9,9,9,9,9,4700000,656,2,7164.634146341464,Avadi,2 BHK,500-1000 sqft,Valid,Chennai,Not available in source data,315,35
4000000,995,Kelambakkam,2,0,9,9,9,9,9,9,9,9,9,9,9,9,9,9,9,9,9,9,9,9,9,9,9,9,9,9,9,9,9,9,9,9,9,9,9,4000000,995,2,4020.100502512563,Kelambakkam,2 BHK,500-1000 sqft,Valid,Chennai,Not available in source data,315,35
10700000,1212,Kelambakkam,3,0,9,9,9,9,9,9,9,9,9,9,9,9,9,9,9,9,9,9,9,9,9,9,9,9,9,9,9,9,9,9,9,9,9,9,9,10700000,1212,3,8828.38283828383,Kelambakkam,3 BHK,1000-1500 sqft,Valid,Chennai,Not available in source data,315,35
4790000,1000,Kelambakkam,2,0,9,9,9,9,9,9,9,9,9,9,9,9,9,9,9,9,9,9,9,9,9,9,9,9,9,9,9,9,9,9,9,9,9,9,9,4790000,1000,2,4790.0,Kelambakkam,2 BHK,1000-1500 sqft,Valid,Chennai,Not available in source data,315,35
3399000,975,Kelambakkam,2,0,9,9,9,9,9,9,9,9,9,9,9,9,9,9,9,9,9,9,9,9,9,9,9,9,9,9,9,9,9,9,9,9,9,9,9,3399000,975,2,3486.153846153846,Kelambakkam,2 BHK,500-1000 sqft,Valid,Chennai,Not available in source data,315,35
3472999,1492,Gowrivakkam,3,0,9,9,9,9,9,9,9,9,9,9,9,9,9,9,9,9,9,9,9,9,9,9,9,9,9,9,9,9,9,9,9,9,9,9,9,3472999,1492,3,2327.7473190348524,Gowrivakkam,3 BHK,1000-1500 sqft,Valid,Chennai,Not available in source data,315,35
4281000,1004,Thiruverkadu,2,0,9,9,9,9,9,9,9,9,9,9,9,9,9,9,9,9,9,9,9,9,9,9,9,9,9,9,9,9,9,9,9,9,9,9,9,4281000,1004,2,4263.94422310757,Thiruverkadu,2 BHK,1000-1500 sqft,Valid,Chennai,Not available in source data,315,35
3023000,912,Vengaivasal,2,0,9,9,9,9,9,9,9,9,9,9,9,9,9,9,9,9,9,9,9,9,9,9,9,9,9,9,9,9,9,9,9,9,9,9,9,3023000,912,2,3314.6929824561403,Vengaivasal,2 BHK,500-1000 sqft,Valid,Chennai,Not available in source data,315,35
8500000,696,Pallavaram,2,0,9,9,9,9,9,9,9,9,9,9,9,9,9,9,9,9,9,9,9,9,9,9,9,9,9,9,9,9,9,9,9,9,9,9,9,8500000,696,2,12212.643678160919,Pallavaram,2 BHK,500-1000 sqft,Valid,Chennai,Not available in source data,315,35
6266000,858,Pallavaram,2,0,9,9,9,9,9,9,9,9,9,9,9,9,9,9,9,9,9,9,9,9,9,9,9,9,9,9,9,9,9,9,9,9,9,9,9,6266000,858,2,7303.030303030303,Pallavaram,2 BHK,500-1000 sqft,Valid,Chennai,Not available in source data,315,35
7600000,606,Pallavaram,2,0,9,9,9,9,9,9,9,9,9,9,9,9,9,9,9,9,9,9,9,9,9,9,9,9,9,9,9,9,9,9,9,9,9,9,9,7600000,606,2,12541.25412541254,Pallavaram,2 BHK,500-1000 sqft,Valid,Chennai,Not available in source data,315,35
6325000,1160,Madipakkam,3,1,9,9,9,9,9,9,9,9,9,9,9,9,9,9,9,9,9,9,9,9,9,9,9,9,9,9,9,9,9,9,9,9,9,9,9,6325000,1160,3,5452.586206896552,Madipakkam,3 BHK,1000-1500 sqft,Valid,Chennai,Not available in source data,315,35
4915000,1567,Avadi,3,0,9,9,9,9,9,9,9,9,9,9,9,9,9,9,9,9,9,9,9,9,9,9,9,9,9,9,9,9,9,9,9,9,9,9,9,4915000,1567,3,3136.5666879387363,Avadi,3 BHK,1500-2500 sqft,Valid,Chennai,Not available in source data,315,35
9792000,1295,Egatoor,2,0,9,9,9,9,9,9,9,9,9,9,9,9,9,9,9,9,9,9,9,9,9,9,9,9,9,9,9,9,9,9,9,9,9,9,9,9792000,1295,2,7561.389961389961,Egatoor,2 BHK,1000-1500 sqft,Valid,Chennai,Not available in source data,315,35
4800000,1255,Pallikaranai,1,0,9,9,9,9,9,9,9,9,9,9,9,9,9,9,9,9,9,9,9,9,9,9,9,9,9,9,9,9,9,9,9,9,9,9,9,4800000,1255,1,3824.7011952191233,Pallikaranai,1 BHK,1000-1500 sqft,Valid,Chennai,Not available in source data,315,35
36000000,1299,Avadi,3,0,9,9,9,9,9,9,9,9,9,9,9,9,9,9,9,9,9,9,9,9,9,9,9,9,9,9,9,9,9,9,9,9,9,9,9,36000000,1299,3,27713.625866050807,Avadi,3 BHK,1000-1500 sqft,Valid,Chennai,Not available in source data,315,35
6342000,1943,Pallikaranai,2,0,9,9,9,9,9,9,9,9,9,9,9,9,9,9,9,9,9,9,9,9,9,9,9,9,9,9,9,9,9,9,9,9,9,9,9,6342000,1943,2,3264.0247040658774,Pallikaranai,2 BHK,1500-2500 sqft,Valid,Chennai,Not available in source data,315,35
2703000,1145,Thalambur,2,0,9,9,9,9,9,9,9,9,9,9,9,9,9,9,9,9,9,9,9,9,9,9,9,9,9,9,9,9,9,9,9,9,9,9,9,2703000,1145,2,2360.6986899563317,Thalambur,2 BHK,1000-1500 sqft,Valid,Chennai,Not available in source data,315,35
12100000,2400,Chetpet,3,0,9,9,9,9,9,9,9,9,9,9,9,9,9,9,9,9,9,9,9,9,9,9,9,9,9,9,9,9,9,9,9,9,9,9,9,12100000,2400,3,5041.666666666667,Chetpet,3 BHK,1500-2500 sqft,Valid,Chennai,Not available in source data,315,35
5839000,1510,Poonamallee,3,0,9,9,9,9,9,9,9,9,9,9,9,9,9,9,9,9,9,9,9,9,9,9,9,9,9,9,9,9,9,9,9,9,9,9,9,5839000,1510,3,3866.887417218543,Poonamallee,3 BHK,1500-2500 sqft,Valid,Chennai,Not available in source data,315,35
7900000,555,Thiruverkadu,1,0,9,9,9,9,9,9,9,9,9,9,9,9,9,9,9,9,9,9,9,9,9,9,9,9,9,9,9,9,9,9,9,9,9,9,9,7900000,555,1,14234.234234234234,Thiruverkadu,1 BHK,500-1000 sqft,Valid,Chennai,Not available in source data,315,35
2760000,1850,Sholinganallur,3,0,9,9,9,9,9,9,9,9,9,9,9,9,9,9,9,9,9,9,9,9,9,9,9,9,9,9,9,9,9,9,9,9,9,9,9,2760000,1850,3,1491.8918918918919,Sholinganallur,3 BHK,1500-2500 sqft,Valid,Chennai,Not available in source data,315,35
5060000,1123,Iyyappanthangal,3,0,9,9,9,9,9,9,9,9,9,9,9,9,9,9,9,9,9,9,9,9,9,9,9,9,9,9,9,9,9,9,9,9,9,9,9,5060000,1123,3,4505.788067675869,Iyyappanthangal,3 BHK,1000-1500 sqft,Valid,Chennai,Not available in source data,315,35
3270000,1160,Nanganallur,3,1,9,9,9,9,9,9,9,9,9,9,9,9,9,9,9,9,9,9,9,9,9,9,9,9,9,9,9,9,9,9,9,9,9,9,9,3270000,1160,3,2818.9655172413795,Nanganallur,3 BHK,1000-1500 sqft,Valid,Chennai,Not available in source data,315,35
2930000,600,Pammal,2,0,9,9,9,9,9,9,9,9,9,9,9,9,9,9,9,9,9,9,9,9,9,9,9,9,9,9,9,9,9,9,9,9,9,9,9,2930000,600,2,4883.333333333333,Pammal,2 BHK,500-1000 sqft,Valid,Chennai,Not available in source data,315,35
2070000,1100,Pammal,3,0,9,9,9,9,9,9,9,9,9,9,9,9,9,9,9,9,9,9,9,9,9,9,9,9,9,9,9,9,9,9,9,9,9,9,9,2070000,1100,3,1881.8181818181818,Pammal,3 BHK,1000-1500 sqft,Valid,Chennai,Not available in source data,315,35
18500000,711,Pammal,2,0,9,9,9,9,9,9,9,9,9,9,9,9,9,9,9,9,9,9,9,9,9,9,9,9,9,9,9,9,9,9,9,9,9,9,9,18500000,711,2,26019.690576652603,Pammal,2 BHK,500-1000 sqft,Valid,Chennai,Not available in source data,315,35
19000000,637,Pammal,2,0,9,9,9,9,9,9,9,9,9,9,9,9,9,9,9,9,9,9,9,9,9,9,9,9,9,9,9,9,9,9,9,9,9,9,9,19000000,637,2,29827.315541601256,Pammal,2 BHK,500-1000 sqft,Valid,Chennai,Not available in source data,315,35
18000000,450,Pammal,1,0,9,9,9,9,9,9,9,9,9,9,9,9,9,9,9,9,9,9,9,9,9,9,9,9,9,9,9,9,9,9,9,9,9,9,9,18000000,450,1,40000.0,Pammal,1 BHK,<500 sqft,Valid,Chennai,Not available in source data,315,35
3399000,1850,Guindy,3,0,9,9,9,9,9,9,9,9,9,9,9,9,9,9,9,9,9,9,9,9,9,9,9,9,9,9,9,9,9,9,9,9,9,9,9,3399000,1850,3,1837.2972972972973,Guindy,3 BHK,1500-2500 sqft,Valid,Chennai,Not available in source data,315,35
8100000,1850,Guindy,3,0,9,9,9,9,9,9,9,9,9,9,9,9,9,9,9,9,9,9,9,9,9,9,9,9,9,9,9,9,9,9,9,9,9,9,9,8100000,1850,3,4378.378378378378,Guindy,3 BHK,1500-2500 sqft,Valid,Chennai,Not available in source data,315,35
8600000,1850,Guindy,3,0,9,9,9,9,9,9,9,9,9,9,9,9,9,9,9,9,9,9,9,9,9,9,9,9,9,9,9,9,9,9,9,9,9,9,9,8600000,1850,3,4648.648648648648,Guindy,3 BHK,1500-2500 sqft,Valid,Chennai,Not available in source data,315,35
5600000,912,Vengaivasal,2,0,9,9,9,9,9,9,9,9,9,9,9,9,9,9,9,9,9,9,9,9,9,9,9,9,9,9,9,9,9,9,9,9,9,9,9,5600000,912,2,6140.350877192983,Vengaivasal,2 BHK,500-1000 sqft,Valid,Chennai,Not available in source data,315,35
6800000,1102,Tambaram Sanatoruim,3,0,9,9,9,9,9,9,9,9,9,9,9,9,9,9,9,9,9,9,9,9,9,9,9,9,9,9,9,9,9,9,9,9,9,9,9,6800000,1102,3,6170.598911070781,Tambaram Sanatoruim,3 BHK,1000-1500 sqft,Valid,Chennai,Not available in source data,315,35
12500000,1270,tambaram west,3,0,9,9,9,9,9,9,9,9,9,9,9,9,9,9,9,9,9,9,9,9,9,9,9,9,9,9,9,9,9,9,9,9,9,9,9,12500000,1270,3,9842.51968503937,tambaram west,3 BHK,1000-1500 sqft,Valid,Chennai,Not available in source data,315,35
19000000,1044,Madambakkam,3,0,9,9,9,9,9,9,9,9,9,9,9,9,9,9,9,9,9,9,9,9,9,9,9,9,9,9,9,9,9,9,9,9,9,9,9,19000000,1044,3,18199.233716475097,Madambakkam,3 BHK,1000-1500 sqft,Valid,Chennai,Not available in source data,315,35
7500000,913,Tambaram Sanatoruim,2,0,9,9,9,9,9,9,9,9,9,9,9,9,9,9,9,9,9,9,9,9,9,9,9,9,9,9,9,9,9,9,9,9,9,9,9,7500000,913,2,8214.676889375685,Tambaram Sanatoruim,2 BHK,500-1000 sqft,Valid,Chennai,Not available in source data,315,35
5304000,1250,Nandambakkam,3,0,9,9,9,9,9,9,9,9,9,9,9,9,9,9,9,9,9,9,9,9,9,9,9,9,9,9,9,9,9,9,9,9,9,9,9,5304000,1250,3,4243.2,Nandambakkam,3 BHK,1000-1500 sqft,Valid,Chennai,Not available in source data,315,35
6493000,1600,T Nagar,3,1,9,9,9,9,9,9,9,9,9,9,9,9,9,9,9,9,9,9,9,9,9,9,9,9,9,9,9,9,9,9,9,9,9,9,9,6493000,1600,3,4058.125,T Nagar,3 BHK,1500-2500 sqft,Valid,Chennai,Not available in source data,315,35
6956999,720,West Mambalam,2,1,9,9,9,9,9,9,9,9,9,9,9,9,9,9,9,9,9,9,9,9,9,9,9,9,9,9,9,9,9,9,9,9,9,9,9,6956999,720,2,9662.49861111111,West Mambalam,2 BHK,500-1000 sqft,Valid,Chennai,Not available in source data,315,35
6350000,1326,Perumbakkam,1,0,9,9,9,9,9,9,9,9,9,9,9,9,9,9,9,9,9,9,9,9,9,9,9,9,9,9,9,9,9,9,9,9,9,9,9,6350000,1326,1,4788.838612368024,Perumbakkam,1 BHK,1000-1500 sqft,Valid,Chennai,Not available in source data,315,35
5200000,1443,Perumbakkam,3,0,9,9,9,9,9,9,9,9,9,9,9,9,9,9,9,9,9,9,9,9,9,9,9,9,9,9,9,9,9,9,9,9,9,9,9,5200000,1443,3,3603.6036036036035,Perumbakkam,3 BHK,1000-1500 sqft,Valid,Chennai,Not available in source data,315,35
7000000,1456,Perumbakkam,3,0,9,9,9,9,9,9,9,9,9,9,9,9,9,9,9,9,9,9,9,9,9,9,9,9,9,9,9,9,9,9,9,9,9,9,9,7000000,1456,3,4807.692307692308,Perumbakkam,3 BHK,1000-1500 sqft,Valid,Chennai,Not available in source data,315,35
7108000,1130,Porur,3,0,9,9,9,9,9,9,9,9,9,9,9,9,9,9,9,9,9,9,9,9,9,9,9,9,9,9,9,9,9,9,9,9,9,9,9,7108000,1130,3,6290.265486725663,Porur,3 BHK,1000-1500 sqft,Valid,Chennai,Not available in source data,315,35
5500000,830,Kilkattalai,2,0,9,9,9,9,9,9,9,9,9,9,9,9,9,9,9,9,9,9,9,9,9,9,9,9,9,9,9,9,9,9,9,9,9,9,9,5500000,830,2,6626.506024096386,Kilkattalai,2 BHK,500-1000 sqft,Valid,Chennai,Not available in source data,315,35
5500000,1030,Valasaravakkam,2,0,9,9,9,9,9,9,9,9,9,9,9,9,9,9,9,9,9,9,9,9,9,9,9,9,9,9,9,9,9,9,9,9,9,9,9,5500000,1030,2,5339.805825242718,Valasaravakkam,2 BHK,1000-1500 sqft,Valid,Chennai,Not available in source data,315,35
18500000,1481,Kanathur Reddikuppam,3,0,9,9,9,9,9,9,9,9,9,9,9,9,9,9,9,9,9,9,9,9,9,9,9,9,9,9,9,9,9,9,9,9,9,9,9,18500000,1481,3,12491.559756920999,Kanathur Reddikuppam,3 BHK,1000-1500 sqft,Valid,Chennai,Not available in source data,315,35
51600000,1079,Porur,2,0,9,9,9,9,9,9,9,9,9,9,9,9,9,9,9,9,9,9,9,9,9,9,9,9,9,9,9,9,9,9,9,9,9,9,9,51600000,1079,2,47822.05746061168,Porur,2 BHK,1000-1500 sqft,Valid,Chennai,Not available in source data,315,35
7108000,1079,Porur,2,0,9,9,9,9,9,9,9,9,9,9,9,9,9,9,9,9,9,9,9,9,9,9,9,9,9,9,9,9,9,9,9,9,9,9,9,7108000,1079,2,6587.58109360519,Porur,2 BHK,1000-1500 sqft,Valid,Chennai,Not available in source data,315,35
3310000,1850,Guindy,3,0,9,9,9,9,9,9,9,9,9,9,9,9,9,9,9,9,9,9,9,9,9,9,9,9,9,9,9,9,9,9,9,9,9,9,9,3310000,1850,3,1789.1891891891892,Guindy,3 BHK,1500-2500 sqft,Valid,Chennai,Not available in source data,315,35
21400000,2348,Alwarpet,3,0,9,9,9,9,9,9,9,9,9,9,9,9,9,9,9,9,9,9,9,9,9,9,9,9,9,9,9,9,9,9,9,9,9,9,9,21400000,2348,3,9114.139693356048,Alwarpet,3 BHK,1500-2500 sqft,Valid,Chennai,Not available in source data,315,35
132600000,1481,Kanathur Reddikuppam,3,0,9,9,9,9,9,9,9,9,9,9,9,9,9,9,9,9,9,9,9,9,9,9,9,9,9,9,9,9,9,9,9,9,9,9,9,132600000,1481,3,89534.09858203917,Kanathur Reddikuppam,3 BHK,1000-1500 sqft,Valid,Chennai,Not available in source data,315,35
183600000,662,Pozhichalur,2,0,9,9,9,9,9,9,9,9,9,9,9,9,9,9,9,9,9,9,9,9,9,9,9,9,9,9,9,9,9,9,9,9,9,9,9,183600000,662,2,277341.38972809666,Pozhichalur,2 BHK,500-1000 sqft,Valid,Chennai,Not available in source data,315,35
2399000,1341,Egmore,3,0,9,9,9,9,9,9,9,9,9,9,9,9,9,9,9,9,9,9,9,9,9,9,9,9,9,9,9,9,9,9,9,9,9,9,9,2399000,1341,3,1788.9634601043997,Egmore,3 BHK,1000-1500 sqft,Valid,Chennai,Not available in source data,315,35
54400000,5200,Nungambakkam,4,0,9,9,9,9,9,9,9,9,9,9,9,9,9,9,9,9,9,9,9,9,9,9,9,9,9,9,9,9,9,9,9,9,9,9,9,54400000,5200,4,10461.538461538461,Nungambakkam,4 BHK,2500+ sqft,Valid,Chennai,Not available in source data,315,35
51600000,7200,Nungambakkam,5,0,9,9,9,9,9,9,9,9,9,9,9,9,9,9,9,9,9,9,9,9,9,9,9,9,9,9,9,9,9,9,9,9,9,9,9,51600000,7200,5,7166.666666666667,Nungambakkam,5+ BHK,2500+ sqft,Valid,Chennai,Not available in source data,315,35
61100000,452,Avadi,2,0,9,9,9,9,9,9,9,9,9,9,9,9,9,9,9,9,9,9,9,9,9,9,9,9,9,9,9,9,9,9,9,9,9,9,9,61100000,452,2,135176.99115044248,Avadi,2 BHK,<500 sqft,Valid,Chennai,Not available in source data,315,35
27300000,2476,Alwarpet,3,0,9,9,9,9,9,9,9,9,9,9,9,9,9,9,9,9,9,9,9,9,9,9,9,9,9,9,9,9,9,9,9,9,9,9,9,27300000,2476,3,11025.848142164781,Alwarpet,3 BHK,1500-2500 sqft,Valid,Chennai,Not available in source data,315,35
22700000,2348,Alwarpet,3,0,9,9,9,9,9,9,9,9,9,9,9,9,9,9,9,9,9,9,9,9,9,9,9,9,9,9,9,9,9,9,9,9,9,9,9,22700000,2348,3,9667.802385008517,Alwarpet,3 BHK,1500-2500 sqft,Valid,Chennai,Not available in source data,315,35
11000000,2781,Alwarpet,4,0,9,9,9,9,9,9,9,9,9,9,9,9,9,9,9,9,9,9,9,9,9,9,9,9,9,9,9,9,9,9,9,9,9,9,9,11000000,2781,4,3955.4117224020138,Alwarpet,4 BHK,2500+ sqft,Valid,Chennai,Not available in source data,315,35
6863000,1606,T Nagar,2,1,9,9,9,9,9,9,9,9,9,9,9,9,9,9,9,9,9,9,9,9,9,9,9,9,9,9,9,9,9,9,9,9,9,9,9,6863000,1606,2,4273.349937733499,T Nagar,2 BHK,1500-2500 sqft,Valid,Chennai,Not available in source data,315,35
21300000,1975,Thiruvanmiyur,3,1,9,9,9,9,9,9,9,9,9,9,9,9,9,9,9,9,9,9,9,9,9,9,9,9,9,9,9,9,9,9,9,9,9,9,9,21300000,1975,3,10784.810126582279,Thiruvanmiyur,3 BHK,1500-2500 sqft,Valid,Chennai,Not available in source data,315,35
19000000,1775,Porur,3,0,9,9,9,9,9,9,9,9,9,9,9,9,9,9,9,9,9,9,9,9,9,9,9,9,9,9,9,9,9,9,9,9,9,9,9,19000000,1775,3,10704.225352112677,Porur,3 BHK,1500-2500 sqft,Valid,Chennai,Not available in source data,315,35
7500000,1107,Porur,2,0,9,9,9,9,9,9,9,9,9,9,9,9,9,9,9,9,9,9,9,9,9,9,9,9,9,9,9,9,9,9,9,9,9,9,9,7500000,1107,2,6775.067750677506,Porur,2 BHK,1000-1500 sqft,Valid,Chennai,Not available in source data,315,35
54400000,3445,Porur,4,0,9,9,9,9,9,9,9,9,9,9,9,9,9,9,9,9,9,9,9,9,9,9,9,9,9,9,9,9,9,9,9,9,9,9,9,54400000,3445,4,15791.00145137881,Porur,4 BHK,2500+ sqft,Valid,Chennai,Not available in source data,315,35
51600000,1600,T Nagar,3,1,9,9,9,9,9,9,9,9,9,9,9,9,9,9,9,9,9,9,9,9,9,9,9,9,9,9,9,9,9,9,9,9,9,9,9,51600000,1600,3,32250.0,T Nagar,3 BHK,1500-2500 sqft,Valid,Chennai,Not available in source data,315,35
61100000,720,West Mambalam,2,1,9,9,9,9,9,9,9,9,9,9,9,9,9,9,9,9,9,9,9,9,9,9,9,9,9,9,9,9,9,9,9,9,9,9,9,61100000,720,2,84861.11111111111,West Mambalam,2 BHK,500-1000 sqft,Valid,Chennai,Not available in source data,315,35
27599999,2476,Alwarpet,3,0,9,9,9,9,9,9,9,9,9,9,9,9,9,9,9,9,9,9,9,9,9,9,9,9,9,9,9,9,9,9,9,9,9,9,9,27599999,2476,3,11147.010904684976,Alwarpet,3 BHK,1500-2500 sqft,Valid,Chennai,Not available in source data,315,35
26400000,2348,Alwarpet,3,0,9,9,9,9,9,9,9,9,9,9,9,9,9,9,9,9,9,9,9,9,9,9,9,9,9,9,9,9,9,9,9,9,9,9,9,26400000,2348,3,11243.611584327087,Alwarpet,3 BHK,1500-2500 sqft,Valid,Chennai,Not available in source data,315,35
2975000,2781,Alwarpet,4,0,9,9,9,9,9,9,9,9,9,9,9,9,9,9,9,9,9,9,9,9,9,9,9,9,9,9,9,9,9,9,9,9,9,9,9,2975000,2781,4,1069.7590794678174,Alwarpet,4 BHK,2500+ sqft,Valid,Chennai,Not available in source data,315,35
4326000,2303,Velachery,3,0,9,9,9,9,9,9,9,9,9,9,9,9,9,9,9,9,9,9,9,9,9,9,9,9,9,9,9,9,9,9,9,9,9,9,9,4326000,2303,3,1878.419452887538,Velachery,3 BHK,1500-2500 sqft,Valid,Chennai,Not available in source data,315,35
6480000,2204,Velachery,3,0,9,9,9,9,9,9,9,9,9,9,9,9,9,9,9,9,9,9,9,9,9,9,9,9,9,9,9,9,9,9,9,9,9,9,9,6480000,2204,3,2940.10889292196,Velachery,3 BHK,1500-2500 sqft,Valid,Chennai,Not available in source data,315,35
4435000,575,Medavakkam,1,0,9,9,9,9,9,9,9,9,9,9,9,9,9,9,9,9,9,9,9,9,9,9,9,9,9,9,9,9,9,9,9,9,9,9,9,4435000,575,1,7713.04347826087,Medavakkam,1 BHK,500-1000 sqft,Valid,Chennai,Not available in source data,315,35
6400000,862,Medavakkam,2,0,9,9,9,9,9,9,9,9,9,9,9,9,9,9,9,9,9,9,9,9,9,9,9,9,9,9,9,9,9,9,9,9,9,9,9,6400000,862,2,7424.593967517401,Medavakkam,2 BHK,500-1000 sqft,Valid,Chennai,Not available in source data,315,35
6700000,1350,Kovur,3,0,9,9,9,9,9,9,9,9,9,9,9,9,9,9,9,9,9,9,9,9,9,9,9,9,9,9,9,9,9,9,9,9,9,9,9,6700000,1350,3,4962.962962962963,Kovur,3 BHK,1000-1500 sqft,Valid,Chennai,Not available in source data,315,35
5200000,924,Kovur,2,0,9,9,9,9,9,9,9,9,9,9,9,9,9,9,9,9,9,9,9,9,9,9,9,9,9,9,9,9,9,9,9,9,9,9,9,5200000,924,2,5627.705627705628,Kovur,2 BHK,500-1000 sqft,Valid,Chennai,Not available in source data,315,35
12000000,1133,Iyyappanthangal,3,0,9,9,9,9,9,9,9,9,9,9,9,9,9,9,9,9,9,9,9,9,9,9,9,9,9,9,9,9,9,9,9,9,9,9,9,12000000,1133,3,10591.35039717564,Iyyappanthangal,3 BHK,1000-1500 sqft,Valid,Chennai,Not available in source data,315,35
6493000,1231,Iyappanthangal,2,0,9,9,9,9,9,9,9,9,9,9,9,9,9,9,9,9,9,9,9,9,9,9,9,9,9,9,9,9,9,9,9,9,9,9,9,6493000,1231,2,5274.573517465476,Iyappanthangal,2 BHK,1000-1500 sqft,Valid,Chennai,Not available in source data,315,35
6172000,811,Madipakkam,2,0,9,9,9,9,9,9,9,9,9,9,9,9,9,9,9,9,9,9,9,9,9,9,9,9,9,9,9,9,9,9,9,9,9,9,9,6172000,811,2,7610.35758323058,Madipakkam,2 BHK,500-1000 sqft,Valid,Chennai,Not available in source data,315,35
3618000,1636,Virugambakkam,3,0,9,9,9,9,9,9,9,9,9,9,9,9,9,9,9,9,9,9,9,9,9,9,9,9,9,9,9,9,9,9,9,9,9,9,9,3618000,1636,3,2211.4914425427874,Virugambakkam,3 BHK,1500-2500 sqft,Valid,Chennai,Not available in source data,315,35
3800000,1443,Perumbakkam,3,0,9,9,9,9,9,9,9,9,9,9,9,9,9,9,9,9,9,9,9,9,9,9,9,9,9,9,9,9,9,9,9,9,9,9,9,3800000,1443,3,2633.4026334026335,Perumbakkam,3 BHK,1000-1500 sqft,Valid,Chennai,Not available in source data,315,35
14300000,1286,Kanathur Reddikuppam,2,0,9,9,9,9,9,9,9,9,9,9,9,9,9,9,9,9,9,9,9,9,9,9,9,9,9,9,9,9,9,9,9,9,9,9,9,14300000,1286,2,11119.751166407465,Kanathur Reddikuppam,2 BHK,1000-1500 sqft,Valid,Chennai,Not available in source data,315,35
6100000,804,Porur,2,0,9,9,9,9,9,9,9,9,9,9,9,9,9,9,9,9,9,9,9,9,9,9,9,9,9,9,9,9,9,9,9,9,9,9,9,6100000,804,2,7587.064676616916,Porur,2 BHK,500-1000 sqft,Valid,Chennai,Not available in source data,315,35
7209000,1168,Kundrathur,2,0,9,9,9,9,9,9,9,9,9,9,9,9,9,9,9,9,9,9,9,9,9,9,9,9,9,9,9,9,9,9,9,9,9,9,9,7209000,1168,2,6172.08904109589,Kundrathur,2 BHK,1000-1500 sqft,Valid,Chennai,Not available in source data,315,35
3295000,2992,Sholinganallur,4,0,9,9,9,9,9,9,9,9,9,9,9,9,9,9,9,9,9,9,9,9,9,9,9,9,9,9,9,9,9,9,9,9,9,9,9,3295000,2992,4,1101.2700534759358,Sholinganallur,4 BHK,2500+ sqft,Valid,Chennai,Not available in source data,315,35
9732000,888,Korattur,2,0,9,9,9,9,9,9,9,9,9,9,9,9,9,9,9,9,9,9,9,9,9,9,9,9,9,9,9,9,9,9,9,9,9,9,9,9732000,888,2,10959.45945945946,Korattur,2 BHK,500-1000 sqft,Valid,Chennai,Not available in source data,315,35
7109999,1502,Kanathur Reddikuppam,3,0,9,9,9,9,9,9,9,9,9,9,9,9,9,9,9,9,9,9,9,9,9,9,9,9,9,9,9,9,9,9,9,9,9,9,9,7109999,1502,3,4733.68774966711,Kanathur Reddikuppam,3 BHK,1500-2500 sqft,Valid,Chennai,Not available in source data,315,35
6342000,845,Porur,2,0,9,9,9,9,9,9,9,9,9,9,9,9,9,9,9,9,9,9,9,9,9,9,9,9,9,9,9,9,9,9,9,9,9,9,9,6342000,845,2,7505.325443786982,Porur,2 BHK,500-1000 sqft,Valid,Chennai,Not available in source data,315,35
4687000,1622,Pallavaram,2,0,9,9,9,9,9,9,9,9,9,9,9,9,9,9,9,9,9,9,9,9,9,9,9,9,9,9,9,9,9,9,9,9,9,9,9,4687000,1622,2,2889.6424167694204,Pallavaram,2 BHK,1500-2500 sqft,Valid,Chennai,Not available in source data,315,35
5100000,1185,Pallavaram,2,0,9,9,9,9,9,9,9,9,9,9,9,9,9,9,9,9,9,9,9,9,9,9,9,9,9,9,9,9,9,9,9,9,9,9,9,5100000,1185,2,4303.797468354431,Pallavaram,2 BHK,1000-1500 sqft,Valid,Chennai,Not available in source data,315,35
6600000,1510,Poonamallee,3,0,9,9,9,9,9,9,9,9,9,9,9,9,9,9,9,9,9,9,9,9,9,9,9,9,9,9,9,9,9,9,9,9,9,9,9,6600000,1510,3,4370.860927152318,Poonamallee,3 BHK,1500-2500 sqft,Valid,Chennai,Not available in source data,315,35
5300000,1116,Poonamallee,2,0,9,9,9,9,9,9,9,9,9,9,9,9,9,9,9,9,9,9,9,9,9,9,9,9,9,9,9,9,9,9,9,9,9,9,9,5300000,1116,2,4749.103942652329,Poonamallee,2 BHK,1000-1500 sqft,Valid,Chennai,Not available in source data,315,35
7100000,804,Madipakkam,2,0,9,9,9,9,9,9,9,9,9,9,9,9,9,9,9,9,9,9,9,9,9,9,9,9,9,9,9,9,9,9,9,9,9,9,9,7100000,804,2,8830.845771144279,Madipakkam,2 BHK,500-1000 sqft,Valid,Chennai,Not available in source data,315,35
7100000,1130,Porur,3,0,9,9,9,9,9,9,9,9,9,9,9,9,9,9,9,9,9,9,9,9,9,9,9,9,9,9,9,9,9,9,9,9,9,9,9,7100000,1130,3,6283.185840707964,Porur,3 BHK,1000-1500 sqft,Valid,Chennai,Not available in source data,315,35
7100000,820,Kovilambakkam,2,0,9,9,9,9,9,9,9,9,9,9,9,9,9,9,9,9,9,9,9,9,9,9,9,9,9,9,9,9,9,9,9,9,9,9,9,7100000,820,2,8658.536585365853,Kovilambakkam,2 BHK,500-1000 sqft,Valid,Chennai,Not available in source data,315,35
5400000,1123,Iyappanthangal,3,0,9,9,9,9,9,9,9,9,9,9,9,9,9,9,9,9,9,9,9,9,9,9,9,9,9,9,9,9,9,9,9,9,9,9,9,5400000,1123,3,4808.548530721282,Iyappanthangal,3 BHK,1000-1500 sqft,Valid,Chennai,Not available in source data,315,35
7100000,1123,Iyappanthangal,2,0,9,9,9,9,9,9,9,9,9,9,9,9,9,9,9,9,9,9,9,9,9,9,9,9,9,9,9,9,9,9,9,9,9,9,9,7100000,1123,2,6322.350845948353,Iyappanthangal,2 BHK,1000-1500 sqft,Valid,Chennai,Not available in source data,315,35
5400000,1123,Porur,2,0,9,9,9,9,9,9,9,9,9,9,9,9,9,9,9,9,9,9,9,9,9,9,9,9,9,9,9,9,9,9,9,9,9,9,9,5400000,1123,2,4808.548530721282,Porur,2 BHK,1000-1500 sqft,Valid,Chennai,Not available in source data,315,35
7100000,811,Kovilambakkam,2,0,9,9,9,9,9,9,9,9,9,9,9,9,9,9,9,9,9,9,9,9,9,9,9,9,9,9,9,9,9,9,9,9,9,9,9,7100000,811,2,8754.62392108508,Kovilambakkam,2 BHK,500-1000 sqft,Valid,Chennai,Not available in source data,315,35
6600000,1123,Kattupakkam,2,0,9,9,9,9,9,9,9,9,9,9,9,9,9,9,9,9,9,9,9,9,9,9,9,9,9,9,9,9,9,9,9,9,9,9,9,6600000,1123,2,5877.114870881567,Kattupakkam,2 BHK,1000-1500 sqft,Valid,Chennai,Not available in source data,315,35
6600000,811,Kovilambakkam,2,0,9,9,9,9,9,9,9,9,9,9,9,9,9,9,9,9,9,9,9,9,9,9,9,9,9,9,9,9,9,9,9,9,9,9,9,6600000,811,2,8138.10110974106,Kovilambakkam,2 BHK,500-1000 sqft,Valid,Chennai,Not available in source data,315,35
5100000,1123,Porur,2,0,9,9,9,9,9,9,9,9,9,9,9,9,9,9,9,9,9,9,9,9,9,9,9,9,9,9,9,9,9,9,9,9,9,9,9,5100000,1123,2,4541.406945681211,Porur,2 BHK,1000-1500 sqft,Valid,Chennai,Not available in source data,315,35
5100000,1123,Iyappanthangal,2,0,9,9,9,9,9,9,9,9,9,9,9,9,9,9,9,9,9,9,9,9,9,9,9,9,9,9,9,9,9,9,9,9,9,9,9,5100000,1123,2,4541.406945681211,Iyappanthangal,2 BHK,1000-1500 sqft,Valid,Chennai,Not available in source data,315,35
6400000,1123,Iyappanthangal,2,0,9,9,9,9,9,9,9,9,9,9,9,9,9,9,9,9,9,9,9,9,9,9,9,9,9,9,9,9,9,9,9,9,9,9,9,6400000,1123,2,5699.020480854853,Iyappanthangal,2 BHK,1000-1500 sqft,Valid,Chennai,Not available in source data,315,35
5400000,804,Madipakkam,2,0,9,9,9,9,9,9,9,9,9,9,9,9,9,9,9,9,9,9,9,9,9,9,9,9,9,9,9,9,9,9,9,9,9,9,9,5400000,804,2,6716.417910447762,Madipakkam,2 BHK,500-1000 sqft,Valid,Chennai,Not available in source data,315,35
7100000,811,Madipakkam,2,0,9,9,9,9,9,9,9,9,9,9,9,9,9,9,9,9,9,9,9,9,9,9,9,9,9,9,9,9,9,9,9,9,9,9,9,7100000,811,2,8754.62392108508,Madipakkam,2 BHK,500-1000 sqft,Valid,Chennai,Not available in source data,315,35
6600000,1123,Iyappanthangal,2,0,9,9,9,9,9,9,9,9,9,9,9,9,9,9,9,9,9,9,9,9,9,9,9,9,9,9,9,9,9,9,9,9,9,9,9,6600000,1123,2,5877.114870881567,Iyappanthangal,2 BHK,1000-1500 sqft,Valid,Chennai,Not available in source data,315,35
5900000,804,Madipakkam,2,0,9,9,9,9,9,9,9,9,9,9,9,9,9,9,9,9,9,9,9,9,9,9,9,9,9,9,9,9,9,9,9,9,9,9,9,5900000,804,2,7338.308457711443,Madipakkam,2 BHK,500-1000 sqft,Valid,Chennai,Not available in source data,315,35
4900000,811,Madipakkam,2,0,9,9,9,9,9,9,9,9,9,9,9,9,9,9,9,9,9,9,9,9,9,9,9,9,9,9,9,9,9,9,9,9,9,9,9,4900000,811,2,6041.923551171393,Madipakkam,2 BHK,500-1000 sqft,Valid,Chennai,Not available in source data,315,35
4900000,1123,Iyappanthangal,2,0,9,9,9,9,9,9,9,9,9,9,9,9,9,9,9,9,9,9,9,9,9,9,9,9,9,9,9,9,9,9,9,9,9,9,9,4900000,1123,2,4363.3125556544965,Iyappanthangal,2 BHK,1000-1500 sqft,Valid,Chennai,Not available in source data,315,35
5000000,1123,Iyappanthangal,3,0,9,9,9,9,9,9,9,9,9,9,9,9,9,9,9,9,9,9,9,9,9,9,9,9,9,9,9,9,9,9,9,9,9,9,9,5000000,1123,3,4452.359750667854,Iyappanthangal,3 BHK,1000-1500 sqft,Valid,Chennai,Not available in source data,315,35
6900000,804,Madipakkam,2,0,9,9,9,9,9,9,9,9,9,9,9,9,9,9,9,9,9,9,9,9,9,9,9,9,9,9,9,9,9,9,9,9,9,9,9,6900000,804,2,8582.089552238805,Madipakkam,2 BHK,500-1000 sqft,Valid,Chennai,Not available in source data,315,35
6900000,811,Madipakkam,2,0,9,9,9,9,9,9,9,9,9,9,9,9,9,9,9,9,9,9,9,9,9,9,9,9,9,9,9,9,9,9,9,9,9,9,9,6900000,811,2,8508.014796547472,Madipakkam,2 BHK,500-1000 sqft,Valid,Chennai,Not available in source data,315,35
5200000,830,Madipakkam,1,0,9,9,9,9,9,9,9,9,9,9,9,9,9,9,9,9,9,9,9,9,9,9,9,9,9,9,9,9,9,9,9,9,9,9,9,5200000,830,1,6265.060240963855,Madipakkam,1 BHK,500-1000 sqft,Valid,Chennai,Not available in source data,315,35
7800000,1123,Iyappanthangal,2,0,9,9,9,9,9,9,9,9,9,9,9,9,9,9,9,9,9,9,9,9,9,9,9,9,9,9,9,9,9,9,9,9,9,9,9,7800000,1123,2,6945.681211041852,Iyappanthangal,2 BHK,1000-1500 sqft,Valid,Chennai,Not available in source data,315,35
5800000,1123,Iyappanthangal,2,0,9,9,9,9,9,9,9,9,9,9,9,9,9,9,9,9,9,9,9,9,9,9,9,9,9,9,9,9,9,9,9,9,9,9,9,5800000,1123,2,5164.737310774711,Iyappanthangal,2 BHK,1000-1500 sqft,Valid,Chennai,Not available in source data,315,35
5000000,811,Madipakkam,2,0,9,9,9,9,9,9,9,9,9,9,9,9,9,9,9,9,9,9,9,9,9,9,9,9,9,9,9,9,9,9,9,9,9,9,9,5000000,811,2,6165.228113440197,Madipakkam,2 BHK,500-1000 sqft,Valid,Chennai,Not available in source data,315,35
6500000,900,Kovilambakkam,1,0,9,9,9,9,9,9,9,9,9,9,9,9,9,9,9,9,9,9,9,9,9,9,9,9,9,9,9,9,9,9,9,9,9,9,9,6500000,900,1,7222.222222222223,Kovilambakkam,1 BHK,500-1000 sqft,Valid,Chennai,Not available in source data,315,35
5200000,900,Madipakkam,2,0,9,9,9,9,9,9,9,9,9,9,9,9,9,9,9,9,9,9,9,9,9,9,9,9,9,9,9,9,9,9,9,9,9,9,9,5200000,900,2,5777.777777777777,Madipakkam,2 BHK,500-1000 sqft,Valid,Chennai,Not available in source data,315,35
6700000,793,Kovilambakkam,2,0,9,9,9,9,9,9,9,9,9,9,9,9,9,9,9,9,9,9,9,9,9,9,9,9,9,9,9,9,9,9,9,9,9,9,9,6700000,793,2,8448.928121059269,Kovilambakkam,2 BHK,500-1000 sqft,Valid,Chennai,Not available in source data,315,35
5200000,1100,Iyappanthangal,2,0,9,9,9,9,9,9,9,9,9,9,9,9,9,9,9,9,9,9,9,9,9,9,9,9,9,9,9,9,9,9,9,9,9,9,9,5200000,1100,2,4727.272727272727,Iyappanthangal,2 BHK,1000-1500 sqft,Valid,Chennai,Not available in source data,315,35
5200000,811,Kovilambakkam,2,0,9,9,9,9,9,9,9,9,9,9,9,9,9,9,9,9,9,9,9,9,9,9,9,9,9,9,9,9,9,9,9,9,9,9,9,5200000,811,2,6411.837237977805,Kovilambakkam,2 BHK,500-1000 sqft,Valid,Chennai,Not available in source data,315,35
6700000,1150,Iyappanthangal,2,0,9,9,9,9,9,9,9,9,9,9,9,9,9,9,9,9,9,9,9,9,9,9,9,9,9,9,9,9,9,9,9,9,9,9,9,6700000,1150,2,5826.086956521739,Iyappanthangal,2 BHK,1000-1500 sqft,Valid,Chennai,Not available in source data,315,35
5200000,811,Madipakkam,2,0,9,9,9,9,9,9,9,9,9,9,9,9,9,9,9,9,9,9,9,9,9,9,9,9,9,9,9,9,9,9,9,9,9,9,9,5200000,811,2,6411.837237977805,Madipakkam,2 BHK,500-1000 sqft,Valid,Chennai,Not available in source data,315,35
6700000,1123,Porur,2,0,9,9,9,9,9,9,9,9,9,9,9,9,9,9,9,9,9,9,9,9,9,9,9,9,9,9,9,9,9,9,9,9,9,9,9,6700000,1123,2,5966.162065894924,Porur,2 BHK,1000-1500 sqft,Valid,Chennai,Not available in source data,315,35
5100000,811,Madipakkam,2,0,9,9,9,9,9,9,9,9,9,9,9,9,9,9,9,9,9,9,9,9,9,9,9,9,9,9,9,9,9,9,9,9,9,9,9,5100000,811,2,6288.5326757090015,Madipakkam,2 BHK,500-1000 sqft,Valid,Chennai,Not available in source data,315,35
5200000,804,Madipakkam,2,0,9,9,9,9,9,9,9,9,9,9,9,9,9,9,9,9,9,9,9,9,9,9,9,9,9,9,9,9,9,9,9,9,9,9,9,5200000,804,2,6467.661691542288,Madipakkam,2 BHK,500-1000 sqft,Valid,Chennai,Not available in source data,315,35
6700000,804,Madipakkam,2,0,9,9,9,9,9,9,9,9,9,9,9,9,9,9,9,9,9,9,9,9,9,9,9,9,9,9,9,9,9,9,9,9,9,9,9,6700000,804,2,8333.333333333334,Madipakkam,2 BHK,500-1000 sqft,Valid,Chennai,Not available in source data,315,35
6600000,1123,Porur,2,0,9,9,9,9,9,9,9,9,9,9,9,9,9,9,9,9,9,9,9,9,9,9,9,9,9,9,9,9,9,9,9,9,9,9,9,6600000,1123,2,5877.114870881567,Porur,2 BHK,1000-1500 sqft,Valid,Chennai,Not available in source data,315,35
6700000,811,Kovilambakkam,2,0,9,9,9,9,9,9,9,9,9,9,9,9,9,9,9,9,9,9,9,9,9,9,9,9,9,9,9,9,9,9,9,9,9,9,9,6700000,811,2,8261.405672009865,Kovilambakkam,2 BHK,500-1000 sqft,Valid,Chennai,Not available in source data,315,35
5200000,1123,Kattupakkam,2,0,9,9,9,9,9,9,9,9,9,9,9,9,9,9,9,9,9,9,9,9,9,9,9,9,9,9,9,9,9,9,9,9,9,9,9,5200000,1123,2,4630.454140694568,Kattupakkam,2 BHK,1000-1500 sqft,Valid,Chennai,Not available in source data,315,35
12000000,1123,Iyappanthangal,3,0,9,9,9,9,9,9,9,9,9,9,9,9,9,9,9,9,9,9,9,9,9,9,9,9,9,9,9,9,9,9,9,9,9,9,9,12000000,1123,3,10685.66340160285,Iyappanthangal,3 BHK,1000-1500 sqft,Valid,Chennai,Not available in source data,315,35
6350000,811,Madipakkam,2,0,9,9,9,9,9,9,9,9,9,9,9,9,9,9,9,9,9,9,9,9,9,9,9,9,9,9,9,9,9,9,9,9,9,9,9,6350000,811,2,7829.839704069051,Madipakkam,2 BHK,500-1000 sqft,Valid,Chennai,Not available in source data,315,35
5200000,1636,Virugambakkam,3,0,9,9,9,9,9,9,9,9,9,9,9,9,9,9,9,9,9,9,9,9,9,9,9,9,9,9,9,9,9,9,9,9,9,9,9,5200000,1636,3,3178.484107579462,Virugambakkam,3 BHK,1500-2500 sqft,Valid,Chennai,Not available in source data,315,35
7000000,1443,Perumbakkam,3,0,9,9,9,9,9,9,9,9,9,9,9,9,9,9,9,9,9,9,9,9,9,9,9,9,9,9,9,9,9,9,9,9,9,9,9,7000000,1443,3,4851.004851004851,Perumbakkam,3 BHK,1000-1500 sqft,Valid,Chennai,Not available in source data,315,35
8792000,1130,Porur,3,0,9,9,9,9,9,9,9,9,9,9,9,9,9,9,9,9,9,9,9,9,9,9,9,9,9,9,9,9,9,9,9,9,9,9,9,8792000,1130,3,7780.530973451328,Porur,3 BHK,1000-1500 sqft,Valid,Chennai,Not available in source data,315,35
8836000,830,Kilkattalai,2,0,9,9,9,9,9,9,9,9,9,9,9,9,9,9,9,9,9,9,9,9,9,9,9,9,9,9,9,9,9,9,9,9,9,9,9,8836000,830,2,10645.783132530121,Kilkattalai,2 BHK,500-1000 sqft,Valid,Chennai,Not available in source data,315,35
6995999,1030,Valasaravakkam,2,0,9,9,9,9,9,9,9,9,9,9,9,9,9,9,9,9,9,9,9,9,9,9,9,9,9,9,9,9,9,9,9,9,9,9,9,6995999,1030,2,6792.232038834952,Valasaravakkam,2 BHK,1000-1500 sqft,Valid,Chennai,Not available in source data,315,35
9055000,1566,Karapakkam,3,0,9,9,9,9,9,9,9,9,9,9,9,9,9,9,9,9,9,9,9,9,9,9,9,9,9,9,9,9,9,9,9,9,9,9,9,9055000,1566,3,5782.247765006386,Karapakkam,3 BHK,1500-2500 sqft,Valid,Chennai,Not available in source data,315,35
13799999,1829,Karapakkam,3,0,9,9,9,9,9,9,9,9,9,9,9,9,9,9,9,9,9,9,9,9,9,9,9,9,9,9,9,9,9,9,9,9,9,9,9,13799999,1829,3,7545.106068890104,Karapakkam,3 BHK,1500-2500 sqft,Valid,Chennai,Not available in source data,315,35
18600000,1564,Karapakkam,3,0,9,9,9,9,9,9,9,9,9,9,9,9,9,9,9,9,9,9,9,9,9,9,9,9,9,9,9,9,9,9,9,9,9,9,9,18600000,1564,3,11892.583120204603,Karapakkam,3 BHK,1500-2500 sqft,Valid,Chennai,Not available in source data,315,35
18500000,1348,Karapakkam,3,0,9,9,9,9,9,9,9,9,9,9,9,9,9,9,9,9,9,9,9,9,9,9,9,9,9,9,9,9,9,9,9,9,9,9,9,18500000,1348,3,13724.035608308606,Karapakkam,3 BHK,1000-1500 sqft,Valid,Chennai,Not available in source data,315,35
3847000,2630,Karapakkam,4,0,9,9,9,9,9,9,9,9,9,9,9,9,9,9,9,9,9,9,9,9,9,9,9,9,9,9,9,9,9,9,9,9,9,9,9,3847000,2630,4,1462.7376425855514,Karapakkam,4 BHK,2500+ sqft,Valid,Chennai,Not available in source data,315,35
2418000,2616,Karapakkam,4,0,9,9,9,9,9,9,9,9,9,9,9,9,9,9,9,9,9,9,9,9,9,9,9,9,9,9,9,9,9,9,9,9,9,9,9,2418000,2616,4,924.3119266055046,Karapakkam,4 BHK,2500+ sqft,Valid,Chennai,Not available in source data,315,35
2962000,1599,Karapakkam,3,0,9,9,9,9,9,9,9,9,9,9,9,9,9,9,9,9,9,9,9,9,9,9,9,9,9,9,9,9,9,9,9,9,9,9,9,2962000,1599,3,1852.4077548467792,Karapakkam,3 BHK,1500-2500 sqft,Valid,Chennai,Not available in source data,315,35
2181000,953,Thalambur,2,0,9,9,9,9,9,9,9,9,9,9,9,9,9,9,9,9,9,9,9,9,9,9,9,9,9,9,9,9,9,9,9,9,9,9,9,2181000,953,2,2288.5624344176285,Thalambur,2 BHK,500-1000 sqft,Valid,Chennai,Not available in source data,315,35
8559000,657,Thalambur,1,0,9,9,9,9,9,9,9,9,9,9,9,9,9,9,9,9,9,9,9,9,9,9,9,9,9,9,9,9,9,9,9,9,9,9,9,8559000,657,1,13027.397260273972,Thalambur,1 BHK,500-1000 sqft,Valid,Chennai,Not available in source data,315,35
6977000,773,Thalambur,2,0,9,9,9,9,9,9,9,9,9,9,9,9,9,9,9,9,9,9,9,9,9,9,9,9,9,9,9,9,9,9,9,9,9,9,9,6977000,773,2,9025.873221216041,Thalambur,2 BHK,500-1000 sqft,Valid,Chennai,Not available in source data,315,35
19000000,585,Thalambur,1,0,9,9,9,9,9,9,9,9,9,9,9,9,9,9,9,9,9,9,9,9,9,9,9,9,9,9,9,9,9,9,9,9,9,9,9,19000000,585,1,32478.63247863248,Thalambur,1 BHK,500-1000 sqft,Valid,Chennai,Not available in source data,315,35
10400000,1502,Kanathur Reddikuppam,3,0,9,9,9,9,9,9,9,9,9,9,9,9,9,9,9,9,9,9,9,9,9,9,9,9,9,9,9,9,9,9,9,9,9,9,9,10400000,1502,3,6924.101198402131,Kanathur Reddikuppam,3 BHK,1500-2500 sqft,Valid,Chennai,Not available in source data,315,35
2142000,2630,Karapakkam,4,0,9,9,9,9,9,9,9,9,9,9,9,9,9,9,9,9,9,9,9,9,9,9,9,9,9,9,9,9,9,9,9,9,9,9,9,2142000,2630,4,814.4486692015209,Karapakkam,4 BHK,2500+ sqft,Valid,Chennai,Not available in source data,315,35
2061000,2616,Karapakkam,4,0,9,9,9,9,9,9,9,9,9,9,9,9,9,9,9,9,9,9,9,9,9,9,9,9,9,9,9,9,9,9,9,9,9,9,9,2061000,2616,4,787.8440366972477,Karapakkam,4 BHK,2500+ sqft,Valid,Chennai,Not available in source data,315,35
2107000,1599,Karapakkam,3,0,9,9,9,9,9,9,9,9,9,9,9,9,9,9,9,9,9,9,9,9,9,9,9,9,9,9,9,9,9,9,9,9,9,9,9,2107000,1599,3,1317.6985616010006,Karapakkam,3 BHK,1500-2500 sqft,Valid,Chennai,Not available in source data,315,35
2117000,612,Singaperumal Koil,1,0,9,9,9,9,9,9,9,9,9,9,9,9,9,9,9,9,9,9,9,9,9,9,9,9,9,9,9,9,9,9,9,9,9,9,9,2117000,612,1,3459.150326797386,Singaperumal Koil,1 BHK,500-1000 sqft,Valid,Chennai,Not available in source data,315,35
3224000,589,Singaperumal Koil,1,0,9,9,9,9,9,9,9,9,9,9,9,9,9,9,9,9,9,9,9,9,9,9,9,9,9,9,9,9,9,9,9,9,9,9,9,3224000,589,1,5473.684210526316,Singaperumal Koil,1 BHK,500-1000 sqft,Valid,Chennai,Not available in source data,315,35
2082000,602,Singaperumal Koil,1,0,9,9,9,9,9,9,9,9,9,9,9,9,9,9,9,9,9,9,9,9,9,9,9,9,9,9,9,9,9,9,9,9,9,9,9,2082000,602,1,3458.471760797342,Singaperumal Koil,1 BHK,500-1000 sqft,Valid,Chennai,Not available in source data,315,35
7620999,605,Singaperumal Koil,1,0,9,9,9,9,9,9,9,9,9,9,9,9,9,9,9,9,9,9,9,9,9,9,9,9,9,9,9,9,9,9,9,9,9,9,9,7620999,605,1,12596.692561983471,Singaperumal Koil,1 BHK,500-1000 sqft,Valid,Chennai,Not available in source data,315,35
7289000,836,Singaperumal Koil,2,0,9,9,9,9,9,9,9,9,9,9,9,9,9,9,9,9,9,9,9,9,9,9,9,9,9,9,9,9,9,9,9,9,9,9,9,7289000,836,2,8718.8995215311,Singaperumal Koil,2 BHK,500-1000 sqft,Valid,Chennai,Not available in source data,315,35
30500000,595,Singaperumal Koil,1,0,9,9,9,9,9,9,9,9,9,9,9,9,9,9,9,9,9,9,9,9,9,9,9,9,9,9,9,9,9,9,9,9,9,9,9,30500000,595,1,51260.50420168067,Singaperumal Koil,1 BHK,500-1000 sqft,Valid,Chennai,Not available in source data,315,35
31900000,1385,Kanathur Reddikuppam,2,0,9,9,9,9,9,9,9,9,9,9,9,9,9,9,9,9,9,9,9,9,9,9,9,9,9,9,9,9,9,9,9,9,9,9,9,31900000,1385,2,23032.49097472924,Kanathur Reddikuppam,2 BHK,1000-1500 sqft,Valid,Chennai,Not available in source data,315,35
4103000,1315,Kanathur Reddikuppam,2,0,9,9,9,9,9,9,9,9,9,9,9,9,9,9,9,9,9,9,9,9,9,9,9,9,9,9,9,9,9,9,9,9,9,9,9,4103000,1315,2,3120.152091254753,Kanathur Reddikuppam,2 BHK,1000-1500 sqft,Valid,Chennai,Not available in source data,315,35
3427000,5037,Kanathur Reddikuppam,5,0,9,9,9,9,9,9,9,9,9,9,9,9,9,9,9,9,9,9,9,9,9,9,9,9,9,9,9,9,9,9,9,9,9,9,9,3427000,5037,5,680.365296803653,Kanathur Reddikuppam,5+ BHK,2500+ sqft,Valid,Chennai,Not available in source data,315,35
3030000,5093,Kanathur Reddikuppam,5,0,9,9,9,9,9,9,9,9,9,9,9,9,9,9,9,9,9,9,9,9,9,9,9,9,9,9,9,9,9,9,9,9,9,9,9,3030000,5093,5,594.9342234439426,Kanathur Reddikuppam,5+ BHK,2500+ sqft,Valid,Chennai,Not available in source data,315,35
2627000,873,Medavakkam,2,0,9,9,9,9,9,9,9,9,9,9,9,9,9,9,9,9,9,9,9,9,9,9,9,9,9,9,9,9,9,9,9,9,9,9,9,2627000,873,2,3009.163802978236,Medavakkam,2 BHK,500-1000 sqft,Valid,Chennai,Not available in source data,315,35
2649000,826,Madambakkam,2,0,9,9,9,9,9,9,9,9,9,9,9,9,9,9,9,9,9,9,9,9,9,9,9,9,9,9,9,9,9,9,9,9,9,9,9,2649000,826,2,3207.0217917675545,Madambakkam,2 BHK,500-1000 sqft,Valid,Chennai,Not available in source data,315,35
4500000,947,Guduvancheri,2,0,9,9,9,9,9,9,9,9,9,9,9,9,9,9,9,9,9,9,9,9,9,9,9,9,9,9,9,9,9,9,9,9,9,9,9,4500000,947,2,4751.847940865892,Guduvancheri,2 BHK,500-1000 sqft,Valid,Chennai,Not available in source data,315,35
3499000,821,Guduvancheri,2,0,9,9,9,9,9,9,9,9,9,9,9,9,9,9,9,9,9,9,9,9,9,9,9,9,9,9,9,9,9,9,9,9,9,9,9,3499000,821,2,4261.875761266748,Guduvancheri,2 BHK,500-1000 sqft,Valid,Chennai,Not available in source data,315,35
4800000,828,Guduvancheri,2,0,9,9,9,9,9,9,9,9,9,9,9,9,9,9,9,9,9,9,9,9,9,9,9,9,9,9,9,9,9,9,9,9,9,9,9,4800000,828,2,5797.101449275362,Guduvancheri,2 BHK,500-1000 sqft,Valid,Chennai,Not available in source data,315,35
3500000,974,Pozhichalur,2,0,9,9,9,9,9,9,9,9,9,9,9,9,9,9,9,9,9,9,9,9,9,9,9,9,9,9,9,9,9,9,9,9,9,9,9,3500000,974,2,3593.429158110883,Pozhichalur,2 BHK,500-1000 sqft,Valid,Chennai,Not available in source data,315,35
4400000,904,Guduvancheri,2,0,9,9,9,9,9,9,9,9,9,9,9,9,9,9,9,9,9,9,9,9,9,9,9,9,9,9,9,9,9,9,9,9,9,9,9,4400000,904,2,4867.256637168141,Guduvancheri,2 BHK,500-1000 sqft,Valid,Chennai,Not available in source data,315,35
3753000,983,Pozhichalur,2,0,9,9,9,9,9,9,9,9,9,9,9,9,9,9,9,9,9,9,9,9,9,9,9,9,9,9,9,9,9,9,9,9,9,9,9,3753000,983,2,3817.9043743641914,Pozhichalur,2 BHK,500-1000 sqft,Valid,Chennai,Not available in source data,315,35
4226000,903,Guduvancheri,2,0,9,9,9,9,9,9,9,9,9,9,9,9,9,9,9,9,9,9,9,9,9,9,9,9,9,9,9,9,9,9,9,9,9,9,9,4226000,903,2,4679.955703211517,Guduvancheri,2 BHK,500-1000 sqft,Valid,Chennai,Not available in source data,315,35
4226000,974,Pozhichalur,2,0,9,9,9,9,9,9,9,9,9,9,9,9,9,9,9,9,9,9,9,9,9,9,9,9,9,9,9,9,9,9,9,9,9,9,9,4226000,974,2,4338.809034907597,Pozhichalur,2 BHK,500-1000 sqft,Valid,Chennai,Not available in source data,315,35
4809000,873,Pozhichalur,2,0,9,9,9,9,9,9,9,9,9,9,9,9,9,9,9,9,9,9,9,9,9,9,9,9,9,9,9,9,9,9,9,9,9,9,9,4809000,873,2,5508.591065292097,Pozhichalur,2 BHK,500-1000 sqft,Valid,Chennai,Not available in source data,315,35
4492000,983,Pozhichalur,2,0,9,9,9,9,9,9,9,9,9,9,9,9,9,9,9,9,9,9,9,9,9,9,9,9,9,9,9,9,9,9,9,9,9,9,9,4492000,983,2,4569.684638860631,Pozhichalur,2 BHK,500-1000 sqft,Valid,Chennai,Not available in source data,315,35
6038000,984,Pozhichalur,3,0,9,9,9,9,9,9,9,9,9,9,9,9,9,9,9,9,9,9,9,9,9,9,9,9,9,9,9,9,9,9,9,9,9,9,9,6038000,984,3,6136.178861788618,Pozhichalur,3 BHK,500-1000 sqft,Valid,Chennai,Not available in source data,315,35
3883000,1002,Medavakkam,2,0,9,9,9,9,9,9,9,9,9,9,9,9,9,9,9,9,9,9,9,9,9,9,9,9,9,9,9,9,9,9,9,9,9,9,9,3883000,1002,2,3875.249500998004,Medavakkam,2 BHK,1000-1500 sqft,Valid,Chennai,Not available in source data,315,35
7056000,936,Medavakkam,2,0,9,9,9,9,9,9,9,9,9,9,9,9,9,9,9,9,9,9,9,9,9,9,9,9,9,9,9,9,9,9,9,9,9,9,9,7056000,936,2,7538.461538461538,Medavakkam,2 BHK,500-1000 sqft,Valid,Chennai,Not available in source data,315,35
3601000,1258,Medavakkam,3,0,9,9,9,9,9,9,9,9,9,9,9,9,9,9,9,9,9,9,9,9,9,9,9,9,9,9,9,9,9,9,9,9,9,9,9,3601000,1258,3,2862.4801271860097,Medavakkam,3 BHK,1000-1500 sqft,Valid,Chennai,Not available in source data,315,35
3920000,809,Medavakkam,2,0,9,9,9,9,9,9,9,9,9,9,9,9,9,9,9,9,9,9,9,9,9,9,9,9,9,9,9,9,9,9,9,9,9,9,9,3920000,809,2,4845.48825710754,Medavakkam,2 BHK,500-1000 sqft,Valid,Chennai,Not available in source data,315,35
3836000,1176,Medavakkam,3,0,9,9,9,9,9,9,9,9,9,9,9,9,9,9,9,9,9,9,9,9,9,9,9,9,9,9,9,9,9,9,9,9,9,9,9,3836000,1176,3,3261.904761904762,Medavakkam,3 BHK,1000-1500 sqft,Valid,Chennai,Not available in source data,315,35
5500000,735,Madambakkam,2,0,9,9,9,9,9,9,9,9,9,9,9,9,9,9,9,9,9,9,9,9,9,9,9,9,9,9,9,9,9,9,9,9,9,9,9,5500000,735,2,7482.993197278912,Madambakkam,2 BHK,500-1000 sqft,Valid,Chennai,Not available in source data,315,35
9442000,800,Madambakkam,2,0,9,9,9,9,9,9,9,9,9,9,9,9,9,9,9,9,9,9,9,9,9,9,9,9,9,9,9,9,9,9,9,9,9,9,9,9442000,800,2,11802.5,Madambakkam,2 BHK,500-1000 sqft,Valid,Chennai,Not available in source data,315,35
6948000,783,Madambakkam,2,0,9,9,9,9,9,9,9,9,9,9,9,9,9,9,9,9,9,9,9,9,9,9,9,9,9,9,9,9,9,9,9,9,9,9,9,6948000,783,2,8873.563218390804,Madambakkam,2 BHK,500-1000 sqft,Valid,Chennai,Not available in source data,315,35
4928000,1060,Thoraipakkam OMR,2,1,9,9,9,9,9,9,9,9,9,9,9,9,9,9,9,9,9,9,9,9,9,9,9,9,9,9,9,9,9,9,9,9,9,9,9,4928000,1060,2,4649.056603773585,Thoraipakkam OMR,2 BHK,1000-1500 sqft,Valid,Chennai,Not available in source data,315,35
7339000,1430,Pallavaram,3,0,9,9,9,9,9,9,9,9,9,9,9,9,9,9,9,9,9,9,9,9,9,9,9,9,9,9,9,9,9,9,9,9,9,9,9,7339000,1430,3,5132.167832167832,Pallavaram,3 BHK,1000-1500 sqft,Valid,Chennai,Not available in source data,315,35
7339000,1040,Pallavaram,2,0,9,9,9,9,9,9,9,9,9,9,9,9,9,9,9,9,9,9,9,9,9,9,9,9,9,9,9,9,9,9,9,9,9,9,9,7339000,1040,2,7056.7307692307695,Pallavaram,2 BHK,1000-1500 sqft,Valid,Chennai,Not available in source data,315,35
3799000,1152,Padur,2,0,9,9,9,9,9,9,9,9,9,9,9,9,9,9,9,9,9,9,9,9,9,9,9,9,9,9,9,9,9,9,9,9,9,9,9,3799000,1152,2,3297.7430555555557,Padur,2 BHK,1000-1500 sqft,Valid,Chennai,Not available in source data,315,35
4000000,1529,Ambattur INDUSTRIAL ESTATE,2,0,9,9,9,9,9,9,9,9,9,9,9,9,9,9,9,9,9,9,9,9,9,9,9,9,9,9,9,9,9,9,9,9,9,9,9,4000000,1529,2,2616.0889470241987,Ambattur INDUSTRIAL ESTATE,2 BHK,1500-2500 sqft,Valid,Chennai,Not available in source data,315,35
3795000,1529,Ambattur INDUSTRIAL ESTATE,3,1,9,9,9,9,9,9,9,9,9,9,9,9,9,9,9,9,9,9,9,9,9,9,9,9,9,9,9,9,9,9,9,9,9,9,9,3795000,1529,3,2482.0143884892086,Ambattur INDUSTRIAL ESTATE,3 BHK,1500-2500 sqft,Valid,Chennai,Not available in source data,315,35
15100000,1000,Kelambakkam,2,0,9,9,9,9,9,9,9,9,9,9,9,9,9,9,9,9,9,9,9,9,9,9,9,9,9,9,9,9,9,9,9,9,9,9,9,15100000,1000,2,15100.0,Kelambakkam,2 BHK,1000-1500 sqft,Valid,Chennai,Not available in source data,315,35
14300000,855,Mevalurkuppam,2,0,9,9,9,9,9,9,9,9,9,9,9,9,9,9,9,9,9,9,9,9,9,9,9,9,9,9,9,9,9,9,9,9,9,9,9,14300000,855,2,16725.14619883041,Mevalurkuppam,2 BHK,500-1000 sqft,Valid,Chennai,Not available in source data,315,35
14300000,999,Kelambakkam,2,0,9,9,9,9,9,9,9,9,9,9,9,9,9,9,9,9,9,9,9,9,9,9,9,9,9,9,9,9,9,9,9,9,9,9,9,14300000,999,2,14314.314314314315,Kelambakkam,2 BHK,500-1000 sqft,Valid,Chennai,Not available in source data,315,35
10300000,2022,Thoraipakkam OMR,3,0,9,9,9,9,9,9,9,9,9,9,9,9,9,9,9,9,9,9,9,9,9,9,9,9,9,9,9,9,9,9,9,9,9,9,9,10300000,2022,3,5093.966369930761,Thoraipakkam OMR,3 BHK,1500-2500 sqft,Valid,Chennai,Not available in source data,315,35
12700000,2710,Pallikaranai,4,0,9,9,9,9,9,9,9,9,9,9,9,9,9,9,9,9,9,9,9,9,9,9,9,9,9,9,9,9,9,9,9,9,9,9,9,12700000,2710,4,4686.346863468635,Pallikaranai,4 BHK,2500+ sqft,Valid,Chennai,Not available in source data,315,35
3283000,2712,Pallikaranai,4,0,9,9,9,9,9,9,9,9,9,9,9,9,9,9,9,9,9,9,9,9,9,9,9,9,9,9,9,9,9,9,9,9,9,9,9,3283000,2712,4,1210.5457227138643,Pallikaranai,4 BHK,2500+ sqft,Valid,Chennai,Not available in source data,315,35
3264000,1944,Pallikaranai,3,0,9,9,9,9,9,9,9,9,9,9,9,9,9,9,9,9,9,9,9,9,9,9,9,9,9,9,9,9,9,9,9,9,9,9,9,3264000,1944,3,1679.0123456790122,Pallikaranai,3 BHK,1500-2500 sqft,Valid,Chennai,Not available in source data,315,35
3210000,1504,Kottivakkam,3,0,9,9,9,9,9,9,9,9,9,9,9,9,9,9,9,9,9,9,9,9,9,9,9,9,9,9,9,9,9,9,9,9,9,9,9,3210000,1504,3,2134.308510638298,Kottivakkam,3 BHK,1500-2500 sqft,Valid,Chennai,Not available in source data,315,35
3264000,668,Medavakkam,1,0,9,9,9,9,9,9,9,9,9,9,9,9,9,9,9,9,9,9,9,9,9,9,9,9,9,9,9,9,9,9,9,9,9,9,9,3264000,668,1,4886.22754491018,Medavakkam,1 BHK,500-1000 sqft,Valid,Chennai,Not available in source data,315,35
3210000,664,Medavakkam,1,0,9,9,9,9,9,9,9,9,9,9,9,9,9,9,9,9,9,9,9,9,9,9,9,9,9,9,9,9,9,9,9,9,9,9,9,3210000,664,1,4834.3373493975905,Medavakkam,1 BHK,500-1000 sqft,Valid,Chennai,Not available in source data,315,35
3200000,653,Medavakkam,1,0,9,9,9,9,9,9,9,9,9,9,9,9,9,9,9,9,9,9,9,9,9,9,9,9,9,9,9,9,9,9,9,9,9,9,9,3200000,653,1,4900.459418070444,Medavakkam,1 BHK,500-1000 sqft,Valid,Chennai,Not available in source data,315,35
3470000,664,Medavakkam,1,0,9,9,9,9,9,9,9,9,9,9,9,9,9,9,9,9,9,9,9,9,9,9,9,9,9,9,9,9,9,9,9,9,9,9,9,3470000,664,1,5225.903614457831,Medavakkam,1 BHK,500-1000 sqft,Valid,Chennai,Not available in source data,315,35
7492000,653,Medavakkam,1,0,9,9,9,9,9,9,9,9,9,9,9,9,9,9,9,9,9,9,9,9,9,9,9,9,9,9,9,9,9,9,9,9,9,9,9,7492000,653,1,11473.200612557428,Medavakkam,1 BHK,500-1000 sqft,Valid,Chennai,Not available in source data,315,35
7195999,651,Medavakkam,1,0,9,9,9,9,9,9,9,9,9,9,9,9,9,9,9,9,9,9,9,9,9,9,9,9,9,9,9,9,9,9,9,9,9,9,9,7195999,651,1,11053.761904761905,Medavakkam,1 BHK,500-1000 sqft,Valid,Chennai,Not available in source data,315,35
5892000,706,Medavakkam,1,0,9,9,9,9,9,9,9,9,9,9,9,9,9,9,9,9,9,9,9,9,9,9,9,9,9,9,9,9,9,9,9,9,9,9,9,5892000,706,1,8345.609065155808,Medavakkam,1 BHK,500-1000 sqft,Valid,Chennai,Not available in source data,315,35
23000000,1414,Velappanchavadi,3,0,9,9,9,9,9,9,9,9,9,9,9,9,9,9,9,9,9,9,9,9,9,9,9,9,9,9,9,9,9,9,9,9,9,9,9,23000000,1414,3,16265.912305516265,Velappanchavadi,3 BHK,1000-1500 sqft,Valid,Chennai,Not available in source data,315,35
5426000,1358,Velappanchavadi,3,0,9,9,9,9,9,9,9,9,9,9,9,9,9,9,9,9,9,9,9,9,9,9,9,9,9,9,9,9,9,9,9,9,9,9,9,5426000,1358,3,3995.581737849779,Velappanchavadi,3 BHK,1000-1500 sqft,Valid,Chennai,Not available in source data,315,35
38700000,1112,Velappanchavadi,2,0,9,9,9,9,9,9,9,9,9,9,9,9,9,9,9,9,9,9,9,9,9,9,9,9,9,9,9,9,9,9,9,9,9,9,9,38700000,1112,2,34802.1582733813,Velappanchavadi,2 BHK,1000-1500 sqft,Valid,Chennai,Not available in source data,315,35
36500000,1890,Gopalapuram,2,1,9,9,9,9,9,9,9,9,9,9,9,9,9,9,9,9,9,9,9,9,9,9,9,9,9,9,9,9,9,9,9,9,9,9,9,36500000,1890,2,19312.169312169313,Gopalapuram,2 BHK,1500-2500 sqft,Valid,Chennai,Not available in source data,315,35
16000000,1024,Velappanchavadi,2,0,9,9,9,9,9,9,9,9,9,9,9,9,9,9,9,9,9,9,9,9,9,9,9,9,9,9,9,9,9,9,9,9,9,9,9,16000000,1024,2,15625.0,Velappanchavadi,2 BHK,1000-1500 sqft,Valid,Chennai,Not available in source data,315,35
5460000,2017,Adyar,3,0,9,9,9,9,9,9,9,9,9,9,9,9,9,9,9,9,9,9,9,9,9,9,9,9,9,9,9,9,9,9,9,9,9,9,9,5460000,2017,3,2706.99058006941,Adyar,3 BHK,1500-2500 sqft,Valid,Chennai,Not available in source data,315,35
5375000,1851,Adyar,3,0,9,9,9,9,9,9,9,9,9,9,9,9,9,9,9,9,9,9,9,9,9,9,9,9,9,9,9,9,9,9,9,9,9,9,9,5375000,1851,3,2903.8357644516477,Adyar,3 BHK,1500-2500 sqft,Valid,Chennai,Not available in source data,315,35
4485000,1476,Anna Nagar,3,1,9,9,9,9,9,9,9,9,9,9,9,9,9,9,9,9,9,9,9,9,9,9,9,9,9,9,9,9,9,9,9,9,9,9,9,4485000,1476,3,3038.6178861788617,Anna Nagar,3 BHK,1000-1500 sqft,Valid,Chennai,Not available in source data,315,35
7898999,1092,Medavakkam,2,1,9,9,9,9,9,9,9,9,9,9,9,9,9,9,9,9,9,9,9,9,9,9,9,9,9,9,9,9,9,9,9,9,9,9,9,7898999,1092,2,7233.5155677655675,Medavakkam,2 BHK,1000-1500 sqft,Valid,Chennai,Not available in source data,315,35
8986000,1075,Medavakkam,2,1,9,9,9,9,9,9,9,9,9,9,9,9,9,9,9,9,9,9,9,9,9,9,9,9,9,9,9,9,9,9,9,9,9,9,9,8986000,1075,2,8359.06976744186,Medavakkam,2 BHK,1000-1500 sqft,Valid,Chennai,Not available in source data,315,35
3300000,975,Selaiyur,2,0,9,9,9,9,9,9,9,9,9,9,9,9,9,9,9,9,9,9,9,9,9,9,9,9,9,9,9,9,9,9,9,9,9,9,9,3300000,975,2,3384.6153846153848,Selaiyur,2 BHK,500-1000 sqft,Valid,Chennai,Not available in source data,315,35
8118000,1301,Moolakadai,3,0,9,9,9,9,9,9,9,9,9,9,9,9,9,9,9,9,9,9,9,9,9,9,9,9,9,9,9,9,9,9,9,9,9,9,9,8118000,1301,3,6239.815526518063,Moolakadai,3 BHK,1000-1500 sqft,Valid,Chennai,Not available in source data,315,35
6132000,1480,Moolakadai,3,0,9,9,9,9,9,9,9,9,9,9,9,9,9,9,9,9,9,9,9,9,9,9,9,9,9,9,9,9,9,9,9,9,9,9,9,6132000,1480,3,4143.243243243243,Moolakadai,3 BHK,1000-1500 sqft,Valid,Chennai,Not available in source data,315,35
5197000,754,Madhavaram,2,0,9,9,9,9,9,9,9,9,9,9,9,9,9,9,9,9,9,9,9,9,9,9,9,9,9,9,9,9,9,9,9,9,9,9,9,5197000,754,2,6892.572944297082,Madhavaram,2 BHK,500-1000 sqft,Valid,Chennai,Not available in source data,315,35
8398000,1476,Manapakkam,3,0,9,9,9,9,9,9,9,9,9,9,9,9,9,9,9,9,9,9,9,9,9,9,9,9,9,9,9,9,9,9,9,9,9,9,9,8398000,1476,3,5689.70189701897,Manapakkam,3 BHK,1000-1500 sqft,Valid,Chennai,Not available in source data,315,35
9515000,1115,Manapakkam,2,0,9,9,9,9,9,9,9,9,9,9,9,9,9,9,9,9,9,9,9,9,9,9,9,9,9,9,9,9,9,9,9,9,9,9,9,9515000,1115,2,8533.632286995517,Manapakkam,2 BHK,1000-1500 sqft,Valid,Chennai,Not available in source data,315,35
15200000,945,Manapakkam,2,0,9,9,9,9,9,9,9,9,9,9,9,9,9,9,9,9,9,9,9,9,9,9,9,9,9,9,9,9,9,9,9,9,9,9,9,15200000,945,2,16084.656084656084,Manapakkam,2 BHK,500-1000 sqft,Valid,Chennai,Not available in source data,315,35
13799999,1527,Manapakkam,3,0,9,9,9,9,9,9,9,9,9,9,9,9,9,9,9,9,9,9,9,9,9,9,9,9,9,9,9,9,9,9,9,9,9,9,9,13799999,1527,3,9037.327439423707,Manapakkam,3 BHK,1500-2500 sqft,Valid,Chennai,Not available in source data,315,35
15400000,1730,Manapakkam,3,0,9,9,9,9,9,9,9,9,9,9,9,9,9,9,9,9,9,9,9,9,9,9,9,9,9,9,9,9,9,9,9,9,9,9,9,15400000,1730,3,8901.734104046243,Manapakkam,3 BHK,1500-2500 sqft,Valid,Chennai,Not available in source data,315,35
14700000,1450,Vadapalani,3,0,9,9,9,9,9,9,9,9,9,9,9,9,9,9,9,9,9,9,9,9,9,9,9,9,9,9,9,9,9,9,9,9,9,9,9,14700000,1450,3,10137.931034482759,Vadapalani,3 BHK,1000-1500 sqft,Valid,Chennai,Not available in source data,315,35
14800000,1381,Vadapalani,3,0,9,9,9,9,9,9,9,9,9,9,9,9,9,9,9,9,9,9,9,9,9,9,9,9,9,9,9,9,9,9,9,9,9,9,9,14800000,1381,3,10716.871832005792,Vadapalani,3 BHK,1000-1500 sqft,Valid,Chennai,Not available in source data,315,35
16500000,1545,Vadapalani,3,0,9,9,9,9,9,9,9,9,9,9,9,9,9,9,9,9,9,9,9,9,9,9,9,9,9,9,9,9,9,9,9,9,9,9,9,16500000,1545,3,10679.611650485436,Vadapalani,3 BHK,1500-2500 sqft,Valid,Chennai,Not available in source data,315,35
15500000,1479,Vadapalani,3,0,9,9,9,9,9,9,9,9,9,9,9,9,9,9,9,9,9,9,9,9,9,9,9,9,9,9,9,9,9,9,9,9,9,9,9,15500000,1479,3,10480.054090601758,Vadapalani,3 BHK,1000-1500 sqft,Valid,Chennai,Not available in source data,315,35
14300000,1483,Vadapalani,3,0,9,9,9,9,9,9,9,9,9,9,9,9,9,9,9,9,9,9,9,9,9,9,9,9,9,9,9,9,9,9,9,9,9,9,9,14300000,1483,3,9642.61631827377,Vadapalani,3 BHK,1000-1500 sqft,Valid,Chennai,Not available in source data,315,35
13600000,1654,Vadapalani,3,0,9,9,9,9,9,9,9,9,9,9,9,9,9,9,9,9,9,9,9,9,9,9,9,9,9,9,9,9,9,9,9,9,9,9,9,13600000,1654,3,8222.49093107618,Vadapalani,3 BHK,1500-2500 sqft,Valid,Chennai,Not available in source data,315,35
5753000,1552,Vadapalani,3,0,9,9,9,9,9,9,9,9,9,9,9,9,9,9,9,9,9,9,9,9,9,9,9,9,9,9,9,9,9,9,9,9,9,9,9,5753000,1552,3,3706.8298969072166,Vadapalani,3 BHK,1500-2500 sqft,Valid,Chennai,Not available in source data,315,35
5665000,1430,Vadapalani,3,0,9,9,9,9,9,9,9,9,9,9,9,9,9,9,9,9,9,9,9,9,9,9,9,9,9,9,9,9,9,9,9,9,9,9,9,5665000,1430,3,3961.5384615384614,Vadapalani,3 BHK,1000-1500 sqft,Valid,Chennai,Not available in source data,315,35
13000000,1363,Vadapalani,3,0,9,9,9,9,9,9,9,9,9,9,9,9,9,9,9,9,9,9,9,9,9,9,9,9,9,9,9,9,9,9,9,9,9,9,9,13000000,1363,3,9537.784299339692,Vadapalani,3 BHK,1000-1500 sqft,Valid,Chennai,Not available in source data,315,35
17100000,523,Vadapalani,1,0,9,9,9,9,9,9,9,9,9,9,9,9,9,9,9,9,9,9,9,9,9,9,9,9,9,9,9,9,9,9,9,9,9,9,9,17100000,523,1,32695.984703632887,Vadapalani,1 BHK,500-1000 sqft,Valid,Chennai,Not available in source data,315,35
12400000,515,Vadapalani,1,0,9,9,9,9,9,9,9,9,9,9,9,9,9,9,9,9,9,9,9,9,9,9,9,9,9,9,9,9,9,9,9,9,9,9,9,12400000,515,1,24077.66990291262,Vadapalani,1 BHK,500-1000 sqft,Valid,Chennai,Not available in source data,315,35
3274000,1880,Mogappair,3,0,9,9,9,9,9,9,9,9,9,9,9,9,9,9,9,9,9,9,9,9,9,9,9,9,9,9,9,9,9,9,9,9,9,9,9,3274000,1880,3,1741.4893617021276,Mogappair,3 BHK,1500-2500 sqft,Valid,Chennai,Not available in source data,315,35
15500000,1390,Mogappair,3,0,9,9,9,9,9,9,9,9,9,9,9,9,9,9,9,9,9,9,9,9,9,9,9,9,9,9,9,9,9,9,9,9,9,9,9,15500000,1390,3,11151.079136690647,Mogappair,3 BHK,1000-1500 sqft,Valid,Chennai,Not available in source data,315,35
14300000,1850,Mogappair,3,0,9,9,9,9,9,9,9,9,9,9,9,9,9,9,9,9,9,9,9,9,9,9,9,9,9,9,9,9,9,9,9,9,9,9,9,14300000,1850,3,7729.72972972973,Mogappair,3 BHK,1500-2500 sqft,Valid,Chennai,Not available in source data,315,35
13600000,666,Medavakkam,1,0,9,9,9,9,9,9,9,9,9,9,9,9,9,9,9,9,9,9,9,9,9,9,9,9,9,9,9,9,9,9,9,9,9,9,9,13600000,666,1,20420.42042042042,Medavakkam,1 BHK,500-1000 sqft,Valid,Chennai,Not available in source data,315,35
3397000,1363,Vadapalani,3,0,9,9,9,9,9,9,9,9,9,9,9,9,9,9,9,9,9,9,9,9,9,9,9,9,9,9,9,9,9,9,9,9,9,9,9,3397000,1363,3,2492.2964049889947,Vadapalani,3 BHK,1000-1500 sqft,Valid,Chennai,Not available in source data,315,35
3636000,523,Vadapalani,1,0,9,9,9,9,9,9,9,9,9,9,9,9,9,9,9,9,9,9,9,9,9,9,9,9,9,9,9,9,9,9,9,9,9,9,9,3636000,523,1,6952.198852772466,Vadapalani,1 BHK,500-1000 sqft,Valid,Chennai,Not available in source data,315,35
8000000,515,Vadapalani,1,0,9,9,9,9,9,9,9,9,9,9,9,9,9,9,9,9,9,9,9,9,9,9,9,9,9,9,9,9,9,9,9,9,9,9,9,8000000,515,1,15533.980582524271,Vadapalani,1 BHK,500-1000 sqft,Valid,Chennai,Not available in source data,315,35
4042000,755,Ayapakkam,2,0,9,9,9,9,9,9,9,9,9,9,9,9,9,9,9,9,9,9,9,9,9,9,9,9,9,9,9,9,9,9,9,9,9,9,9,4042000,755,2,5353.64238410596,Ayapakkam,2 BHK,500-1000 sqft,Valid,Chennai,Not available in source data,315,35
2622000,808,Ayapakkam,2,0,9,9,9,9,9,9,9,9,9,9,9,9,9,9,9,9,9,9,9,9,9,9,9,9,9,9,9,9,9,9,9,9,9,9,9,2622000,808,2,3245.0495049504952,Ayapakkam,2 BHK,500-1000 sqft,Valid,Chennai,Not available in source data,315,35
44300000,1340,Kovur,3,0,9,9,9,9,9,9,9,9,9,9,9,9,9,9,9,9,9,9,9,9,9,9,9,9,9,9,9,9,9,9,9,9,9,9,9,44300000,1340,3,33059.701492537315,Kovur,3 BHK,1000-1500 sqft,Valid,Chennai,Not available in source data,315,35
2472000,860,Medavakkam,2,0,9,9,9,9,9,9,9,9,9,9,9,9,9,9,9,9,9,9,9,9,9,9,9,9,9,9,9,9,9,9,9,9,9,9,9,2472000,860,2,2874.4186046511627,Medavakkam,2 BHK,500-1000 sqft,Valid,Chennai,Not available in source data,315,35
4950000,570,Selaiyur,1,1,9,9,9,9,9,9,9,9,9,9,9,9,9,9,9,9,9,9,9,9,9,9,9,9,9,9,9,9,9,9,9,9,9,9,9,4950000,570,1,8684.21052631579,Selaiyur,1 BHK,500-1000 sqft,Valid,Chennai,Not available in source data,315,35
6050000,2642,Nungambakkam,3,0,9,9,9,9,9,9,9,9,9,9,9,9,9,9,9,9,9,9,9,9,9,9,9,9,9,9,9,9,9,9,9,9,9,9,9,6050000,2642,3,2289.9318697956096,Nungambakkam,3 BHK,2500+ sqft,Valid,Chennai,Not available in source data,315,35
10700000,435,Thaiyur,2,0,9,9,9,9,9,9,9,9,9,9,9,9,9,9,9,9,9,9,9,9,9,9,9,9,9,9,9,9,9,9,9,9,9,9,9,10700000,435,2,24597.701149425287,Thaiyur,2 BHK,<500 sqft,Valid,Chennai,Not available in source data,315,35
34000000,900,Chromepet,2,0,9,9,9,9,9,9,9,9,9,9,9,9,9,9,9,9,9,9,9,9,9,9,9,9,9,9,9,9,9,9,9,9,9,9,9,34000000,900,2,37777.77777777778,Chromepet,2 BHK,500-1000 sqft,Valid,Chennai,Not available in source data,315,35
22500000,1100,Sholinganallur,2,0,9,9,9,9,9,9,9,9,9,9,9,9,9,9,9,9,9,9,9,9,9,9,9,9,9,9,9,9,9,9,9,9,9,9,9,22500000,1100,2,20454.545454545456,Sholinganallur,2 BHK,1000-1500 sqft,Valid,Chennai,Not available in source data,315,35
16500000,1790,Iyyappanthangal,3,0,9,9,9,9,9,9,9,9,9,9,9,9,9,9,9,9,9,9,9,9,9,9,9,9,9,9,9,9,9,9,9,9,9,9,9,16500000,1790,3,9217.877094972067,Iyyappanthangal,3 BHK,1500-2500 sqft,Valid,Chennai,Not available in source data,315,35
24000000,2788,Nungambakkam,4,1,9,9,9,9,9,9,9,9,9,9,9,9,9,9,9,9,9,9,9,9,9,9,9,9,9,9,9,9,9,9,9,9,9,9,9,24000000,2788,4,8608.32137733142,Nungambakkam,4 BHK,2500+ sqft,Valid,Chennai,Not available in source data,315,35
5685000,1404,Nungambakkam,3,1,9,9,9,9,9,9,9,9,9,9,9,9,9,9,9,9,9,9,9,9,9,9,9,9,9,9,9,9,9,9,9,9,9,9,9,5685000,1404,3,4049.1452991452993,Nungambakkam,3 BHK,1000-1500 sqft,Valid,Chennai,Not available in source data,315,35
6256000,1320,Anna Nagar,3,1,9,9,9,9,9,9,9,9,9,9,9,9,9,9,9,9,9,9,9,9,9,9,9,9,9,9,9,9,9,9,9,9,9,9,9,6256000,1320,3,4739.393939393939,Anna Nagar,3 BHK,1000-1500 sqft,Valid,Chennai,Not available in source data,315,35
50000000,1500,Adyar,3,0,9,9,9,9,9,9,9,9,9,9,9,9,9,9,9,9,9,9,9,9,9,9,9,9,9,9,9,9,9,9,9,9,9,9,9,50000000,1500,3,33333.333333333336,Adyar,3 BHK,1500-2500 sqft,Valid,Chennai,Not available in source data,315,35
16500000,1137,Medavakkam,3,1,9,9,9,9,9,9,9,9,9,9,9,9,9,9,9,9,9,9,9,9,9,9,9,9,9,9,9,9,9,9,9,9,9,9,9,16500000,1137,3,14511.873350923483,Medavakkam,3 BHK,1000-1500 sqft,Valid,Chennai,Not available in source data,315,35
8840000,1123,Medavakkam,1,0,9,9,9,9,9,9,9,9,9,9,9,9,9,9,9,9,9,9,9,9,9,9,9,9,9,9,9,9,9,9,9,9,9,9,9,8840000,1123,1,7871.772039180766,Medavakkam,1 BHK,1000-1500 sqft,Valid,Chennai,Not available in source data,315,35
24000000,3000,Gopalapuram,4,1,9,9,9,9,9,9,9,9,9,9,9,9,9,9,9,9,9,9,9,9,9,9,9,9,9,9,9,9,9,9,9,9,9,9,9,24000000,3000,4,8000.0,Gopalapuram,4 BHK,2500+ sqft,Valid,Chennai,Not available in source data,315,35
7500000,1675,Purasawalkam,3,1,9,9,9,9,9,9,9,9,9,9,9,9,9,9,9,9,9,9,9,9,9,9,9,9,9,9,9,9,9,9,9,9,9,9,9,7500000,1675,3,4477.611940298508,Purasawalkam,3 BHK,1500-2500 sqft,Valid,Chennai,Not available in source data,315,35
38000000,1040,Mogappair,2,1,9,9,9,9,9,9,9,9,9,9,9,9,9,9,9,9,9,9,9,9,9,9,9,9,9,9,9,9,9,9,9,9,9,9,9,38000000,1040,2,36538.46153846154,Mogappair,2 BHK,1000-1500 sqft,Valid,Chennai,Not available in source data,315,35
7900000,1500,Adyar,3,0,9,9,9,9,9,9,9,9,9,9,9,9,9,9,9,9,9,9,9,9,9,9,9,9,9,9,9,9,9,9,9,9,9,9,9,7900000,1500,3,5266.666666666667,Adyar,3 BHK,1500-2500 sqft,Valid,Chennai,Not available in source data,315,35
5654000,1512,Medavakkam,3,1,9,9,9,9,9,9,9,9,9,9,9,9,9,9,9,9,9,9,9,9,9,9,9,9,9,9,9,9,9,9,9,9,9,9,9,5654000,1512,3,3739.4179894179892,Medavakkam,3 BHK,1500-2500 sqft,Valid,Chennai,Not available in source data,315,35
3137000,2652,Nungambakkam,4,0,9,9,9,9,9,9,9,9,9,9,9,9,9,9,9,9,9,9,9,9,9,9,9,9,9,9,9,9,9,9,9,9,9,9,9,3137000,2652,4,1182.8808446455505,Nungambakkam,4 BHK,2500+ sqft,Valid,Chennai,Not available in source data,315,35
8400000,938,Aminjikarai,2,0,9,9,9,9,9,9,9,9,9,9,9,9,9,9,9,9,9,9,9,9,9,9,9,9,9,9,9,9,9,9,9,9,9,9,9,8400000,938,2,8955.223880597016,Aminjikarai,2 BHK,500-1000 sqft,Valid,Chennai,Not available in source data,315,35
18000000,1414,Perumbakkam,3,0,9,9,9,9,9,9,9,9,9,9,9,9,9,9,9,9,9,9,9,9,9,9,9,9,9,9,9,9,9,9,9,9,9,9,9,18000000,1414,3,12729.84441301273,Perumbakkam,3 BHK,1000-1500 sqft,Valid,Chennai,Not available in source data,315,35
10000000,592,Velappanchavadi,2,0,9,9,9,9,9,9,9,9,9,9,9,9,9,9,9,9,9,9,9,9,9,9,9,9,9,9,9,9,9,9,9,9,9,9,9,10000000,592,2,16891.891891891893,Velappanchavadi,2 BHK,500-1000 sqft,Valid,Chennai,Not available in source data,315,35
3400000,840,Choolaimedu,2,0,9,9,9,9,9,9,9,9,9,9,9,9,9,9,9,9,9,9,9,9,9,9,9,9,9,9,9,9,9,9,9,9,9,9,9,3400000,840,2,4047.6190476190477,Choolaimedu,2 BHK,500-1000 sqft,Valid,Chennai,Not available in source data,315,35
3450000,1600,Kotturpuram,3,1,9,9,9,9,9,9,9,9,9,9,9,9,9,9,9,9,9,9,9,9,9,9,9,9,9,9,9,9,9,9,9,9,9,9,9,3450000,1600,3,2156.25,Kotturpuram,3 BHK,1500-2500 sqft,Valid,Chennai,Not available in source data,315,35
15000000,1675,Tondiarpet,3,0,9,9,9,9,9,9,9,9,9,9,9,9,9,9,9,9,9,9,9,9,9,9,9,9,9,9,9,9,9,9,9,9,9,9,9,15000000,1675,3,8955.223880597016,Tondiarpet,3 BHK,1500-2500 sqft,Valid,Chennai,Not available in source data,315,35
9736000,818,Medavakkam,2,1,9,9,9,9,9,9,9,9,9,9,9,9,9,9,9,9,9,9,9,9,9,9,9,9,9,9,9,9,9,9,9,9,9,9,9,9736000,818,2,11902.200488997554,Medavakkam,2 BHK,500-1000 sqft,Valid,Chennai,Not available in source data,315,35
9500000,819,Medavakkam,2,1,9,9,9,9,9,9,9,9,9,9,9,9,9,9,9,9,9,9,9,9,9,9,9,9,9,9,9,9,9,9,9,9,9,9,9,9500000,819,2,11599.5115995116,Medavakkam,2 BHK,500-1000 sqft,Valid,Chennai,Not available in source data,315,35
13000000,2200,Guindy,3,1,9,9,9,9,9,9,9,9,9,9,9,9,9,9,9,9,9,9,9,9,9,9,9,9,9,9,9,9,9,9,9,9,9,9,9,13000000,2200,3,5909.090909090909,Guindy,3 BHK,1500-2500 sqft,Valid,Chennai,Not available in source data,315,35
15600000,2021,Navallur,3,0,9,9,9,9,9,9,9,9,9,9,9,9,9,9,9,9,9,9,9,9,9,9,9,9,9,9,9,9,9,9,9,9,9,9,9,15600000,2021,3,7718.951014349332,Navallur,3 BHK,1500-2500 sqft,Valid,Chennai,Not available in source data,315,35
25000000,1153,Choolaimedu,3,1,9,9,9,9,9,9,9,9,9,9,9,9,9,9,9,9,9,9,9,9,9,9,9,9,9,9,9,9,9,9,9,9,9,9,9,25000000,1153,3,21682.56721595837,Choolaimedu,3 BHK,1000-1500 sqft,Valid,Chennai,Not available in source data,315,35
17800000,1404,Kilpauk,3,1,9,9,9,9,9,9,9,9,9,9,9,9,9,9,9,9,9,9,9,9,9,9,9,9,9,9,9,9,9,9,9,9,9,9,9,17800000,1404,3,12678.062678062679,Kilpauk,3 BHK,1000-1500 sqft,Valid,Chennai,Not available in source data,315,35
4568000,2193,Ayanambakkam,4,0,9,9,9,9,9,9,9,9,9,9,9,9,9,9,9,9,9,9,9,9,9,9,9,9,9,9,9,9,9,9,9,9,9,9,9,4568000,2193,4,2082.9913360693113,Ayanambakkam,4 BHK,1500-2500 sqft,Valid,Chennai,Not available in source data,315,35
3000000,1260,Nungambakkam,3,1,9,9,9,9,9,9,9,9,9,9,9,9,9,9,9,9,9,9,9,9,9,9,9,9,9,9,9,9,9,9,9,9,9,9,9,3000000,1260,3,2380.9523809523807,Nungambakkam,3 BHK,1000-1500 sqft,Valid,Chennai,Not available in source data,315,35
25000000,1320,Chetpet,3,1,9,9,9,9,9,9,9,9,9,9,9,9,9,9,9,9,9,9,9,9,9,9,9,9,9,9,9,9,9,9,9,9,9,9,9,25000000,1320,3,18939.39393939394,Chetpet,3 BHK,1000-1500 sqft,Valid,Chennai,Not available in source data,315,35
20000000,1075,East Tambaram,2,1,9,9,9,9,9,9,9,9,9,9,9,9,9,9,9,9,9,9,9,9,9,9,9,9,9,9,9,9,9,9,9,9,9,9,9,20000000,1075,2,18604.6511627907,East Tambaram,2 BHK,1000-1500 sqft,Valid,Chennai,Not available in source data,315,35
4817000,859,Rajakilpakkam,2,1,9,9,9,9,9,9,9,9,9,9,9,9,9,9,9,9,9,9,9,9,9,9,9,9,9,9,9,9,9,9,9,9,9,9,9,4817000,859,2,5607.683352735739,Rajakilpakkam,2 BHK,500-1000 sqft,Valid,Chennai,Not available in source data,315,35
3790999,2620,Ayanavaram,3,1,9,9,9,9,9,9,9,9,9,9,9,9,9,9,9,9,9,9,9,9,9,9,9,9,9,9,9,9,9,9,9,9,9,9,9,3790999,2620,3,1446.946183206107,Ayanavaram,3 BHK,2500+ sqft,Valid,Chennai,Not available in source data,315,35
3814000,1380,T Nagar,3,1,9,9,9,9,9,9,9,9,9,9,9,9,9,9,9,9,9,9,9,9,9,9,9,9,9,9,9,9,9,9,9,9,9,9,9,3814000,1380,3,2763.768115942029,T Nagar,3 BHK,1000-1500 sqft,Valid,Chennai,Not available in source data,315,35
3783000,1268,Kelambakkam,3,0,9,9,9,9,9,9,9,9,9,9,9,9,9,9,9,9,9,9,9,9,9,9,9,9,9,9,9,9,9,9,9,9,9,9,9,3783000,1268,3,2983.4384858044164,Kelambakkam,3 BHK,1000-1500 sqft,Valid,Chennai,Not available in source data,315,35
3802000,998,Kelambakkam,3,0,9,9,9,9,9,9,9,9,9,9,9,9,9,9,9,9,9,9,9,9,9,9,9,9,9,9,9,9,9,9,9,9,9,9,9,3802000,998,3,3809.619238476954,Kelambakkam,3 BHK,500-1000 sqft,Valid,Chennai,Not available in source data,315,35
3779999,1004,Kelambakkam,3,0,9,9,9,9,9,9,9,9,9,9,9,9,9,9,9,9,9,9,9,9,9,9,9,9,9,9,9,9,9,9,9,9,9,9,9,3779999,1004,3,3764.9392430278886,Kelambakkam,3 BHK,1000-1500 sqft,Valid,Chennai,Not available in source data,315,35
4794000,996,Kelambakkam,2,0,9,9,9,9,9,9,9,9,9,9,9,9,9,9,9,9,9,9,9,9,9,9,9,9,9,9,9,9,9,9,9,9,9,9,9,4794000,996,2,4813.253012048192,Kelambakkam,2 BHK,500-1000 sqft,Valid,Chennai,Not available in source data,315,35
12200000,1001,Kelambakkam,2,0,9,9,9,9,9,9,9,9,9,9,9,9,9,9,9,9,9,9,9,9,9,9,9,9,9,9,9,9,9,9,9,9,9,9,9,12200000,1001,2,12187.812187812187,Kelambakkam,2 BHK,1000-1500 sqft,Valid,Chennai,Not available in source data,315,35
12200000,995,Kelambakkam,2,0,9,9,9,9,9,9,9,9,9,9,9,9,9,9,9,9,9,9,9,9,9,9,9,9,9,9,9,9,9,9,9,9,9,9,9,12200000,995,2,12261.306532663317,Kelambakkam,2 BHK,500-1000 sqft,Valid,Chennai,Not available in source data,315,35
17000000,1262,Kelambakkam,3,0,9,9,9,9,9,9,9,9,9,9,9,9,9,9,9,9,9,9,9,9,9,9,9,9,9,9,9,9,9,9,9,9,9,9,9,17000000,1262,3,13470.68145800317,Kelambakkam,3 BHK,1000-1500 sqft,Valid,Chennai,Not available in source data,315,35
18600000,1632,Thoraipakkam OMR,2,0,9,9,9,9,9,9,9,9,9,9,9,9,9,9,9,9,9,9,9,9,9,9,9,9,9,9,9,9,9,9,9,9,9,9,9,18600000,1632,2,11397.058823529413,Thoraipakkam OMR,2 BHK,1500-2500 sqft,Valid,Chennai,Not available in source data,315,35
3106000,1636,Thoraipakkam OMR,2,0,9,9,9,9,9,9,9,9,9,9,9,9,9,9,9,9,9,9,9,9,9,9,9,9,9,9,9,9,9,9,9,9,9,9,9,3106000,1636,2,1898.5330073349633,Thoraipakkam OMR,2 BHK,1500-2500 sqft,Valid,Chennai,Not available in source data,315,35
3084000,2275,Thoraipakkam OMR,4,0,9,9,9,9,9,9,9,9,9,9,9,9,9,9,9,9,9,9,9,9,9,9,9,9,9,9,9,9,9,9,9,9,9,9,9,3084000,2275,4,1355.6043956043957,Thoraipakkam OMR,4 BHK,1500-2500 sqft,Valid,Chennai,Not available in source data,315,35
3411999,2488,Thoraipakkam OMR,4,0,9,9,9,9,9,9,9,9,9,9,9,9,9,9,9,9,9,9,9,9,9,9,9,9,9,9,9,9,9,9,9,9,9,9,9,3411999,2488,4,1371.382234726688,Thoraipakkam OMR,4 BHK,1500-2500 sqft,Valid,Chennai,Not available in source data,315,35
4040000,638,Thiruverkadu,2,0,9,9,9,9,9,9,9,9,9,9,9,9,9,9,9,9,9,9,9,9,9,9,9,9,9,9,9,9,9,9,9,9,9,9,9,4040000,638,2,6332.288401253919,Thiruverkadu,2 BHK,500-1000 sqft,Valid,Chennai,Not available in source data,315,35
4384000,771,Kolapakkam,2,0,9,9,9,9,9,9,9,9,9,9,9,9,9,9,9,9,9,9,9,9,9,9,9,9,9,9,9,9,9,9,9,9,9,9,9,4384000,771,2,5686.121919584954,Kolapakkam,2 BHK,500-1000 sqft,Valid,Chennai,Not available in source data,315,35
3947999,853,Kolapakkam,2,0,9,9,9,9,9,9,9,9,9,9,9,9,9,9,9,9,9,9,9,9,9,9,9,9,9,9,9,9,9,9,9,9,9,9,9,3947999,853,2,4628.369284876905,Kolapakkam,2 BHK,500-1000 sqft,Valid,Chennai,Not available in source data,315,35
2896000,1010,Kolapakkam,2,0,9,9,9,9,9,9,9,9,9,9,9,9,9,9,9,9,9,9,9,9,9,9,9,9,9,9,9,9,9,9,9,9,9,9,9,2896000,1010,2,2867.3267326732675,Kolapakkam,2 BHK,1000-1500 sqft,Valid,Chennai,Not available in source data,315,35
10200000,1096,Kolapakkam,2,0,9,9,9,9,9,9,9,9,9,9,9,9,9,9,9,9,9,9,9,9,9,9,9,9,9,9,9,9,9,9,9,9,9,9,9,10200000,1096,2,9306.569343065694,Kolapakkam,2 BHK,1000-1500 sqft,Valid,Chennai,Not available in source data,315,35
3500000,987,Kolapakkam,2,0,9,9,9,9,9,9,9,9,9,9,9,9,9,9,9,9,9,9,9,9,9,9,9,9,9,9,9,9,9,9,9,9,9,9,9,3500000,987,2,3546.099290780142,Kolapakkam,2 BHK,500-1000 sqft,Valid,Chennai,Not available in source data,315,35
2800000,724,Kolapakkam,1,0,9,9,9,9,9,9,9,9,9,9,9,9,9,9,9,9,9,9,9,9,9,9,9,9,9,9,9,9,9,9,9,9,9,9,9,2800000,724,1,3867.403314917127,Kolapakkam,1 BHK,500-1000 sqft,Valid,Chennai,Not available in source data,315,35
3500000,1210,Madipakkam,3,1,9,9,9,9,9,9,9,9,9,9,9,9,9,9,9,9,9,9,9,9,9,9,9,9,9,9,9,9,9,9,9,9,9,9,9,3500000,1210,3,2892.561983471074,Madipakkam,3 BHK,1000-1500 sqft,Valid,Chennai,Not available in source data,315,35
7850000,790,Perumbakkam,2,1,9,9,9,9,9,9,9,9,9,9,9,9,9,9,9,9,9,9,9,9,9,9,9,9,9,9,9,9,9,9,9,9,9,9,9,7850000,790,2,9936.708860759494,Perumbakkam,2 BHK,500-1000 sqft,Valid,Chennai,Not available in source data,315,35
3776000,760,Mudichur,2,1,9,9,9,9,9,9,9,9,9,9,9,9,9,9,9,9,9,9,9,9,9,9,9,9,9,9,9,9,9,9,9,9,9,9,9,3776000,760,2,4968.421052631579,Mudichur,2 BHK,500-1000 sqft,Valid,Chennai,Not available in source data,315,35
12800000,790,Perumbakkam,2,1,9,9,9,9,9,9,9,9,9,9,9,9,9,9,9,9,9,9,9,9,9,9,9,9,9,9,9,9,9,9,9,9,9,9,9,12800000,790,2,16202.531645569621,Perumbakkam,2 BHK,500-1000 sqft,Valid,Chennai,Not available in source data,315,35
12800000,924,Perambur,2,0,9,9,9,9,9,9,9,9,9,9,9,9,9,9,9,9,9,9,9,9,9,9,9,9,9,9,9,9,9,9,9,9,9,9,9,12800000,924,2,13852.813852813853,Perambur,2 BHK,500-1000 sqft,Valid,Chennai,Not available in source data,315,35
15100000,994,Kelambakkam,2,0,9,9,9,9,9,9,9,9,9,9,9,9,9,9,9,9,9,9,9,9,9,9,9,9,9,9,9,9,9,9,9,9,9,9,9,15100000,994,2,15191.146881287727,Kelambakkam,2 BHK,500-1000 sqft,Valid,Chennai,Not available in source data,315,35
7800000,1717,Thoraipakkam OMR,3,0,9,9,9,9,9,9,9,9,9,9,9,9,9,9,9,9,9,9,9,9,9,9,9,9,9,9,9,9,9,9,9,9,9,9,9,7800000,1717,3,4542.807221898661,Thoraipakkam OMR,3 BHK,1500-2500 sqft,Valid,Chennai,Not available in source data,315,35
22599999,1707,Thoraipakkam OMR,3,0,9,9,9,9,9,9,9,9,9,9,9,9,9,9,9,9,9,9,9,9,9,9,9,9,9,9,9,9,9,9,9,9,9,9,9,22599999,1707,3,13239.601054481547,Thoraipakkam OMR,3 BHK,1500-2500 sqft,Valid,Chennai,Not available in source data,315,35
4400000,2025,Thoraipakkam OMR,3,0,9,9,9,9,9,9,9,9,9,9,9,9,9,9,9,9,9,9,9,9,9,9,9,9,9,9,9,9,9,9,9,9,9,9,9,4400000,2025,3,2172.8395061728397,Thoraipakkam OMR,3 BHK,1500-2500 sqft,Valid,Chennai,Not available in source data,315,35
11200000,1255,Pallikaranai,2,1,9,9,9,9,9,9,9,9,9,9,9,9,9,9,9,9,9,9,9,9,9,9,9,9,9,9,9,9,9,9,9,9,9,9,9,11200000,1255,2,8924.302788844621,Pallikaranai,2 BHK,1000-1500 sqft,Valid,Chennai,Not available in source data,315,35
7659000,1560,Anna Nagar,2,0,9,9,9,9,9,9,9,9,9,9,9,9,9,9,9,9,9,9,9,9,9,9,9,9,9,9,9,9,9,9,9,9,9,9,9,7659000,1560,2,4909.615384615385,Anna Nagar,2 BHK,1500-2500 sqft,Valid,Chennai,Not available in source data,315,35
4240000,967,Perumbakkam,2,1,9,9,9,9,9,9,9,9,9,9,9,9,9,9,9,9,9,9,9,9,9,9,9,9,9,9,9,9,9,9,9,9,9,9,9,4240000,967,2,4384.694932781799,Perumbakkam,2 BHK,500-1000 sqft,Valid,Chennai,Not available in source data,315,35
3037000,1610,Virugambakkam,3,1,9,9,9,9,9,9,9,9,9,9,9,9,9,9,9,9,9,9,9,9,9,9,9,9,9,9,9,9,9,9,9,9,9,9,9,3037000,1610,3,1886.3354037267081,Virugambakkam,3 BHK,1500-2500 sqft,Valid,Chennai,Not available in source data,315,35
4384000,1712,Maraimalai Nagar,3,0,9,9,9,9,9,9,9,9,9,9,9,9,9,9,9,9,9,9,9,9,9,9,9,9,9,9,9,9,9,9,9,9,9,9,9,4384000,1712,3,2560.7476635514017,Maraimalai Nagar,3 BHK,1500-2500 sqft,Valid,Chennai,Not available in source data,315,35
3947999,1060,Mappedu,2,0,9,9,9,9,9,9,9,9,9,9,9,9,9,9,9,9,9,9,9,9,9,9,9,9,9,9,9,9,9,9,9,9,9,9,9,3947999,1060,2,3724.5273584905663,Mappedu,2 BHK,1000-1500 sqft,Valid,Chennai,Not available in source data,315,35
2896000,690,Ponneri,1,0,9,9,9,9,9,9,9,9,9,9,9,9,9,9,9,9,9,9,9,9,9,9,9,9,9,9,9,9,9,9,9,9,9,9,9,2896000,690,1,4197.101449275362,Ponneri,1 BHK,500-1000 sqft,Valid,Chennai,Not available in source data,315,35
4500000,1096,Kolapakkam,2,0,9,9,9,9,9,9,9,9,9,9,9,9,9,9,9,9,9,9,9,9,9,9,9,9,9,9,9,9,9,9,9,9,9,9,9,4500000,1096,2,4105.839416058394,Kolapakkam,2 BHK,1000-1500 sqft,Valid,Chennai,Not available in source data,315,35
5500000,987,Kolapakkam,2,0,9,9,9,9,9,9,9,9,9,9,9,9,9,9,9,9,9,9,9,9,9,9,9,9,9,9,9,9,9,9,9,9,9,9,9,5500000,987,2,5572.441742654509,Kolapakkam,2 BHK,500-1000 sqft,Valid,Chennai,Not available in source data,315,35
4400000,724,Kolapakkam,1,0,9,9,9,9,9,9,9,9,9,9,9,9,9,9,9,9,9,9,9,9,9,9,9,9,9,9,9,9,9,9,9,9,9,9,9,4400000,724,1,6077.348066298343,Kolapakkam,1 BHK,500-1000 sqft,Valid,Chennai,Not available in source data,315,35
11200000,970,Perumbakkam,2,1,9,9,9,9,9,9,9,9,9,9,9,9,9,9,9,9,9,9,9,9,9,9,9,9,9,9,9,9,9,9,9,9,9,9,9,11200000,970,2,11546.39175257732,Perumbakkam,2 BHK,500-1000 sqft,Valid,Chennai,Not available in source data,315,35
8100000,1050,Korattur,2,0,9,9,9,9,9,9,9,9,9,9,9,9,9,9,9,9,9,9,9,9,9,9,9,9,9,9,9,9,9,9,9,9,9,9,9,8100000,1050,2,7714.285714285715,Korattur,2 BHK,1000-1500 sqft,Valid,Chennai,Not available in source data,315,35
9225000,967,Perumbakkam,2,1,9,9,9,9,9,9,9,9,9,9,9,9,9,9,9,9,9,9,9,9,9,9,9,9,9,9,9,9,9,9,9,9,9,9,9,9225000,967,2,9539.81385729059,Perumbakkam,2 BHK,500-1000 sqft,Valid,Chennai,Not available in source data,315,35
6463000,1610,Virugambakkam,3,1,9,9,9,9,9,9,9,9,9,9,9,9,9,9,9,9,9,9,9,9,9,9,9,9,9,9,9,9,9,9,9,9,9,9,9,6463000,1610,3,4014.285714285714,Virugambakkam,3 BHK,1500-2500 sqft,Valid,Chennai,Not available in source data,315,35
3038000,1700,Medavakkam,3,0,9,9,9,9,9,9,9,9,9,9,9,9,9,9,9,9,9,9,9,9,9,9,9,9,9,9,9,9,9,9,9,9,9,9,9,3038000,1700,3,1787.0588235294117,Medavakkam,3 BHK,1500-2500 sqft,Valid,Chennai,Not available in source data,315,35
32500000,1922,Pallikaranai,3,0,9,9,9,9,9,9,9,9,9,9,9,9,9,9,9,9,9,9,9,9,9,9,9,9,9,9,9,9,9,9,9,9,9,9,9,32500000,1922,3,16909.46930280957,Pallikaranai,3 BHK,1500-2500 sqft,Valid,Chennai,Not available in source data,315,35
11399999,1243,Pallikaranai,2,0,9,9,9,9,9,9,9,9,9,9,9,9,9,9,9,9,9,9,9,9,9,9,9,9,9,9,9,9,9,9,9,9,9,9,9,11399999,1243,2,9171.358809332261,Pallikaranai,2 BHK,1000-1500 sqft,Valid,Chennai,Not available in source data,315,35
4120000,620,Pallikaranai,1,0,9,9,9,9,9,9,9,9,9,9,9,9,9,9,9,9,9,9,9,9,9,9,9,9,9,9,9,9,9,9,9,9,9,9,9,4120000,620,1,6645.1612903225805,Pallikaranai,1 BHK,500-1000 sqft,Valid,Chennai,Not available in source data,315,35
6704000,2316,Abiramapuram,3,1,9,9,9,9,9,9,9,9,9,9,9,9,9,9,9,9,9,9,9,9,9,9,9,9,9,9,9,9,9,9,9,9,9,9,9,6704000,2316,3,2894.6459412780655,Abiramapuram,3 BHK,1500-2500 sqft,Valid,Chennai,Not available in source data,315,35
4485000,1202,Annamalai Colony,2,0,9,9,9,9,9,9,9,9,9,9,9,9,9,9,9,9,9,9,9,9,9,9,9,9,9,9,9,9,9,9,9,9,9,9,9,4485000,1202,2,3731.281198003328,Annamalai Colony,2 BHK,1000-1500 sqft,Valid,Chennai,Not available in source data,315,35
11900000,1030,Mappedu,2,0,9,9,9,9,9,9,9,9,9,9,9,9,9,9,9,9,9,9,9,9,9,9,9,9,9,9,9,9,9,9,9,9,9,9,9,11900000,1030,2,11553.398058252427,Mappedu,2 BHK,1000-1500 sqft,Valid,Chennai,Not available in source data,315,35
44200000,1277,Kolathur,2,0,9,9,9,9,9,9,9,9,9,9,9,9,9,9,9,9,9,9,9,9,9,9,9,9,9,9,9,9,9,9,9,9,9,9,9,44200000,1277,2,34612.3727486296,Kolathur,2 BHK,1000-1500 sqft,Valid,Chennai,Not available in source data,315,35
8604000,975,Selaiyur,2,1,9,9,9,9,9,9,9,9,9,9,9,9,9,9,9,9,9,9,9,9,9,9,9,9,9,9,9,9,9,9,9,9,9,9,9,8604000,975,2,8824.615384615385,Selaiyur,2 BHK,500-1000 sqft,Valid,Chennai,Not available in source data,315,35
8604000,1653,Pallavaram,3,0,9,9,9,9,9,9,9,9,9,9,9,9,9,9,9,9,9,9,9,9,9,9,9,9,9,9,9,9,9,9,9,9,9,9,9,8604000,1653,3,5205.08166969147,Pallavaram,3 BHK,1500-2500 sqft,Valid,Chennai,Not available in source data,315,35
11000000,2600,T Nagar,3,1,9,9,9,9,9,9,9,9,9,9,9,9,9,9,9,9,9,9,9,9,9,9,9,9,9,9,9,9,9,9,9,9,9,9,9,11000000,2600,3,4230.7692307692305,T Nagar,3 BHK,2500+ sqft,Valid,Chennai,Not available in source data,315,35
5885000,1639,Kolathur,3,0,9,9,9,9,9,9,9,9,9,9,9,9,9,9,9,9,9,9,9,9,9,9,9,9,9,9,9,9,9,9,9,9,9,9,9,5885000,1639,3,3590.6040268456377,Kolathur,3 BHK,1500-2500 sqft,Valid,Chennai,Not available in source data,315,35
40599999,1639,Kolathur,3,0,9,9,9,9,9,9,9,9,9,9,9,9,9,9,9,9,9,9,9,9,9,9,9,9,9,9,9,9,9,9,9,9,9,9,9,40599999,1639,3,24771.201342281878,Kolathur,3 BHK,1500-2500 sqft,Valid,Chennai,Not available in source data,315,35
19300000,875,Alwarpet,3,1,9,9,9,9,9,9,9,9,9,9,9,9,9,9,9,9,9,9,9,9,9,9,9,9,9,9,9,9,9,9,9,9,9,9,9,19300000,875,3,22057.14285714286,Alwarpet,3 BHK,500-1000 sqft,Valid,Chennai,Not available in source data,315,35
36300000,1214,Ponneri,1,0,9,9,9,9,9,9,9,9,9,9,9,9,9,9,9,9,9,9,9,9,9,9,9,9,9,9,9,9,9,9,9,9,9,9,9,36300000,1214,1,29901.153212520592,Ponneri,1 BHK,1000-1500 sqft,Valid,Chennai,Not available in source data,315,35
37500000,2684,Saidapet,3,0,9,9,9,9,9,9,9,9,9,9,9,9,9,9,9,9,9,9,9,9,9,9,9,9,9,9,9,9,9,9,9,9,9,9,9,37500000,2684,3,13971.684053651266,Saidapet,3 BHK,2500+ sqft,Valid,Chennai,Not available in source data,315,35
12500000,1550,Adyar,2,1,9,9,9,9,9,9,9,9,9,9,9,9,9,9,9,9,9,9,9,9,9,9,9,9,9,9,9,9,9,9,9,9,9,9,9,12500000,1550,2,8064.5161290322585,Adyar,2 BHK,1500-2500 sqft,Valid,Chennai,Not available in source data,315,35
19500000,2380,Adyar,4,1,9,9,9,9,9,9,9,9,9,9,9,9,9,9,9,9,9,9,9,9,9,9,9,9,9,9,9,9,9,9,9,9,9,9,9,19500000,2380,4,8193.27731092437,Adyar,4 BHK,1500-2500 sqft,Valid,Chennai,Not available in source data,315,35
18000000,2500,Chetpet,3,1,9,9,9,9,9,9,9,9,9,9,9,9,9,9,9,9,9,9,9,9,9,9,9,9,9,9,9,9,9,9,9,9,9,9,9,18000000,2500,3,7200.0,Chetpet,3 BHK,2500+ sqft,Valid,Chennai,Not available in source data,315,35
10000000,1050,T Nagar,3,1,9,9,9,9,9,9,9,9,9,9,9,9,9,9,9,9,9,9,9,9,9,9,9,9,9,9,9,9,9,9,9,9,9,9,9,10000000,1050,3,9523.809523809523,T Nagar,3 BHK,1000-1500 sqft,Valid,Chennai,Not available in source data,315,35
3400000,1150,Anna Nagar,2,1,9,9,9,9,9,9,9,9,9,9,9,9,9,9,9,9,9,9,9,9,9,9,9,9,9,9,9,9,9,9,9,9,9,9,9,3400000,1150,2,2956.521739130435,Anna Nagar,2 BHK,1000-1500 sqft,Valid,Chennai,Not available in source data,315,35
6769000,1675,Tondiarpet,3,0,9,9,9,9,9,9,9,9,9,9,9,9,9,9,9,9,9,9,9,9,9,9,9,9,9,9,9,9,9,9,9,9,9,9,9,6769000,1675,3,4041.194029850746,Tondiarpet,3 BHK,1500-2500 sqft,Valid,Chennai,Not available in source data,315,35
3840000,818,Medavakkam,2,1,9,9,9,9,9,9,9,9,9,9,9,9,9,9,9,9,9,9,9,9,9,9,9,9,9,9,9,9,9,9,9,9,9,9,9,3840000,818,2,4694.376528117359,Medavakkam,2 BHK,500-1000 sqft,Valid,Chennai,Not available in source data,315,35
21500000,819,Medavakkam,2,1,9,9,9,9,9,9,9,9,9,9,9,9,9,9,9,9,9,9,9,9,9,9,9,9,9,9,9,9,9,9,9,9,9,9,9,21500000,819,2,26251.52625152625,Medavakkam,2 BHK,500-1000 sqft,Valid,Chennai,Not available in source data,315,35
4300000,1358,Kolapakkam,3,0,9,9,9,9,9,9,9,9,9,9,9,9,9,9,9,9,9,9,9,9,9,9,9,9,9,9,9,9,9,9,9,9,9,9,9,4300000,1358,3,3166.4212076583212,Kolapakkam,3 BHK,1000-1500 sqft,Valid,Chennai,Not available in source data,315,35
7500000,614,Kovur,1,0,9,9,9,9,9,9,9,9,9,9,9,9,9,9,9,9,9,9,9,9,9,9,9,9,9,9,9,9,9,9,9,9,9,9,9,7500000,614,1,12214.983713355048,Kovur,1 BHK,500-1000 sqft,Valid,Chennai,Not available in source data,315,35
23000000,2451,Annamalai Colony,3,0,9,9,9,9,9,9,9,9,9,9,9,9,9,9,9,9,9,9,9,9,9,9,9,9,9,9,9,9,9,9,9,9,9,9,9,23000000,2451,3,9383.92492860057,Annamalai Colony,3 BHK,1500-2500 sqft,Valid,Chennai,Not available in source data,315,35
24600000,900,Selaiyur,2,0,9,9,9,9,9,9,9,9,9,9,9,9,9,9,9,9,9,9,9,9,9,9,9,9,9,9,9,9,9,9,9,9,9,9,9,24600000,900,2,27333.333333333332,Selaiyur,2 BHK,500-1000 sqft,Valid,Chennai,Not available in source data,315,35
12000000,920,Kottivakkam,2,1,9,9,9,9,9,9,9,9,9,9,9,9,9,9,9,9,9,9,9,9,9,9,9,9,9,9,9,9,9,9,9,9,9,9,9,12000000,920,2,13043.478260869566,Kottivakkam,2 BHK,500-1000 sqft,Valid,Chennai,Not available in source data,315,35
2896000,2000,Adyar,3,1,9,9,9,9,9,9,9,9,9,9,9,9,9,9,9,9,9,9,9,9,9,9,9,9,9,9,9,9,9,9,9,9,9,9,9,2896000,2000,3,1448.0,Adyar,3 BHK,1500-2500 sqft,Valid,Chennai,Not available in source data,315,35
11399999,1540,Annanagar West,3,0,9,9,9,9,9,9,9,9,9,9,9,9,9,9,9,9,9,9,9,9,9,9,9,9,9,9,9,9,9,9,9,9,9,9,9,11399999,1540,3,7402.596753246753,Annanagar West,3 BHK,1500-2500 sqft,Valid,Chennai,Not available in source data,315,35
3500000,1200,Vadapalani,2,1,9,9,9,9,9,9,9,9,9,9,9,9,9,9,9,9,9,9,9,9,9,9,9,9,9,9,9,9,9,9,9,9,9,9,9,3500000,1200,2,2916.6666666666665,Vadapalani,2 BHK,1000-1500 sqft,Valid,Chennai,Not available in source data,315,35
9225000,724,Kolapakkam,1,0,9,9,9,9,9,9,9,9,9,9,9,9,9,9,9,9,9,9,9,9,9,9,9,9,9,9,9,9,9,9,9,9,9,9,9,9225000,724,1,12741.71270718232,Kolapakkam,1 BHK,500-1000 sqft,Valid,Chennai,Not available in source data,315,35
6463000,1202,Annamalai Colony,2,0,9,9,9,9,9,9,9,9,9,9,9,9,9,9,9,9,9,9,9,9,9,9,9,9,9,9,9,9,9,9,9,9,9,9,9,6463000,1202,2,5376.871880199667,Annamalai Colony,2 BHK,1000-1500 sqft,Valid,Chennai,Not available in source data,315,35
3038000,740,Perumbakkam,2,1,9,9,9,9,9,9,9,9,9,9,9,9,9,9,9,9,9,9,9,9,9,9,9,9,9,9,9,9,9,9,9,9,9,9,9,3038000,740,2,4105.405405405405,Perumbakkam,2 BHK,500-1000 sqft,Valid,Chennai,Not available in source data,315,35
10800000,1922,Pallikaranai,3,0,9,9,9,9,9,9,9,9,9,9,9,9,9,9,9,9,9,9,9,9,9,9,9,9,9,9,9,9,9,9,9,9,9,9,9,10800000,1922,3,5619.1467221644125,Pallikaranai,3 BHK,1500-2500 sqft,Valid,Chennai,Not available in source data,315,35
7850000,1243,Pallikaranai,2,0,9,9,9,9,9,9,9,9,9,9,9,9,9,9,9,9,9,9,9,9,9,9,9,9,9,9,9,9,9,9,9,9,9,9,9,7850000,1243,2,6315.366049879324,Pallikaranai,2 BHK,1000-1500 sqft,Valid,Chennai,Not available in source data,315,35
3106000,620,Pallikaranai,1,0,9,9,9,9,9,9,9,9,9,9,9,9,9,9,9,9,9,9,9,9,9,9,9,9,9,9,9,9,9,9,9,9,9,9,9,3106000,620,1,5009.677419354839,Pallikaranai,1 BHK,500-1000 sqft,Valid,Chennai,Not available in source data,315,35
3233000,1210,Nungambakkam,2,1,9,9,9,9,9,9,9,9,9,9,9,9,9,9,9,9,9,9,9,9,9,9,9,9,9,9,9,9,9,9,9,9,9,9,9,3233000,1210,2,2671.900826446281,Nungambakkam,2 BHK,1000-1500 sqft,Valid,Chennai,Not available in source data,315,35
2862000,924,Perambur,2,0,9,9,9,9,9,9,9,9,9,9,9,9,9,9,9,9,9,9,9,9,9,9,9,9,9,9,9,9,9,9,9,9,9,9,9,2862000,924,2,3097.4025974025976,Perambur,2 BHK,500-1000 sqft,Valid,Chennai,Not available in source data,315,35
3519000,520,Thiruverkadu,2,0,9,9,9,9,9,9,9,9,9,9,9,9,9,9,9,9,9,9,9,9,9,9,9,9,9,9,9,9,9,9,9,9,9,9,9,3519000,520,2,6767.307692307692,Thiruverkadu,2 BHK,500-1000 sqft,Valid,Chennai,Not available in source data,315,35
3233000,667,Thiruverkadu,2,0,9,9,9,9,9,9,9,9,9,9,9,9,9,9,9,9,9,9,9,9,9,9,9,9,9,9,9,9,9,9,9,9,9,9,9,3233000,667,2,4847.076461769116,Thiruverkadu,2 BHK,500-1000 sqft,Valid,Chennai,Not available in source data,315,35
3519000,734,Avadi,2,1,9,9,9,9,9,9,9,9,9,9,9,9,9,9,9,9,9,9,9,9,9,9,9,9,9,9,9,9,9,9,9,9,9,9,9,3519000,734,2,4794.277929155313,Avadi,2 BHK,500-1000 sqft,Valid,Chennai,Not available in source data,315,35
24000000,732,Thiruverkadu,2,0,9,9,9,9,9,9,9,9,9,9,9,9,9,9,9,9,9,9,9,9,9,9,9,9,9,9,9,9,9,9,9,9,9,9,9,24000000,732,2,32786.88524590164,Thiruverkadu,2 BHK,500-1000 sqft,Valid,Chennai,Not available in source data,315,35
3475000,667,Thiruverkadu,2,0,9,9,9,9,9,9,9,9,9,9,9,9,9,9,9,9,9,9,9,9,9,9,9,9,9,9,9,9,9,9,9,9,9,9,9,3475000,667,2,5209.895052473763,Thiruverkadu,2 BHK,500-1000 sqft,Valid,Chennai,Not available in source data,315,35
25200000,588,Thiruverkadu,2,0,9,9,9,9,9,9,9,9,9,9,9,9,9,9,9,9,9,9,9,9,9,9,9,9,9,9,9,9,9,9,9,9,9,9,9,25200000,588,2,42857.142857142855,Thiruverkadu,2 BHK,500-1000 sqft,Valid,Chennai,Not available in source data,315,35
25299999,4658,Poonamallee,1,0,9,9,9,9,9,9,9,9,9,9,9,9,9,9,9,9,9,9,9,9,9,9,9,9,9,9,9,9,9,9,9,9,9,9,9,25299999,4658,1,5431.515457277802,Poonamallee,1 BHK,2500+ sqft,Valid,Chennai,Not available in source data,315,35
27599999,722,Thiruverkadu,2,0,9,9,9,9,9,9,9,9,9,9,9,9,9,9,9,9,9,9,9,9,9,9,9,9,9,9,9,9,9,9,9,9,9,9,9,27599999,722,2,38227.14542936288,Thiruverkadu,2 BHK,500-1000 sqft,Valid,Chennai,Not available in source data,315,35
13500000,2661,Anna Nagar,3,1,9,9,9,9,9,9,9,9,9,9,9,9,9,9,9,9,9,9,9,9,9,9,9,9,9,9,9,9,9,9,9,9,9,9,9,13500000,2661,3,5073.280721533258,Anna Nagar,3 BHK,2500+ sqft,Valid,Chennai,Not available in source data,315,35
10100000,2661,Anna Nagar,3,1,9,9,9,9,9,9,9,9,9,9,9,9,9,9,9,9,9,9,9,9,9,9,9,9,9,9,9,9,9,9,9,9,9,9,9,10100000,2661,3,3795.565576850808,Anna Nagar,3 BHK,2500+ sqft,Valid,Chennai,Not available in source data,315,35
10200000,2044,West Mambalam,3,0,9,9,9,9,9,9,9,9,9,9,9,9,9,9,9,9,9,9,9,9,9,9,9,9,9,9,9,9,9,9,9,9,9,9,9,10200000,2044,3,4990.2152641878665,West Mambalam,3 BHK,1500-2500 sqft,Valid,Chennai,Not available in source data,315,35
10200000,1150,Anna Nagar,2,1,9,9,9,9,9,9,9,9,9,9,9,9,9,9,9,9,9,9,9,9,9,9,9,9,9,9,9,9,9,9,9,9,9,9,9,10200000,1150,2,8869.565217391304,Anna Nagar,2 BHK,1000-1500 sqft,Valid,Chennai,Not available in source data,315,35
6651000,1922,Pallikaranai,3,0,9,9,9,9,9,9,9,9,9,9,9,9,9,9,9,9,9,9,9,9,9,9,9,9,9,9,9,9,9,9,9,9,9,9,9,6651000,1922,3,3460.4578563995838,Pallikaranai,3 BHK,1500-2500 sqft,Valid,Chennai,Not available in source data,315,35
6645999,1943,Pallikaranai,3,0,9,9,9,9,9,9,9,9,9,9,9,9,9,9,9,9,9,9,9,9,9,9,9,9,9,9,9,9,9,9,9,9,9,9,9,6645999,1943,3,3420.483273288729,Pallikaranai,3 BHK,1500-2500 sqft,Valid,Chennai,Not available in source data,315,35
6587000,1929,Pallikaranai,3,0,9,9,9,9,9,9,9,9,9,9,9,9,9,9,9,9,9,9,9,9,9,9,9,9,9,9,9,9,9,9,9,9,9,9,9,6587000,1929,3,3414.722654224987,Pallikaranai,3 BHK,1500-2500 sqft,Valid,Chennai,Not available in source data,315,35
15000000,1255,Pallikaranai,2,0,9,9,9,9,9,9,9,9,9,9,9,9,9,9,9,9,9,9,9,9,9,9,9,9,9,9,9,9,9,9,9,9,9,9,9,15000000,1255,2,11952.191235059761,Pallikaranai,2 BHK,1000-1500 sqft,Valid,Chennai,Not available in source data,315,35
4800000,1254,Pallikaranai,2,0,9,9,9,9,9,9,9,9,9,9,9,9,9,9,9,9,9,9,9,9,9,9,9,9,9,9,9,9,9,9,9,9,9,9,9,4800000,1254,2,3827.751196172249,Pallikaranai,2 BHK,1000-1500 sqft,Valid,Chennai,Not available in source data,315,35
28500000,1243,Pallikaranai,2,0,9,9,9,9,9,9,9,9,9,9,9,9,9,9,9,9,9,9,9,9,9,9,9,9,9,9,9,9,9,9,9,9,9,9,9,28500000,1243,2,22928.399034593724,Pallikaranai,2 BHK,1000-1500 sqft,Valid,Chennai,Not available in source data,315,35
33000000,1555,Annanagar West,2,0,9,9,9,9,9,9,9,9,9,9,9,9,9,9,9,9,9,9,9,9,9,9,9,9,9,9,9,9,9,9,9,9,9,9,9,33000000,1555,2,21221.86495176849,Annanagar West,2 BHK,1500-2500 sqft,Valid,Chennai,Not available in source data,315,35
3769000,1004,Thiruverkadu,2,0,9,9,9,9,9,9,9,9,9,9,9,9,9,9,9,9,9,9,9,9,9,9,9,9,9,9,9,9,9,9,9,9,9,9,9,3769000,1004,2,3753.9840637450197,Thiruverkadu,2 BHK,1000-1500 sqft,Valid,Chennai,Not available in source data,315,35
15000000,2208,Nungambakkam,3,1,9,9,9,9,9,9,9,9,9,9,9,9,9,9,9,9,9,9,9,9,9,9,9,9,9,9,9,9,9,9,9,9,9,9,9,15000000,2208,3,6793.478260869565,Nungambakkam,3 BHK,1500-2500 sqft,Valid,Chennai,Not available in source data,315,35
9736000,2475,Guindy,4,0,9,9,9,9,9,9,9,9,9,9,9,9,9,9,9,9,9,9,9,9,9,9,9,9,9,9,9,9,9,9,9,9,9,9,9,9736000,2475,4,3933.7373737373737,Guindy,4 BHK,1500-2500 sqft,Valid,Chennai,Not available in source data,315,35
9500000,877,Vandalur,1,0,9,9,9,9,9,9,9,9,9,9,9,9,9,9,9,9,9,9,9,9,9,9,9,9,9,9,9,9,9,9,9,9,9,9,9,9500000,877,1,10832.383124287344,Vandalur,1 BHK,500-1000 sqft,Valid,Chennai,Not available in source data,315,35
9750000,2193,Ayanambakkam,4,0,9,9,9,9,9,9,9,9,9,9,9,9,9,9,9,9,9,9,9,9,9,9,9,9,9,9,9,9,9,9,9,9,9,9,9,9750000,2193,4,4445.9644322845415,Ayanambakkam,4 BHK,1500-2500 sqft,Valid,Chennai,Not available in source data,315,35
5398000,1260,Nungambakkam,3,1,9,9,9,9,9,9,9,9,9,9,9,9,9,9,9,9,9,9,9,9,9,9,9,9,9,9,9,9,9,9,9,9,9,9,9,5398000,1260,3,4284.126984126984,Nungambakkam,3 BHK,1000-1500 sqft,Valid,Chennai,Not available in source data,315,35
2900000,1320,Chetpet,3,1,9,9,9,9,9,9,9,9,9,9,9,9,9,9,9,9,9,9,9,9,9,9,9,9,9,9,9,9,9,9,9,9,9,9,9,2900000,1320,3,2196.969696969697,Chetpet,3 BHK,1000-1500 sqft,Valid,Chennai,Not available in source data,315,35
26200000,1511,Mogappair East,3,1,9,9,9,9,9,9,9,9,9,9,9,9,9,9,9,9,9,9,9,9,9,9,9,9,9,9,9,9,9,9,9,9,9,9,9,26200000,1511,3,17339.510258107213,Mogappair East,3 BHK,1500-2500 sqft,Valid,Chennai,Not available in source data,315,35
27000000,1272,Vandalur,3,0,9,9,9,9,9,9,9,9,9,9,9,9,9,9,9,9,9,9,9,9,9,9,9,9,9,9,9,9,9,9,9,9,9,9,9,27000000,1272,3,21226.415094339623,Vandalur,3 BHK,1000-1500 sqft,Valid,Chennai,Not available in source data,315,35
7150000,614,Kovur,1,0,9,9,9,9,9,9,9,9,9,9,9,9,9,9,9,9,9,9,9,9,9,9,9,9,9,9,9,9,9,9,9,9,9,9,9,7150000,614,1,11644.951140065146,Kovur,1 BHK,500-1000 sqft,Valid,Chennai,Not available in source data,315,35
18300000,1500,Adyar,3,0,9,9,9,9,9,9,9,9,9,9,9,9,9,9,9,9,9,9,9,9,9,9,9,9,9,9,9,9,9,9,9,9,9,9,9,18300000,1500,3,12200.0,Adyar,3 BHK,1500-2500 sqft,Valid,Chennai,Not available in source data,315,35
23200000,1545,Adyar,3,0,9,9,9,9,9,9,9,9,9,9,9,9,9,9,9,9,9,9,9,9,9,9,9,9,9,9,9,9,9,9,9,9,9,9,9,23200000,1545,3,15016.181229773463,Adyar,3 BHK,1500-2500 sqft,Valid,Chennai,Not available in source data,315,35
25000000,1100,Valasaravakkam,2,1,9,9,9,9,9,9,9,9,9,9,9,9,9,9,9,9,9,9,9,9,9,9,9,9,9,9,9,9,9,9,9,9,9,9,9,25000000,1100,2,22727.272727272728,Valasaravakkam,2 BHK,1000-1500 sqft,Valid,Chennai,Not available in source data,315,35
24000000,1701,Thoraipakkam,3,0,9,9,9,9,9,9,9,9,9,9,9,9,9,9,9,9,9,9,9,9,9,9,9,9,9,9,9,9,9,9,9,9,9,9,9,24000000,1701,3,14109.347442680775,Thoraipakkam,3 BHK,1500-2500 sqft,Valid,Chennai,Not available in source data,315,35
45000000,2275,Thoraipakkam,4,0,9,9,9,9,9,9,9,9,9,9,9,9,9,9,9,9,9,9,9,9,9,9,9,9,9,9,9,9,9,9,9,9,9,9,9,45000000,2275,4,19780.21978021978,Thoraipakkam,4 BHK,1500-2500 sqft,Valid,Chennai,Not available in source data,315,35
50199999,2160,Arumbakkam,3,1,9,9,9,9,9,9,9,9,9,9,9,9,9,9,9,9,9,9,9,9,9,9,9,9,9,9,9,9,9,9,9,9,9,9,9,50199999,2160,3,23240.74027777778,Arumbakkam,3 BHK,1500-2500 sqft,Valid,Chennai,Not available in source data,315,35
3861999,1843,Kotturpuram,3,1,9,9,9,9,9,9,9,9,9,9,9,9,9,9,9,9,9,9,9,9,9,9,9,9,9,9,9,9,9,9,9,9,9,9,9,3861999,1843,3,2095.4959305480197,Kotturpuram,3 BHK,1500-2500 sqft,Valid,Chennai,Not available in source data,315,35
4276000,2056,Nungambakkam,3,0,9,9,9,9,9,9,9,9,9,9,9,9,9,9,9,9,9,9,9,9,9,9,9,9,9,9,9,9,9,9,9,9,9,9,9,4276000,2056,3,2079.7665369649803,Nungambakkam,3 BHK,1500-2500 sqft,Valid,Chennai,Not available in source data,315,35
30000000,2600,Nungambakkam,3,0,9,9,9,9,9,9,9,9,9,9,9,9,9,9,9,9,9,9,9,9,9,9,9,9,9,9,9,9,9,9,9,9,9,9,9,30000000,2600,3,11538.461538461539,Nungambakkam,3 BHK,2500+ sqft,Valid,Chennai,Not available in source data,315,35
6006000,868,Semmancheri,2,1,9,9,9,9,9,9,9,9,9,9,9,9,9,9,9,9,9,9,9,9,9,9,9,9,9,9,9,9,9,9,9,9,9,9,9,6006000,868,2,6919.354838709677,Semmancheri,2 BHK,500-1000 sqft,Valid,Chennai,Not available in source data,315,35
5561000,961,Semmancheri,2,0,9,9,9,9,9,9,9,9,9,9,9,9,9,9,9,9,9,9,9,9,9,9,9,9,9,9,9,9,9,9,9,9,9,9,9,5561000,961,2,5786.680541103017,Semmancheri,2 BHK,500-1000 sqft,Valid,Chennai,Not available in source data,315,35
7000000,2500,Adyar,3,1,9,9,9,9,9,9,9,9,9,9,9,9,9,9,9,9,9,9,9,9,9,9,9,9,9,9,9,9,9,9,9,9,9,9,9,7000000,2500,3,2800.0,Adyar,3 BHK,2500+ sqft,Valid,Chennai,Not available in source data,315,35
57600000,1018,Porur,2,0,9,9,9,9,9,9,9,9,9,9,9,9,9,9,9,9,9,9,9,9,9,9,9,9,9,9,9,9,9,9,9,9,9,9,9,57600000,1018,2,56581.532416502945,Porur,2 BHK,1000-1500 sqft,Valid,Chennai,Not available in source data,315,35
46000000,1183,Medavakkam,3,0,9,9,9,9,9,9,9,9,9,9,9,9,9,9,9,9,9,9,9,9,9,9,9,9,9,9,9,9,9,9,9,9,9,9,9,46000000,1183,3,38884.19273034658,Medavakkam,3 BHK,1000-1500 sqft,Valid,Chennai,Not available in source data,315,35
10200000,975,Madipakkam,2,1,9,9,9,9,9,9,9,9,9,9,9,9,9,9,9,9,9,9,9,9,9,9,9,9,9,9,9,9,9,9,9,9,9,9,9,10200000,975,2,10461.538461538461,Madipakkam,2 BHK,500-1000 sqft,Valid,Chennai,Not available in source data,315,35
7500000,3200,T Nagar,3,0,9,9,9,9,9,9,9,9,9,9,9,9,9,9,9,9,9,9,9,9,9,9,9,9,9,9,9,9,9,9,9,9,9,9,9,7500000,3200,3,2343.75,T Nagar,3 BHK,2500+ sqft,Valid,Chennai,Not available in source data,315,35
3800000,1800,Raja Annamalai Puram,3,1,9,9,9,9,9,9,9,9,9,9,9,9,9,9,9,9,9,9,9,9,9,9,9,9,9,9,9,9,9,9,9,9,9,9,9,3800000,1800,3,2111.1111111111113,Raja Annamalai Puram,3 BHK,1500-2500 sqft,Valid,Chennai,Not available in source data,315,35
3500000,1280,Velachery,3,1,9,9,9,9,9,9,9,9,9,9,9,9,9,9,9,9,9,9,9,9,9,9,9,9,9,9,9,9,9,9,9,9,9,9,9,3500000,1280,3,2734.375,Velachery,3 BHK,1000-1500 sqft,Valid,Chennai,Not available in source data,315,35
8900000,921,Kodambakkam,2,1,9,9,9,9,9,9,9,9,9,9,9,9,9,9,9,9,9,9,9,9,9,9,9,9,9,9,9,9,9,9,9,9,9,9,9,8900000,921,2,9663.40933767644,Kodambakkam,2 BHK,500-1000 sqft,Valid,Chennai,Not available in source data,315,35
27300000,497,Nungambakkam,1,1,9,9,9,9,9,9,9,9,9,9,9,9,9,9,9,9,9,9,9,9,9,9,9,9,9,9,9,9,9,9,9,9,9,9,9,27300000,497,1,54929.57746478873,Nungambakkam,1 BHK,<500 sqft,Valid,Chennai,Not available in source data,315,35
9000000,740,Perumbakkam,2,1,9,9,9,9,9,9,9,9,9,9,9,9,9,9,9,9,9,9,9,9,9,9,9,9,9,9,9,9,9,9,9,9,9,9,9,9000000,740,2,12162.162162162162,Perumbakkam,2 BHK,500-1000 sqft,Valid,Chennai,Not available in source data,315,35
20000000,1149,Velachery,3,1,9,9,9,9,9,9,9,9,9,9,9,9,9,9,9,9,9,9,9,9,9,9,9,9,9,9,9,9,9,9,9,9,9,9,9,20000000,1149,3,17406.440382941688,Velachery,3 BHK,1000-1500 sqft,Valid,Chennai,Not available in source data,315,35
3776000,2030,Royapettah,2,1,9,9,9,9,9,9,9,9,9,9,9,9,9,9,9,9,9,9,9,9,9,9,9,9,9,9,9,9,9,9,9,9,9,9,9,3776000,2030,2,1860.0985221674878,Royapettah,2 BHK,1500-2500 sqft,Valid,Chennai,Not available in source data,315,35
3779999,620,Royapettah,1,0,9,9,9,9,9,9,9,9,9,9,9,9,9,9,9,9,9,9,9,9,9,9,9,9,9,9,9,9,9,9,9,9,9,9,9,3779999,620,1,6096.772580645162,Royapettah,1 BHK,500-1000 sqft,Valid,Chennai,Not available in source data,315,35
4794000,1380,T Nagar,3,1,9,9,9,9,9,9,9,9,9,9,9,9,9,9,9,9,9,9,9,9,9,9,9,9,9,9,9,9,9,9,9,9,9,9,9,4794000,1380,3,3473.913043478261,T Nagar,3 BHK,1000-1500 sqft,Valid,Chennai,Not available in source data,315,35
12200000,994,Kelambakkam,2,0,9,9,9,9,9,9,9,9,9,9,9,9,9,9,9,9,9,9,9,9,9,9,9,9,9,9,9,9,9,9,9,9,9,9,9,12200000,994,2,12273.64185110664,Kelambakkam,2 BHK,500-1000 sqft,Valid,Chennai,Not available in source data,315,35
12800000,1636,Thoraipakkam OMR,2,0,9,9,9,9,9,9,9,9,9,9,9,9,9,9,9,9,9,9,9,9,9,9,9,9,9,9,9,9,9,9,9,9,9,9,9,12800000,1636,2,7823.960880195599,Thoraipakkam OMR,2 BHK,1500-2500 sqft,Valid,Chennai,Not available in source data,315,35
12800000,2275,Thoraipakkam OMR,4,0,9,9,9,9,9,9,9,9,9,9,9,9,9,9,9,9,9,9,9,9,9,9,9,9,9,9,9,9,9,9,9,9,9,9,9,12800000,2275,4,5626.373626373626,Thoraipakkam OMR,4 BHK,1500-2500 sqft,Valid,Chennai,Not available in source data,315,35
15100000,2488,Thoraipakkam OMR,4,0,9,9,9,9,9,9,9,9,9,9,9,9,9,9,9,9,9,9,9,9,9,9,9,9,9,9,9,9,9,9,9,9,9,9,9,15100000,2488,4,6069.131832797428,Thoraipakkam OMR,4 BHK,1500-2500 sqft,Valid,Chennai,Not available in source data,315,35
10000000,1717,Thoraipakkam OMR,3,0,9,9,9,9,9,9,9,9,9,9,9,9,9,9,9,9,9,9,9,9,9,9,9,9,9,9,9,9,9,9,9,9,9,9,9,10000000,1717,3,5824.111822947,Thoraipakkam OMR,3 BHK,1500-2500 sqft,Valid,Chennai,Not available in source data,315,35
16000000,1707,Thoraipakkam OMR,3,0,9,9,9,9,9,9,9,9,9,9,9,9,9,9,9,9,9,9,9,9,9,9,9,9,9,9,9,9,9,9,9,9,9,9,9,16000000,1707,3,9373.169302870532,Thoraipakkam OMR,3 BHK,1500-2500 sqft,Valid,Chennai,Not available in source data,315,35
4115999,2025,Thoraipakkam OMR,3,0,9,9,9,9,9,9,9,9,9,9,9,9,9,9,9,9,9,9,9,9,9,9,9,9,9,9,9,9,9,9,9,9,9,9,9,4115999,2025,3,2032.5920987654322,Thoraipakkam OMR,3 BHK,1500-2500 sqft,Valid,Chennai,Not available in source data,315,35
6600000,1205,Virugambakkam,3,1,9,9,9,9,9,9,9,9,9,9,9,9,9,9,9,9,9,9,9,9,9,9,9,9,9,9,9,9,9,9,9,9,9,9,9,6600000,1205,3,5477.178423236514,Virugambakkam,3 BHK,1000-1500 sqft,Valid,Chennai,Not available in source data,315,35
20000000,1450,Purasawalkam,3,1,9,9,9,9,9,9,9,9,9,9,9,9,9,9,9,9,9,9,9,9,9,9,9,9,9,9,9,9,9,9,9,9,9,9,9,20000000,1450,3,13793.103448275862,Purasawalkam,3 BHK,1000-1500 sqft,Valid,Chennai,Not available in source data,315,35
12000000,980,Porur,2,0,9,9,9,9,9,9,9,9,9,9,9,9,9,9,9,9,9,9,9,9,9,9,9,9,9,9,9,9,9,9,9,9,9,9,9,12000000,980,2,12244.897959183674,Porur,2 BHK,500-1000 sqft,Valid,Chennai,Not available in source data,315,35
22300000,1685,Padur,3,0,9,9,9,9,9,9,9,9,9,9,9,9,9,9,9,9,9,9,9,9,9,9,9,9,9,9,9,9,9,9,9,9,9,9,9,22300000,1685,3,13234.421364985163,Padur,3 BHK,1500-2500 sqft,Valid,Chennai,Not available in source data,315,35
8400000,2750,Sholinganallur,4,0,9,9,9,9,9,9,9,9,9,9,9,9,9,9,9,9,9,9,9,9,9,9,9,9,9,9,9,9,9,9,9,9,9,9,9,8400000,2750,4,3054.5454545454545,Sholinganallur,4 BHK,2500+ sqft,Valid,Chennai,Not available in source data,315,35
9500000,2574,Perumbakkam,4,0,9,9,9,9,9,9,9,9,9,9,9,9,9,9,9,9,9,9,9,9,9,9,9,9,9,9,9,9,9,9,9,9,9,9,9,9500000,2574,4,3690.7536907536905,Perumbakkam,4 BHK,2500+ sqft,Valid,Chennai,Not available in source data,315,35
31200000,2232,Anna Nagar,3,1,9,9,9,9,9,9,9,9,9,9,9,9,9,9,9,9,9,9,9,9,9,9,9,9,9,9,9,9,9,9,9,9,9,9,9,31200000,2232,3,13978.494623655914,Anna Nagar,3 BHK,1500-2500 sqft,Valid,Chennai,Not available in source data,315,35
5775000,840,Choolaimedu,2,0,9,9,9,9,9,9,9,9,9,9,9,9,9,9,9,9,9,9,9,9,9,9,9,9,9,9,9,9,9,9,9,9,9,9,9,5775000,840,2,6875.0,Choolaimedu,2 BHK,500-1000 sqft,Valid,Chennai,Not available in source data,315,35
11900000,950,Kodambakkam,2,1,9,9,9,9,9,9,9,9,9,9,9,9,9,9,9,9,9,9,9,9,9,9,9,9,9,9,9,9,9,9,9,9,9,9,9,11900000,950,2,12526.315789473685,Kodambakkam,2 BHK,500-1000 sqft,Valid,Chennai,Not available in source data,315,35
11299999,1950,Mylapore,3,0,9,9,9,9,9,9,9,9,9,9,9,9,9,9,9,9,9,9,9,9,9,9,9,9,9,9,9,9,9,9,9,9,9,9,9,11299999,1950,3,5794.871282051282,Mylapore,3 BHK,1500-2500 sqft,Valid,Chennai,Not available in source data,315,35
9500000,1050,Sholinganallur,2,0,9,9,9,9,9,9,9,9,9,9,9,9,9,9,9,9,9,9,9,9,9,9,9,9,9,9,9,9,9,9,9,9,9,9,9,9500000,1050,2,9047.619047619048,Sholinganallur,2 BHK,1000-1500 sqft,Valid,Chennai,Not available in source data,315,35
7000000,1035,Kilpauk,2,0,9,9,9,9,9,9,9,9,9,9,9,9,9,9,9,9,9,9,9,9,9,9,9,9,9,9,9,9,9,9,9,9,9,9,9,7000000,1035,2,6763.285024154589,Kilpauk,2 BHK,1000-1500 sqft,Valid,Chennai,Not available in source data,315,35
12400000,1196,Kotturpuram,2,1,9,9,9,9,9,9,9,9,9,9,9,9,9,9,9,9,9,9,9,9,9,9,9,9,9,9,9,9,9,9,9,9,9,9,9,12400000,1196,2,10367.89297658863,Kotturpuram,2 BHK,1000-1500 sqft,Valid,Chennai,Not available in source data,315,35
8500000,1215,Velachery,2,0,9,9,9,9,9,9,9,9,9,9,9,9,9,9,9,9,9,9,9,9,9,9,9,9,9,9,9,9,9,9,9,9,9,9,9,8500000,1215,2,6995.884773662551,Velachery,2 BHK,1000-1500 sqft,Valid,Chennai,Not available in source data,315,35
5598000,990,Anna Nagar,2,0,9,9,9,9,9,9,9,9,9,9,9,9,9,9,9,9,9,9,9,9,9,9,9,9,9,9,9,9,9,9,9,9,9,9,9,5598000,990,2,5654.545454545455,Anna Nagar,2 BHK,500-1000 sqft,Valid,Chennai,Not available in source data,315,35
7200000,1350,Kodambakkam,3,1,9,9,9,9,9,9,9,9,9,9,9,9,9,9,9,9,9,9,9,9,9,9,9,9,9,9,9,9,9,9,9,9,9,9,9,7200000,1350,3,5333.333333333333,Kodambakkam,3 BHK,1000-1500 sqft,Valid,Chennai,Not available in source data,315,35
3900000,1025,Aminjikarai,2,1,9,9,9,9,9,9,9,9,9,9,9,9,9,9,9,9,9,9,9,9,9,9,9,9,9,9,9,9,9,9,9,9,9,9,9,3900000,1025,2,3804.878048780488,Aminjikarai,2 BHK,1000-1500 sqft,Valid,Chennai,Not available in source data,315,35
5421000,1310,Kelambakkam,3,0,9,9,9,9,9,9,9,9,9,9,9,9,9,9,9,9,9,9,9,9,9,9,9,9,9,9,9,9,9,9,9,9,9,9,9,5421000,1310,3,4138.167938931298,Kelambakkam,3 BHK,1000-1500 sqft,Valid,Chennai,Not available in source data,315,35
6000000,1265,Velachery,3,1,9,9,9,9,9,9,9,9,9,9,9,9,9,9,9,9,9,9,9,9,9,9,9,9,9,9,9,9,9,9,9,9,9,9,9,6000000,1265,3,4743.083003952569,Velachery,3 BHK,1000-1500 sqft,Valid,Chennai,Not available in source data,315,35
2900000,810,Medavakkam,2,0,9,9,9,9,9,9,9,9,9,9,9,9,9,9,9,9,9,9,9,9,9,9,9,9,9,9,9,9,9,9,9,9,9,9,9,2900000,810,2,3580.246913580247,Medavakkam,2 BHK,500-1000 sqft,Valid,Chennai,Not available in source data,315,35
26200000,1265,Kelambakkam,2,0,9,9,9,9,9,9,9,9,9,9,9,9,9,9,9,9,9,9,9,9,9,9,9,9,9,9,9,9,9,9,9,9,9,9,9,26200000,1265,2,20711.462450592884,Kelambakkam,2 BHK,1000-1500 sqft,Valid,Chennai,Not available in source data,315,35
27000000,913,Kovur,2,0,9,9,9,9,9,9,9,9,9,9,9,9,9,9,9,9,9,9,9,9,9,9,9,9,9,9,9,9,9,9,9,9,9,9,9,27000000,913,2,29572.836801752463,Kovur,2 BHK,500-1000 sqft,Valid,Chennai,Not available in source data,315,35
17700000,1800,Raja Annamalai Puram,3,1,9,9,9,9,9,9,9,9,9,9,9,9,9,9,9,9,9,9,9,9,9,9,9,9,9,9,9,9,9,9,9,9,9,9,9,17700000,1800,3,9833.333333333334,Raja Annamalai Puram,3 BHK,1500-2500 sqft,Valid,Chennai,Not available in source data,315,35
28200000,1280,Velachery,3,1,9,9,9,9,9,9,9,9,9,9,9,9,9,9,9,9,9,9,9,9,9,9,9,9,9,9,9,9,9,9,9,9,9,9,9,28200000,1280,3,22031.25,Velachery,3 BHK,1000-1500 sqft,Valid,Chennai,Not available in source data,315,35
3776000,921,Kodambakkam,2,1,9,9,9,9,9,9,9,9,9,9,9,9,9,9,9,9,9,9,9,9,9,9,9,9,9,9,9,9,9,9,9,9,9,9,9,3776000,921,2,4099.891422366993,Kodambakkam,2 BHK,500-1000 sqft,Valid,Chennai,Not available in source data,315,35
6909999,1540,Thiruvanmiyur,3,0,9,9,9,9,9,9,9,9,9,9,9,9,9,9,9,9,9,9,9,9,9,9,9,9,9,9,9,9,9,9,9,9,9,9,9,6909999,1540,3,4487.012337662338,Thiruvanmiyur,3 BHK,1500-2500 sqft,Valid,Chennai,Not available in source data,315,35
12700000,1881,Saidapet,2,0,9,9,9,9,9,9,9,9,9,9,9,9,9,9,9,9,9,9,9,9,9,9,9,9,9,9,9,9,9,9,9,9,9,9,9,12700000,1881,2,6751.727804359383,Saidapet,2 BHK,1500-2500 sqft,Valid,Chennai,Not available in source data,315,35
15000000,821,Selaiyur,2,1,9,9,9,9,9,9,9,9,9,9,9,9,9,9,9,9,9,9,9,9,9,9,9,9,9,9,9,9,9,9,9,9,9,9,9,15000000,821,2,18270.401948842875,Selaiyur,2 BHK,500-1000 sqft,Valid,Chennai,Not available in source data,315,35
7500000,1389,Kolapakkam,3,0,9,9,9,9,9,9,9,9,9,9,9,9,9,9,9,9,9,9,9,9,9,9,9,9,9,9,9,9,9,9,9,9,9,9,9,7500000,1389,3,5399.5680345572355,Kolapakkam,3 BHK,1000-1500 sqft,Valid,Chennai,Not available in source data,315,35
20000000,1850,Sholinganallur,3,0,9,9,9,9,9,9,9,9,9,9,9,9,9,9,9,9,9,9,9,9,9,9,9,9,9,9,9,9,9,9,9,9,9,9,9,20000000,1850,3,10810.81081081081,Sholinganallur,3 BHK,1500-2500 sqft,Valid,Chennai,Not available in source data,315,35
42000000,2200,Guindy,3,1,9,9,9,9,9,9,9,9,9,9,9,9,9,9,9,9,9,9,9,9,9,9,9,9,9,9,9,9,9,9,9,9,9,9,9,42000000,2200,3,19090.909090909092,Guindy,3 BHK,1500-2500 sqft,Valid,Chennai,Not available in source data,315,35
23000000,1050,Selaiyur,1,0,9,9,9,9,9,9,9,9,9,9,9,9,9,9,9,9,9,9,9,9,9,9,9,9,9,9,9,9,9,9,9,9,9,9,9,23000000,1050,1,21904.761904761905,Selaiyur,1 BHK,1000-1500 sqft,Valid,Chennai,Not available in source data,315,35
18200000,1553,Kotturpuram,3,1,9,9,9,9,9,9,9,9,9,9,9,9,9,9,9,9,9,9,9,9,9,9,9,9,9,9,9,9,9,9,9,9,9,9,9,18200000,1553,3,11719.253058596265,Kotturpuram,3 BHK,1500-2500 sqft,Valid,Chennai,Not available in source data,315,35
10000000,2956,Raja Annamalai Puram,4,1,9,9,9,9,9,9,9,9,9,9,9,9,9,9,9,9,9,9,9,9,9,9,9,9,9,9,9,9,9,9,9,9,9,9,9,10000000,2956,4,3382.9499323410014,Raja Annamalai Puram,4 BHK,2500+ sqft,Valid,Chennai,Not available in source data,315,35
11000000,1751,Mylapore,3,1,9,9,9,9,9,9,9,9,9,9,9,9,9,9,9,9,9,9,9,9,9,9,9,9,9,9,9,9,9,9,9,9,9,9,9,11000000,1751,3,6282.124500285551,Mylapore,3 BHK,1500-2500 sqft,Valid,Chennai,Not available in source data,315,35
6000000,1884,Thiruvanmiyur,3,1,9,9,9,9,9,9,9,9,9,9,9,9,9,9,9,9,9,9,9,9,9,9,9,9,9,9,9,9,9,9,9,9,9,9,9,6000000,1884,3,3184.7133757961783,Thiruvanmiyur,3 BHK,1500-2500 sqft,Valid,Chennai,Not available in source data,315,35
11000000,810,T Nagar,2,1,9,9,9,9,9,9,9,9,9,9,9,9,9,9,9,9,9,9,9,9,9,9,9,9,9,9,9,9,9,9,9,9,9,9,9,11000000,810,2,13580.246913580248,T Nagar,2 BHK,500-1000 sqft,Valid,Chennai,Not available in source data,315,35
30500000,1100,Kilpauk,2,0,9,9,9,9,9,9,9,9,9,9,9,9,9,9,9,9,9,9,9,9,9,9,9,9,9,9,9,9,9,9,9,9,9,9,9,30500000,1100,2,27727.272727272728,Kilpauk,2 BHK,1000-1500 sqft,Valid,Chennai,Not available in source data,315,35
30500000,700,Shenoy Nagar,2,1,9,9,9,9,9,9,9,9,9,9,9,9,9,9,9,9,9,9,9,9,9,9,9,9,9,9,9,9,9,9,9,9,9,9,9,30500000,700,2,43571.42857142857,Shenoy Nagar,2 BHK,500-1000 sqft,Valid,Chennai,Not available in source data,315,35
11000000,875,Alwarpet,3,1,9,9,9,9,9,9,9,9,9,9,9,9,9,9,9,9,9,9,9,9,9,9,9,9,9,9,9,9,9,9,9,9,9,9,9,11000000,875,3,12571.42857142857,Alwarpet,3 BHK,500-1000 sqft,Valid,Chennai,Not available in source data,315,35
11000000,1500,Gopalapuram,3,0,9,9,9,9,9,9,9,9,9,9,9,9,9,9,9,9,9,9,9,9,9,9,9,9,9,9,9,9,9,9,9,9,9,9,9,11000000,1500,3,7333.333333333333,Gopalapuram,3 BHK,1500-2500 sqft,Valid,Chennai,Not available in source data,315,35
6500000,875,Alwarpet,3,1,9,9,9,9,9,9,9,9,9,9,9,9,9,9,9,9,9,9,9,9,9,9,9,9,9,9,9,9,9,9,9,9,9,9,9,6500000,875,3,7428.571428571428,Alwarpet,3 BHK,500-1000 sqft,Valid,Chennai,Not available in source data,315,35
5000000,875,Alwarpet,3,1,9,9,9,9,9,9,9,9,9,9,9,9,9,9,9,9,9,9,9,9,9,9,9,9,9,9,9,9,9,9,9,9,9,9,9,5000000,875,3,5714.285714285715,Alwarpet,3 BHK,500-1000 sqft,Valid,Chennai,Not available in source data,315,35
3800000,1170,Velachery,3,0,9,9,9,9,9,9,9,9,9,9,9,9,9,9,9,9,9,9,9,9,9,9,9,9,9,9,9,9,9,9,9,9,9,9,9,3800000,1170,3,3247.863247863248,Velachery,3 BHK,1000-1500 sqft,Valid,Chennai,Not available in source data,315,35
7000000,1406,Kovilambakkam,3,0,9,9,9,9,9,9,9,9,9,9,9,9,9,9,9,9,9,9,9,9,9,9,9,9,9,9,9,9,9,9,9,9,9,9,9,7000000,1406,3,4978.662873399716,Kovilambakkam,3 BHK,1000-1500 sqft,Valid,Chennai,Not available in source data,315,35
7250000,645,Ashok Nagar,2,1,9,9,9,9,9,9,9,9,9,9,9,9,9,9,9,9,9,9,9,9,9,9,9,9,9,9,9,9,9,9,9,9,9,9,9,7250000,645,2,11240.31007751938,Ashok Nagar,2 BHK,500-1000 sqft,Valid,Chennai,Not available in source data,315,35
4485000,620,Pallikaranai,1,1,9,9,9,9,9,9,9,9,9,9,9,9,9,9,9,9,9,9,9,9,9,9,9,9,9,9,9,9,9,9,9,9,9,9,9,4485000,620,1,7233.870967741936,Pallikaranai,1 BHK,500-1000 sqft,Valid,Chennai,Not available in source data,315,35
11900000,1320,Mogappair,2,1,9,9,9,9,9,9,9,9,9,9,9,9,9,9,9,9,9,9,9,9,9,9,9,9,9,9,9,9,9,9,9,9,9,9,9,11900000,1320,2,9015.151515151516,Mogappair,2 BHK,1000-1500 sqft,Valid,Chennai,Not available in source data,315,35
18600000,1450,Selaiyur,4,0,9,9,9,9,9,9,9,9,9,9,9,9,9,9,9,9,9,9,9,9,9,9,9,9,9,9,9,9,9,9,9,9,9,9,9,18600000,1450,4,12827.586206896553,Selaiyur,4 BHK,1000-1500 sqft,Valid,Chennai,Not available in source data,315,35
12800000,975,Selaiyur,2,1,9,9,9,9,9,9,9,9,9,9,9,9,9,9,9,9,9,9,9,9,9,9,9,9,9,9,9,9,9,9,9,9,9,9,9,12800000,975,2,13128.205128205129,Selaiyur,2 BHK,500-1000 sqft,Valid,Chennai,Not available in source data,315,35
12800000,1653,Pallavaram,3,0,9,9,9,9,9,9,9,9,9,9,9,9,9,9,9,9,9,9,9,9,9,9,9,9,9,9,9,9,9,9,9,9,9,9,9,12800000,1653,3,7743.496672716274,Pallavaram,3 BHK,1500-2500 sqft,Valid,Chennai,Not available in source data,315,35
7784999,1717,Thoraipakkam OMR,3,0,9,9,9,9,9,9,9,9,9,9,9,9,9,9,9,9,9,9,9,9,9,9,9,9,9,9,9,9,9,9,9,9,9,9,9,7784999,1717,3,4534.070471753058,Thoraipakkam OMR,3 BHK,1500-2500 sqft,Valid,Chennai,Not available in source data,315,35
9000000,1707,Thoraipakkam OMR,3,0,9,9,9,9,9,9,9,9,9,9,9,9,9,9,9,9,9,9,9,9,9,9,9,9,9,9,9,9,9,9,9,9,9,9,9,9000000,1707,3,5272.4077328646745,Thoraipakkam OMR,3 BHK,1500-2500 sqft,Valid,Chennai,Not available in source data,315,35
4200000,2025,Thoraipakkam OMR,3,0,9,9,9,9,9,9,9,9,9,9,9,9,9,9,9,9,9,9,9,9,9,9,9,9,9,9,9,9,9,9,9,9,9,9,9,4200000,2025,3,2074.074074074074,Thoraipakkam OMR,3 BHK,1500-2500 sqft,Valid,Chennai,Not available in source data,315,35
5644000,865,Choolaimedu,2,1,9,9,9,9,9,9,9,9,9,9,9,9,9,9,9,9,9,9,9,9,9,9,9,9,9,9,9,9,9,9,9,9,9,9,9,5644000,865,2,6524.85549132948,Choolaimedu,2 BHK,500-1000 sqft,Valid,Chennai,Not available in source data,315,35
2954000,630,Mylapore,2,1,9,9,9,9,9,9,9,9,9,9,9,9,9,9,9,9,9,9,9,9,9,9,9,9,9,9,9,9,9,9,9,9,9,9,9,2954000,630,2,4688.888888888889,Mylapore,2 BHK,500-1000 sqft,Valid,Chennai,Not available in source data,315,35
4895000,940,Medavakkam,2,1,9,9,9,9,9,9,9,9,9,9,9,9,9,9,9,9,9,9,9,9,9,9,9,9,9,9,9,9,9,9,9,9,9,9,9,4895000,940,2,5207.446808510638,Medavakkam,2 BHK,500-1000 sqft,Valid,Chennai,Not available in source data,315,35
2998000,1152,Moolacheri,2,0,9,9,9,9,9,9,9,9,9,9,9,9,9,9,9,9,9,9,9,9,9,9,9,9,9,9,9,9,9,9,9,9,9,9,9,2998000,1152,2,2602.4305555555557,Moolacheri,2 BHK,1000-1500 sqft,Valid,Chennai,Not available in source data,315,35
40000000,603,Moolacheri,1,0,9,9,9,9,9,9,9,9,9,9,9,9,9,9,9,9,9,9,9,9,9,9,9,9,9,9,9,9,9,9,9,9,9,9,9,40000000,603,1,66334.99170812604,Moolacheri,1 BHK,500-1000 sqft,Valid,Chennai,Not available in source data,315,35
3800000,999,Moolacheri,2,0,9,9,9,9,9,9,9,9,9,9,9,9,9,9,9,9,9,9,9,9,9,9,9,9,9,9,9,9,9,9,9,9,9,9,9,3800000,999,2,3803.803803803804,Moolacheri,2 BHK,500-1000 sqft,Valid,Chennai,Not available in source data,315,35
6800000,612,Moolacheri,1,0,9,9,9,9,9,9,9,9,9,9,9,9,9,9,9,9,9,9,9,9,9,9,9,9,9,9,9,9,9,9,9,9,9,9,9,6800000,612,1,11111.111111111111,Moolacheri,1 BHK,500-1000 sqft,Valid,Chennai,Not available in source data,315,35
11000000,2235,Adyar,3,1,9,9,9,9,9,9,9,9,9,9,9,9,9,9,9,9,9,9,9,9,9,9,9,9,9,9,9,9,9,9,9,9,9,9,9,11000000,2235,3,4921.700223713647,Adyar,3 BHK,1500-2500 sqft,Valid,Chennai,Not available in source data,315,35
42400000,738,Guduvancheri,2,0,9,9,9,9,9,9,9,9,9,9,9,9,9,9,9,9,9,9,9,9,9,9,9,9,9,9,9,9,9,9,9,9,9,9,9,42400000,738,2,57452.57452574526,Guduvancheri,2 BHK,500-1000 sqft,Valid,Chennai,Not available in source data,315,35
43300000,1300,Korattur,3,0,9,9,9,9,9,9,9,9,9,9,9,9,9,9,9,9,9,9,9,9,9,9,9,9,9,9,9,9,9,9,9,9,9,9,9,43300000,1300,3,33307.692307692305,Korattur,3 BHK,1000-1500 sqft,Valid,Chennai,Not available in source data,315,35
36000000,1538,Mogappair East,3,1,9,9,9,9,9,9,9,9,9,9,9,9,9,9,9,9,9,9,9,9,9,9,9,9,9,9,9,9,9,9,9,9,9,9,9,36000000,1538,3,23407.02210663199,Mogappair East,3 BHK,1500-2500 sqft,Valid,Chennai,Not available in source data,315,35
23000000,2400,Raja Annamalai Puram,3,1,9,9,9,9,9,9,9,9,9,9,9,9,9,9,9,9,9,9,9,9,9,9,9,9,9,9,9,9,9,9,9,9,9,9,9,23000000,2400,3,9583.333333333334,Raja Annamalai Puram,3 BHK,1500-2500 sqft,Valid,Chennai,Not available in source data,315,35
8200000,2587,Nungambakkam,3,0,9,9,9,9,9,9,9,9,9,9,9,9,9,9,9,9,9,9,9,9,9,9,9,9,9,9,9,9,9,9,9,9,9,9,9,8200000,2587,3,3169.694626981059,Nungambakkam,3 BHK,2500+ sqft,Valid,Chennai,Not available in source data,315,35
6800000,2777,Adyar,3,1,9,9,9,9,9,9,9,9,9,9,9,9,9,9,9,9,9,9,9,9,9,9,9,9,9,9,9,9,9,9,9,9,9,9,9,6800000,2777,3,2448.6856319769536,Adyar,3 BHK,2500+ sqft,Valid,Chennai,Not available in source data,315,35
5990000,1605,Thiruvanmiyur,3,1,9,9,9,9,9,9,9,9,9,9,9,9,9,9,9,9,9,9,9,9,9,9,9,9,9,9,9,9,9,9,9,9,9,9,9,5990000,1605,3,3732.0872274143303,Thiruvanmiyur,3 BHK,1500-2500 sqft,Valid,Chennai,Not available in source data,315,35
2900000,1947,Mahindra World City,4,1,9,9,9,9,9,9,9,9,9,9,9,9,9,9,9,9,9,9,9,9,9,9,9,9,9,9,9,9,9,9,9,9,9,9,9,2900000,1947,4,1489.4709809964047,Mahindra World City,4 BHK,1500-2500 sqft,Valid,Chennai,Not available in source data,315,35
4500000,1300,Korattur,3,0,9,9,9,9,9,9,9,9,9,9,9,9,9,9,9,9,9,9,9,9,9,9,9,9,9,9,9,9,9,9,9,9,9,9,9,4500000,1300,3,3461.5384615384614,Korattur,3 BHK,1000-1500 sqft,Valid,Chennai,Not available in source data,315,35
9000000,1158,Iyyappanthangal,3,1,9,9,9,9,9,9,9,9,9,9,9,9,9,9,9,9,9,9,9,9,9,9,9,9,9,9,9,9,9,9,9,9,9,9,9,9000000,1158,3,7772.020725388601,Iyyappanthangal,3 BHK,1000-1500 sqft,Valid,Chennai,Not available in source data,315,35
26500000,711,Kattupakkam,1,0,9,9,9,9,9,9,9,9,9,9,9,9,9,9,9,9,9,9,9,9,9,9,9,9,9,9,9,9,9,9,9,9,9,9,9,26500000,711,1,37271.44866385373,Kattupakkam,1 BHK,500-1000 sqft,Valid,Chennai,Not available in source data,315,35
27000000,878,Porur,2,1,9,9,9,9,9,9,9,9,9,9,9,9,9,9,9,9,9,9,9,9,9,9,9,9,9,9,9,9,9,9,9,9,9,9,9,27000000,878,2,30751.708428246013,Porur,2 BHK,500-1000 sqft,Valid,Chennai,Not available in source data,315,35
26500000,1025,Choolaimedu,2,1,9,9,9,9,9,9,9,9,9,9,9,9,9,9,9,9,9,9,9,9,9,9,9,9,9,9,9,9,9,9,9,9,9,9,9,26500000,1025,2,25853.658536585364,Choolaimedu,2 BHK,1000-1500 sqft,Valid,Chennai,Not available in source data,315,35
4079999,1608,T Nagar,3,0,9,9,9,9,9,9,9,9,9,9,9,9,9,9,9,9,9,9,9,9,9,9,9,9,9,9,9,9,9,9,9,9,9,9,9,4079999,1608,3,2537.3128109452737,T Nagar,3 BHK,1500-2500 sqft,Valid,Chennai,Not available in source data,315,35
5017000,2044,Kodambakkam,3,1,9,9,9,9,9,9,9,9,9,9,9,9,9,9,9,9,9,9,9,9,9,9,9,9,9,9,9,9,9,9,9,9,9,9,9,5017000,2044,3,2454.500978473581,Kodambakkam,3 BHK,1500-2500 sqft,Valid,Chennai,Not available in source data,315,35
11000000,2075,Thiruvanmiyur,3,1,9,9,9,9,9,9,9,9,9,9,9,9,9,9,9,9,9,9,9,9,9,9,9,9,9,9,9,9,9,9,9,9,9,9,9,11000000,2075,3,5301.204819277108,Thiruvanmiyur,3 BHK,1500-2500 sqft,Valid,Chennai,Not available in source data,315,35
11500000,887,Medavakkam,2,0,9,9,9,9,9,9,9,9,9,9,9,9,9,9,9,9,9,9,9,9,9,9,9,9,9,9,9,9,9,9,9,9,9,9,9,11500000,887,2,12965.050732807214,Medavakkam,2 BHK,500-1000 sqft,Valid,Chennai,Not available in source data,315,35
23600000,865,Valasaravakkam,2,1,9,9,9,9,9,9,9,9,9,9,9,9,9,9,9,9,9,9,9,9,9,9,9,9,9,9,9,9,9,9,9,9,9,9,9,23600000,865,2,27283.236994219653,Valasaravakkam,2 BHK,500-1000 sqft,Valid,Chennai,Not available in source data,315,35
12000000,1538,Mogappair East,3,1,9,9,9,9,9,9,9,9,9,9,9,9,9,9,9,9,9,9,9,9,9,9,9,9,9,9,9,9,9,9,9,9,9,9,9,12000000,1538,3,7802.340702210663,Mogappair East,3 BHK,1500-2500 sqft,Valid,Chennai,Not available in source data,315,35
3753000,1150,Anna Nagar,3,1,9,9,9,9,9,9,9,9,9,9,9,9,9,9,9,9,9,9,9,9,9,9,9,9,9,9,9,9,9,9,9,9,9,9,9,3753000,1150,3,3263.478260869565,Anna Nagar,3 BHK,1000-1500 sqft,Valid,Chennai,Not available in source data,315,35
3769000,1618,Adyar,2,1,9,9,9,9,9,9,9,9,9,9,9,9,9,9,9,9,9,9,9,9,9,9,9,9,9,9,9,9,9,9,9,9,9,9,9,3769000,1618,2,2329.4190358467245,Adyar,2 BHK,1500-2500 sqft,Valid,Chennai,Not available in source data,315,35
8000000,1200,Anna Nagar,3,1,9,9,9,9,9,9,9,9,9,9,9,9,9,9,9,9,9,9,9,9,9,9,9,9,9,9,9,9,9,9,9,9,9,9,9,8000000,1200,3,6666.666666666667,Anna Nagar,3 BHK,1000-1500 sqft,Valid,Chennai,Not available in source data,315,35
6800000,816,Medavakkam,2,0,9,9,9,9,9,9,9,9,9,9,9,9,9,9,9,9,9,9,9,9,9,9,9,9,9,9,9,9,9,9,9,9,9,9,9,6800000,816,2,8333.333333333334,Medavakkam,2 BHK,500-1000 sqft,Valid,Chennai,Not available in source data,315,35
7250000,877,Vandalur,1,0,9,9,9,9,9,9,9,9,9,9,9,9,9,9,9,9,9,9,9,9,9,9,9,9,9,9,9,9,9,9,9,9,9,9,9,7250000,877,1,8266.818700114025,Vandalur,1 BHK,500-1000 sqft,Valid,Chennai,Not available in source data,315,35
44200000,1500,Villivakkam,3,1,9,9,9,9,9,9,9,9,9,9,9,9,9,9,9,9,9,9,9,9,9,9,9,9,9,9,9,9,9,9,9,9,9,9,9,44200000,1500,3,29466.666666666668,Villivakkam,3 BHK,1500-2500 sqft,Valid,Chennai,Not available in source data,315,35
9202000,1300,Korattur,3,0,9,9,9,9,9,9,9,9,9,9,9,9,9,9,9,9,9,9,9,9,9,9,9,9,9,9,9,9,9,9,9,9,9,9,9,9202000,1300,3,7078.461538461538,Korattur,3 BHK,1000-1500 sqft,Valid,Chennai,Not available in source data,315,35
3500000,1450,Selaiyur,4,0,9,9,9,9,9,9,9,9,9,9,9,9,9,9,9,9,9,9,9,9,9,9,9,9,9,9,9,9,9,9,9,9,9,9,9,3500000,1450,4,2413.793103448276,Selaiyur,4 BHK,1000-1500 sqft,Valid,Chennai,Not available in source data,315,35
8000000,2600,T Nagar,3,1,9,9,9,9,9,9,9,9,9,9,9,9,9,9,9,9,9,9,9,9,9,9,9,9,9,9,9,9,9,9,9,9,9,9,9,8000000,2600,3,3076.923076923077,T Nagar,3 BHK,2500+ sqft,Valid,Chennai,Not available in source data,315,35
5000000,1227,Thoraipakkam OMR,2,0,9,9,9,9,9,9,9,9,9,9,9,9,9,9,9,9,9,9,9,9,9,9,9,9,9,9,9,9,9,9,9,9,9,9,9,5000000,1227,2,4074.9796251018747,Thoraipakkam OMR,2 BHK,1000-1500 sqft,Valid,Chennai,Not available in source data,315,35
2995000,1009,Medavakkam,2,1,9,9,9,9,9,9,9,9,9,9,9,9,9,9,9,9,9,9,9,9,9,9,9,9,9,9,9,9,9,9,9,9,9,9,9,2995000,1009,2,2968.2854311199208,Medavakkam,2 BHK,1000-1500 sqft,Valid,Chennai,Not available in source data,315,35
2999000,1044,Valasaravakkam,1,0,9,9,9,9,9,9,9,9,9,9,9,9,9,9,9,9,9,9,9,9,9,9,9,9,9,9,9,9,9,9,9,9,9,9,9,2999000,1044,1,2872.605363984674,Valasaravakkam,1 BHK,1000-1500 sqft,Valid,Chennai,Not available in source data,315,35
3200000,1366,East Tambaram,2,0,9,9,9,9,9,9,9,9,9,9,9,9,9,9,9,9,9,9,9,9,9,9,9,9,9,9,9,9,9,9,9,9,9,9,9,3200000,1366,2,2342.606149341142,East Tambaram,2 BHK,1000-1500 sqft,Valid,Chennai,Not available in source data,315,35
11000000,789,Rajakilpakkam,2,1,9,9,9,9,9,9,9,9,9,9,9,9,9,9,9,9,9,9,9,9,9,9,9,9,9,9,9,9,9,9,9,9,9,9,9,11000000,789,2,13941.69835234474,Rajakilpakkam,2 BHK,500-1000 sqft,Valid,Chennai,Not available in source data,315,35
11500000,789,Rajakilpakkam,2,1,9,9,9,9,9,9,9,9,9,9,9,9,9,9,9,9,9,9,9,9,9,9,9,9,9,9,9,9,9,9,9,9,9,9,9,11500000,789,2,14575.411913814956,Rajakilpakkam,2 BHK,500-1000 sqft,Valid,Chennai,Not available in source data,315,35
23600000,834,Tharapakkam,1,0,9,9,9,9,9,9,9,9,9,9,9,9,9,9,9,9,9,9,9,9,9,9,9,9,9,9,9,9,9,9,9,9,9,9,9,23600000,834,1,28297.36211031175,Tharapakkam,1 BHK,500-1000 sqft,Valid,Chennai,Not available in source data,315,35
23000000,1150,Anna Nagar,3,1,9,9,9,9,9,9,9,9,9,9,9,9,9,9,9,9,9,9,9,9,9,9,9,9,9,9,9,9,9,9,9,9,9,9,9,23000000,1150,3,20000.0,Anna Nagar,3 BHK,1000-1500 sqft,Valid,Chennai,Not available in source data,315,35
8200000,1618,Adyar,2,1,9,9,9,9,9,9,9,9,9,9,9,9,9,9,9,9,9,9,9,9,9,9,9,9,9,9,9,9,9,9,9,9,9,9,9,8200000,1618,2,5067.985166872682,Adyar,2 BHK,1500-2500 sqft,Valid,Chennai,Not available in source data,315,35
7500000,1200,Anna Nagar,3,1,9,9,9,9,9,9,9,9,9,9,9,9,9,9,9,9,9,9,9,9,9,9,9,9,9,9,9,9,9,9,9,9,9,9,9,7500000,1200,3,6250.0,Anna Nagar,3 BHK,1000-1500 sqft,Valid,Chennai,Not available in source data,315,35
7122000,1605,Thiruvanmiyur,3,1,9,9,9,9,9,9,9,9,9,9,9,9,9,9,9,9,9,9,9,9,9,9,9,9,9,9,9,9,9,9,9,9,9,9,9,7122000,1605,3,4437.383177570094,Thiruvanmiyur,3 BHK,1500-2500 sqft,Valid,Chennai,Not available in source data,315,35
6731999,1947,Mahindra World City,4,1,9,9,9,9,9,9,9,9,9,9,9,9,9,9,9,9,9,9,9,9,9,9,9,9,9,9,9,9,9,9,9,9,9,9,9,6731999,1947,4,3457.6266050333847,Mahindra World City,4 BHK,1500-2500 sqft,Valid,Chennai,Not available in source data,315,35
4376000,2223,Padur,4,0,9,9,9,9,9,9,9,9,9,9,9,9,9,9,9,9,9,9,9,9,9,9,9,9,9,9,9,9,9,9,9,9,9,9,9,4376000,2223,4,1968.5110211426002,Padur,4 BHK,1500-2500 sqft,Valid,Chennai,Not available in source data,315,35
3871000,1370,Mogappair,3,0,9,9,9,9,9,9,9,9,9,9,9,9,9,9,9,9,9,9,9,9,9,9,9,9,9,9,9,9,9,9,9,9,9,9,9,3871000,1370,3,2825.5474452554745,Mogappair,3 BHK,1000-1500 sqft,Valid,Chennai,Not available in source data,315,35
5458000,1295,Mogappair,3,0,9,9,9,9,9,9,9,9,9,9,9,9,9,9,9,9,9,9,9,9,9,9,9,9,9,9,9,9,9,9,9,9,9,9,9,5458000,1295,3,4214.671814671815,Mogappair,3 BHK,1000-1500 sqft,Valid,Chennai,Not available in source data,315,35
6267000,620,Mogappair,1,0,9,9,9,9,9,9,9,9,9,9,9,9,9,9,9,9,9,9,9,9,9,9,9,9,9,9,9,9,9,9,9,9,9,9,9,6267000,620,1,10108.064516129032,Mogappair,1 BHK,500-1000 sqft,Valid,Chennai,Not available in source data,315,35
3871000,615,Mogappair,1,0,9,9,9,9,9,9,9,9,9,9,9,9,9,9,9,9,9,9,9,9,9,9,9,9,9,9,9,9,9,9,9,9,9,9,9,3871000,615,1,6294.308943089431,Mogappair,1 BHK,500-1000 sqft,Valid,Chennai,Not available in source data,315,35
8690000,1050,Mogappair,2,0,9,9,9,9,9,9,9,9,9,9,9,9,9,9,9,9,9,9,9,9,9,9,9,9,9,9,9,9,9,9,9,9,9,9,9,8690000,1050,2,8276.190476190477,Mogappair,2 BHK,1000-1500 sqft,Valid,Chennai,Not available in source data,315,35
7095000,945,Mogappair,2,0,9,9,9,9,9,9,9,9,9,9,9,9,9,9,9,9,9,9,9,9,9,9,9,9,9,9,9,9,9,9,9,9,9,9,9,7095000,945,2,7507.936507936508,Mogappair,2 BHK,500-1000 sqft,Valid,Chennai,Not available in source data,315,35
7078000,615,Mogappair,1,0,9,9,9,9,9,9,9,9,9,9,9,9,9,9,9,9,9,9,9,9,9,9,9,9,9,9,9,9,9,9,9,9,9,9,9,7078000,615,1,11508.943089430893,Mogappair,1 BHK,500-1000 sqft,Valid,Chennai,Not available in source data,315,35
5501000,2021,Navallur,4,0,9,9,9,9,9,9,9,9,9,9,9,9,9,9,9,9,9,9,9,9,9,9,9,9,9,9,9,9,9,9,9,9,9,9,9,5501000,2021,4,2721.919841662543,Navallur,4 BHK,1500-2500 sqft,Valid,Chennai,Not available in source data,315,35
3156000,1650,Navallur,3,0,9,9,9,9,9,9,9,9,9,9,9,9,9,9,9,9,9,9,9,9,9,9,9,9,9,9,9,9,9,9,9,9,9,9,9,3156000,1650,3,1912.7272727272727,Navallur,3 BHK,1500-2500 sqft,Valid,Chennai,Not available in source data,315,35
7050000,1504,Navallur,3,0,9,9,9,9,9,9,9,9,9,9,9,9,9,9,9,9,9,9,9,9,9,9,9,9,9,9,9,9,9,9,9,9,9,9,9,7050000,1504,3,4687.5,Navallur,3 BHK,1500-2500 sqft,Valid,Chennai,Not available in source data,315,35
4805000,1158,Navallur,2,0,9,9,9,9,9,9,9,9,9,9,9,9,9,9,9,9,9,9,9,9,9,9,9,9,9,9,9,9,9,9,9,9,9,9,9,4805000,1158,2,4149.395509499136,Navallur,2 BHK,1000-1500 sqft,Valid,Chennai,Not available in source data,315,35
8387000,734,Navallur,2,0,9,9,9,9,9,9,9,9,9,9,9,9,9,9,9,9,9,9,9,9,9,9,9,9,9,9,9,9,9,9,9,9,9,9,9,8387000,734,2,11426.430517711171,Navallur,2 BHK,500-1000 sqft,Valid,Chennai,Not available in source data,315,35
6847000,1699,Navallur,3,0,9,9,9,9,9,9,9,9,9,9,9,9,9,9,9,9,9,9,9,9,9,9,9,9,9,9,9,9,9,9,9,9,9,9,9,6847000,1699,3,4030.0176574455563,Navallur,3 BHK,1500-2500 sqft,Valid,Chennai,Not available in source data,315,35
6241000,1158,Navallur,2,0,9,9,9,9,9,9,9,9,9,9,9,9,9,9,9,9,9,9,9,9,9,9,9,9,9,9,9,9,9,9,9,9,9,9,9,6241000,1158,2,5389.464594127807,Navallur,2 BHK,1000-1500 sqft,Valid,Chennai,Not available in source data,315,35
2747000,2021,Navallur,4,0,9,9,9,9,9,9,9,9,9,9,9,9,9,9,9,9,9,9,9,9,9,9,9,9,9,9,9,9,9,9,9,9,9,9,9,2747000,2021,4,1359.228104898565,Navallur,4 BHK,1500-2500 sqft,Valid,Chennai,Not available in source data,315,35
2651000,1650,Navallur,3,0,9,9,9,9,9,9,9,9,9,9,9,9,9,9,9,9,9,9,9,9,9,9,9,9,9,9,9,9,9,9,9,9,9,9,9,2651000,1650,3,1606.6666666666667,Navallur,3 BHK,1500-2500 sqft,Valid,Chennai,Not available in source data,315,35
3046000,1504,Navallur,3,0,9,9,9,9,9,9,9,9,9,9,9,9,9,9,9,9,9,9,9,9,9,9,9,9,9,9,9,9,9,9,9,9,9,9,9,3046000,1504,3,2025.2659574468084,Navallur,3 BHK,1500-2500 sqft,Valid,Chennai,Not available in source data,315,35
7406999,639,Navallur,1,0,9,9,9,9,9,9,9,9,9,9,9,9,9,9,9,9,9,9,9,9,9,9,9,9,9,9,9,9,9,9,9,9,9,9,9,7406999,639,1,11591.547730829421,Navallur,1 BHK,500-1000 sqft,Valid,Chennai,Not available in source data,315,35
3156000,639,Navallur,1,0,9,9,9,9,9,9,9,9,9,9,9,9,9,9,9,9,9,9,9,9,9,9,9,9,9,9,9,9,9,9,9,9,9,9,9,3156000,639,1,4938.967136150235,Navallur,1 BHK,500-1000 sqft,Valid,Chennai,Not available in source data,315,35
7050000,734,Navallur,2,0,9,9,9,9,9,9,9,9,9,9,9,9,9,9,9,9,9,9,9,9,9,9,9,9,9,9,9,9,9,9,9,9,9,9,9,7050000,734,2,9604.90463215259,Navallur,2 BHK,500-1000 sqft,Valid,Chennai,Not available in source data,315,35
4805000,1710,Moolacheri,3,0,9,9,9,9,9,9,9,9,9,9,9,9,9,9,9,9,9,9,9,9,9,9,9,9,9,9,9,9,9,9,9,9,9,9,9,4805000,1710,3,2809.941520467836,Moolacheri,3 BHK,1500-2500 sqft,Valid,Chennai,Not available in source data,315,35
4690000,639,Navallur,1,0,9,9,9,9,9,9,9,9,9,9,9,9,9,9,9,9,9,9,9,9,9,9,9,9,9,9,9,9,9,9,9,9,9,9,9,4690000,639,1,7339.593114241002,Navallur,1 BHK,500-1000 sqft,Valid,Chennai,Not available in source data,315,35
4079000,639,Navallur,1,0,9,9,9,9,9,9,9,9,9,9,9,9,9,9,9,9,9,9,9,9,9,9,9,9,9,9,9,9,9,9,9,9,9,9,9,4079000,639,1,6383.411580594679,Navallur,1 BHK,500-1000 sqft,Valid,Chennai,Not available in source data,315,35
4095000,734,Navallur,2,0,9,9,9,9,9,9,9,9,9,9,9,9,9,9,9,9,9,9,9,9,9,9,9,9,9,9,9,9,9,9,9,9,9,9,9,4095000,734,2,5579.019073569482,Navallur,2 BHK,500-1000 sqft,Valid,Chennai,Not available in source data,315,35
7011000,1144,Moolacheri,2,0,9,9,9,9,9,9,9,9,9,9,9,9,9,9,9,9,9,9,9,9,9,9,9,9,9,9,9,9,9,9,9,9,9,9,9,7011000,1144,2,6128.4965034965035,Moolacheri,2 BHK,1000-1500 sqft,Valid,Chennai,Not available in source data,315,35
5682000,995,Moolacheri,2,0,9,9,9,9,9,9,9,9,9,9,9,9,9,9,9,9,9,9,9,9,9,9,9,9,9,9,9,9,9,9,9,9,9,9,9,5682000,995,2,5710.552763819095,Moolacheri,2 BHK,500-1000 sqft,Valid,Chennai,Not available in source data,315,35
4723000,999,Moolacheri,2,0,9,9,9,9,9,9,9,9,9,9,9,9,9,9,9,9,9,9,9,9,9,9,9,9,9,9,9,9,9,9,9,9,9,9,9,4723000,999,2,4727.727727727728,Moolacheri,2 BHK,500-1000 sqft,Valid,Chennai,Not available in source data,315,35
4022000,1710,Moolacheri,3,0,9,9,9,9,9,9,9,9,9,9,9,9,9,9,9,9,9,9,9,9,9,9,9,9,9,9,9,9,9,9,9,9,9,9,9,4022000,1710,3,2352.0467836257308,Moolacheri,3 BHK,1500-2500 sqft,Valid,Chennai,Not available in source data,315,35
2356000,1386,Moolacheri,3,0,9,9,9,9,9,9,9,9,9,9,9,9,9,9,9,9,9,9,9,9,9,9,9,9,9,9,9,9,9,9,9,9,9,9,9,2356000,1386,3,1699.8556998556999,Moolacheri,3 BHK,1000-1500 sqft,Valid,Chennai,Not available in source data,315,35
7089000,1152,Moolacheri,2,0,9,9,9,9,9,9,9,9,9,9,9,9,9,9,9,9,9,9,9,9,9,9,9,9,9,9,9,9,9,9,9,9,9,9,9,7089000,1152,2,6153.645833333333,Moolacheri,2 BHK,1000-1500 sqft,Valid,Chennai,Not available in source data,315,35
5383000,981,Moolacheri,2,0,9,9,9,9,9,9,9,9,9,9,9,9,9,9,9,9,9,9,9,9,9,9,9,9,9,9,9,9,9,9,9,9,9,9,9,5383000,981,2,5487.257900101937,Moolacheri,2 BHK,500-1000 sqft,Valid,Chennai,Not available in source data,315,35
5335000,612,Moolacheri,1,0,9,9,9,9,9,9,9,9,9,9,9,9,9,9,9,9,9,9,9,9,9,9,9,9,9,9,9,9,9,9,9,9,9,9,9,5335000,612,1,8717.320261437908,Moolacheri,1 BHK,500-1000 sqft,Valid,Chennai,Not available in source data,315,35
4536000,1916,Padur,3,0,9,9,9,9,9,9,9,9,9,9,9,9,9,9,9,9,9,9,9,9,9,9,9,9,9,9,9,9,9,9,9,9,9,9,9,4536000,1916,3,2367.4321503131523,Padur,3 BHK,1500-2500 sqft,Valid,Chennai,Not available in source data,315,35
5165000,1455,Padur,3,0,9,9,9,9,9,9,9,9,9,9,9,9,9,9,9,9,9,9,9,9,9,9,9,9,9,9,9,9,9,9,9,9,9,9,9,5165000,1455,3,3549.828178694158,Padur,3 BHK,1000-1500 sqft,Valid,Chennai,Not available in source data,315,35
5135000,1442,Padur,3,0,9,9,9,9,9,9,9,9,9,9,9,9,9,9,9,9,9,9,9,9,9,9,9,9,9,9,9,9,9,9,9,9,9,9,9,5135000,1442,3,3561.0263522884884,Padur,3 BHK,1000-1500 sqft,Valid,Chennai,Not available in source data,315,35
4384000,1226,Padur,3,0,9,9,9,9,9,9,9,9,9,9,9,9,9,9,9,9,9,9,9,9,9,9,9,9,9,9,9,9,9,9,9,9,9,9,9,4384000,1226,3,3575.8564437194127,Padur,3 BHK,1000-1500 sqft,Valid,Chennai,Not available in source data,315,35
5050000,1396,Padur,3,0,9,9,9,9,9,9,9,9,9,9,9,9,9,9,9,9,9,9,9,9,9,9,9,9,9,9,9,9,9,9,9,9,9,9,9,5050000,1396,3,3617.478510028653,Padur,3 BHK,1000-1500 sqft,Valid,Chennai,Not available in source data,315,35
5080000,1388,Padur,3,0,9,9,9,9,9,9,9,9,9,9,9,9,9,9,9,9,9,9,9,9,9,9,9,9,9,9,9,9,9,9,9,9,9,9,9,5080000,1388,3,3659.942363112392,Padur,3 BHK,1000-1500 sqft,Valid,Chennai,Not available in source data,315,35
4284000,1185,Padur,3,0,9,9,9,9,9,9,9,9,9,9,9,9,9,9,9,9,9,9,9,9,9,9,9,9,9,9,9,9,9,9,9,9,9,9,9,4284000,1185,3,3615.1898734177216,Padur,3 BHK,1000-1500 sqft,Valid,Chennai,Not available in source data,315,35
4347000,1365,Padur,3,0,9,9,9,9,9,9,9,9,9,9,9,9,9,9,9,9,9,9,9,9,9,9,9,9,9,9,9,9,9,9,9,9,9,9,9,4347000,1365,3,3184.6153846153848,Padur,3 BHK,1000-1500 sqft,Valid,Chennai,Not available in source data,315,35
3807000,1373,Padur,3,0,9,9,9,9,9,9,9,9,9,9,9,9,9,9,9,9,9,9,9,9,9,9,9,9,9,9,9,9,9,9,9,9,9,9,9,3807000,1373,3,2772.760378732702,Padur,3 BHK,1000-1500 sqft,Valid,Chennai,Not available in source data,315,35
3703000,1158,Padur,3,0,9,9,9,9,9,9,9,9,9,9,9,9,9,9,9,9,9,9,9,9,9,9,9,9,9,9,9,9,9,9,9,9,9,9,9,3703000,1158,3,3197.754749568221,Padur,3 BHK,1000-1500 sqft,Valid,Chennai,Not available in source data,315,35
3761999,1175,Padur,3,0,9,9,9,9,9,9,9,9,9,9,9,9,9,9,9,9,9,9,9,9,9,9,9,9,9,9,9,9,9,9,9,9,9,9,9,3761999,1175,3,3201.7012765957447,Padur,3 BHK,1000-1500 sqft,Valid,Chennai,Not available in source data,315,35
2297000,1029,Padur,2,0,9,9,9,9,9,9,9,9,9,9,9,9,9,9,9,9,9,9,9,9,9,9,9,9,9,9,9,9,9,9,9,9,9,9,9,2297000,1029,2,2232.2643343051504,Padur,2 BHK,1000-1500 sqft,Valid,Chennai,Not available in source data,315,35
3711000,1001,Padur,2,0,9,9,9,9,9,9,9,9,9,9,9,9,9,9,9,9,9,9,9,9,9,9,9,9,9,9,9,9,9,9,9,9,9,9,9,3711000,1001,2,3707.2927072927073,Padur,2 BHK,1000-1500 sqft,Valid,Chennai,Not available in source data,315,35
3663000,1017,Padur,2,0,9,9,9,9,9,9,9,9,9,9,9,9,9,9,9,9,9,9,9,9,9,9,9,9,9,9,9,9,9,9,9,9,9,9,9,3663000,1017,2,3601.7699115044247,Padur,2 BHK,1000-1500 sqft,Valid,Chennai,Not available in source data,315,35
2275000,621,Padur,2,0,9,9,9,9,9,9,9,9,9,9,9,9,9,9,9,9,9,9,9,9,9,9,9,9,9,9,9,9,9,9,9,9,9,9,9,2275000,621,2,3663.4460547504027,Padur,2 BHK,500-1000 sqft,Valid,Chennai,Not available in source data,315,35
2264000,1003,Padur,2,0,9,9,9,9,9,9,9,9,9,9,9,9,9,9,9,9,9,9,9,9,9,9,9,9,9,9,9,9,9,9,9,9,9,9,9,2264000,1003,2,2257.2283150548355,Padur,2 BHK,1000-1500 sqft,Valid,Chennai,Not available in source data,315,35
2257000,990,Padur,2,0,9,9,9,9,9,9,9,9,9,9,9,9,9,9,9,9,9,9,9,9,9,9,9,9,9,9,9,9,9,9,9,9,9,9,9,2257000,990,2,2279.7979797979797,Padur,2 BHK,500-1000 sqft,Valid,Chennai,Not available in source data,315,35
2249000,615,Padur,2,0,9,9,9,9,9,9,9,9,9,9,9,9,9,9,9,9,9,9,9,9,9,9,9,9,9,9,9,9,9,9,9,9,9,9,9,2249000,615,2,3656.910569105691,Padur,2 BHK,500-1000 sqft,Valid,Chennai,Not available in source data,315,35
7305000,612,Padur,2,0,9,9,9,9,9,9,9,9,9,9,9,9,9,9,9,9,9,9,9,9,9,9,9,9,9,9,9,9,9,9,9,9,9,9,9,7305000,612,2,11936.274509803921,Padur,2 BHK,500-1000 sqft,Valid,Chennai,Not available in source data,315,35
7873000,610,Padur,2,0,9,9,9,9,9,9,9,9,9,9,9,9,9,9,9,9,9,9,9,9,9,9,9,9,9,9,9,9,9,9,9,9,9,9,9,7873000,610,2,12906.557377049181,Padur,2 BHK,500-1000 sqft,Valid,Chennai,Not available in source data,315,35
7344000,608,Padur,2,0,9,9,9,9,9,9,9,9,9,9,9,9,9,9,9,9,9,9,9,9,9,9,9,9,9,9,9,9,9,9,9,9,9,9,9,7344000,608,2,12078.947368421053,Padur,2 BHK,500-1000 sqft,Valid,Chennai,Not available in source data,315,35
7598000,1699,Navallur,3,0,9,9,9,9,9,9,9,9,9,9,9,9,9,9,9,9,9,9,9,9,9,9,9,9,9,9,9,9,9,9,9,9,9,9,9,7598000,1699,3,4472.042377869335,Navallur,3 BHK,1500-2500 sqft,Valid,Chennai,Not available in source data,315,35
7088000,1831,Navallur,3,0,9,9,9,9,9,9,9,9,9,9,9,9,9,9,9,9,9,9,9,9,9,9,9,9,9,9,9,9,9,9,9,9,9,9,9,7088000,1831,3,3871.1086837793555,Navallur,3 BHK,1500-2500 sqft,Valid,Chennai,Not available in source data,315,35
12400000,1708,Navallur,3,0,9,9,9,9,9,9,9,9,9,9,9,9,9,9,9,9,9,9,9,9,9,9,9,9,9,9,9,9,9,9,9,9,9,9,9,12400000,1708,3,7259.953161592506,Navallur,3 BHK,1500-2500 sqft,Valid,Chennai,Not available in source data,315,35
5396000,1831,Navallur,3,0,9,9,9,9,9,9,9,9,9,9,9,9,9,9,9,9,9,9,9,9,9,9,9,9,9,9,9,9,9,9,9,9,9,9,9,5396000,1831,3,2947.023484434735,Navallur,3 BHK,1500-2500 sqft,Valid,Chennai,Not available in source data,315,35
5045000,1708,Navallur,3,0,9,9,9,9,9,9,9,9,9,9,9,9,9,9,9,9,9,9,9,9,9,9,9,9,9,9,9,9,9,9,9,9,9,9,9,5045000,1708,3,2953.7470725995317,Navallur,3 BHK,1500-2500 sqft,Valid,Chennai,Not available in source data,315,35
12000000,2903,Navallur,3,0,9,9,9,9,9,9,9,9,9,9,9,9,9,9,9,9,9,9,9,9,9,9,9,9,9,9,9,9,9,9,9,9,9,9,9,12000000,2903,3,4133.654839820875,Navallur,3 BHK,2500+ sqft,Valid,Chennai,Not available in source data,315,35
5208000,1255,Navallur,2,0,9,9,9,9,9,9,9,9,9,9,9,9,9,9,9,9,9,9,9,9,9,9,9,9,9,9,9,9,9,9,9,9,9,9,9,5208000,1255,2,4149.800796812749,Navallur,2 BHK,1000-1500 sqft,Valid,Chennai,Not available in source data,315,35
4390000,1058,Navallur,2,0,9,9,9,9,9,9,9,9,9,9,9,9,9,9,9,9,9,9,9,9,9,9,9,9,9,9,9,9,9,9,9,9,9,9,9,4390000,1058,2,4149.3383742911155,Navallur,2 BHK,1000-1500 sqft,Valid,Chennai,Not available in source data,315,35
2141000,2903,Navallur,3,0,9,9,9,9,9,9,9,9,9,9,9,9,9,9,9,9,9,9,9,9,9,9,9,9,9,9,9,9,9,9,9,9,9,9,9,2141000,2903,3,737.5129176713745,Navallur,3 BHK,2500+ sqft,Valid,Chennai,Not available in source data,315,35
2066000,1255,Navallur,2,0,9,9,9,9,9,9,9,9,9,9,9,9,9,9,9,9,9,9,9,9,9,9,9,9,9,9,9,9,9,9,9,9,9,9,9,2066000,1255,2,1646.215139442231,Navallur,2 BHK,1000-1500 sqft,Valid,Chennai,Not available in source data,315,35
2509000,1058,Navallur,2,0,9,9,9,9,9,9,9,9,9,9,9,9,9,9,9,9,9,9,9,9,9,9,9,9,9,9,9,9,9,9,9,9,9,9,9,2509000,1058,2,2371.4555765595464,Navallur,2 BHK,1000-1500 sqft,Valid,Chennai,Not available in source data,315,35
2472000,498,Navallur,1,0,9,9,9,9,9,9,9,9,9,9,9,9,9,9,9,9,9,9,9,9,9,9,9,9,9,9,9,9,9,9,9,9,9,9,9,2472000,498,1,4963.855421686747,Navallur,1 BHK,<500 sqft,Valid,Chennai,Not available in source data,315,35
5372000,498,Navallur,1,0,9,9,9,9,9,9,9,9,9,9,9,9,9,9,9,9,9,9,9,9,9,9,9,9,9,9,9,9,9,9,9,9,9,9,9,5372000,498,1,10787.14859437751,Navallur,1 BHK,<500 sqft,Valid,Chennai,Not available in source data,315,35
4891000,612,Moolacheri,2,0,9,9,9,9,9,9,9,9,9,9,9,9,9,9,9,9,9,9,9,9,9,9,9,9,9,9,9,9,9,9,9,9,9,9,9,4891000,612,2,7991.830065359477,Moolacheri,2 BHK,500-1000 sqft,Valid,Chennai,Not available in source data,315,35
16100000,603,Moolacheri,2,0,9,9,9,9,9,9,9,9,9,9,9,9,9,9,9,9,9,9,9,9,9,9,9,9,9,9,9,9,9,9,9,9,9,9,9,16100000,603,2,26699.83416252073,Moolacheri,2 BHK,500-1000 sqft,Valid,Chennai,Not available in source data,315,35
7869000,1452,Padur,3,0,9,9,9,9,9,9,9,9,9,9,9,9,9,9,9,9,9,9,9,9,9,9,9,9,9,9,9,9,9,9,9,9,9,9,9,7869000,1452,3,5419.421487603306,Padur,3 BHK,1000-1500 sqft,Valid,Chennai,Not available in source data,315,35
2499000,1322,Padur,3,0,9,9,9,9,9,9,9,9,9,9,9,9,9,9,9,9,9,9,9,9,9,9,9,9,9,9,9,9,9,9,9,9,9,9,9,2499000,1322,3,1890.3177004538577,Padur,3 BHK,1000-1500 sqft,Valid,Chennai,Not available in source data,315,35
18600000,2580,Mogappair,4,0,9,9,9,9,9,9,9,9,9,9,9,9,9,9,9,9,9,9,9,9,9,9,9,9,9,9,9,9,9,9,9,9,9,9,9,18600000,2580,4,7209.302325581395,Mogappair,4 BHK,2500+ sqft,Valid,Chennai,Not available in source data,315,35
6252000,1290,Mogappair,3,0,9,9,9,9,9,9,9,9,9,9,9,9,9,9,9,9,9,9,9,9,9,9,9,9,9,9,9,9,9,9,9,9,9,9,9,6252000,1290,3,4846.511627906977,Mogappair,3 BHK,1000-1500 sqft,Valid,Chennai,Not available in source data,315,35
11299999,677,Avadi,2,0,9,9,9,9,9,9,9,9,9,9,9,9,9,9,9,9,9,9,9,9,9,9,9,9,9,9,9,9,9,9,9,9,9,9,9,11299999,677,2,16691.283604135893,Avadi,2 BHK,500-1000 sqft,Valid,Chennai,Not available in source data,315,35
11299999,1777,Vadapalani,3,0,9,9,9,9,9,9,9,9,9,9,9,9,9,9,9,9,9,9,9,9,9,9,9,9,9,9,9,9,9,9,9,9,9,9,9,11299999,1777,3,6359.031513787282,Vadapalani,3 BHK,1500-2500 sqft,Valid,Chennai,Not available in source data,315,35
15000000,638,Vadapalani,2,0,9,9,9,9,9,9,9,9,9,9,9,9,9,9,9,9,9,9,9,9,9,9,9,9,9,9,9,9,9,9,9,9,9,9,9,15000000,638,2,23510.971786833856,Vadapalani,2 BHK,500-1000 sqft,Valid,Chennai,Not available in source data,315,35
14900000,1080,Vadapalani,2,0,9,9,9,9,9,9,9,9,9,9,9,9,9,9,9,9,9,9,9,9,9,9,9,9,9,9,9,9,9,9,9,9,9,9,9,14900000,1080,2,13796.296296296296,Vadapalani,2 BHK,1000-1500 sqft,Valid,Chennai,Not available in source data,315,35
14900000,1077,Vadapalani,2,0,9,9,9,9,9,9,9,9,9,9,9,9,9,9,9,9,9,9,9,9,9,9,9,9,9,9,9,9,9,9,9,9,9,9,9,14900000,1077,2,13834.726090993501,Vadapalani,2 BHK,1000-1500 sqft,Valid,Chennai,Not available in source data,315,35
12200000,1434,Vadapalani,3,0,9,9,9,9,9,9,9,9,9,9,9,9,9,9,9,9,9,9,9,9,9,9,9,9,9,9,9,9,9,9,9,9,9,9,9,12200000,1434,3,8507.670850767085,Vadapalani,3 BHK,1000-1500 sqft,Valid,Chennai,Not available in source data,315,35
14900000,1428,Vadapalani,3,0,9,9,9,9,9,9,9,9,9,9,9,9,9,9,9,9,9,9,9,9,9,9,9,9,9,9,9,9,9,9,9,9,9,9,9,14900000,1428,3,10434.173669467787,Vadapalani,3 BHK,1000-1500 sqft,Valid,Chennai,Not available in source data,315,35
17600000,1163,Vadapalani,2,0,9,9,9,9,9,9,9,9,9,9,9,9,9,9,9,9,9,9,9,9,9,9,9,9,9,9,9,9,9,9,9,9,9,9,9,17600000,1163,2,15133.276010318143,Vadapalani,2 BHK,1000-1500 sqft,Valid,Chennai,Not available in source data,315,35
17200000,1421,Vadapalani,3,0,9,9,9,9,9,9,9,9,9,9,9,9,9,9,9,9,9,9,9,9,9,9,9,9,9,9,9,9,9,9,9,9,9,9,9,17200000,1421,3,12104.152005629838,Vadapalani,3 BHK,1000-1500 sqft,Valid,Chennai,Not available in source data,315,35
17900000,1168,Vadapalani,2,0,9,9,9,9,9,9,9,9,9,9,9,9,9,9,9,9,9,9,9,9,9,9,9,9,9,9,9,9,9,9,9,9,9,9,9,17900000,1168,2,15325.342465753425,Vadapalani,2 BHK,1000-1500 sqft,Valid,Chennai,Not available in source data,315,35
10300000,1680,Vadapalani,3,0,9,9,9,9,9,9,9,9,9,9,9,9,9,9,9,9,9,9,9,9,9,9,9,9,9,9,9,9,9,9,9,9,9,9,9,10300000,1680,3,6130.952380952381,Vadapalani,3 BHK,1500-2500 sqft,Valid,Chennai,Not available in source data,315,35
10200000,1645,Vadapalani,3,0,9,9,9,9,9,9,9,9,9,9,9,9,9,9,9,9,9,9,9,9,9,9,9,9,9,9,9,9,9,9,9,9,9,9,9,10200000,1645,3,6200.607902735563,Vadapalani,3 BHK,1500-2500 sqft,Valid,Chennai,Not available in source data,315,35
23200000,1707,Vadapalani,3,0,9,9,9,9,9,9,9,9,9,9,9,9,9,9,9,9,9,9,9,9,9,9,9,9,9,9,9,9,9,9,9,9,9,9,9,23200000,1707,3,13591.095489162273,Vadapalani,3 BHK,1500-2500 sqft,Valid,Chennai,Not available in source data,315,35
22000000,983,Vadapalani,2,0,9,9,9,9,9,9,9,9,9,9,9,9,9,9,9,9,9,9,9,9,9,9,9,9,9,9,9,9,9,9,9,9,9,9,9,22000000,983,2,22380.467955239063,Vadapalani,2 BHK,500-1000 sqft,Valid,Chennai,Not available in source data,315,35
28200000,980,Vadapalani,2,0,9,9,9,9,9,9,9,9,9,9,9,9,9,9,9,9,9,9,9,9,9,9,9,9,9,9,9,9,9,9,9,9,9,9,9,28200000,980,2,28775.51020408163,Vadapalani,2 BHK,500-1000 sqft,Valid,Chennai,Not available in source data,315,35
5994000,2400,Vadapalani,3,0,9,9,9,9,9,9,9,9,9,9,9,9,9,9,9,9,9,9,9,9,9,9,9,9,9,9,9,9,9,9,9,9,9,9,9,5994000,2400,3,2497.5,Vadapalani,3 BHK,1500-2500 sqft,Valid,Chennai,Not available in source data,315,35
10200000,2272,Vadapalani,3,0,9,9,9,9,9,9,9,9,9,9,9,9,9,9,9,9,9,9,9,9,9,9,9,9,9,9,9,9,9,9,9,9,9,9,9,10200000,2272,3,4489.43661971831,Vadapalani,3 BHK,1500-2500 sqft,Valid,Chennai,Not available in source data,315,35
10300000,2908,Vadapalani,3,0,9,9,9,9,9,9,9,9,9,9,9,9,9,9,9,9,9,9,9,9,9,9,9,9,9,9,9,9,9,9,9,9,9,9,9,10300000,2908,3,3541.953232462173,Vadapalani,3 BHK,2500+ sqft,Valid,Chennai,Not available in source data,315,35
6183000,631,Vadapalani,2,0,9,9,9,9,9,9,9,9,9,9,9,9,9,9,9,9,9,9,9,9,9,9,9,9,9,9,9,9,9,9,9,9,9,9,9,6183000,631,2,9798.732171156893,Vadapalani,2 BHK,500-1000 sqft,Valid,Chennai,Not available in source data,315,35
17800000,979,Vadapalani,2,0,9,9,9,9,9,9,9,9,9,9,9,9,9,9,9,9,9,9,9,9,9,9,9,9,9,9,9,9,9,9,9,9,9,9,9,17800000,979,2,18181.81818181818,Vadapalani,2 BHK,500-1000 sqft,Valid,Chennai,Not available in source data,315,35
19100000,981,Vadapalani,2,0,9,9,9,9,9,9,9,9,9,9,9,9,9,9,9,9,9,9,9,9,9,9,9,9,9,9,9,9,9,9,9,9,9,9,9,19100000,981,2,19469.928644240572,Vadapalani,2 BHK,500-1000 sqft,Valid,Chennai,Not available in source data,315,35
22900000,631,Vadapalani,1,0,9,9,9,9,9,9,9,9,9,9,9,9,9,9,9,9,9,9,9,9,9,9,9,9,9,9,9,9,9,9,9,9,9,9,9,22900000,631,1,36291.60063391442,Vadapalani,1 BHK,500-1000 sqft,Valid,Chennai,Not available in source data,315,35
23300000,1430,Thiruvanmiyur,3,0,9,9,9,9,9,9,9,9,9,9,9,9,9,9,9,9,9,9,9,9,9,9,9,9,9,9,9,9,9,9,9,9,9,9,9,23300000,1430,3,16293.706293706293,Thiruvanmiyur,3 BHK,1000-1500 sqft,Valid,Chennai,Not available in source data,315,35
24200000,1531,Thiruvanmiyur,3,0,9,9,9,9,9,9,9,9,9,9,9,9,9,9,9,9,9,9,9,9,9,9,9,9,9,9,9,9,9,9,9,9,9,9,9,24200000,1531,3,15806.66231221424,Thiruvanmiyur,3 BHK,1500-2500 sqft,Valid,Chennai,Not available in source data,315,35
24600000,1832,Thiruvanmiyur,3,0,9,9,9,9,9,9,9,9,9,9,9,9,9,9,9,9,9,9,9,9,9,9,9,9,9,9,9,9,9,9,9,9,9,9,9,24600000,1832,3,13427.947598253275,Thiruvanmiyur,3 BHK,1500-2500 sqft,Valid,Chennai,Not available in source data,315,35
5700000,1871,Thiruvanmiyur,3,0,9,9,9,9,9,9,9,9,9,9,9,9,9,9,9,9,9,9,9,9,9,9,9,9,9,9,9,9,9,9,9,9,9,9,9,5700000,1871,3,3046.4991982896845,Thiruvanmiyur,3 BHK,1500-2500 sqft,Valid,Chennai,Not available in source data,315,35
4300000,1937,Thiruvanmiyur,3,0,9,9,9,9,9,9,9,9,9,9,9,9,9,9,9,9,9,9,9,9,9,9,9,9,9,9,9,9,9,9,9,9,9,9,9,4300000,1937,3,2219.927723283428,Thiruvanmiyur,3 BHK,1500-2500 sqft,Valid,Chennai,Not available in source data,315,35
4549000,1969,Thiruvanmiyur,3,0,9,9,9,9,9,9,9,9,9,9,9,9,9,9,9,9,9,9,9,9,9,9,9,9,9,9,9,9,9,9,9,9,9,9,9,4549000,1969,3,2310.3098019299136,Thiruvanmiyur,3 BHK,1500-2500 sqft,Valid,Chennai,Not available in source data,315,35
3500000,1169,Kovur,2,0,9,9,9,9,9,9,9,9,9,9,9,9,9,9,9,9,9,9,9,9,9,9,9,9,9,9,9,9,9,9,9,9,9,9,9,3500000,1169,2,2994.011976047904,Kovur,2 BHK,1000-1500 sqft,Valid,Chennai,Not available in source data,315,35
2475000,915,Kovur,2,0,9,9,9,9,9,9,9,9,9,9,9,9,9,9,9,9,9,9,9,9,9,9,9,9,9,9,9,9,9,9,9,9,9,9,9,2475000,915,2,2704.9180327868853,Kovur,2 BHK,500-1000 sqft,Valid,Chennai,Not available in source data,315,35
5444000,1058,OMR Road,2,0,9,9,9,9,9,9,9,9,9,9,9,9,9,9,9,9,9,9,9,9,9,9,9,9,9,9,9,9,9,9,9,9,9,9,9,5444000,1058,2,5145.557655954632,OMR Road,2 BHK,1000-1500 sqft,Valid,Chennai,Not available in source data,315,35
5476000,1250,Kelambakkam,3,0,9,9,9,9,9,9,9,9,9,9,9,9,9,9,9,9,9,9,9,9,9,9,9,9,9,9,9,9,9,9,9,9,9,9,9,5476000,1250,3,4380.8,Kelambakkam,3 BHK,1000-1500 sqft,Valid,Chennai,Not available in source data,315,35
5285000,570,Thiruverkadu,1,0,9,9,9,9,9,9,9,9,9,9,9,9,9,9,9,9,9,9,9,9,9,9,9,9,9,9,9,9,9,9,9,9,9,9,9,5285000,570,1,9271.929824561403,Thiruverkadu,1 BHK,500-1000 sqft,Valid,Chennai,Not available in source data,315,35
5444000,914,Pallikaranai,2,0,9,9,9,9,9,9,9,9,9,9,9,9,9,9,9,9,9,9,9,9,9,9,9,9,9,9,9,9,9,9,9,9,9,9,9,5444000,914,2,5956.236323851203,Pallikaranai,2 BHK,500-1000 sqft,Valid,Chennai,Not available in source data,315,35
4999000,920,Velachery,2,0,9,9,9,9,9,9,9,9,9,9,9,9,9,9,9,9,9,9,9,9,9,9,9,9,9,9,9,9,9,9,9,9,9,9,9,4999000,920,2,5433.695652173913,Velachery,2 BHK,500-1000 sqft,Valid,Chennai,Not available in source data,315,35
5285000,884,Velachery,2,0,9,9,9,9,9,9,9,9,9,9,9,9,9,9,9,9,9,9,9,9,9,9,9,9,9,9,9,9,9,9,9,9,9,9,9,5285000,884,2,5978.506787330317,Velachery,2 BHK,500-1000 sqft,Valid,Chennai,Not available in source data,315,35
6154000,914,Velachery,2,0,9,9,9,9,9,9,9,9,9,9,9,9,9,9,9,9,9,9,9,9,9,9,9,9,9,9,9,9,9,9,9,9,9,9,9,6154000,914,2,6733.0415754923415,Velachery,2 BHK,500-1000 sqft,Valid,Chennai,Not available in source data,315,35
17800000,830,Velachery,2,0,9,9,9,9,9,9,9,9,9,9,9,9,9,9,9,9,9,9,9,9,9,9,9,9,9,9,9,9,9,9,9,9,9,9,9,17800000,830,2,21445.78313253012,Velachery,2 BHK,500-1000 sqft,Valid,Chennai,Not available in source data,315,35
22799999,884,Madipakkam,2,0,9,9,9,9,9,9,9,9,9,9,9,9,9,9,9,9,9,9,9,9,9,9,9,9,9,9,9,9,9,9,9,9,9,9,9,22799999,884,2,25791.85407239819,Madipakkam,2 BHK,500-1000 sqft,Valid,Chennai,Not available in source data,315,35
24200000,628,Vadapalani,1,0,9,9,9,9,9,9,9,9,9,9,9,9,9,9,9,9,9,9,9,9,9,9,9,9,9,9,9,9,9,9,9,9,9,9,9,24200000,628,1,38535.03184713376,Vadapalani,1 BHK,500-1000 sqft,Valid,Chennai,Not available in source data,315,35
24600000,1431,Thiruvanmiyur,2,0,9,9,9,9,9,9,9,9,9,9,9,9,9,9,9,9,9,9,9,9,9,9,9,9,9,9,9,9,9,9,9,9,9,9,9,24600000,1431,2,17190.775681341718,Thiruvanmiyur,2 BHK,1000-1500 sqft,Valid,Chennai,Not available in source data,315,35
5600000,1831,Thiruvanmiyur,3,0,9,9,9,9,9,9,9,9,9,9,9,9,9,9,9,9,9,9,9,9,9,9,9,9,9,9,9,9,9,9,9,9,9,9,9,5600000,1831,3,3058.4380120152923,Thiruvanmiyur,3 BHK,1500-2500 sqft,Valid,Chennai,Not available in source data,315,35
4549000,1938,Thiruvanmiyur,3,0,9,9,9,9,9,9,9,9,9,9,9,9,9,9,9,9,9,9,9,9,9,9,9,9,9,9,9,9,9,9,9,9,9,9,9,4549000,1938,3,2347.265221878225,Thiruvanmiyur,3 BHK,1500-2500 sqft,Valid,Chennai,Not available in source data,315,35
2900000,1970,Thiruvanmiyur,3,0,9,9,9,9,9,9,9,9,9,9,9,9,9,9,9,9,9,9,9,9,9,9,9,9,9,9,9,9,9,9,9,9,9,9,9,2900000,1970,3,1472.0812182741117,Thiruvanmiyur,3 BHK,1500-2500 sqft,Valid,Chennai,Not available in source data,315,35
3200000,1571,Urapakkam,3,1,9,9,9,9,9,9,9,9,9,9,9,9,9,9,9,9,9,9,9,9,9,9,9,9,9,9,9,9,9,9,9,9,9,9,9,3200000,1571,3,2036.9191597708466,Urapakkam,3 BHK,1500-2500 sqft,Valid,Chennai,Not available in source data,315,35
5476000,1058,Siruseri,2,0,9,9,9,9,9,9,9,9,9,9,9,9,9,9,9,9,9,9,9,9,9,9,9,9,9,9,9,9,9,9,9,9,9,9,9,5476000,1058,2,5175.803402646503,Siruseri,2 BHK,1000-1500 sqft,Valid,Chennai,Not available in source data,315,35
5476000,800,tambaram west,2,0,9,9,9,9,9,9,9,9,9,9,9,9,9,9,9,9,9,9,9,9,9,9,9,9,9,9,9,9,9,9,9,9,9,9,9,5476000,800,2,6845.0,tambaram west,2 BHK,500-1000 sqft,Valid,Chennai,Not available in source data,315,35
4999000,925,Madipakkam,2,0,9,9,9,9,9,9,9,9,9,9,9,9,9,9,9,9,9,9,9,9,9,9,9,9,9,9,9,9,9,9,9,9,9,9,9,4999000,925,2,5404.324324324324,Madipakkam,2 BHK,500-1000 sqft,Valid,Chennai,Not available in source data,315,35
5476000,920,Kovilambakkam,2,0,9,9,9,9,9,9,9,9,9,9,9,9,9,9,9,9,9,9,9,9,9,9,9,9,9,9,9,9,9,9,9,9,9,9,9,5476000,920,2,5952.173913043478,Kovilambakkam,2 BHK,500-1000 sqft,Valid,Chennai,Not available in source data,315,35
5444000,920,Kovilambakkam,2,0,9,9,9,9,9,9,9,9,9,9,9,9,9,9,9,9,9,9,9,9,9,9,9,9,9,9,9,9,9,9,9,9,9,9,9,5444000,920,2,5917.391304347826,Kovilambakkam,2 BHK,500-1000 sqft,Valid,Chennai,Not available in source data,315,35
5285000,830,Kovilambakkam,2,0,9,9,9,9,9,9,9,9,9,9,9,9,9,9,9,9,9,9,9,9,9,9,9,9,9,9,9,9,9,9,9,9,9,9,9,5285000,830,2,6367.469879518072,Kovilambakkam,2 BHK,500-1000 sqft,Valid,Chennai,Not available in source data,315,35
3200000,920,Kovilambakkam,2,0,9,9,9,9,9,9,9,9,9,9,9,9,9,9,9,9,9,9,9,9,9,9,9,9,9,9,9,9,9,9,9,9,9,9,9,3200000,920,2,3478.2608695652175,Kovilambakkam,2 BHK,500-1000 sqft,Valid,Chennai,Not available in source data,315,35
5200000,914,Kovilambakkam,2,0,9,9,9,9,9,9,9,9,9,9,9,9,9,9,9,9,9,9,9,9,9,9,9,9,9,9,9,9,9,9,9,9,9,9,9,5200000,914,2,5689.277899343545,Kovilambakkam,2 BHK,500-1000 sqft,Valid,Chennai,Not available in source data,315,35
4650000,884,Kovilambakkam,2,0,9,9,9,9,9,9,9,9,9,9,9,9,9,9,9,9,9,9,9,9,9,9,9,9,9,9,9,9,9,9,9,9,9,9,9,4650000,884,2,5260.180995475113,Kovilambakkam,2 BHK,500-1000 sqft,Valid,Chennai,Not available in source data,315,35
3250000,580,Siruseri,1,1,9,9,9,9,9,9,9,9,9,9,9,9,9,9,9,9,9,9,9,9,9,9,9,9,9,9,9,9,9,9,9,9,9,9,9,3250000,580,1,5603.448275862069,Siruseri,1 BHK,500-1000 sqft,Valid,Chennai,Not available in source data,315,35
5444000,945,GST Road,2,0,9,9,9,9,9,9,9,9,9,9,9,9,9,9,9,9,9,9,9,9,9,9,9,9,9,9,9,9,9,9,9,9,9,9,9,5444000,945,2,5760.846560846561,GST Road,2 BHK,500-1000 sqft,Valid,Chennai,Not available in source data,315,35
5476000,1000,tambaram west,2,0,9,9,9,9,9,9,9,9,9,9,9,9,9,9,9,9,9,9,9,9,9,9,9,9,9,9,9,9,9,9,9,9,9,9,9,5476000,1000,2,5476.0,tambaram west,2 BHK,1000-1500 sqft,Valid,Chennai,Not available in source data,315,35
4999000,625,Pallavaram,1,0,9,9,9,9,9,9,9,9,9,9,9,9,9,9,9,9,9,9,9,9,9,9,9,9,9,9,9,9,9,9,9,9,9,9,9,4999000,625,1,7998.4,Pallavaram,1 BHK,500-1000 sqft,Valid,Chennai,Not available in source data,315,35
5285000,914,Madipakkam,2,0,9,9,9,9,9,9,9,9,9,9,9,9,9,9,9,9,9,9,9,9,9,9,9,9,9,9,9,9,9,9,9,9,9,9,9,5285000,914,2,5782.2757111597375,Madipakkam,2 BHK,500-1000 sqft,Valid,Chennai,Not available in source data,315,35
5285000,923,Medavakkam,2,0,9,9,9,9,9,9,9,9,9,9,9,9,9,9,9,9,9,9,9,9,9,9,9,9,9,9,9,9,9,9,9,9,9,9,9,5285000,923,2,5725.893824485373,Medavakkam,2 BHK,500-1000 sqft,Valid,Chennai,Not available in source data,315,35
5444000,830,Pallikaranai,2,0,9,9,9,9,9,9,9,9,9,9,9,9,9,9,9,9,9,9,9,9,9,9,9,9,9,9,9,9,9,9,9,9,9,9,9,5444000,830,2,6559.036144578313,Pallikaranai,2 BHK,500-1000 sqft,Valid,Chennai,Not available in source data,315,35
4999000,884,Pallikaranai,1,0,9,9,9,9,9,9,9,9,9,9,9,9,9,9,9,9,9,9,9,9,9,9,9,9,9,9,9,9,9,9,9,9,9,9,9,4999000,884,1,5654.977375565611,Pallikaranai,1 BHK,500-1000 sqft,Valid,Chennai,Not available in source data,315,35
5476000,884,Velachery,2,0,9,9,9,9,9,9,9,9,9,9,9,9,9,9,9,9,9,9,9,9,9,9,9,9,9,9,9,9,9,9,9,9,9,9,9,5476000,884,2,6194.570135746606,Velachery,2 BHK,500-1000 sqft,Valid,Chennai,Not available in source data,315,35
5476000,914,Pallikaranai,2,0,9,9,9,9,9,9,9,9,9,9,9,9,9,9,9,9,9,9,9,9,9,9,9,9,9,9,9,9,9,9,9,9,9,9,9,5476000,914,2,5991.247264770241,Pallikaranai,2 BHK,500-1000 sqft,Valid,Chennai,Not available in source data,315,35
5200000,830,Velachery,2,0,9,9,9,9,9,9,9,9,9,9,9,9,9,9,9,9,9,9,9,9,9,9,9,9,9,9,9,9,9,9,9,9,9,9,9,5200000,830,2,6265.060240963855,Velachery,2 BHK,500-1000 sqft,Valid,Chennai,Not available in source data,315,35
3863000,920,Pallikaranai,2,0,9,9,9,9,9,9,9,9,9,9,9,9,9,9,9,9,9,9,9,9,9,9,9,9,9,9,9,9,9,9,9,9,9,9,9,3863000,920,2,4198.913043478261,Pallikaranai,2 BHK,500-1000 sqft,Valid,Chennai,Not available in source data,315,35
5200000,920,Pallikaranai,2,0,9,9,9,9,9,9,9,9,9,9,9,9,9,9,9,9,9,9,9,9,9,9,9,9,9,9,9,9,9,9,9,9,9,9,9,5200000,920,2,5652.173913043478,Pallikaranai,2 BHK,500-1000 sqft,Valid,Chennai,Not available in source data,315,35
5476000,945,Pallavaram,2,0,9,9,9,9,9,9,9,9,9,9,9,9,9,9,9,9,9,9,9,9,9,9,9,9,9,9,9,9,9,9,9,9,9,9,9,5476000,945,2,5794.708994708994,Pallavaram,2 BHK,500-1000 sqft,Valid,Chennai,Not available in source data,315,35
4999000,765,East Tambaram,2,0,9,9,9,9,9,9,9,9,9,9,9,9,9,9,9,9,9,9,9,9,9,9,9,9,9,9,9,9,9,9,9,9,9,9,9,4999000,765,2,6534.640522875817,East Tambaram,2 BHK,500-1000 sqft,Valid,Chennai,Not available in source data,315,35
5285000,945,200 Feet Radial Road,2,0,9,9,9,9,9,9,9,9,9,9,9,9,9,9,9,9,9,9,9,9,9,9,9,9,9,9,9,9,9,9,9,9,9,9,9,5285000,945,2,5592.592592592592,200 Feet Radial Road,2 BHK,500-1000 sqft,Valid,Chennai,Not available in source data,315,35
3300000,767,Pallikaranai,2,0,9,9,9,9,9,9,9,9,9,9,9,9,9,9,9,9,9,9,9,9,9,9,9,9,9,9,9,9,9,9,9,9,9,9,9,3300000,767,2,4302.477183833116,Pallikaranai,2 BHK,500-1000 sqft,Valid,Chennai,Not available in source data,315,35
5100000,830,Pallikaranai,2,0,9,9,9,9,9,9,9,9,9,9,9,9,9,9,9,9,9,9,9,9,9,9,9,9,9,9,9,9,9,9,9,9,9,9,9,5100000,830,2,6144.578313253012,Pallikaranai,2 BHK,500-1000 sqft,Valid,Chennai,Not available in source data,315,35
2700000,884,Pallikaranai,2,0,9,9,9,9,9,9,9,9,9,9,9,9,9,9,9,9,9,9,9,9,9,9,9,9,9,9,9,9,9,9,9,9,9,9,9,2700000,884,2,3054.298642533937,Pallikaranai,2 BHK,500-1000 sqft,Valid,Chennai,Not available in source data,315,35
5444000,983,Kelambakkam,2,0,9,9,9,9,9,9,9,9,9,9,9,9,9,9,9,9,9,9,9,9,9,9,9,9,9,9,9,9,9,9,9,9,9,9,9,5444000,983,2,5538.148524923703,Kelambakkam,2 BHK,500-1000 sqft,Valid,Chennai,Not available in source data,315,35
5285000,930,Pallavaram,2,0,9,9,9,9,9,9,9,9,9,9,9,9,9,9,9,9,9,9,9,9,9,9,9,9,9,9,9,9,9,9,9,9,9,9,9,5285000,930,2,5682.795698924731,Pallavaram,2 BHK,500-1000 sqft,Valid,Chennai,Not available in source data,315,35
4999000,819,East Tambaram,2,0,9,9,9,9,9,9,9,9,9,9,9,9,9,9,9,9,9,9,9,9,9,9,9,9,9,9,9,9,9,9,9,9,9,9,9,4999000,819,2,6103.785103785104,East Tambaram,2 BHK,500-1000 sqft,Valid,Chennai,Not available in source data,315,35
5285000,915,Kilkattalai,2,0,9,9,9,9,9,9,9,9,9,9,9,9,9,9,9,9,9,9,9,9,9,9,9,9,9,9,9,9,9,9,9,9,9,9,9,5285000,915,2,5775.956284153005,Kilkattalai,2 BHK,500-1000 sqft,Valid,Chennai,Not available in source data,315,35
4999000,884,Kilkattalai,2,0,9,9,9,9,9,9,9,9,9,9,9,9,9,9,9,9,9,9,9,9,9,9,9,9,9,9,9,9,9,9,9,9,9,9,9,4999000,884,2,5654.977375565611,Kilkattalai,2 BHK,500-1000 sqft,Valid,Chennai,Not available in source data,315,35
5285000,832,Kovilambakkam,2,0,9,9,9,9,9,9,9,9,9,9,9,9,9,9,9,9,9,9,9,9,9,9,9,9,9,9,9,9,9,9,9,9,9,9,9,5285000,832,2,6352.163461538462,Kovilambakkam,2 BHK,500-1000 sqft,Valid,Chennai,Not available in source data,315,35
5476000,885,Madipakkam,2,0,9,9,9,9,9,9,9,9,9,9,9,9,9,9,9,9,9,9,9,9,9,9,9,9,9,9,9,9,9,9,9,9,9,9,9,5476000,885,2,6187.570621468926,Madipakkam,2 BHK,500-1000 sqft,Valid,Chennai,Not available in source data,315,35
5476000,835,Madipakkam,2,0,9,9,9,9,9,9,9,9,9,9,9,9,9,9,9,9,9,9,9,9,9,9,9,9,9,9,9,9,9,9,9,9,9,9,9,5476000,835,2,6558.083832335329,Madipakkam,2 BHK,500-1000 sqft,Valid,Chennai,Not available in source data,315,35
5476000,920,Medavakkam,2,0,9,9,9,9,9,9,9,9,9,9,9,9,9,9,9,9,9,9,9,9,9,9,9,9,9,9,9,9,9,9,9,9,9,9,9,5476000,920,2,5952.173913043478,Medavakkam,2 BHK,500-1000 sqft,Valid,Chennai,Not available in source data,315,35
5285000,920,Kilkattalai,2,0,9,9,9,9,9,9,9,9,9,9,9,9,9,9,9,9,9,9,9,9,9,9,9,9,9,9,9,9,9,9,9,9,9,9,9,5285000,920,2,5744.565217391304,Kilkattalai,2 BHK,500-1000 sqft,Valid,Chennai,Not available in source data,315,35
4999000,920,Madipakkam,2,0,9,9,9,9,9,9,9,9,9,9,9,9,9,9,9,9,9,9,9,9,9,9,9,9,9,9,9,9,9,9,9,9,9,9,9,4999000,920,2,5433.695652173913,Madipakkam,2 BHK,500-1000 sqft,Valid,Chennai,Not available in source data,315,35
5285000,925,Medavakkam,2,0,9,9,9,9,9,9,9,9,9,9,9,9,9,9,9,9,9,9,9,9,9,9,9,9,9,9,9,9,9,9,9,9,9,9,9,5285000,925,2,5713.513513513513,Medavakkam,2 BHK,500-1000 sqft,Valid,Chennai,Not available in source data,315,35
5444000,884,Ullagaram,2,0,9,9,9,9,9,9,9,9,9,9,9,9,9,9,9,9,9,9,9,9,9,9,9,9,9,9,9,9,9,9,9,9,9,9,9,5444000,884,2,6158.371040723982,Ullagaram,2 BHK,500-1000 sqft,Valid,Chennai,Not available in source data,315,35
5444000,831,Kovilambakkam,2,0,9,9,9,9,9,9,9,9,9,9,9,9,9,9,9,9,9,9,9,9,9,9,9,9,9,9,9,9,9,9,9,9,9,9,9,5444000,831,2,6551.143200962695,Kovilambakkam,2 BHK,500-1000 sqft,Valid,Chennai,Not available in source data,315,35
4999000,890,Madipakkam,2,0,9,9,9,9,9,9,9,9,9,9,9,9,9,9,9,9,9,9,9,9,9,9,9,9,9,9,9,9,9,9,9,9,9,9,9,4999000,890,2,5616.853932584269,Madipakkam,2 BHK,500-1000 sqft,Valid,Chennai,Not available in source data,315,35
5476000,914,Madipakkam,2,0,9,9,9,9,9,9,9,9,9,9,9,9,9,9,9,9,9,9,9,9,9,9,9,9,9,9,9,9,9,9,9,9,9,9,9,5476000,914,2,5991.247264770241,Madipakkam,2 BHK,500-1000 sqft,Valid,Chennai,Not available in source data,315,35
4999000,914,Kovilambakkam,2,0,9,9,9,9,9,9,9,9,9,9,9,9,9,9,9,9,9,9,9,9,9,9,9,9,9,9,9,9,9,9,9,9,9,9,9,4999000,914,2,5469.365426695843,Kovilambakkam,2 BHK,500-1000 sqft,Valid,Chennai,Not available in source data,315,35
5444000,834,Madipakkam,2,0,9,9,9,9,9,9,9,9,9,9,9,9,9,9,9,9,9,9,9,9,9,9,9,9,9,9,9,9,9,9,9,9,9,9,9,5444000,834,2,6527.57793764988,Madipakkam,2 BHK,500-1000 sqft,Valid,Chennai,Not available in source data,315,35
5476000,830,Velachery,2,0,9,9,9,9,9,9,9,9,9,9,9,9,9,9,9,9,9,9,9,9,9,9,9,9,9,9,9,9,9,9,9,9,9,9,9,5476000,830,2,6597.590361445783,Velachery,2 BHK,500-1000 sqft,Valid,Chennai,Not available in source data,315,35
5476000,914,Velachery,2,0,9,9,9,9,9,9,9,9,9,9,9,9,9,9,9,9,9,9,9,9,9,9,9,9,9,9,9,9,9,9,9,9,9,9,9,5476000,914,2,5991.247264770241,Velachery,2 BHK,500-1000 sqft,Valid,Chennai,Not available in source data,315,35
3300000,914,Velachery,2,0,9,9,9,9,9,9,9,9,9,9,9,9,9,9,9,9,9,9,9,9,9,9,9,9,9,9,9,9,9,9,9,9,9,9,9,3300000,914,2,3610.503282275711,Velachery,2 BHK,500-1000 sqft,Valid,Chennai,Not available in source data,315,35
4979000,920,Velachery,2,0,9,9,9,9,9,9,9,9,9,9,9,9,9,9,9,9,9,9,9,9,9,9,9,9,9,9,9,9,9,9,9,9,9,9,9,4979000,920,2,5411.95652173913,Velachery,2 BHK,500-1000 sqft,Valid,Chennai,Not available in source data,315,35
5000000,920,Velachery,2,0,9,9,9,9,9,9,9,9,9,9,9,9,9,9,9,9,9,9,9,9,9,9,9,9,9,9,9,9,9,9,9,9,9,9,9,5000000,920,2,5434.782608695652,Velachery,2 BHK,500-1000 sqft,Valid,Chennai,Not available in source data,315,35
5100000,750,tambaram west,2,0,9,9,9,9,9,9,9,9,9,9,9,9,9,9,9,9,9,9,9,9,9,9,9,9,9,9,9,9,9,9,9,9,9,9,9,5100000,750,2,6800.0,tambaram west,2 BHK,500-1000 sqft,Valid,Chennai,Not available in source data,315,35
3900000,1158,OMR Road,2,0,9,9,9,9,9,9,9,9,9,9,9,9,9,9,9,9,9,9,9,9,9,9,9,9,9,9,9,9,9,9,9,9,9,9,9,3900000,1158,2,3367.875647668394,OMR Road,2 BHK,1000-1500 sqft,Valid,Chennai,Not available in source data,315,35
2205000,1058,Navallur,2,0,9,9,9,9,9,9,9,9,9,9,9,9,9,9,9,9,9,9,9,9,9,9,9,9,9,9,9,9,9,9,9,9,9,9,9,2205000,1058,2,2084.1209829867676,Navallur,2 BHK,1000-1500 sqft,Valid,Chennai,Not available in source data,315,35
2205000,1025,Pallavaram,2,0,9,9,9,9,9,9,9,9,9,9,9,9,9,9,9,9,9,9,9,9,9,9,9,9,9,9,9,9,9,9,9,9,9,9,9,2205000,1025,2,2151.2195121951218,Pallavaram,2 BHK,1000-1500 sqft,Valid,Chennai,Not available in source data,315,35
2450000,930,Ambattur,2,0,9,9,9,9,9,9,9,9,9,9,9,9,9,9,9,9,9,9,9,9,9,9,9,9,9,9,9,9,9,9,9,9,9,9,9,2450000,930,2,2634.4086021505377,Ambattur,2 BHK,500-1000 sqft,Valid,Chennai,Not available in source data,315,35
3450000,752,Adhanur,2,1,9,9,9,9,9,9,9,9,9,9,9,9,9,9,9,9,9,9,9,9,9,9,9,9,9,9,9,9,9,9,9,9,9,9,9,3450000,752,2,4587.765957446809,Adhanur,2 BHK,500-1000 sqft,Valid,Chennai,Not available in source data,315,35
6500000,752,Adhanur,2,1,9,9,9,9,9,9,9,9,9,9,9,9,9,9,9,9,9,9,9,9,9,9,9,9,9,9,9,9,9,9,9,9,9,9,9,6500000,752,2,8643.617021276596,Adhanur,2 BHK,500-1000 sqft,Valid,Chennai,Not available in source data,315,35
4549000,700,tambaram west,2,0,9,9,9,9,9,9,9,9,9,9,9,9,9,9,9,9,9,9,9,9,9,9,9,9,9,9,9,9,9,9,9,9,9,9,9,4549000,700,2,6498.571428571428,tambaram west,2 BHK,500-1000 sqft,Valid,Chennai,Not available in source data,315,35
4100000,750,Ullagaram,2,0,9,9,9,9,9,9,9,9,9,9,9,9,9,9,9,9,9,9,9,9,9,9,9,9,9,9,9,9,9,9,9,9,9,9,9,4100000,750,2,5466.666666666667,Ullagaram,2 BHK,500-1000 sqft,Valid,Chennai,Not available in source data,315,35
3399000,1180,Pallavaram,3,0,9,9,9,9,9,9,9,9,9,9,9,9,9,9,9,9,9,9,9,9,9,9,9,9,9,9,9,9,9,9,9,9,9,9,9,3399000,1180,3,2880.508474576271,Pallavaram,3 BHK,1000-1500 sqft,Valid,Chennai,Not available in source data,315,35
4004000,1058,Egattur,2,0,9,9,9,9,9,9,9,9,9,9,9,9,9,9,9,9,9,9,9,9,9,9,9,9,9,9,9,9,9,9,9,9,9,9,9,4004000,1058,2,3784.499054820416,Egattur,2 BHK,1000-1500 sqft,Valid,Chennai,Not available in source data,315,35
11000000,930,Ambattur,2,0,9,9,9,9,9,9,9,9,9,9,9,9,9,9,9,9,9,9,9,9,9,9,9,9,9,9,9,9,9,9,9,9,9,9,9,11000000,930,2,11827.956989247312,Ambattur,2 BHK,500-1000 sqft,Valid,Chennai,Not available in source data,315,35
4150000,760,Ambattur,2,0,9,9,9,9,9,9,9,9,9,9,9,9,9,9,9,9,9,9,9,9,9,9,9,9,9,9,9,9,9,9,9,9,9,9,9,4150000,760,2,5460.526315789473,Ambattur,2 BHK,500-1000 sqft,Valid,Chennai,Not available in source data,315,35
3500000,965,Ambattur,2,0,9,9,9,9,9,9,9,9,9,9,9,9,9,9,9,9,9,9,9,9,9,9,9,9,9,9,9,9,9,9,9,9,9,9,9,3500000,965,2,3626.943005181347,Ambattur,2 BHK,500-1000 sqft,Valid,Chennai,Not available in source data,315,35
3913000,1642,Sholinganallur,3,1,9,9,9,9,9,9,9,9,9,9,9,9,9,9,9,9,9,9,9,9,9,9,9,9,9,9,9,9,9,9,9,9,9,9,9,3913000,1642,3,2383.0694275274054,Sholinganallur,3 BHK,1500-2500 sqft,Valid,Chennai,Not available in source data,315,35
3486000,1000,Ambattur,3,0,9,9,9,9,9,9,9,9,9,9,9,9,9,9,9,9,9,9,9,9,9,9,9,9,9,9,9,9,9,9,9,9,9,9,9,3486000,1000,3,3486.0,Ambattur,3 BHK,1000-1500 sqft,Valid,Chennai,Not available in source data,315,35
4161999,821,Ambattur,2,0,9,9,9,9,9,9,9,9,9,9,9,9,9,9,9,9,9,9,9,9,9,9,9,9,9,9,9,9,9,9,9,9,9,9,9,4161999,821,2,5069.426309378807,Ambattur,2 BHK,500-1000 sqft,Valid,Chennai,Not available in source data,315,35
2999000,775,tambaram east,2,0,9,9,9,9,9,9,9,9,9,9,9,9,9,9,9,9,9,9,9,9,9,9,9,9,9,9,9,9,9,9,9,9,9,9,9,2999000,775,2,3869.6774193548385,tambaram east,2 BHK,500-1000 sqft,Valid,Chennai,Not available in source data,315,35
2900000,840,Ambattur,2,0,9,9,9,9,9,9,9,9,9,9,9,9,9,9,9,9,9,9,9,9,9,9,9,9,9,9,9,9,9,9,9,9,9,9,9,2900000,840,2,3452.3809523809523,Ambattur,2 BHK,500-1000 sqft,Valid,Chennai,Not available in source data,315,35
7051000,925,Ambattur,2,0,9,9,9,9,9,9,9,9,9,9,9,9,9,9,9,9,9,9,9,9,9,9,9,9,9,9,9,9,9,9,9,9,9,9,9,7051000,925,2,7622.7027027027025,Ambattur,2 BHK,500-1000 sqft,Valid,Chennai,Not available in source data,315,35
4796000,705,Ambattur,2,0,9,9,9,9,9,9,9,9,9,9,9,9,9,9,9,9,9,9,9,9,9,9,9,9,9,9,9,9,9,9,9,9,9,9,9,4796000,705,2,6802.836879432624,Ambattur,2 BHK,500-1000 sqft,Valid,Chennai,Not available in source data,315,35
4100000,806,Perungalathur,2,0,9,9,9,9,9,9,9,9,9,9,9,9,9,9,9,9,9,9,9,9,9,9,9,9,9,9,9,9,9,9,9,9,9,9,9,4100000,806,2,5086.848635235732,Perungalathur,2 BHK,500-1000 sqft,Valid,Chennai,Not available in source data,315,35
3496000,1439,Korattur,3,0,9,9,9,9,9,9,9,9,9,9,9,9,9,9,9,9,9,9,9,9,9,9,9,9,9,9,9,9,9,9,9,9,9,9,9,3496000,1439,3,2429.4649061848504,Korattur,3 BHK,1000-1500 sqft,Valid,Chennai,Not available in source data,315,35
3601000,1090,Ambattur,2,0,9,9,9,9,9,9,9,9,9,9,9,9,9,9,9,9,9,9,9,9,9,9,9,9,9,9,9,9,9,9,9,9,9,9,9,3601000,1090,2,3303.669724770642,Ambattur,2 BHK,1000-1500 sqft,Valid,Chennai,Not available in source data,315,35
7500000,925,Ambattur,2,0,9,9,9,9,9,9,9,9,9,9,9,9,9,9,9,9,9,9,9,9,9,9,9,9,9,9,9,9,9,9,9,9,9,9,9,7500000,925,2,8108.108108108108,Ambattur,2 BHK,500-1000 sqft,Valid,Chennai,Not available in source data,315,35
2513000,760,Ambattur,2,0,9,9,9,9,9,9,9,9,9,9,9,9,9,9,9,9,9,9,9,9,9,9,9,9,9,9,9,9,9,9,9,9,9,9,9,2513000,760,2,3306.5789473684213,Ambattur,2 BHK,500-1000 sqft,Valid,Chennai,Not available in source data,315,35
8000000,783,Ambattur,2,0,9,9,9,9,9,9,9,9,9,9,9,9,9,9,9,9,9,9,9,9,9,9,9,9,9,9,9,9,9,9,9,9,9,9,9,8000000,783,2,10217.113665389528,Ambattur,2 BHK,500-1000 sqft,Valid,Chennai,Not available in source data,315,35
14000000,1100,Vadapalani,2,1,9,9,9,9,9,9,9,9,9,9,9,9,9,9,9,9,9,9,9,9,9,9,9,9,9,9,9,9,9,9,9,9,9,9,9,14000000,1100,2,12727.272727272728,Vadapalani,2 BHK,1000-1500 sqft,Valid,Chennai,Not available in source data,315,35
4000000,577,Vandalur,1,0,9,9,9,9,9,9,9,9,9,9,9,9,9,9,9,9,9,9,9,9,9,9,9,9,9,9,9,9,9,9,9,9,9,9,9,4000000,577,1,6932.409012131716,Vandalur,1 BHK,500-1000 sqft,Valid,Chennai,Not available in source data,315,35
6800000,1190,Mogappair,3,0,9,9,9,9,9,9,9,9,9,9,9,9,9,9,9,9,9,9,9,9,9,9,9,9,9,9,9,9,9,9,9,9,9,9,9,6800000,1190,3,5714.285714285715,Mogappair,3 BHK,1000-1500 sqft,Valid,Chennai,Not available in source data,315,35
5400000,1400,Palavakkam,3,0,9,9,9,9,9,9,9,9,9,9,9,9,9,9,9,9,9,9,9,9,9,9,9,9,9,9,9,9,9,9,9,9,9,9,9,5400000,1400,3,3857.1428571428573,Palavakkam,3 BHK,1000-1500 sqft,Valid,Chennai,Not available in source data,315,35
4600000,720,Sunnambu Kolathur S Kolathur,2,0,9,9,9,9,9,9,9,9,9,9,9,9,9,9,9,9,9,9,9,9,9,9,9,9,9,9,9,9,9,9,9,9,9,9,9,4600000,720,2,6388.888888888889,Sunnambu Kolathur S Kolathur,2 BHK,500-1000 sqft,Valid,Chennai,Not available in source data,315,35
7834999,1285,Sunnambu Kolathur S Kolathur,3,0,9,9,9,9,9,9,9,9,9,9,9,9,9,9,9,9,9,9,9,9,9,9,9,9,9,9,9,9,9,9,9,9,9,9,9,7834999,1285,3,6097.275486381323,Sunnambu Kolathur S Kolathur,3 BHK,1000-1500 sqft,Valid,Chennai,Not available in source data,315,35
3000000,943,Sunnambu Kolathur S Kolathur,2,0,9,9,9,9,9,9,9,9,9,9,9,9,9,9,9,9,9,9,9,9,9,9,9,9,9,9,9,9,9,9,9,9,9,9,9,3000000,943,2,3181.336161187699,Sunnambu Kolathur S Kolathur,2 BHK,500-1000 sqft,Valid,Chennai,Not available in source data,315,35
11100000,800,Sunnambu Kolathur S Kolathur,2,0,9,9,9,9,9,9,9,9,9,9,9,9,9,9,9,9,9,9,9,9,9,9,9,9,9,9,9,9,9,9,9,9,9,9,9,11100000,800,2,13875.0,Sunnambu Kolathur S Kolathur,2 BHK,500-1000 sqft,Valid,Chennai,Not available in source data,315,35
7834999,1599,Korattur,3,0,9,9,9,9,9,9,9,9,9,9,9,9,9,9,9,9,9,9,9,9,9,9,9,9,9,9,9,9,9,9,9,9,9,9,9,7834999,1599,3,4899.936835522201,Korattur,3 BHK,1500-2500 sqft,Valid,Chennai,Not available in source data,315,35
2408000,740,Ambattur,2,0,9,9,9,9,9,9,9,9,9,9,9,9,9,9,9,9,9,9,9,9,9,9,9,9,9,9,9,9,9,9,9,9,9,9,9,2408000,740,2,3254.054054054054,Ambattur,2 BHK,500-1000 sqft,Valid,Chennai,Not available in source data,315,35
5500000,1700,Pallikaranai VGP Shanti Nagar,3,0,9,9,9,9,9,9,9,9,9,9,9,9,9,9,9,9,9,9,9,9,9,9,9,9,9,9,9,9,9,9,9,9,9,9,9,5500000,1700,3,3235.294117647059,Pallikaranai VGP Shanti Nagar,3 BHK,1500-2500 sqft,Valid,Chennai,Not available in source data,315,35
3400000,1599,Korattur,3,0,9,9,9,9,9,9,9,9,9,9,9,9,9,9,9,9,9,9,9,9,9,9,9,9,9,9,9,9,9,9,9,9,9,9,9,3400000,1599,3,2126.3289555972483,Korattur,3 BHK,1500-2500 sqft,Valid,Chennai,Not available in source data,315,35
4500000,688,Selaiyur,2,0,9,9,9,9,9,9,9,9,9,9,9,9,9,9,9,9,9,9,9,9,9,9,9,9,9,9,9,9,9,9,9,9,9,9,9,4500000,688,2,6540.697674418605,Selaiyur,2 BHK,500-1000 sqft,Valid,Chennai,Not available in source data,315,35
