Price,Area,Location,No. of Bedrooms,Resale,MaintenanceStaff,Gymnasium,SwimmingPool,LandscapedGardens,JoggingTrack,RainWaterHarvesting,IndoorGames,ShoppingMall,Intercom,SportsFacility,ATM,ClubHouse,School,24X7Security,PowerBackup,CarParking,StaffQuarter,Cafeteria,MultipurposeRoom,Hospital,WashingMachine,Gasconnection,AC,Wifi,Children'splayarea,LiftAvailable,BED,VaastuCompliant,Microwave,GolfCourse,TV,DiningTable,Sofa,Wardrobe,Refrigerator,price_inr,total_sqft_clean,bhk,price_per_sqft,locality_standard,bhk_category,size_bucket,quality_flag,city,age_bucket,amenity_score,amenity_count_total
6968000,1340,Nizampet,2,0,0,1,1,1,1,1,1,0,1,0,0,1,0,1,1,1,0,0,1,0,0,0,0,0,1,1,0,1,0,0,0,0,0,0,0,6968000,1340,2,5200.0,Nizampet,2 BHK,1000-1500 sqft,Valid,Hyderabad,Not available in source data,15,35
29000000,3498,Hitech City,4,0,0,1,1,1,1,1,1,0,1,0,1,1,0,1,1,1,1,0,1,0,0,0,0,0,1,1,0,1,0,0,0,0,0,0,0,29000000,3498,4,8290.451686678101,Hitech City,4 BHK,2500+ sqft,Valid,Hyderabad,Not available in source data,17,35
6590000,1318,Manikonda,2,0,0,1,0,0,0,0,1,0,0,0,0,0,0,0,0,0,0,0,1,0,0,0,0,0,1,0,0,0,0,0,0,0,0,0,0,6590000,1318,2,5000.0,Manikonda,2 BHK,1000-1500 sqft,Valid,Hyderabad,Not available in source data,4,35
5739000,1295,Alwal,3,1,0,0,0,0,0,0,0,0,0,0,0,0,0,0,1,0,0,0,0,0,0,0,0,0,0,1,0,0,0,0,0,0,0,0,0,5739000,1295,3,4431.660231660232,Alwal,3 BHK,1000-1500 sqft,Valid,Hyderabad,Not available in source data,2,35
5679000,1145,Kukatpally,2,0,0,0,0,1,0,0,0,0,0,0,0,0,0,0,1,1,0,0,0,0,0,0,0,0,1,1,0,0,0,0,0,0,0,0,0,5679000,1145,2,4959.825327510917,Kukatpally,2 BHK,1000-1500 sqft,Valid,Hyderabad,Not available in source data,5,35
6099000,1230,Nizampet,2,0,0,0,0,0,0,0,0,0,0,0,0,0,0,0,1,0,0,0,0,0,0,0,0,0,0,1,0,0,0,0,0,0,0,0,0,6099000,1230,2,4958.536585365854,Nizampet,2 BHK,1000-1500 sqft,Valid,Hyderabad,Not available in source data,2,35
7000000,1350,Manikonda,2,0,0,0,0,0,0,0,0,0,0,0,0,0,0,0,0,0,0,0,0,0,0,0,0,0,0,1,0,0,0,0,0,0,0,0,0,7000000,1350,2,5185.185185185185,Manikonda,2 BHK,1000-1500 sqft,Valid,Hyderabad,Not available in source data,1,35
4198000,1400,Gachibowli,3,0,0,1,1,0,0,0,0,0,1,1,0,1,0,0,1,0,0,0,0,0,0,1,0,0,1,1,0,0,0,0,0,0,0,0,0,4198000,1400,3,2998.5714285714284,Gachibowli,3 BHK,1000-1500 sqft,Valid,Hyderabad,Not available in source data,9,35
9900000,2240,Tellapur,3,0,0,1,1,0,0,0,1,0,0,0,0,1,0,1,1,0,0,1,0,0,0,0,0,0,1,0,0,0,0,0,0,0,0,0,0,9900000,2240,3,4419.642857142857,Tellapur,3 BHK,1500-2500 sqft,Valid,Hyderabad,Not available in source data,8,35
9800000,1520,Gachibowli,2,1,0,0,0,0,0,0,0,0,0,0,0,0,0,0,1,0,0,0,0,0,0,0,0,0,0,1,0,0,0,0,0,0,0,0,0,9800000,1520,2,6447.368421052632,Gachibowli,2 BHK,1500-2500 sqft,Valid,Hyderabad,Not available in source data,2,35
8903000,1535,Kokapet,3,0,1,1,1,1,1,1,1,0,1,0,0,1,0,1,1,1,1,0,1,0,0,0,0,0,1,1,0,1,0,0,0,0,0,0,0,8903000,1535,3,5800.0,Kokapet,3 BHK,1500-2500 sqft,Valid,Hyderabad,Not available in source data,17,35
6300000,1150,Hyder Nagar,2,0,0,0,0,0,0,0,0,0,0,0,0,0,0,0,1,0,0,0,0,0,0,0,0,0,0,1,0,0,0,0,0,0,0,0,0,6300000,1150,2,5478.260869565217,Hyder Nagar,2 BHK,1000-1500 sqft,Valid,Hyderabad,Not available in source data,2,35
6300000,1285,Mehdipatnam,2,0,0,0,0,0,0,0,0,0,0,0,0,0,0,0,1,0,0,0,0,0,0,0,0,0,0,1,0,0,0,0,0,0,0,0,0,6300000,1285,2,4902.72373540856,Mehdipatnam,2 BHK,1000-1500 sqft,Valid,Hyderabad,Not available in source data,2,35
9000000,1897,Tellapur,3,1,0,1,1,1,1,1,1,1,1,1,0,1,0,1,1,1,0,1,1,0,0,0,0,0,1,1,0,1,0,1,0,0,0,0,0,9000000,1897,3,4744.33315761729,Tellapur,3 BHK,1500-2500 sqft,Valid,Hyderabad,Not available in source data,19,35
11100000,1725,Narsingi,3,0,1,1,1,1,1,0,1,0,1,1,1,1,0,1,1,1,0,1,1,0,0,0,0,0,1,1,0,1,1,0,0,0,0,0,0,11100000,1725,3,6434.782608695652,Narsingi,3 BHK,1500-2500 sqft,Valid,Hyderabad,Not available in source data,19,35
11500000,1665,Khajaguda Nanakramguda Road,3,1,0,0,0,0,0,0,0,0,0,0,0,0,0,0,1,0,0,0,0,0,1,1,0,0,1,1,0,0,1,0,1,1,0,0,0,11500000,1665,3,6906.906906906907,Khajaguda Nanakramguda Road,3 BHK,1500-2500 sqft,Valid,Hyderabad,Not available in source data,8,35
10900000,1592,Kukatpally,3,0,0,1,1,0,0,0,0,0,0,0,0,1,0,0,0,0,0,0,0,0,0,0,0,0,1,1,0,0,0,0,0,0,0,0,0,10900000,1592,3,6846.733668341709,Kukatpally,3 BHK,1500-2500 sqft,Valid,Hyderabad,Not available in source data,5,35
8625000,1150,Madhapur,2,0,0,0,0,0,0,0,0,0,0,0,0,0,0,0,1,0,0,0,0,0,0,0,0,0,0,1,0,0,0,0,0,0,0,0,0,8625000,1150,2,7500.0,Madhapur,2 BHK,1000-1500 sqft,Valid,Hyderabad,Not available in source data,2,35
9900000,2240,Tellapur,3,0,0,1,1,0,0,0,1,0,0,1,0,1,0,1,1,0,0,1,0,0,0,0,0,0,1,1,0,0,0,0,0,0,0,0,0,9900000,2240,3,4419.642857142857,Tellapur,3 BHK,1500-2500 sqft,Valid,Hyderabad,Not available in source data,10,35
3900000,1050,Puppalaguda,3,0,0,0,0,0,0,0,0,0,0,0,0,0,0,0,0,0,0,0,0,0,0,0,0,0,0,0,0,0,0,0,0,0,0,0,0,3900000,1050,3,3714.285714285714,Puppalaguda,3 BHK,1000-1500 sqft,Valid,Hyderabad,Not available in source data,0,35
7800000,1735,Puppalaguda,3,0,0,0,0,0,0,0,0,0,1,0,0,0,0,0,1,0,0,0,0,0,0,0,0,0,0,1,0,0,0,0,1,0,0,0,0,7800000,1735,3,4495.677233429395,Puppalaguda,3 BHK,1500-2500 sqft,Valid,Hyderabad,Not available in source data,4,35
19600000,2800,Narsingi,3,0,0,0,1,0,0,0,0,0,0,0,0,1,0,0,1,0,0,0,0,0,0,0,0,0,1,1,0,0,0,0,0,0,0,0,0,19600000,2800,3,7000.0,Narsingi,3 BHK,2500+ sqft,Valid,Hyderabad,Not available in source data,5,35
6050000,1050,Begumpet,2,1,0,0,0,0,0,0,0,0,0,0,0,0,0,0,1,0,0,0,0,0,0,0,0,0,0,1,0,0,0,0,0,0,0,0,0,6050000,1050,2,5761.9047619047615,Begumpet,2 BHK,1000-1500 sqft,Valid,Hyderabad,Not available in source data,2,35
6150000,1230,Kukatpally,2,0,0,1,1,0,0,0,0,0,1,0,0,1,0,0,1,0,0,0,0,0,0,0,0,0,1,1,0,0,0,0,0,0,0,0,0,6150000,1230,2,5000.0,Kukatpally,2 BHK,1000-1500 sqft,Valid,Hyderabad,Not available in source data,7,35
5000000,1175,Nizampet,2,0,0,0,0,0,0,0,0,0,0,0,0,0,0,0,0,0,0,0,0,0,0,0,0,0,0,0,0,0,0,0,0,0,0,0,0,5000000,1175,2,4255.31914893617,Nizampet,2 BHK,1000-1500 sqft,Valid,Hyderabad,Not available in source data,0,35
4760000,1190,Nizampet,2,0,0,0,0,0,0,0,0,0,0,0,0,0,0,0,0,0,0,0,0,0,0,0,0,0,0,0,0,0,0,0,0,0,0,0,0,4760000,1190,2,4000.0,Nizampet,2 BHK,1000-1500 sqft,Valid,Hyderabad,Not available in source data,0,35
30000000,2956,Banjara Hills,4,1,0,0,0,0,0,0,0,0,0,0,0,0,0,0,0,0,0,0,0,0,0,0,0,0,0,0,0,0,0,0,0,0,0,0,0,30000000,2956,4,10148.849797023004,Banjara Hills,4 BHK,2500+ sqft,Valid,Hyderabad,Not available in source data,0,35
2500000,680,AS Rao Nagar,2,1,0,0,0,0,0,0,0,0,0,0,0,0,0,0,0,0,0,0,0,0,0,0,0,0,0,0,0,0,0,0,0,0,0,0,0,2500000,680,2,3676.470588235294,AS Rao Nagar,2 BHK,500-1000 sqft,Valid,Hyderabad,Not available in source data,0,35
5900000,1350,Pragathi Nagar Kukatpally,2,0,0,0,1,0,0,0,0,0,0,0,0,0,0,0,1,0,0,0,0,0,0,0,0,0,0,1,0,0,0,0,0,0,0,0,0,5900000,1350,2,4370.37037037037,Pragathi Nagar Kukatpally,2 BHK,1000-1500 sqft,Valid,Hyderabad,Not available in source data,3,35
9700000,1970,Miyapur,3,1,0,1,1,0,0,0,0,0,1,1,0,1,0,0,1,0,0,0,0,0,1,1,1,0,1,1,1,0,1,0,1,1,1,0,1,9700000,1970,3,4923.8578680203045,Miyapur,3 BHK,1500-2500 sqft,Valid,Hyderabad,Not available in source data,17,35
4641000,1105,Mallampet,2,0,0,1,0,0,0,0,0,0,0,0,0,1,0,0,1,0,0,0,0,0,0,0,0,0,1,1,0,0,0,0,0,0,0,0,0,4641000,1105,2,4200.0,Mallampet,2 BHK,1000-1500 sqft,Valid,Hyderabad,Not available in source data,5,35
16000000,2005,Nanakramguda,3,1,0,0,0,0,0,0,0,0,0,0,0,0,0,0,0,0,0,0,0,0,0,0,0,0,0,0,0,0,0,0,0,0,0,0,0,16000000,2005,3,7980.049875311721,Nanakramguda,3 BHK,1500-2500 sqft,Valid,Hyderabad,Not available in source data,0,35
4641000,1105,Mallampet,2,0,0,0,0,0,0,0,0,0,0,0,0,0,0,0,1,0,0,0,0,0,0,0,0,0,1,1,0,0,0,0,0,0,0,0,0,4641000,1105,2,4200.0,Mallampet,2 BHK,1000-1500 sqft,Valid,Hyderabad,Not available in source data,3,35
7500000,1406,Attapur,3,0,0,0,0,0,0,0,0,0,0,0,0,0,0,0,0,0,0,0,0,0,0,0,0,0,0,0,0,0,0,0,0,0,0,0,0,7500000,1406,3,5334.281650071124,Attapur,3 BHK,1000-1500 sqft,Valid,Hyderabad,Not available in source data,0,35
6140000,1545,Alwal,3,0,0,1,0,0,0,0,0,0,1,1,0,1,0,0,1,0,0,0,0,0,0,1,0,0,1,1,0,0,0,0,0,0,0,0,0,6140000,1545,3,3974.1100323624596,Alwal,3 BHK,1500-2500 sqft,Valid,Hyderabad,Not available in source data,8,35
10500000,1495,Nanakramguda,3,0,0,1,1,1,1,1,1,0,0,1,0,1,0,1,1,1,0,0,0,0,0,1,0,0,1,1,0,1,0,0,0,0,0,0,0,10500000,1495,3,7023.411371237458,Nanakramguda,3 BHK,1000-1500 sqft,Valid,Hyderabad,Not available in source data,15,35
7200000,1300,West Marredpally,3,1,0,0,0,0,0,0,0,0,0,0,0,0,0,0,0,0,0,0,0,0,0,0,0,0,0,0,0,0,0,0,0,0,0,0,0,7200000,1300,3,5538.461538461538,West Marredpally,3 BHK,1000-1500 sqft,Valid,Hyderabad,Not available in source data,0,35
4600000,1200,Nizampet,2,0,0,1,1,0,0,0,0,0,1,1,0,1,0,0,1,0,0,0,0,0,0,0,0,0,1,1,0,0,0,0,0,0,0,0,0,4600000,1200,2,3833.3333333333335,Nizampet,2 BHK,1000-1500 sqft,Valid,Hyderabad,Not available in source data,8,35
10400000,1450,Hitech City,3,1,0,0,0,0,0,0,0,0,0,0,0,0,0,0,1,0,0,0,0,0,0,0,0,0,0,0,0,0,0,0,0,0,0,0,0,10400000,1450,3,7172.413793103448,Hitech City,3 BHK,1000-1500 sqft,Valid,Hyderabad,Not available in source data,1,35
9500000,1450,Banjara Hills,3,1,0,0,0,0,0,0,0,0,0,0,0,0,0,0,1,0,0,0,0,0,0,0,0,0,0,0,0,0,0,0,0,0,0,0,0,9500000,1450,3,6551.724137931034,Banjara Hills,3 BHK,1000-1500 sqft,Valid,Hyderabad,Not available in source data,1,35
9942000,1912,Narsingi,3,0,0,1,0,0,0,1,1,0,1,0,0,0,0,0,1,1,0,0,1,0,0,0,0,0,1,1,0,0,0,0,0,0,0,0,0,9942000,1912,3,5199.79079497908,Narsingi,3 BHK,1500-2500 sqft,Valid,Hyderabad,Not available in source data,9,35
9250000,1850,Manikonda,3,0,0,0,0,0,0,0,0,0,0,0,0,0,0,0,1,0,0,0,0,0,0,0,0,0,0,1,0,0,0,0,0,0,0,0,0,9250000,1850,3,5000.0,Manikonda,3 BHK,1500-2500 sqft,Valid,Hyderabad,Not available in source data,2,35
4500000,1300,Puppalaguda,3,0,0,0,0,0,0,0,0,0,0,0,0,0,0,0,1,0,0,0,0,0,0,0,0,0,0,1,0,0,0,0,0,0,0,0,0,4500000,1300,3,3461.5384615384614,Puppalaguda,3 BHK,1000-1500 sqft,Valid,Hyderabad,Not available in source data,2,35
9600000,1674,Kompally,3,1,0,1,1,0,1,0,0,0,1,0,0,0,0,1,0,1,0,0,1,0,0,0,1,0,1,1,0,0,0,0,0,0,0,0,0,9600000,1674,3,5734.767025089605,Kompally,3 BHK,1500-2500 sqft,Valid,Hyderabad,Not available in source data,10,35
8600000,1242,Sri Nagar Colony,3,1,0,0,0,0,0,0,0,0,0,0,0,0,0,0,0,0,0,0,0,0,0,0,0,0,0,0,0,0,0,0,0,0,0,0,0,8600000,1242,3,6924.315619967794,Sri Nagar Colony,3 BHK,1000-1500 sqft,Valid,Hyderabad,Not available in source data,0,35
2700000,850,Hakimpet,2,1,0,0,0,0,0,0,0,0,0,0,0,0,0,0,0,0,0,0,0,0,0,0,0,0,0,0,0,0,0,0,0,0,0,0,0,2700000,850,2,3176.470588235294,Hakimpet,2 BHK,500-1000 sqft,Valid,Hyderabad,Not available in source data,0,35
6600000,1895,Pocharam,3,1,0,1,1,1,1,0,0,0,1,1,0,1,0,1,1,1,0,1,0,0,1,1,1,0,1,1,1,1,1,0,1,1,1,0,1,6600000,1895,3,3482.8496042216357,Pocharam,3 BHK,1500-2500 sqft,Valid,Hyderabad,Not available in source data,23,35
8589000,1636,Nagole,3,0,0,0,0,1,0,0,0,0,0,0,0,1,0,1,1,1,0,0,0,0,0,0,0,0,0,1,0,1,0,0,0,0,0,0,0,8589000,1636,3,5250.0,Nagole,3 BHK,1500-2500 sqft,Valid,Hyderabad,Not available in source data,7,35
5500000,1076,LB Nagar,2,1,0,0,0,0,0,0,0,0,0,0,0,0,0,0,0,0,0,0,0,0,0,0,0,0,0,0,0,0,0,0,0,0,0,0,0,5500000,1076,2,5111.5241635687735,LB Nagar,2 BHK,1000-1500 sqft,Valid,Hyderabad,Not available in source data,0,35
3200000,1080,Meerpet,2,1,0,0,0,0,0,0,0,0,0,0,0,0,0,0,0,0,0,0,0,0,0,0,0,0,0,1,0,0,0,0,0,0,0,0,0,3200000,1080,2,2962.962962962963,Meerpet,2 BHK,1000-1500 sqft,Valid,Hyderabad,Not available in source data,1,35
20500000,2100,Kachiguda,3,1,0,0,0,0,0,0,0,0,1,0,0,0,0,0,1,0,0,0,0,0,0,0,0,0,0,1,0,0,0,0,0,0,0,0,0,20500000,2100,3,9761.904761904761,Kachiguda,3 BHK,1500-2500 sqft,Valid,Hyderabad,Not available in source data,3,35
6300000,1265,Manikonda,2,0,0,0,0,0,0,0,0,0,0,0,0,0,0,0,0,0,0,0,0,0,0,0,0,0,0,0,0,0,0,0,0,0,0,0,0,6300000,1265,2,4980.237154150198,Manikonda,2 BHK,1000-1500 sqft,Valid,Hyderabad,Not available in source data,0,35
6400000,1300,Masab Tank,3,0,0,0,0,0,0,0,0,0,0,0,0,0,0,0,1,0,0,0,0,0,0,0,0,0,0,1,0,0,0,0,0,0,0,0,0,6400000,1300,3,4923.076923076923,Masab Tank,3 BHK,1000-1500 sqft,Valid,Hyderabad,Not available in source data,2,35
4988000,1089,Miyapur,2,0,0,0,0,0,0,0,0,0,0,0,0,0,0,0,1,0,0,0,0,0,0,0,0,0,0,1,0,0,0,0,0,0,0,0,0,4988000,1089,2,4580.348943985307,Miyapur,2 BHK,1000-1500 sqft,Valid,Hyderabad,Not available in source data,2,35
10500000,1400,Kondapur,2,0,0,1,1,0,0,0,0,0,1,1,0,1,0,0,1,0,0,0,0,0,0,0,0,0,1,1,0,0,0,0,0,0,0,0,0,10500000,1400,2,7500.0,Kondapur,2 BHK,1000-1500 sqft,Valid,Hyderabad,Not available in source data,8,35
4300000,850,Saroornagar,2,0,0,0,0,0,0,0,0,0,0,0,0,0,0,0,0,0,0,0,0,0,0,0,0,0,0,0,0,0,0,0,0,0,0,0,0,4300000,850,2,5058.823529411765,Saroornagar,2 BHK,500-1000 sqft,Valid,Hyderabad,Not available in source data,0,35
3900000,1100,Nizampet,2,0,0,0,0,0,0,0,0,0,0,0,0,0,0,0,0,0,0,0,0,0,0,0,0,0,0,0,0,0,0,0,0,0,0,0,0,3900000,1100,2,3545.4545454545455,Nizampet,2 BHK,1000-1500 sqft,Valid,Hyderabad,Not available in source data,0,35
5500000,1700,Uppal Kalan,3,1,0,0,0,0,0,0,0,0,1,0,0,0,0,0,1,0,0,0,0,0,0,0,0,0,1,1,0,0,0,0,0,0,0,0,0,5500000,1700,3,3235.294117647059,Uppal Kalan,3 BHK,1500-2500 sqft,Valid,Hyderabad,Not available in source data,4,35
10300000,2150,Tellapur,3,0,0,1,1,1,1,1,1,1,1,1,0,1,0,1,1,1,0,1,1,0,0,0,0,0,1,1,0,1,0,1,0,0,0,0,0,10300000,2150,3,4790.697674418605,Tellapur,3 BHK,1500-2500 sqft,Valid,Hyderabad,Not available in source data,19,35
6600000,1195,Mallapur,2,1,0,1,1,0,0,0,0,0,1,1,0,1,0,0,1,0,0,0,0,0,0,0,0,0,1,1,0,1,0,0,0,0,0,0,0,6600000,1195,2,5523.012552301255,Mallapur,2 BHK,1000-1500 sqft,Valid,Hyderabad,Not available in source data,9,35
6500000,1105,Miyapur,2,0,0,0,0,0,0,0,0,0,0,0,0,0,0,0,0,0,0,0,0,0,0,0,0,0,0,0,0,0,0,0,0,0,0,0,0,6500000,1105,2,5882.35294117647,Miyapur,2 BHK,1000-1500 sqft,Valid,Hyderabad,Not available in source data,0,35
5784000,1205,Manikonda,2,0,0,1,0,0,0,0,0,0,1,0,0,0,0,1,1,1,0,0,0,0,0,0,0,0,1,1,0,1,0,0,0,0,0,0,0,5784000,1205,2,4800.0,Manikonda,2 BHK,1000-1500 sqft,Valid,Hyderabad,Not available in source data,8,35
5500000,1250,Rajendra Nagar,3,0,0,0,0,0,0,0,0,0,0,0,0,0,0,0,0,0,0,0,0,0,0,0,0,0,0,1,0,0,0,0,0,0,0,0,0,5500000,1250,3,4400.0,Rajendra Nagar,3 BHK,1000-1500 sqft,Valid,Hyderabad,Not available in source data,1,35
6700000,1340,Puppalaguda,2,0,0,1,1,1,0,1,1,0,1,1,0,1,0,0,1,1,0,0,0,0,0,1,0,0,1,1,0,0,0,0,0,0,0,0,0,6700000,1340,2,5000.0,Puppalaguda,2 BHK,1000-1500 sqft,Valid,Hyderabad,Not available in source data,13,35
3000000,950,Beeramguda,2,0,0,0,0,0,0,0,0,0,0,0,0,0,0,0,0,0,0,0,0,0,0,0,0,0,0,0,0,0,0,0,0,0,0,0,0,3000000,950,2,3157.8947368421054,Beeramguda,2 BHK,500-1000 sqft,Valid,Hyderabad,Not available in source data,0,35
4700000,1100,Moosapet,2,0,0,0,0,0,0,0,0,0,0,0,0,0,0,0,1,0,0,0,0,0,0,0,0,0,0,1,0,0,0,0,0,0,0,0,0,4700000,1100,2,4272.727272727273,Moosapet,2 BHK,1000-1500 sqft,Valid,Hyderabad,Not available in source data,2,35
15000000,1908,Kondapur,3,0,0,0,0,0,0,0,0,0,0,0,0,0,0,0,0,0,0,0,0,0,0,0,0,0,0,0,0,0,0,0,0,0,0,0,0,15000000,1908,3,7861.635220125786,Kondapur,3 BHK,1500-2500 sqft,Valid,Hyderabad,Not available in source data,0,35
7872000,1675,Bachupally,3,0,0,1,1,1,0,1,1,0,1,1,0,1,0,1,1,0,0,0,1,0,0,0,0,0,1,1,0,1,0,0,0,0,0,0,0,7872000,1675,3,4699.701492537313,Bachupally,3 BHK,1500-2500 sqft,Valid,Hyderabad,Not available in source data,14,35
7500000,1420,Toli Chowki,3,0,0,0,0,0,0,0,0,0,0,0,0,0,0,0,0,0,0,0,0,0,0,0,0,0,0,0,0,0,0,0,0,0,0,0,0,7500000,1420,3,5281.69014084507,Toli Chowki,3 BHK,1000-1500 sqft,Valid,Hyderabad,Not available in source data,0,35
3200000,910,Nanakramguda,2,0,0,1,1,0,0,0,0,0,1,1,0,1,0,0,0,0,0,0,0,0,1,1,0,0,1,1,1,0,0,0,1,1,1,0,0,3200000,910,2,3516.4835164835163,Nanakramguda,2 BHK,500-1000 sqft,Valid,Hyderabad,Not available in source data,13,35
5600000,1325,Lakdikapul,3,1,0,0,0,0,0,0,0,0,0,0,0,0,0,0,1,0,0,0,0,0,0,0,0,0,0,1,0,0,0,0,0,0,0,0,0,5600000,1325,3,4226.415094339623,Lakdikapul,3 BHK,1000-1500 sqft,Valid,Hyderabad,Not available in source data,2,35
11000000,1717,Tarnaka,3,0,0,0,0,0,0,0,0,0,0,0,0,0,0,0,0,0,0,0,0,0,0,0,0,0,0,0,0,0,0,0,0,0,0,0,0,11000000,1717,3,6406.523005241701,Tarnaka,3 BHK,1500-2500 sqft,Valid,Hyderabad,Not available in source data,0,35
12000000,2400,West Marredpally,3,1,0,0,0,0,0,0,0,0,0,0,0,0,0,0,0,0,0,0,0,0,0,0,0,0,0,0,0,0,0,0,0,0,0,0,0,12000000,2400,3,5000.0,West Marredpally,3 BHK,1500-2500 sqft,Valid,Hyderabad,Not available in source data,0,35
6900000,1150,Kondapur,2,0,0,0,0,0,0,0,0,0,0,0,0,0,0,0,1,0,0,0,0,0,0,0,0,0,0,1,0,0,0,0,0,0,0,0,0,6900000,1150,2,6000.0,Kondapur,2 BHK,1000-1500 sqft,Valid,Hyderabad,Not available in source data,2,35
3900000,1000,Toli Chowki,3,0,0,0,0,0,0,0,0,0,0,0,0,0,0,0,0,0,0,0,0,0,0,0,0,0,0,0,0,0,0,0,0,0,0,0,0,3900000,1000,3,3900.0,Toli Chowki,3 BHK,1000-1500 sqft,Valid,Hyderabad,Not available in source data,0,35
3999000,1200,Kistareddypet,2,0,0,0,0,0,0,0,0,0,0,0,0,0,0,0,1,0,0,0,0,0,0,0,0,0,0,1,0,0,0,0,0,0,0,0,0,3999000,1200,2,3332.5,Kistareddypet,2 BHK,1000-1500 sqft,Valid,Hyderabad,Not available in source data,2,35
4460000,1040,Pragathi Nagar Kukatpally,2,0,0,0,0,0,0,0,0,0,1,0,0,0,0,0,1,0,0,0,0,0,0,0,0,0,1,1,0,0,0,0,0,0,0,0,0,4460000,1040,2,4288.461538461538,Pragathi Nagar Kukatpally,2 BHK,1000-1500 sqft,Valid,Hyderabad,Not available in source data,4,35
7298999,1181,Hafeezpet,2,0,0,0,0,0,0,0,0,0,0,0,0,0,0,0,0,0,0,0,0,0,0,0,0,0,0,1,0,0,0,0,0,0,0,0,0,7298999,1181,2,6180.354784081287,Hafeezpet,2 BHK,1000-1500 sqft,Valid,Hyderabad,Not available in source data,1,35
10500000,2100,Kompally,3,0,0,0,0,0,0,0,0,0,0,0,0,0,0,0,1,0,0,0,0,0,0,1,0,0,0,0,0,0,0,0,0,0,0,0,0,10500000,2100,3,5000.0,Kompally,3 BHK,1500-2500 sqft,Valid,Hyderabad,Not available in source data,2,35
12000000,1550,Shaikpet,3,0,0,1,1,1,1,0,1,0,1,1,0,1,0,1,1,0,0,1,1,0,0,0,0,0,1,1,0,0,0,0,0,0,0,0,0,12000000,1550,3,7741.935483870968,Shaikpet,3 BHK,1500-2500 sqft,Valid,Hyderabad,Not available in source data,14,35
7700000,1280,Amberpet,3,0,0,0,0,0,0,0,0,0,0,0,0,0,0,0,0,0,0,0,0,0,0,0,0,0,0,1,0,0,0,0,0,0,0,0,0,7700000,1280,3,6015.625,Amberpet,3 BHK,1000-1500 sqft,Valid,Hyderabad,Not available in source data,1,35
12400000,1945,Kokapet,3,0,0,0,0,0,0,0,0,0,0,0,0,0,0,0,0,0,0,0,0,0,0,0,0,0,0,0,0,0,0,0,0,0,0,0,0,12400000,1945,3,6375.321336760925,Kokapet,3 BHK,1500-2500 sqft,Valid,Hyderabad,Not available in source data,0,35
28200000,3500,Hitech City,4,1,0,1,1,1,1,1,1,0,1,0,1,1,0,1,1,1,1,0,1,0,0,1,0,0,1,1,0,1,1,0,0,1,0,0,0,28200000,3500,4,8057.142857142857,Hitech City,4 BHK,2500+ sqft,Valid,Hyderabad,Not available in source data,20,35
3700000,1000,Nagole,2,1,0,1,1,0,1,1,0,0,0,0,0,1,0,1,1,1,0,0,1,0,0,0,0,0,1,1,0,1,0,0,0,0,0,0,0,3700000,1000,2,3700.0,Nagole,2 BHK,1000-1500 sqft,Valid,Hyderabad,Not available in source data,12,35
8000000,1200,Miyapur,2,1,0,0,0,0,0,0,0,0,1,0,0,0,0,0,1,0,0,0,0,0,0,0,0,0,0,1,0,0,0,0,0,0,0,0,0,8000000,1200,2,6666.666666666667,Miyapur,2 BHK,1000-1500 sqft,Valid,Hyderabad,Not available in source data,3,35
17700000,2729,Gachibowli,4,0,0,1,1,1,0,0,1,0,0,0,1,0,0,0,0,0,0,0,0,0,0,0,0,0,0,1,0,0,0,0,0,0,0,0,0,17700000,2729,4,6485.892268230121,Gachibowli,4 BHK,2500+ sqft,Valid,Hyderabad,Not available in source data,6,35
6998999,1500,AS Rao Nagar,3,0,0,0,0,0,0,0,0,0,0,0,0,0,0,0,1,0,0,0,0,0,0,0,0,0,1,1,0,0,0,0,0,0,0,0,0,6998999,1500,3,4665.999333333333,AS Rao Nagar,3 BHK,1500-2500 sqft,Valid,Hyderabad,Not available in source data,3,35
19400000,2165,Banjara Hills,3,0,0,1,1,1,1,1,1,0,0,0,0,1,0,0,1,1,0,0,1,0,0,0,0,0,1,1,0,1,0,0,0,0,0,0,0,19400000,2165,3,8960.739030023095,Banjara Hills,3 BHK,1500-2500 sqft,Valid,Hyderabad,Not available in source data,13,35
3000000,1050,Kapra,2,1,0,0,0,0,0,0,0,0,0,0,0,0,0,0,1,0,0,0,0,0,0,0,0,0,1,1,0,0,0,0,0,0,0,0,0,3000000,1050,2,2857.1428571428573,Kapra,2 BHK,1000-1500 sqft,Valid,Hyderabad,Not available in source data,3,35
2999000,1150,Bachupally,2,0,0,0,0,0,0,0,0,0,0,0,0,0,0,0,0,0,0,0,0,0,0,0,0,0,1,1,0,0,0,0,0,0,0,0,0,2999000,1150,2,2607.8260869565215,Bachupally,2 BHK,1000-1500 sqft,Valid,Hyderabad,Not available in source data,2,35
8500000,1822,West Marredpally,3,1,0,0,0,0,0,0,0,0,0,0,0,0,0,0,1,0,0,0,0,0,1,0,0,0,0,1,1,0,0,0,0,1,1,0,1,8500000,1822,3,4665.203073545555,West Marredpally,3 BHK,1500-2500 sqft,Valid,Hyderabad,Not available in source data,7,35
6500000,1270,Puppalaguda,1,0,0,0,0,0,0,0,0,0,0,0,0,0,0,0,1,0,0,0,0,0,0,0,0,0,0,1,0,0,0,0,0,0,0,0,0,6500000,1270,1,5118.110236220473,Puppalaguda,1 BHK,1000-1500 sqft,Valid,Hyderabad,Not available in source data,2,35
4500000,1300,Trimalgherry,1,1,0,1,0,0,0,0,0,0,0,1,0,0,0,0,1,0,0,0,0,0,0,0,0,0,0,1,0,0,0,0,0,0,0,0,0,4500000,1300,1,3461.5384615384614,Trimalgherry,1 BHK,1000-1500 sqft,Valid,Hyderabad,Not available in source data,4,35
8500000,1600,Habsiguda,3,1,0,0,0,0,0,0,0,0,0,0,0,0,0,0,0,0,0,0,0,0,0,0,0,0,0,1,0,0,0,0,0,0,0,0,0,8500000,1600,3,5312.5,Habsiguda,3 BHK,1500-2500 sqft,Valid,Hyderabad,Not available in source data,1,35
14500000,1818,Sanath Nagar,3,1,0,1,1,1,1,1,1,0,1,1,0,1,0,1,1,1,1,1,1,0,0,0,1,0,1,1,0,1,0,0,0,1,0,0,0,14500000,1818,3,7975.797579757976,Sanath Nagar,3 BHK,1500-2500 sqft,Valid,Hyderabad,Not available in source data,20,35
8000000,1282,Darga Khaliz Khan,2,0,0,1,1,0,0,0,0,0,1,1,0,1,0,0,1,0,0,0,0,0,0,0,0,0,1,1,0,0,0,0,0,0,0,0,0,8000000,1282,2,6240.249609984399,Darga Khaliz Khan,2 BHK,1000-1500 sqft,Valid,Hyderabad,Not available in source data,8,35
8600000,1830,Manikonda,3,0,0,1,1,0,0,0,0,0,1,0,0,0,0,0,1,0,0,0,0,0,0,0,0,0,1,1,0,0,0,0,0,0,0,0,0,8600000,1830,3,4699.453551912568,Manikonda,3 BHK,1500-2500 sqft,Valid,Hyderabad,Not available in source data,6,35
9073000,1815,Kokapet,3,0,0,1,1,1,1,1,1,0,1,1,0,1,0,1,1,1,0,1,1,0,0,0,0,0,1,1,0,1,0,0,0,0,0,0,0,9073000,1815,3,4998.8980716253445,Kokapet,3 BHK,1500-2500 sqft,Valid,Hyderabad,Not available in source data,17,35
6700000,1400,Puppalaguda,1,0,0,0,0,0,0,0,0,0,0,0,0,0,0,0,1,0,0,0,0,0,0,0,0,0,0,1,0,0,0,0,0,0,0,0,0,6700000,1400,1,4785.714285714285,Puppalaguda,1 BHK,1000-1500 sqft,Valid,Hyderabad,Not available in source data,2,35
6344000,1220,Nizampet,2,0,0,1,1,1,1,1,1,0,1,0,0,1,0,1,1,1,0,0,1,0,0,0,0,0,1,1,0,1,0,0,0,0,0,0,0,6344000,1220,2,5200.0,Nizampet,2 BHK,1000-1500 sqft,Valid,Hyderabad,Not available in source data,15,35
8580000,1650,Nizampet,3,0,0,1,1,1,1,1,1,0,1,0,0,1,0,1,1,1,0,0,1,0,0,0,0,0,1,1,0,1,0,0,0,0,0,0,0,8580000,1650,3,5200.0,Nizampet,3 BHK,1500-2500 sqft,Valid,Hyderabad,Not available in source data,15,35
8736000,1680,Nizampet,3,0,0,1,1,1,1,1,1,0,1,0,0,1,0,1,1,1,0,0,1,0,0,0,0,0,1,1,0,1,0,0,0,0,0,0,0,8736000,1680,3,5200.0,Nizampet,3 BHK,1500-2500 sqft,Valid,Hyderabad,Not available in source data,15,35
8086000,1555,Nizampet,3,0,0,1,1,1,1,1,1,0,1,0,0,1,0,1,1,1,0,0,1,0,0,0,0,0,1,1,0,1,0,0,0,0,0,0,0,8086000,1555,3,5200.0,Nizampet,3 BHK,1500-2500 sqft,Valid,Hyderabad,Not available in source data,15,35
8762000,1685,Nizampet,3,0,0,1,1,1,1,1,1,0,1,0,0,1,0,1,1,1,0,0,1,0,0,0,0,0,1,1,0,1,0,0,0,0,0,0,0,8762000,1685,3,5200.0,Nizampet,3 BHK,1500-2500 sqft,Valid,Hyderabad,Not available in source data,15,35
7904000,1520,Nizampet,3,0,0,1,1,1,1,1,1,0,1,0,0,1,0,1,1,1,0,0,1,0,0,0,0,0,1,1,0,1,0,0,0,0,0,0,0,7904000,1520,3,5200.0,Nizampet,3 BHK,1500-2500 sqft,Valid,Hyderabad,Not available in source data,15,35
6370000,1225,Nizampet,2,0,0,1,1,1,1,1,1,0,1,0,0,1,0,1,1,1,0,0,1,0,0,0,0,0,1,1,0,1,0,0,0,0,0,0,0,6370000,1225,2,5200.0,Nizampet,2 BHK,1000-1500 sqft,Valid,Hyderabad,Not available in source data,15,35
9334000,1795,Nizampet,3,0,0,1,1,1,1,1,1,0,1,0,0,1,0,1,1,1,0,0,1,0,0,0,0,0,1,1,0,1,0,0,0,0,0,0,0,9334000,1795,3,5200.0,Nizampet,3 BHK,1500-2500 sqft,Valid,Hyderabad,Not available in source data,15,35
7462000,1435,Nizampet,2,0,0,1,1,1,1,1,1,0,1,0,0,1,0,1,1,1,0,0,1,0,0,0,0,0,1,1,0,1,0,0,0,0,0,0,0,7462000,1435,2,5200.0,Nizampet,2 BHK,1000-1500 sqft,Valid,Hyderabad,Not available in source data,15,35
7436000,1430,Nizampet,2,0,0,1,1,1,1,1,1,0,1,0,0,1,0,1,1,1,0,0,1,0,0,0,0,0,1,1,0,1,0,0,0,0,0,0,0,7436000,1430,2,5200.0,Nizampet,2 BHK,1000-1500 sqft,Valid,Hyderabad,Not available in source data,15,35
6578000,1265,Nizampet,2,0,0,1,1,1,1,1,1,0,1,0,0,1,0,1,1,1,0,0,1,0,0,0,0,0,1,1,0,1,0,0,0,0,0,0,0,6578000,1265,2,5200.0,Nizampet,2 BHK,1000-1500 sqft,Valid,Hyderabad,Not available in source data,15,35
10400000,2080,Manikonda,3,0,1,1,1,1,0,1,1,0,0,0,0,0,0,1,1,1,0,0,1,0,0,0,0,0,1,1,0,1,0,0,0,0,0,0,0,10400000,2080,3,5000.0,Manikonda,3 BHK,1500-2500 sqft,Valid,Hyderabad,Not available in source data,13,35
10400000,2092,Manikonda,3,0,1,1,1,1,0,1,1,0,0,0,0,0,0,1,1,1,0,0,1,0,0,0,0,0,1,1,0,1,0,0,0,0,0,0,0,10400000,2092,3,4971.31931166348,Manikonda,3 BHK,1500-2500 sqft,Valid,Hyderabad,Not available in source data,13,35
6850000,1370,Manikonda,2,0,1,1,1,1,0,1,1,0,0,0,0,0,0,1,1,1,0,0,1,0,0,0,0,0,1,1,0,1,0,0,0,0,0,0,0,6850000,1370,2,5000.0,Manikonda,2 BHK,1000-1500 sqft,Valid,Hyderabad,Not available in source data,13,35
11100000,2232,Manikonda,3,0,1,1,1,1,0,1,1,0,0,0,0,0,0,1,1,1,0,0,1,0,0,0,0,0,1,1,0,1,0,0,0,0,0,0,0,11100000,2232,3,4973.118279569892,Manikonda,3 BHK,1500-2500 sqft,Valid,Hyderabad,Not available in source data,13,35
10300000,2063,Manikonda,3,0,1,1,1,1,0,1,1,0,0,0,0,0,0,1,1,1,0,0,1,0,0,0,0,0,1,1,0,1,0,0,0,0,0,0,0,10300000,2063,3,4992.729035385361,Manikonda,3 BHK,1500-2500 sqft,Valid,Hyderabad,Not available in source data,13,35
7000000,1400,Manikonda,2,0,1,1,1,1,0,1,1,0,0,0,0,0,0,1,1,1,0,0,1,0,0,0,0,0,1,1,0,1,0,0,0,0,0,0,0,7000000,1400,2,5000.0,Manikonda,2 BHK,1000-1500 sqft,Valid,Hyderabad,Not available in source data,13,35
9325000,1865,Manikonda,3,0,1,1,1,1,0,1,1,0,0,0,0,0,0,1,1,1,0,0,1,0,0,0,0,0,1,1,0,1,0,0,0,0,0,0,0,9325000,1865,3,5000.0,Manikonda,3 BHK,1500-2500 sqft,Valid,Hyderabad,Not available in source data,13,35
11299999,2270,Manikonda,3,0,1,1,1,1,0,1,1,0,0,0,0,0,0,1,1,1,0,0,1,0,0,0,0,0,1,1,0,1,0,0,0,0,0,0,0,11299999,2270,3,4977.973127753304,Manikonda,3 BHK,1500-2500 sqft,Valid,Hyderabad,Not available in source data,13,35
9480000,1896,Manikonda,3,0,1,1,1,1,0,1,1,0,0,0,0,0,0,1,1,1,0,0,1,0,0,0,0,0,1,1,0,1,0,0,0,0,0,0,0,9480000,1896,3,5000.0,Manikonda,3 BHK,1500-2500 sqft,Valid,Hyderabad,Not available in source data,13,35
25600000,3031,Hitech City,4,0,0,1,1,1,1,1,1,0,1,0,1,1,0,1,1,1,1,0,1,0,0,0,0,0,1,1,0,1,0,0,0,0,0,0,0,25600000,3031,4,8446.057406796437,Hitech City,4 BHK,2500+ sqft,Valid,Hyderabad,Not available in source data,17,35
8510000,1702,Manikonda,3,0,0,1,0,0,0,0,1,0,0,0,0,0,0,0,0,0,0,0,1,0,0,0,0,0,1,0,0,0,0,0,0,0,0,0,0,8510000,1702,3,5000.0,Manikonda,3 BHK,1500-2500 sqft,Valid,Hyderabad,Not available in source data,4,35
6750000,1350,Manikonda,2,0,0,1,0,0,0,0,1,0,0,0,0,0,0,0,0,0,0,0,1,0,0,0,0,0,1,0,0,0,0,0,0,0,0,0,0,6750000,1350,2,5000.0,Manikonda,2 BHK,1000-1500 sqft,Valid,Hyderabad,Not available in source data,4,35
7625000,1525,Manikonda,3,0,0,1,0,0,0,0,1,0,0,0,0,0,0,0,0,0,0,0,1,0,0,0,0,0,1,0,0,0,0,0,0,0,0,0,0,7625000,1525,3,5000.0,Manikonda,3 BHK,1500-2500 sqft,Valid,Hyderabad,Not available in source data,4,35
6125000,1225,Manikonda,2,0,0,1,0,0,0,0,1,0,0,0,0,0,0,0,0,0,0,0,1,0,0,0,0,0,1,0,0,0,0,0,0,0,0,0,0,6125000,1225,2,5000.0,Manikonda,2 BHK,1000-1500 sqft,Valid,Hyderabad,Not available in source data,4,35
8640000,1728,Manikonda,3,0,0,1,0,0,0,0,1,0,0,0,0,0,0,0,0,0,0,0,1,0,0,0,0,0,1,0,0,0,0,0,0,0,0,0,0,8640000,1728,3,5000.0,Manikonda,3 BHK,1500-2500 sqft,Valid,Hyderabad,Not available in source data,4,35
8625000,1725,Manikonda,3,0,0,1,0,0,0,0,1,0,0,0,0,0,0,0,0,0,0,0,1,0,0,0,0,0,1,0,0,0,0,0,0,0,0,0,0,8625000,1725,3,5000.0,Manikonda,3 BHK,1500-2500 sqft,Valid,Hyderabad,Not available in source data,4,35
6500000,1300,Manikonda,2,0,0,1,0,0,0,0,1,0,0,0,0,0,0,0,0,0,0,0,1,0,0,0,0,0,1,0,0,0,0,0,0,0,0,0,0,6500000,1300,2,5000.0,Manikonda,2 BHK,1000-1500 sqft,Valid,Hyderabad,Not available in source data,4,35
8000000,1600,Manikonda,3,0,0,1,0,0,0,0,1,0,0,0,0,0,0,0,0,0,0,0,1,0,0,0,0,0,1,0,0,0,0,0,0,0,0,0,0,8000000,1600,3,5000.0,Manikonda,3 BHK,1500-2500 sqft,Valid,Hyderabad,Not available in source data,4,35
6000000,1200,Manikonda,2,0,0,1,0,0,0,0,1,0,0,0,0,0,0,0,0,0,0,0,1,0,0,0,0,0,1,0,0,0,0,0,0,0,0,0,0,6000000,1200,2,5000.0,Manikonda,2 BHK,1000-1500 sqft,Valid,Hyderabad,Not available in source data,4,35
9900000,1640,Kothaguda,3,1,0,0,0,0,0,0,0,0,1,0,0,0,0,0,1,0,0,0,0,0,0,0,1,0,1,1,1,0,1,0,0,1,1,0,0,9900000,1640,3,6036.585365853659,Kothaguda,3 BHK,1500-2500 sqft,Valid,Hyderabad,Not available in source data,9,35
8234999,1830,Kompally,3,0,0,0,0,0,0,0,0,0,0,0,0,0,0,0,1,0,0,0,0,0,0,0,0,0,0,1,0,0,0,0,0,0,0,0,0,8234999,1830,3,4499.999453551913,Kompally,3 BHK,1500-2500 sqft,Valid,Hyderabad,Not available in source data,2,35
8256999,1835,Kompally,3,0,0,0,0,0,0,0,0,0,0,0,0,0,0,0,1,0,0,0,0,0,0,0,0,0,1,1,0,0,0,0,0,0,0,0,0,8256999,1835,3,4499.7269754768395,Kompally,3 BHK,1500-2500 sqft,Valid,Hyderabad,Not available in source data,3,35
7100000,1570,Tellapur,3,0,0,1,1,0,0,0,1,0,0,0,0,1,0,1,1,0,0,1,0,0,0,0,0,0,1,0,0,0,0,0,0,0,0,0,0,7100000,1570,3,4522.292993630574,Tellapur,3 BHK,1500-2500 sqft,Valid,Hyderabad,Not available in source data,8,35
9900000,1570,Tellapur,3,0,0,1,1,0,0,0,1,0,0,0,0,1,0,1,1,0,0,1,0,0,0,0,0,0,1,0,0,0,0,0,0,0,0,0,0,9900000,1570,3,6305.732484076433,Tellapur,3 BHK,1500-2500 sqft,Valid,Hyderabad,Not available in source data,8,35
16000000,1895,Sanath Nagar,3,0,0,1,1,1,1,0,1,1,1,1,1,1,0,0,1,1,0,1,0,0,0,0,0,0,0,1,0,1,0,0,0,0,0,0,0,16000000,1895,3,8443.271767810027,Sanath Nagar,3 BHK,1500-2500 sqft,Valid,Hyderabad,Not available in source data,15,35
8000000,1600,Manikonda,3,1,0,0,0,0,0,0,0,0,0,0,0,0,0,0,0,0,0,0,0,0,0,0,0,0,0,0,0,0,0,0,0,0,0,0,0,8000000,1600,3,5000.0,Manikonda,3 BHK,1500-2500 sqft,Valid,Hyderabad,Not available in source data,0,35
5654000,1140,Kukatpally,2,0,0,0,0,1,0,0,0,0,0,0,0,0,0,0,1,1,0,0,0,0,0,0,0,0,1,1,0,0,0,0,0,0,0,0,0,5654000,1140,2,4959.649122807017,Kukatpally,2 BHK,1000-1500 sqft,Valid,Hyderabad,Not available in source data,5,35
5704000,1150,Kukatpally,2,0,0,0,0,1,0,0,0,0,0,0,0,0,0,0,1,1,0,0,0,0,0,0,0,0,1,1,0,0,0,0,0,0,0,0,0,5704000,1150,2,4960.0,Kukatpally,2 BHK,1000-1500 sqft,Valid,Hyderabad,Not available in source data,5,35
7588000,1530,Kukatpally,3,0,0,0,0,1,0,0,0,0,0,0,0,0,0,0,1,1,0,0,0,0,0,0,0,0,1,1,0,0,0,0,0,0,0,0,0,7588000,1530,3,4959.477124183007,Kukatpally,3 BHK,1500-2500 sqft,Valid,Hyderabad,Not available in source data,5,35
5999000,1230,Nizampet,2,0,0,0,0,0,0,0,0,0,0,0,0,0,0,0,1,0,0,0,0,0,0,0,0,0,0,1,0,0,0,0,0,0,0,0,0,5999000,1230,2,4877.235772357723,Nizampet,2 BHK,1000-1500 sqft,Valid,Hyderabad,Not available in source data,2,35
6000000,1300,Manikonda,2,0,0,0,0,0,0,0,0,0,0,0,0,0,0,0,0,0,0,0,0,0,0,0,0,0,0,0,0,0,0,0,0,0,0,0,0,6000000,1300,2,4615.384615384615,Manikonda,2 BHK,1000-1500 sqft,Valid,Hyderabad,Not available in source data,0,35
3148000,1050,Gachibowli,2,0,0,1,1,0,0,0,0,0,1,1,0,1,0,0,1,0,0,0,0,0,0,1,0,0,1,1,0,0,0,0,0,1,0,0,0,3148000,1050,2,2998.095238095238,Gachibowli,2 BHK,1000-1500 sqft,Valid,Hyderabad,Not available in source data,10,35
6325000,1665,Gachibowli,3,0,0,1,1,0,0,0,0,0,1,1,0,1,0,0,1,0,0,0,0,0,0,1,0,0,1,1,0,0,0,0,0,1,0,0,0,6325000,1665,3,3798.798798798799,Gachibowli,3 BHK,1500-2500 sqft,Valid,Hyderabad,Not available in source data,10,35
4748000,1250,Gachibowli,2,0,0,0,0,0,0,0,0,0,0,0,0,0,0,0,0,0,0,0,0,0,0,0,0,0,0,0,0,0,0,0,0,0,0,0,0,4748000,1250,2,3798.4,Gachibowli,2 BHK,1000-1500 sqft,Valid,Hyderabad,Not available in source data,0,35
4748000,1250,Gachibowli,2,0,0,1,1,0,0,0,0,0,1,1,0,1,0,0,1,0,0,0,0,0,0,0,0,0,1,1,0,0,0,0,0,1,0,0,0,4748000,1250,2,3798.4,Gachibowli,2 BHK,1000-1500 sqft,Valid,Hyderabad,Not available in source data,9,35
8168000,1900,Gachibowli,3,0,0,0,0,0,0,0,0,0,0,0,0,0,0,0,0,0,0,0,0,0,0,0,0,0,0,0,0,0,0,0,0,0,0,0,0,8168000,1900,3,4298.9473684210525,Gachibowli,3 BHK,1500-2500 sqft,Valid,Hyderabad,Not available in source data,0,35
8168000,1900,Gachibowli,3,0,0,1,1,0,0,0,0,0,1,1,0,1,0,0,1,0,0,0,0,0,0,0,0,0,1,1,0,0,0,0,0,0,0,0,0,8168000,1900,3,4298.9473684210525,Gachibowli,3 BHK,1500-2500 sqft,Valid,Hyderabad,Not available in source data,8,35
7802000,1815,Gachibowli,2,0,0,1,1,0,0,0,0,0,0,1,0,1,0,0,1,0,0,0,0,0,0,1,0,0,1,1,0,0,0,0,0,0,0,0,0,7802000,1815,2,4298.62258953168,Gachibowli,2 BHK,1500-2500 sqft,Valid,Hyderabad,Not available in source data,8,35
5373000,1250,Gachibowli,2,0,0,1,1,0,0,0,0,0,0,0,0,1,0,0,1,0,0,0,0,0,0,0,0,0,0,1,0,0,0,0,0,0,1,0,0,5373000,1250,2,4298.4,Gachibowli,2 BHK,1000-1500 sqft,Valid,Hyderabad,Not available in source data,6,35
7400000,1530,Moosapet,3,0,0,0,0,0,0,0,0,0,0,0,0,0,0,0,1,0,0,0,0,0,0,0,0,0,0,1,0,0,0,0,0,0,0,0,0,7400000,1530,3,4836.601307189542,Moosapet,3 BHK,1500-2500 sqft,Valid,Hyderabad,Not available in source data,2,35
7400000,1530,Balanagar,3,0,0,0,0,0,0,0,0,0,0,0,0,0,0,0,1,0,0,0,0,0,0,0,0,0,0,1,0,0,0,0,0,0,0,0,0,7400000,1530,3,4836.601307189542,Balanagar,3 BHK,1500-2500 sqft,Valid,Hyderabad,Not available in source data,2,35
20200000,3380,Kokapet,4,0,1,1,1,1,1,1,1,0,1,0,0,1,0,1,1,1,1,0,1,0,0,0,0,0,1,1,0,1,0,0,0,0,0,0,0,20200000,3380,4,5976.331360946746,Kokapet,4 BHK,2500+ sqft,Valid,Hyderabad,Not available in source data,17,35
10800000,1875,Kokapet,3,0,1,1,1,1,1,1,1,0,1,0,0,1,0,1,1,1,1,0,1,0,0,0,0,0,1,1,0,1,0,0,0,0,0,0,0,10800000,1875,3,5760.0,Kokapet,3 BHK,1500-2500 sqft,Valid,Hyderabad,Not available in source data,17,35
15200000,2540,Kokapet,3,0,1,1,1,1,1,1,1,0,1,0,0,1,0,1,1,1,1,0,1,0,0,0,0,0,1,1,0,1,0,0,0,0,0,0,0,15200000,2540,3,5984.251968503937,Kokapet,3 BHK,2500+ sqft,Valid,Hyderabad,Not available in source data,17,35
15200000,2630,Kokapet,4,0,1,1,1,1,1,1,1,0,1,0,0,1,0,1,1,1,1,0,1,0,0,0,0,0,1,1,0,1,0,0,0,0,0,0,0,15200000,2630,4,5779.467680608365,Kokapet,4 BHK,2500+ sqft,Valid,Hyderabad,Not available in source data,17,35
47200000,4500,Jubilee Hills,4,1,0,0,0,0,0,0,0,0,0,0,0,0,0,0,0,0,0,0,0,0,0,0,0,0,0,0,0,0,0,0,0,0,0,0,0,47200000,4500,4,10488.888888888889,Jubilee Hills,4 BHK,2500+ sqft,Valid,Hyderabad,Not available in source data,0,35
21500000,3380,Kokapet,4,1,1,1,1,1,1,1,1,0,1,0,0,1,0,1,1,1,1,0,1,0,0,0,0,0,1,1,0,1,0,0,0,0,0,0,0,21500000,3380,4,6360.94674556213,Kokapet,4 BHK,2500+ sqft,Valid,Hyderabad,Not available in source data,17,35
12000000,2700,Manikonda,3,0,0,0,0,0,0,0,0,0,0,0,0,0,0,0,1,0,0,0,0,0,0,0,0,0,0,1,0,0,0,0,0,0,0,0,0,12000000,2700,3,4444.444444444444,Manikonda,3 BHK,2500+ sqft,Valid,Hyderabad,Not available in source data,2,35
10000000,1792,Tellapur,3,1,0,1,1,0,1,1,0,0,0,0,0,1,0,1,1,1,1,0,0,0,0,0,0,0,0,1,0,1,0,0,0,0,0,0,0,10000000,1792,3,5580.357142857143,Tellapur,3 BHK,1500-2500 sqft,Valid,Hyderabad,Not available in source data,11,35
9500000,1673,Tellapur,3,1,0,1,1,0,1,1,0,0,0,0,0,1,0,1,1,1,1,0,0,0,0,0,0,0,0,1,0,1,0,0,0,0,0,0,0,9500000,1673,3,5678.421996413628,Tellapur,3 BHK,1500-2500 sqft,Valid,Hyderabad,Not available in source data,11,35
10700000,1665,Narsingi,3,0,1,1,1,1,1,0,1,0,1,1,1,1,0,1,1,1,0,1,1,0,0,0,0,0,1,1,0,1,0,0,0,0,0,0,0,10700000,1665,3,6426.426426426427,Narsingi,3 BHK,1500-2500 sqft,Valid,Hyderabad,Not available in source data,18,35
10700000,1640,Narsingi,3,0,1,1,1,1,1,0,1,0,1,1,1,1,0,1,1,1,0,1,1,0,0,0,0,0,1,1,0,1,0,0,0,0,0,0,0,10700000,1640,3,6524.390243902439,Narsingi,3 BHK,1500-2500 sqft,Valid,Hyderabad,Not available in source data,18,35
10700000,1640,Narsingi,3,0,1,1,1,1,1,0,1,0,1,0,1,1,0,1,1,1,0,1,1,0,0,0,0,0,1,1,0,1,0,0,0,0,0,0,0,10700000,1640,3,6524.390243902439,Narsingi,3 BHK,1500-2500 sqft,Valid,Hyderabad,Not available in source data,17,35
11500000,1665,raidurgam,3,1,0,0,0,0,0,0,0,0,0,0,0,0,0,0,1,0,0,0,0,0,1,1,0,0,1,1,0,0,0,0,1,1,0,0,0,11500000,1665,3,6906.906906906907,raidurgam,3 BHK,1500-2500 sqft,Valid,Hyderabad,Not available in source data,7,35
17000000,2200,Banjara Hills,3,1,0,0,0,0,0,0,0,0,0,0,0,0,0,0,0,0,0,0,0,0,0,0,0,0,0,0,0,0,0,0,0,0,0,0,0,17000000,2200,3,7727.272727272727,Banjara Hills,3 BHK,1500-2500 sqft,Valid,Hyderabad,Not available in source data,0,35
4000000,1170,Pragathi Nagar Kukatpally,2,0,0,0,0,0,0,0,0,0,0,0,0,0,0,0,0,0,0,0,0,0,0,0,0,0,0,0,0,0,0,0,0,0,0,0,0,4000000,1170,2,3418.803418803419,Pragathi Nagar Kukatpally,2 BHK,1000-1500 sqft,Valid,Hyderabad,Not available in source data,0,35
8500000,1600,Banjara Hills,4,1,0,0,0,0,0,0,0,0,0,0,0,0,0,0,1,0,0,0,0,0,1,1,1,0,0,1,1,0,1,0,1,1,1,0,1,8500000,1600,4,5312.5,Banjara Hills,4 BHK,1500-2500 sqft,Valid,Hyderabad,Not available in source data,11,35
8600000,1644,Miyapur,3,0,0,0,0,0,0,0,0,0,0,0,0,0,0,0,0,0,0,0,0,0,0,0,0,0,0,0,0,0,0,0,0,0,0,0,0,8600000,1644,3,5231.143552311435,Miyapur,3 BHK,1500-2500 sqft,Valid,Hyderabad,Not available in source data,0,35
8599000,1644,Miyapur,3,0,0,0,0,0,0,0,0,0,0,0,0,0,0,0,0,0,0,0,0,0,0,0,0,0,0,0,0,0,0,0,0,0,0,0,0,8599000,1644,3,5230.535279805353,Miyapur,3 BHK,1500-2500 sqft,Valid,Hyderabad,Not available in source data,0,35
8898000,1687,Miyapur,3,0,0,0,0,0,0,0,0,0,0,0,0,0,0,0,0,0,0,0,0,0,0,0,0,0,0,0,0,0,0,0,0,0,0,0,0,8898000,1687,3,5274.451689389449,Miyapur,3 BHK,1500-2500 sqft,Valid,Hyderabad,Not available in source data,0,35
8599000,1650,Miyapur,3,0,0,0,0,0,0,0,0,0,0,0,0,0,0,0,0,0,0,0,0,0,0,0,0,0,0,0,0,0,0,0,0,0,0,0,0,8599000,1650,3,5211.515151515152,Miyapur,3 BHK,1500-2500 sqft,Valid,Hyderabad,Not available in source data,0,35
8298999,1554,Miyapur,3,0,0,0,0,0,0,0,0,0,0,0,0,0,0,0,0,0,0,0,0,0,0,0,0,0,0,0,0,0,0,0,0,0,0,0,0,8298999,1554,3,5340.411196911197,Miyapur,3 BHK,1500-2500 sqft,Valid,Hyderabad,Not available in source data,0,35
8598000,1684,Miyapur,3,0,0,0,0,0,0,0,0,0,0,0,0,0,0,0,0,0,0,0,0,0,0,0,0,0,0,0,0,0,0,0,0,0,0,0,0,8598000,1684,3,5105.700712589073,Miyapur,3 BHK,1500-2500 sqft,Valid,Hyderabad,Not available in source data,0,35
8898000,1650,Miyapur,3,0,0,0,0,0,0,0,0,0,0,0,0,0,0,0,0,0,0,0,0,0,0,0,0,0,0,0,0,0,0,0,0,0,0,0,0,8898000,1650,3,5392.727272727273,Miyapur,3 BHK,1500-2500 sqft,Valid,Hyderabad,Not available in source data,0,35
4200000,970,Murad Nagar,2,0,0,0,0,0,0,0,0,0,0,0,0,0,0,0,0,0,0,0,0,0,0,0,0,0,0,0,0,0,0,0,0,0,0,0,0,4200000,970,2,4329.896907216495,Murad Nagar,2 BHK,500-1000 sqft,Valid,Hyderabad,Not available in source data,0,35
10000000,2240,Tellapur,3,1,0,1,1,0,0,0,1,0,0,1,0,1,0,1,1,0,0,1,0,0,0,0,0,0,1,1,0,0,0,0,0,0,0,0,0,10000000,2240,3,4464.285714285715,Tellapur,3 BHK,1500-2500 sqft,Valid,Hyderabad,Not available in source data,10,35
10000000,2240,Tellapur,3,0,0,1,1,0,0,0,0,0,0,1,0,1,0,0,1,0,0,0,0,0,0,0,0,0,1,1,0,0,0,0,0,0,0,0,0,10000000,2240,3,4464.285714285715,Tellapur,3 BHK,1500-2500 sqft,Valid,Hyderabad,Not available in source data,7,35
4400000,1100,Nizampet,2,0,0,0,0,0,0,0,0,0,0,0,0,0,0,0,0,0,0,0,0,0,0,0,0,0,0,0,0,0,0,0,0,0,0,0,0,4400000,1100,2,4000.0,Nizampet,2 BHK,1000-1500 sqft,Valid,Hyderabad,Not available in source data,0,35
7840000,1600,Chandanagar,3,0,0,0,0,0,0,0,0,0,0,0,0,0,0,0,1,0,0,0,0,0,0,0,0,0,0,1,0,0,0,0,0,0,0,0,0,7840000,1600,3,4900.0,Chandanagar,3 BHK,1500-2500 sqft,Valid,Hyderabad,Not available in source data,2,35
8600000,1150,Hitech City,2,0,0,0,0,0,0,0,0,0,1,0,0,0,0,0,1,0,0,0,0,0,0,0,0,0,0,1,0,0,0,0,0,0,0,0,0,8600000,1150,2,7478.260869565217,Hitech City,2 BHK,1000-1500 sqft,Valid,Hyderabad,Not available in source data,3,35
6800000,1415,Manikonda,3,0,0,1,0,0,0,0,0,0,1,1,0,0,0,0,1,0,0,0,0,0,0,0,1,0,1,1,0,0,0,0,1,0,0,0,0,6800000,1415,3,4805.653710247349,Manikonda,3 BHK,1000-1500 sqft,Valid,Hyderabad,Not available in source data,8,35
18500000,1980,Banjara Hills,3,0,0,0,0,0,0,0,0,0,0,0,0,0,0,0,0,0,0,0,0,0,0,0,0,0,0,0,0,0,0,0,0,0,0,0,0,18500000,1980,3,9343.434343434343,Banjara Hills,3 BHK,1500-2500 sqft,Valid,Hyderabad,Not available in source data,0,35
5880000,1200,Chandanagar,2,0,0,0,0,0,0,0,0,0,0,0,0,0,0,0,1,0,0,0,0,0,0,0,0,0,0,1,0,0,0,0,0,0,0,0,0,5880000,1200,2,4900.0,Chandanagar,2 BHK,1000-1500 sqft,Valid,Hyderabad,Not available in source data,2,35
9906000,1905,Kukatpally,3,0,0,1,1,1,1,1,1,1,1,1,1,1,1,1,1,1,1,0,0,1,0,0,0,0,1,1,0,1,0,0,0,0,0,0,0,9906000,1905,3,5200.0,Kukatpally,3 BHK,1500-2500 sqft,Valid,Hyderabad,Not available in source data,20,35
10000000,1925,Kukatpally,3,0,0,1,1,1,1,1,1,1,1,1,1,1,1,1,1,1,1,0,0,1,0,0,0,0,1,1,0,1,0,0,0,0,0,0,0,10000000,1925,3,5194.805194805195,Kukatpally,3 BHK,1500-2500 sqft,Valid,Hyderabad,Not available in source data,20,35
6187000,1482,Uppal Kalan,3,0,0,1,1,0,0,0,0,0,1,1,0,1,0,0,1,0,0,0,0,0,1,0,0,0,1,1,0,0,0,0,0,0,0,0,0,6187000,1482,3,4174.763832658569,Uppal Kalan,3 BHK,1000-1500 sqft,Valid,Hyderabad,Not available in source data,9,35
3800000,1100,Nizampet,2,0,0,1,0,0,0,0,0,0,1,0,0,0,0,0,1,0,0,0,0,0,0,0,0,0,1,1,0,0,0,0,0,0,0,0,0,3800000,1100,2,3454.5454545454545,Nizampet,2 BHK,1000-1500 sqft,Valid,Hyderabad,Not available in source data,5,35
11500000,1800,East Marredpally,3,0,0,0,0,0,0,0,0,0,0,0,0,0,0,0,0,0,0,0,0,0,0,0,0,0,0,0,0,0,0,0,0,0,0,0,0,11500000,1800,3,6388.888888888889,East Marredpally,3 BHK,1500-2500 sqft,Valid,Hyderabad,Not available in source data,0,35
12000000,1800,East Marredpally,3,0,0,0,0,0,0,0,0,0,0,0,0,0,0,0,0,0,0,0,0,0,0,0,0,0,0,0,0,0,0,0,0,0,0,0,0,12000000,1800,3,6666.666666666667,East Marredpally,3 BHK,1500-2500 sqft,Valid,Hyderabad,Not available in source data,0,35
4641000,1105,Mallampet,2,0,0,1,0,0,0,0,0,0,1,0,0,1,0,0,1,0,0,0,0,0,0,0,0,0,1,1,0,0,0,0,0,0,0,0,0,4641000,1105,2,4200.0,Mallampet,2 BHK,1000-1500 sqft,Valid,Hyderabad,Not available in source data,6,35
11100000,1730,Kukatpally,3,0,0,0,0,0,0,0,0,0,0,0,0,0,0,0,0,0,0,0,0,0,0,0,0,0,0,0,0,0,0,0,0,0,0,0,0,11100000,1730,3,6416.184971098266,Kukatpally,3 BHK,1500-2500 sqft,Valid,Hyderabad,Not available in source data,0,35
4400000,1100,Aminpur,2,0,0,1,0,0,0,0,0,0,0,0,0,1,0,0,1,0,0,0,0,0,0,0,0,0,1,1,0,0,0,0,0,0,0,0,0,4400000,1100,2,4000.0,Aminpur,2 BHK,1000-1500 sqft,Valid,Hyderabad,Not available in source data,5,35
4400000,1100,Aminpur,2,0,0,0,0,0,0,0,0,0,0,0,0,1,0,0,1,0,0,0,0,0,0,0,0,0,1,1,0,0,0,0,0,0,0,0,0,4400000,1100,2,4000.0,Aminpur,2 BHK,1000-1500 sqft,Valid,Hyderabad,Not available in source data,4,35
4400000,1100,Aminpur,2,0,0,1,0,0,0,0,0,0,0,0,0,1,0,0,1,0,0,0,0,0,0,0,0,0,0,1,0,0,0,0,0,0,0,0,0,4400000,1100,2,4000.0,Aminpur,2 BHK,1000-1500 sqft,Valid,Hyderabad,Not available in source data,4,35
4400000,1100,Aminpur,2,0,0,0,0,0,0,0,0,0,0,0,0,1,0,0,1,0,0,0,0,0,0,0,0,0,0,1,0,0,0,0,0,0,0,0,0,4400000,1100,2,4000.0,Aminpur,2 BHK,1000-1500 sqft,Valid,Hyderabad,Not available in source data,3,35
7847000,1165,Kondapur,2,0,0,1,1,1,0,1,1,0,1,0,0,1,0,1,1,1,0,0,0,0,0,0,0,0,1,1,0,1,0,0,0,0,0,0,0,7847000,1165,2,6735.622317596567,Kondapur,2 BHK,1000-1500 sqft,Valid,Hyderabad,Not available in source data,13,35
4400000,1100,Aminpur,2,0,0,0,0,0,0,0,0,0,0,0,0,0,0,0,1,0,0,0,0,0,0,0,0,0,1,1,0,0,0,0,0,0,0,0,0,4400000,1100,2,4000.0,Aminpur,2 BHK,1000-1500 sqft,Valid,Hyderabad,Not available in source data,3,35
10000000,1535,Kondapur,3,0,0,1,1,1,0,1,1,0,1,0,0,1,0,1,1,1,0,0,0,0,0,0,0,0,1,1,0,1,0,0,0,0,0,0,0,10000000,1535,3,6514.657980456026,Kondapur,3 BHK,1500-2500 sqft,Valid,Hyderabad,Not available in source data,13,35
4400000,1110,Aminpur,2,0,0,0,0,0,0,0,0,0,0,0,0,1,0,0,1,0,0,0,0,0,0,0,0,0,1,1,0,0,0,0,0,0,0,0,0,4400000,1110,2,3963.963963963964,Aminpur,2 BHK,1000-1500 sqft,Valid,Hyderabad,Not available in source data,4,35
6500000,1278,Manikonda,2,0,0,1,0,0,0,0,0,0,1,0,0,0,0,0,1,0,0,0,0,0,0,0,0,0,1,1,0,0,0,0,1,0,0,0,0,6500000,1278,2,5086.071987480438,Manikonda,2 BHK,1000-1500 sqft,Valid,Hyderabad,Not available in source data,6,35
7500000,1406,Attapur,3,0,0,0,0,0,0,0,0,0,1,0,0,0,0,0,1,0,0,0,0,0,0,1,0,0,0,1,0,0,0,0,0,0,0,0,0,7500000,1406,3,5334.281650071124,Attapur,3 BHK,1000-1500 sqft,Valid,Hyderabad,Not available in source data,4,35
6500000,1190,Mallapur,2,0,0,1,1,0,0,0,0,0,1,1,0,1,0,0,1,0,0,0,0,0,0,1,0,0,1,1,0,1,0,0,0,0,0,0,0,6500000,1190,2,5462.18487394958,Mallapur,2 BHK,1000-1500 sqft,Valid,Hyderabad,Not available in source data,10,35
5300000,1215,Pragathi Nagar Kukatpally,2,0,0,0,0,0,0,0,0,0,1,0,0,0,0,0,1,0,0,0,0,0,0,0,0,0,0,1,0,0,0,0,0,0,0,0,0,5300000,1215,2,4362.139917695473,Pragathi Nagar Kukatpally,2 BHK,1000-1500 sqft,Valid,Hyderabad,Not available in source data,3,35
10700000,1770,Kondapur,3,0,0,1,1,1,0,1,1,0,1,0,0,1,0,1,1,1,0,0,0,0,0,0,0,0,1,1,0,1,0,0,0,0,0,0,0,10700000,1770,3,6045.197740112994,Kondapur,3 BHK,1500-2500 sqft,Valid,Hyderabad,Not available in source data,13,35
4840000,1210,Alwal,2,0,0,1,0,0,0,0,0,0,1,1,0,1,0,0,1,0,0,0,0,0,0,1,0,0,1,1,0,0,0,0,0,0,0,0,0,4840000,1210,2,4000.0,Alwal,2 BHK,1000-1500 sqft,Valid,Hyderabad,Not available in source data,8,35
4542000,1010,Gajularamaram,2,0,0,0,0,0,0,0,0,0,0,0,0,0,0,0,0,0,0,0,0,0,0,0,0,0,0,0,0,0,0,0,0,0,0,0,0,4542000,1010,2,4497.029702970297,Gajularamaram,2 BHK,1000-1500 sqft,Valid,Hyderabad,Not available in source data,0,35
8100000,1620,Serilingampally,3,0,0,0,0,0,0,0,0,0,0,0,0,0,0,0,1,0,0,0,0,0,0,0,0,0,1,1,0,0,0,0,0,0,0,0,0,8100000,1620,3,5000.0,Serilingampally,3 BHK,1500-2500 sqft,Valid,Hyderabad,Not available in source data,3,35
6931000,1555,Gajularamaram,3,0,0,1,1,0,0,0,0,0,1,0,0,0,0,0,1,0,0,0,0,0,0,0,0,0,1,1,0,0,0,0,0,0,0,0,0,6931000,1555,3,4457.2347266881025,Gajularamaram,3 BHK,1500-2500 sqft,Valid,Hyderabad,Not available in source data,6,35
7098999,1190,Kukatpally,2,0,0,0,0,0,0,0,0,0,0,0,0,0,0,0,1,0,0,0,0,0,0,0,0,0,1,1,0,0,0,0,0,0,0,0,0,7098999,1190,2,5965.545378151261,Kukatpally,2 BHK,1000-1500 sqft,Valid,Hyderabad,Not available in source data,3,35
11100000,1730,Kukatpally,3,0,0,0,0,0,0,0,0,0,0,0,0,0,0,0,1,0,0,0,0,0,0,0,0,0,1,1,0,0,0,0,0,0,0,0,0,11100000,1730,3,6416.184971098266,Kukatpally,3 BHK,1500-2500 sqft,Valid,Hyderabad,Not available in source data,3,35
7240000,1165,Kondapur,2,0,0,1,1,1,0,1,1,0,1,0,0,1,0,1,1,1,0,0,0,0,0,0,0,0,1,1,0,1,0,0,0,0,0,0,0,7240000,1165,2,6214.592274678112,Kondapur,2 BHK,1000-1500 sqft,Valid,Hyderabad,Not available in source data,13,35
10000000,1670,East Marredpally,3,0,0,0,0,0,0,0,0,0,0,0,0,0,0,0,1,0,0,0,0,0,0,0,0,0,0,1,0,0,0,0,0,0,0,0,0,10000000,1670,3,5988.023952095808,East Marredpally,3 BHK,1500-2500 sqft,Valid,Hyderabad,Not available in source data,2,35
13000000,1350,Hitech City,3,1,0,1,1,0,1,1,1,1,1,0,1,1,1,1,1,1,1,0,0,1,0,0,0,0,1,1,0,1,0,0,0,0,0,0,0,13000000,1350,3,9629.62962962963,Hitech City,3 BHK,1000-1500 sqft,Valid,Hyderabad,Not available in source data,18,35
43000000,4780,Sri Nagar Colony,4,1,0,1,0,0,0,0,0,0,0,0,0,0,0,0,1,0,0,0,0,0,0,0,0,0,0,0,0,0,0,0,0,0,0,0,0,43000000,4780,4,8995.81589958159,Sri Nagar Colony,4 BHK,2500+ sqft,Valid,Hyderabad,Not available in source data,2,35
8900000,1836,Serilingampally,3,0,0,0,0,0,0,0,0,0,0,0,0,0,0,0,1,0,0,0,0,0,0,0,0,0,0,1,0,0,0,0,0,0,0,0,0,8900000,1836,3,4847.494553376906,Serilingampally,3 BHK,1500-2500 sqft,Valid,Hyderabad,Not available in source data,2,35
15000000,1970,West Marredpally,3,1,0,0,0,0,0,0,0,0,0,0,0,0,0,0,0,0,0,0,0,0,0,0,0,0,0,0,0,0,0,0,0,0,0,0,0,15000000,1970,3,7614.213197969543,West Marredpally,3 BHK,1500-2500 sqft,Valid,Hyderabad,Not available in source data,0,35
12000000,2000,Kukatpally,3,0,1,1,1,1,1,1,1,0,1,1,0,1,0,1,1,1,1,0,1,0,0,0,0,0,1,1,0,1,0,0,0,0,0,0,0,12000000,2000,3,6000.0,Kukatpally,3 BHK,1500-2500 sqft,Valid,Hyderabad,Not available in source data,18,35
7744000,1210,Kondapur,2,0,0,1,1,1,0,1,1,0,1,0,0,1,0,1,1,1,0,0,0,0,0,0,0,0,1,1,0,1,0,0,0,0,0,0,0,7744000,1210,2,6400.0,Kondapur,2 BHK,1000-1500 sqft,Valid,Hyderabad,Not available in source data,13,35
9760000,1535,Kondapur,3,0,0,1,1,1,0,1,1,0,1,0,0,1,0,1,1,1,0,0,0,0,0,0,0,0,1,1,0,1,0,0,0,0,0,0,0,9760000,1535,3,6358.306188925081,Kondapur,3 BHK,1500-2500 sqft,Valid,Hyderabad,Not available in source data,13,35
8500000,1315,Kondapur,2,0,0,1,1,1,0,1,1,0,1,0,0,1,0,1,1,1,0,0,0,0,0,0,0,0,1,1,0,1,0,0,0,0,0,0,0,8500000,1315,2,6463.878326996198,Kondapur,2 BHK,1000-1500 sqft,Valid,Hyderabad,Not available in source data,13,35
2500000,680,AS Rao Nagar,1,0,0,0,0,0,0,0,0,0,0,0,0,0,0,0,0,0,0,0,0,0,0,0,0,0,0,0,0,0,0,0,0,0,0,0,0,2500000,680,1,3676.470588235294,AS Rao Nagar,1 BHK,500-1000 sqft,Valid,Hyderabad,Not available in source data,0,35
8200000,1200,Malkajgiri,2,0,0,0,0,0,0,0,0,0,0,0,0,0,0,0,0,0,0,0,0,0,0,0,0,0,0,0,0,0,0,0,0,0,0,0,0,8200000,1200,2,6833.333333333333,Malkajgiri,2 BHK,1000-1500 sqft,Valid,Hyderabad,Not available in source data,0,35
10800000,1735,Kokapet,3,0,0,1,1,0,0,0,0,0,1,1,0,1,0,0,1,0,0,0,0,0,0,1,0,0,1,1,0,0,0,0,0,0,0,0,0,10800000,1735,3,6224.78386167147,Kokapet,3 BHK,1500-2500 sqft,Valid,Hyderabad,Not available in source data,9,35
27500000,2500,Jubilee Hills,3,1,0,0,0,0,0,0,0,0,0,0,0,0,0,0,0,0,0,0,0,0,0,0,0,0,0,0,0,0,0,0,0,0,0,0,0,27500000,2500,3,11000.0,Jubilee Hills,3 BHK,2500+ sqft,Valid,Hyderabad,Not available in source data,0,35
35000000,3959,Kondapur,4,1,0,1,1,0,0,0,0,0,1,1,0,1,0,0,1,0,0,0,0,0,0,0,1,0,1,1,0,0,0,0,0,0,0,0,0,35000000,3959,4,8840.616317251832,Kondapur,4 BHK,2500+ sqft,Valid,Hyderabad,Not available in source data,9,35
9822000,1889,Narsingi,3,0,0,1,1,0,0,1,0,0,1,0,1,0,0,1,1,1,1,1,1,0,0,0,0,0,1,1,0,0,0,0,0,0,0,0,0,9822000,1889,3,5199.576495500265,Narsingi,3 BHK,1500-2500 sqft,Valid,Hyderabad,Not available in source data,13,35
30000000,4500,Kondapur,4,1,0,0,0,0,0,0,0,0,0,0,0,0,0,0,0,0,0,0,0,0,0,0,0,0,0,0,0,0,0,0,0,0,0,0,0,30000000,4500,4,6666.666666666667,Kondapur,4 BHK,2500+ sqft,Valid,Hyderabad,Not available in source data,0,35
27500000,2500,Jubilee Hills,3,1,0,0,0,0,0,0,0,0,0,0,0,0,0,0,1,0,0,0,0,0,1,1,1,0,0,0,1,0,1,0,1,1,1,0,1,27500000,2500,3,11000.0,Jubilee Hills,3 BHK,2500+ sqft,Valid,Hyderabad,Not available in source data,10,35
4880000,1220,Alwal,2,0,0,1,0,0,0,0,0,0,1,1,0,1,0,0,1,0,0,0,0,0,0,1,0,0,1,1,0,0,0,0,0,0,0,0,0,4880000,1220,2,4000.0,Alwal,2 BHK,1000-1500 sqft,Valid,Hyderabad,Not available in source data,8,35
9984000,1920,Miyapur,3,0,0,0,0,0,0,0,0,0,0,0,0,0,0,0,0,0,0,0,0,0,0,0,0,0,0,0,0,0,0,0,0,0,0,0,0,9984000,1920,3,5200.0,Miyapur,3 BHK,1500-2500 sqft,Valid,Hyderabad,Not available in source data,0,35
25000000,2700,West Marredpally,4,1,0,0,0,0,0,0,0,0,0,0,0,0,0,0,1,0,0,0,0,0,0,0,0,0,0,0,0,0,0,0,0,0,0,0,0,25000000,2700,4,9259.25925925926,West Marredpally,4 BHK,2500+ sqft,Valid,Hyderabad,Not available in source data,1,35
5400000,1300,Mettuguda,3,1,0,0,0,0,0,0,0,0,0,0,0,0,0,0,0,0,0,0,0,0,0,0,0,0,0,0,0,0,0,0,0,0,0,0,0,5400000,1300,3,4153.846153846154,Mettuguda,3 BHK,1000-1500 sqft,Valid,Hyderabad,Not available in source data,0,35
15000000,2100,Banjara Hills,3,1,0,0,0,0,0,0,0,0,0,0,0,0,0,0,1,0,0,0,0,0,0,0,0,0,0,1,0,0,0,0,0,0,0,0,0,15000000,2100,3,7142.857142857143,Banjara Hills,3 BHK,1500-2500 sqft,Valid,Hyderabad,Not available in source data,2,35
9984000,1920,Miyapur,3,0,0,1,1,0,0,0,0,0,1,1,0,1,0,0,1,0,0,0,0,0,0,0,0,0,1,1,0,0,0,0,0,0,0,0,0,9984000,1920,3,5200.0,Miyapur,3 BHK,1500-2500 sqft,Valid,Hyderabad,Not available in source data,8,35
10000000,1925,Miyapur,3,0,0,1,1,0,0,0,0,0,1,1,0,1,0,0,1,0,0,0,0,0,0,0,0,0,1,1,0,0,0,0,0,0,0,0,0,10000000,1925,3,5194.805194805195,Miyapur,3 BHK,1500-2500 sqft,Valid,Hyderabad,Not available in source data,8,35
11800000,1885,Kondapur,2,0,0,1,1,1,0,1,1,0,1,0,0,1,0,1,1,1,0,0,0,0,0,0,0,0,1,1,0,1,0,0,0,0,0,0,0,11800000,1885,2,6259.946949602122,Kondapur,2 BHK,1500-2500 sqft,Valid,Hyderabad,Not available in source data,13,35
4542000,1010,Gajularamaram,2,0,0,1,1,0,0,0,0,0,1,0,0,0,0,0,1,0,0,0,0,0,0,0,0,0,1,1,0,0,0,0,0,0,0,0,0,4542000,1010,2,4497.029702970297,Gajularamaram,2 BHK,1000-1500 sqft,Valid,Hyderabad,Not available in source data,6,35
10900000,1695,Kukatpally,3,0,0,0,0,0,0,0,0,0,0,0,0,0,0,0,1,0,0,0,0,0,0,0,0,0,1,1,0,0,0,0,0,0,0,0,0,10900000,1695,3,6430.678466076696,Kukatpally,3 BHK,1500-2500 sqft,Valid,Hyderabad,Not available in source data,3,35
7098999,1090,Kukatpally,2,0,0,0,0,0,0,0,0,0,0,0,0,0,0,0,1,0,0,0,0,0,0,0,0,0,1,1,0,0,0,0,0,0,0,0,0,7098999,1090,2,6512.843119266055,Kukatpally,2 BHK,1000-1500 sqft,Valid,Hyderabad,Not available in source data,3,35
46000000,3100,Jubilee Hills,3,0,0,0,1,0,0,0,0,0,0,0,0,1,0,0,1,0,0,0,0,0,0,1,1,0,0,1,0,0,0,0,0,0,0,0,0,46000000,3100,3,14838.709677419354,Jubilee Hills,3 BHK,2500+ sqft,Valid,Hyderabad,Not available in source data,6,35
19800000,2200,Jubilee Hills,3,0,0,0,0,0,0,0,0,0,0,0,0,0,0,0,1,0,0,0,0,0,0,0,1,0,0,1,0,0,0,0,0,0,0,0,0,19800000,2200,3,9000.0,Jubilee Hills,3 BHK,1500-2500 sqft,Valid,Hyderabad,Not available in source data,3,35
7600000,1521,Kondapur,3,0,0,0,0,0,0,0,0,0,0,0,0,0,0,0,1,0,0,0,0,0,0,0,0,0,0,1,0,0,0,0,0,0,0,0,0,7600000,1521,3,4996.712689020382,Kondapur,3 BHK,1500-2500 sqft,Valid,Hyderabad,Not available in source data,2,35
18000000,2490,Kokapet,3,1,0,1,1,0,0,0,0,0,1,1,0,1,0,0,1,0,0,0,0,0,1,1,1,0,1,1,1,0,1,0,1,1,1,0,1,18000000,2490,3,7228.915662650603,Kokapet,3 BHK,1500-2500 sqft,Valid,Hyderabad,Not available in source data,17,35
12300000,1675,Narsingi,3,0,1,1,1,1,1,0,1,0,1,1,1,1,0,1,1,1,0,1,1,0,0,0,0,0,1,1,0,1,0,0,0,0,0,0,0,12300000,1675,3,7343.2835820895525,Narsingi,3 BHK,1500-2500 sqft,Valid,Hyderabad,Not available in source data,18,35
12300000,1675,Narsingi,3,0,1,1,1,1,1,0,1,0,1,0,1,1,0,1,1,1,0,1,1,0,0,0,0,0,1,1,0,1,0,0,0,0,0,0,0,12300000,1675,3,7343.2835820895525,Narsingi,3 BHK,1500-2500 sqft,Valid,Hyderabad,Not available in source data,17,35
5500000,1260,Nizampet,2,0,0,0,0,0,0,0,0,0,0,0,0,0,0,0,0,0,0,0,0,0,0,0,0,0,0,0,0,0,0,0,0,0,0,0,0,5500000,1260,2,4365.079365079365,Nizampet,2 BHK,1000-1500 sqft,Valid,Hyderabad,Not available in source data,0,35
3700000,1105,Nizampet,2,0,0,0,0,0,0,0,0,0,0,0,0,0,0,0,0,0,0,0,0,0,0,0,0,0,0,0,0,0,0,0,0,0,0,0,0,3700000,1105,2,3348.41628959276,Nizampet,2 BHK,1000-1500 sqft,Valid,Hyderabad,Not available in source data,0,35
4850000,1200,Nizampet,2,0,0,0,0,0,0,0,0,0,0,0,0,0,0,0,0,0,0,0,0,0,0,0,0,0,0,0,0,0,0,0,0,0,0,0,0,4850000,1200,2,4041.6666666666665,Nizampet,2 BHK,1000-1500 sqft,Valid,Hyderabad,Not available in source data,0,35
4500000,900,Begumpet,2,1,0,0,0,0,0,0,0,0,0,0,0,0,0,0,0,0,0,0,0,0,0,0,0,0,0,0,0,0,0,0,0,0,0,0,0,4500000,900,2,5000.0,Begumpet,2 BHK,500-1000 sqft,Valid,Hyderabad,Not available in source data,0,35
7600000,1710,Malkajgiri,3,1,0,0,0,0,0,0,0,0,0,0,0,0,0,0,0,0,0,0,0,0,0,0,0,0,0,0,0,0,0,0,0,0,0,0,0,7600000,1710,3,4444.444444444444,Malkajgiri,3 BHK,1500-2500 sqft,Valid,Hyderabad,Not available in source data,0,35
8600000,1242,Sri Nagar Colony,3,1,0,0,0,0,0,0,0,0,0,0,0,0,0,0,1,0,0,0,0,0,0,0,0,0,1,1,0,0,0,0,0,0,0,0,0,8600000,1242,3,6924.315619967794,Sri Nagar Colony,3 BHK,1000-1500 sqft,Valid,Hyderabad,Not available in source data,3,35
7500000,1705,Malkajgiri,3,1,0,0,0,0,0,0,0,0,0,0,0,0,0,0,0,0,0,0,0,0,0,0,0,0,0,0,0,0,0,0,0,0,0,0,0,7500000,1705,3,4398.826979472141,Malkajgiri,3 BHK,1500-2500 sqft,Valid,Hyderabad,Not available in source data,0,35
5200000,1050,Malkajgiri,2,1,0,0,0,0,0,0,0,0,0,0,0,0,0,0,0,0,0,0,0,0,0,0,0,0,0,0,0,0,0,0,0,0,0,0,0,5200000,1050,2,4952.380952380952,Malkajgiri,2 BHK,1000-1500 sqft,Valid,Hyderabad,Not available in source data,0,35
5700000,1225,Mehdipatnam,3,0,0,0,0,0,0,0,0,0,0,0,0,0,0,0,1,0,0,0,0,0,0,0,0,0,0,1,0,0,0,0,0,0,0,0,0,5700000,1225,3,4653.061224489796,Mehdipatnam,3 BHK,1000-1500 sqft,Valid,Hyderabad,Not available in source data,2,35
10800000,1675,Venkat Nagar Colony,3,0,0,0,0,0,0,0,0,0,0,0,0,0,0,0,1,0,0,0,0,0,0,0,0,0,1,1,0,0,0,0,0,0,0,0,0,10800000,1675,3,6447.761194029851,Venkat Nagar Colony,3 BHK,1500-2500 sqft,Valid,Hyderabad,Not available in source data,3,35
13000000,1945,Kokapet,3,0,0,1,1,0,0,0,0,0,0,0,0,1,0,1,1,0,0,1,1,0,0,0,0,0,1,0,0,0,0,0,0,0,0,0,0,13000000,1945,3,6683.8046272493575,Kokapet,3 BHK,1500-2500 sqft,Valid,Hyderabad,Not available in source data,8,35
3650000,1000,Nizampet,2,0,0,1,0,0,0,0,0,0,1,0,0,0,0,0,1,0,0,0,0,0,0,0,0,0,0,1,0,0,0,0,0,0,0,0,0,3650000,1000,2,3650.0,Nizampet,2 BHK,1000-1500 sqft,Valid,Hyderabad,Not available in source data,4,35
8625000,1150,Hitech City,2,0,0,0,0,0,0,0,0,0,1,0,0,0,0,0,1,0,0,0,0,0,0,0,0,0,0,1,0,0,0,0,0,0,0,0,0,8625000,1150,2,7500.0,Hitech City,2 BHK,1000-1500 sqft,Valid,Hyderabad,Not available in source data,3,35
7500000,1330,Kondakal,3,0,0,0,0,0,0,0,0,0,0,0,0,0,0,0,1,0,0,0,0,0,0,0,0,0,0,1,0,0,0,0,0,0,0,0,0,7500000,1330,3,5639.097744360903,Kondakal,3 BHK,1000-1500 sqft,Valid,Hyderabad,Not available in source data,2,35
20000000,2250,Kondapur,3,1,0,0,0,0,0,0,0,0,0,0,0,0,0,0,0,0,0,0,0,0,0,0,0,0,0,0,0,0,0,0,0,0,0,0,0,20000000,2250,3,8888.888888888889,Kondapur,3 BHK,1500-2500 sqft,Valid,Hyderabad,Not available in source data,0,35
10000000,2240,Tellapur,3,0,0,0,0,0,0,0,0,0,0,0,0,0,0,0,0,0,0,0,0,0,0,0,0,0,0,0,0,0,0,0,0,0,0,0,0,10000000,2240,3,4464.285714285715,Tellapur,3 BHK,1500-2500 sqft,Valid,Hyderabad,Not available in source data,0,35
45000000,4500,Banjara Hills,4,0,0,1,1,0,1,1,1,0,1,0,0,1,0,1,1,1,1,1,1,0,0,0,0,0,1,1,0,1,0,0,0,0,0,0,0,45000000,4500,4,10000.0,Banjara Hills,4 BHK,2500+ sqft,Valid,Hyderabad,Not available in source data,16,35
3300000,800,Gajularamaram,2,0,0,0,0,0,0,0,0,0,0,0,0,0,0,0,0,0,0,0,0,0,0,0,0,0,0,0,0,0,0,0,0,0,0,0,0,3300000,800,2,4125.0,Gajularamaram,2 BHK,500-1000 sqft,Valid,Hyderabad,Not available in source data,0,35
5635000,1150,Chandanagar,2,0,0,0,0,0,0,0,0,0,0,0,0,0,0,0,1,0,0,0,0,0,0,0,0,0,0,1,0,0,0,0,0,0,0,0,0,5635000,1150,2,4900.0,Chandanagar,2 BHK,1000-1500 sqft,Valid,Hyderabad,Not available in source data,2,35
12900000,1840,Nanakramguda,3,0,0,1,1,0,0,0,0,0,1,1,0,1,0,0,1,0,0,0,0,0,0,1,0,0,1,1,0,0,0,0,0,0,0,0,0,12900000,1840,3,7010.869565217391,Nanakramguda,3 BHK,1500-2500 sqft,Valid,Hyderabad,Not available in source data,9,35
7800000,1560,Gopanpally,3,0,0,0,0,0,0,0,0,0,0,0,0,0,0,0,1,0,0,0,0,0,0,0,0,0,0,1,0,0,0,0,0,0,0,0,0,7800000,1560,3,5000.0,Gopanpally,3 BHK,1500-2500 sqft,Valid,Hyderabad,Not available in source data,2,35
6300000,1300,Serilingampally,2,0,0,0,0,0,0,0,0,0,0,0,0,0,0,0,1,0,0,0,0,0,0,0,0,0,0,1,0,0,0,0,0,0,0,0,0,6300000,1300,2,4846.153846153846,Serilingampally,2 BHK,1000-1500 sqft,Valid,Hyderabad,Not available in source data,2,35
28000000,3200,Somajiguda,4,1,0,1,1,0,0,0,0,0,1,0,0,1,0,0,1,0,0,0,0,0,0,0,0,0,1,1,0,0,0,0,0,0,0,0,0,28000000,3200,4,8750.0,Somajiguda,4 BHK,2500+ sqft,Valid,Hyderabad,Not available in source data,7,35
30000000,2950,Banjara Hills,3,1,0,1,0,0,0,0,0,0,1,0,0,0,0,0,1,0,0,0,0,0,0,0,0,0,0,1,0,0,0,0,0,0,0,0,0,30000000,2950,3,10169.49152542373,Banjara Hills,3 BHK,2500+ sqft,Valid,Hyderabad,Not available in source data,4,35
30000000,2950,Banjara Hills,3,1,0,0,0,0,0,0,0,0,0,0,0,0,0,0,0,0,0,0,0,0,0,0,0,0,0,0,0,0,0,0,0,0,0,0,0,30000000,2950,3,10169.49152542373,Banjara Hills,3 BHK,2500+ sqft,Valid,Hyderabad,Not available in source data,0,35
12500000,1699,Gachibowli,4,0,0,1,1,0,0,0,0,0,1,1,0,1,0,0,1,0,0,0,0,0,0,1,1,0,1,1,0,0,0,0,0,0,0,0,0,12500000,1699,4,7357.268981753973,Gachibowli,4 BHK,1500-2500 sqft,Valid,Hyderabad,Not available in source data,10,35
6583000,1254,Nagole,2,0,0,0,0,1,0,0,0,0,0,0,0,1,0,1,1,1,0,0,0,0,0,0,0,0,0,1,0,1,0,0,0,0,0,0,0,6583000,1254,2,5249.601275917065,Nagole,2 BHK,1000-1500 sqft,Valid,Hyderabad,Not available in source data,7,35
8977000,1710,Nagole,3,0,0,0,0,1,0,0,0,0,0,0,0,1,0,1,1,1,0,0,0,0,0,0,0,0,0,1,0,1,0,0,0,0,0,0,0,8977000,1710,3,5249.707602339181,Nagole,3 BHK,1500-2500 sqft,Valid,Hyderabad,Not available in source data,7,35
35500000,4067,Kukatpally,4,1,0,1,1,0,1,1,0,0,1,1,0,1,0,1,1,1,1,0,0,0,1,1,1,0,1,1,1,1,1,0,1,1,1,0,1,35500000,4067,4,8728.792721908041,Kukatpally,4 BHK,2500+ sqft,Valid,Hyderabad,Not available in source data,23,35
7500000,1320,Uppal Kalan,2,1,0,1,1,1,1,1,1,0,1,1,0,1,0,1,1,0,0,0,0,0,1,1,1,0,1,1,1,0,1,0,1,1,1,0,1,7500000,1320,2,5681.818181818182,Uppal Kalan,2 BHK,1000-1500 sqft,Valid,Hyderabad,Not available in source data,22,35
7000000,1605,Puppalaguda,3,0,0,0,0,0,0,0,0,0,1,0,0,0,0,0,1,0,0,0,0,0,0,0,0,0,1,1,0,0,0,0,0,0,0,0,0,7000000,1605,3,4361.370716510904,Puppalaguda,3 BHK,1500-2500 sqft,Valid,Hyderabad,Not available in source data,4,35
14500000,2120,Madhapur,3,1,0,0,0,0,0,0,0,0,0,0,0,0,0,0,1,0,0,0,0,0,0,0,0,0,0,1,0,0,0,0,0,0,0,0,0,14500000,2120,3,6839.622641509434,Madhapur,3 BHK,1500-2500 sqft,Valid,Hyderabad,Not available in source data,2,35
13500000,1860,Nallagandla Gachibowli,3,0,0,1,1,1,1,1,1,1,1,1,1,1,0,1,1,1,0,0,1,0,0,1,0,0,1,1,0,1,0,0,0,0,0,0,0,13500000,1860,3,7258.064516129032,Nallagandla Gachibowli,3 BHK,1500-2500 sqft,Valid,Hyderabad,Not available in source data,19,35
13500000,1860,Nallagandla Gachibowli,3,0,0,1,1,0,0,0,0,0,0,1,0,1,0,0,1,0,0,0,0,0,0,1,0,0,1,1,0,0,0,0,0,0,0,0,0,13500000,1860,3,7258.064516129032,Nallagandla Gachibowli,3 BHK,1500-2500 sqft,Valid,Hyderabad,Not available in source data,8,35
2700000,1050,Krishna Reddy Pet,2,0,0,0,0,0,0,0,0,0,0,0,0,0,0,0,1,0,0,0,0,0,0,0,0,0,0,1,0,0,0,0,0,0,0,0,0,2700000,1050,2,2571.4285714285716,Krishna Reddy Pet,2 BHK,1000-1500 sqft,Valid,Hyderabad,Not available in source data,2,35
8990000,1550,Miyapur,3,0,0,0,0,0,0,0,0,0,0,0,0,0,0,0,1,0,0,0,0,0,0,0,0,0,0,1,0,0,0,0,0,0,0,0,0,8990000,1550,3,5800.0,Miyapur,3 BHK,1500-2500 sqft,Valid,Hyderabad,Not available in source data,2,35
27500000,3090,Hitech City,4,0,0,1,1,1,1,1,1,0,1,1,1,1,0,1,1,1,1,0,1,0,0,1,0,0,1,1,0,1,0,0,0,0,0,0,0,27500000,3090,4,8899.676375404531,Hitech City,4 BHK,2500+ sqft,Valid,Hyderabad,Not available in source data,19,35
66400000,6718,Gachibowli,5,0,0,1,1,1,1,1,0,0,1,1,0,1,0,1,1,1,0,0,0,0,0,1,0,0,1,1,0,1,0,0,0,0,0,0,0,66400000,6718,5,9883.894016076214,Gachibowli,5+ BHK,2500+ sqft,Valid,Hyderabad,Not available in source data,15,35
7500000,1195,Kondapur,2,0,0,1,1,1,0,1,1,0,1,0,0,1,0,1,1,1,0,0,0,0,0,0,0,0,1,1,0,1,0,0,0,0,0,0,0,7500000,1195,2,6276.150627615063,Kondapur,2 BHK,1000-1500 sqft,Valid,Hyderabad,Not available in source data,13,35
5700000,1230,AS Rao Nagar,3,1,0,0,0,0,0,0,0,0,0,0,0,0,0,0,0,0,0,0,0,0,0,0,0,0,0,0,0,0,0,0,0,0,0,0,0,5700000,1230,3,4634.1463414634145,AS Rao Nagar,3 BHK,1000-1500 sqft,Valid,Hyderabad,Not available in source data,0,35
33000000,2956,Banjara Hills,4,1,0,0,0,0,0,0,0,0,0,0,0,0,0,0,0,0,0,0,0,0,0,0,0,0,0,0,0,0,0,0,0,0,0,0,0,33000000,2956,4,11163.734776725305,Banjara Hills,4 BHK,2500+ sqft,Valid,Hyderabad,Not available in source data,0,35
5500000,1076,LB Nagar,2,1,0,0,0,0,0,0,0,0,0,0,0,0,0,0,1,0,0,0,0,0,0,0,0,0,1,1,0,0,0,0,0,0,0,0,0,5500000,1076,2,5111.5241635687735,LB Nagar,2 BHK,1000-1500 sqft,Valid,Hyderabad,Not available in source data,3,35
3578000,842,Bolarum,2,0,0,1,1,0,0,0,0,0,1,1,0,1,0,0,1,0,0,0,0,0,0,0,0,0,1,1,0,0,0,0,0,0,0,0,0,3578000,842,2,4249.406175771972,Bolarum,2 BHK,500-1000 sqft,Valid,Hyderabad,Not available in source data,8,35
7800000,1200,Miyapur,2,1,0,0,0,0,0,0,0,0,0,0,0,0,0,0,1,0,0,0,0,0,0,0,0,0,0,0,0,0,0,0,0,0,0,0,0,7800000,1200,2,6500.0,Miyapur,2 BHK,1000-1500 sqft,Valid,Hyderabad,Not available in source data,1,35
52000000,4500,Jubilee Hills,4,1,0,0,0,0,0,0,0,0,0,0,0,0,0,0,0,0,0,0,0,0,0,0,0,0,0,0,0,0,0,0,0,0,0,0,0,52000000,4500,4,11555.555555555555,Jubilee Hills,4 BHK,2500+ sqft,Valid,Hyderabad,Not available in source data,0,35
40000000,3600,Jubilee Hills,4,1,0,0,0,0,0,0,0,0,0,0,0,0,0,0,0,0,0,0,0,0,0,0,0,0,0,0,0,0,0,0,0,0,0,0,0,40000000,3600,4,11111.111111111111,Jubilee Hills,4 BHK,2500+ sqft,Valid,Hyderabad,Not available in source data,0,35
36700000,3500,Banjara Hills,3,0,0,0,0,0,0,0,0,0,0,0,0,0,0,0,0,0,0,0,0,0,0,0,0,0,0,0,0,0,0,0,0,0,0,0,0,36700000,3500,3,10485.714285714286,Banjara Hills,3 BHK,2500+ sqft,Valid,Hyderabad,Not available in source data,0,35
36700000,3500,Banjara Hills,3,0,0,1,1,0,0,0,0,0,1,1,0,1,0,0,1,0,0,0,0,0,0,0,1,0,1,1,0,0,0,0,0,0,0,0,0,36700000,3500,3,10485.714285714286,Banjara Hills,3 BHK,2500+ sqft,Valid,Hyderabad,Not available in source data,9,35
8600000,1150,Madhapur,2,0,0,0,0,0,0,0,0,0,1,0,0,0,0,0,1,0,0,0,0,0,0,0,0,0,0,1,0,0,0,0,0,0,0,0,0,8600000,1150,2,7478.260869565217,Madhapur,2 BHK,1000-1500 sqft,Valid,Hyderabad,Not available in source data,3,35
9000000,1150,Hitech City,2,0,0,0,0,0,0,0,0,0,0,0,0,0,0,0,0,0,0,0,0,0,0,0,0,0,0,0,0,0,0,0,0,0,0,0,0,9000000,1150,2,7826.086956521739,Hitech City,2 BHK,1000-1500 sqft,Valid,Hyderabad,Not available in source data,0,35
9000000,1150,Hitech City,2,0,0,0,0,0,0,0,0,0,1,0,0,0,0,0,1,0,0,0,0,0,0,0,0,0,0,1,0,0,0,0,0,0,0,0,0,9000000,1150,2,7826.086956521739,Hitech City,2 BHK,1000-1500 sqft,Valid,Hyderabad,Not available in source data,3,35
9877000,1245,Nanakramguda,2,0,0,1,1,1,1,0,0,1,1,1,0,1,1,1,1,1,0,0,1,1,0,1,0,0,1,1,0,1,0,0,0,0,0,0,0,9877000,1245,2,7933.333333333333,Nanakramguda,2 BHK,1000-1500 sqft,Valid,Hyderabad,Not available in source data,18,35
13000000,1600,Nanakramguda,3,0,0,1,1,1,1,0,0,1,1,1,0,1,1,1,1,1,0,0,1,1,0,1,0,0,1,1,0,1,0,0,0,0,0,0,0,13000000,1600,3,8125.0,Nanakramguda,3 BHK,1500-2500 sqft,Valid,Hyderabad,Not available in source data,18,35
18800000,2270,Nanakramguda,3,0,0,1,1,1,1,0,0,1,1,1,0,1,1,1,1,1,0,0,1,1,0,1,0,0,1,1,0,1,0,0,0,0,0,0,0,18800000,2270,3,8281.93832599119,Nanakramguda,3 BHK,1500-2500 sqft,Valid,Hyderabad,Not available in source data,18,35
6000000,1200,Manikonda,2,1,0,1,0,0,1,1,0,0,1,0,0,0,0,0,1,1,0,0,0,0,0,0,0,0,1,1,0,1,0,0,0,0,0,0,0,6000000,1200,2,5000.0,Manikonda,2 BHK,1000-1500 sqft,Valid,Hyderabad,Not available in source data,9,35
7000000,1418,Puppalaguda,3,0,0,0,0,0,0,0,0,0,1,0,0,0,0,0,1,0,0,0,0,0,0,0,0,0,1,1,0,0,0,0,1,0,0,0,0,7000000,1418,3,4936.5303244005645,Puppalaguda,3 BHK,1000-1500 sqft,Valid,Hyderabad,Not available in source data,5,35
9906000,1905,Miyapur,3,0,0,1,1,0,0,0,0,0,1,1,0,1,0,0,1,0,0,0,0,0,0,0,0,0,1,1,0,0,0,0,0,0,0,0,0,9906000,1905,3,5200.0,Miyapur,3 BHK,1500-2500 sqft,Valid,Hyderabad,Not available in source data,8,35
5500000,850,Gachibowli,2,1,0,0,0,0,0,0,0,0,0,0,0,0,0,0,1,0,0,0,0,0,0,0,0,0,0,1,0,0,0,0,0,0,0,0,0,5500000,850,2,6470.588235294118,Gachibowli,2 BHK,500-1000 sqft,Valid,Hyderabad,Not available in source data,2,35
8000000,1940,Nizampet,3,0,0,0,0,0,0,0,0,0,0,0,0,0,0,0,0,0,0,0,0,0,0,0,0,0,0,0,0,0,0,0,0,0,0,0,0,8000000,1940,3,4123.711340206186,Nizampet,3 BHK,1500-2500 sqft,Valid,Hyderabad,Not available in source data,0,35
4200000,1050,Mehdipatnam,2,1,0,0,0,0,0,0,0,0,0,0,0,0,0,0,1,0,0,0,0,0,0,0,0,0,0,1,0,0,0,0,0,0,0,0,0,4200000,1050,2,4000.0,Mehdipatnam,2 BHK,1000-1500 sqft,Valid,Hyderabad,Not available in source data,2,35
4200000,1050,Mehdipatnam,2,1,0,0,0,0,0,0,0,0,0,0,0,0,0,0,0,0,0,0,0,0,0,0,0,0,0,0,0,0,0,0,0,0,0,0,0,4200000,1050,2,4000.0,Mehdipatnam,2 BHK,1000-1500 sqft,Valid,Hyderabad,Not available in source data,0,35
14500000,1908,Kondapur,3,0,0,1,1,0,0,0,0,0,1,1,0,1,0,0,1,0,0,0,0,0,0,0,0,0,1,1,0,0,0,0,0,0,0,0,0,14500000,1908,3,7599.58071278826,Kondapur,3 BHK,1500-2500 sqft,Valid,Hyderabad,Not available in source data,8,35
8953000,1905,Bachupally,3,0,0,1,1,1,0,1,1,0,0,0,0,1,0,1,1,0,0,0,1,0,0,0,0,0,1,1,0,1,0,0,0,0,0,0,0,8953000,1905,3,4699.737532808399,Bachupally,3 BHK,1500-2500 sqft,Valid,Hyderabad,Not available in source data,12,35
7872000,1675,Bachupally,3,0,0,1,1,1,0,1,1,0,0,0,0,1,0,1,1,0,0,0,1,0,0,0,0,0,1,1,0,1,0,0,0,0,0,0,0,7872000,1675,3,4699.701492537313,Bachupally,3 BHK,1500-2500 sqft,Valid,Hyderabad,Not available in source data,12,35
7590000,1615,Bachupally,3,0,0,1,1,1,0,1,1,0,0,0,0,1,0,1,1,0,0,0,1,0,0,0,0,0,1,1,0,1,0,0,0,0,0,0,0,7590000,1615,3,4699.69040247678,Bachupally,3 BHK,1500-2500 sqft,Valid,Hyderabad,Not available in source data,12,35
5452000,1160,Bachupally,2,0,0,1,1,1,0,1,1,0,0,0,0,1,0,1,1,0,0,0,1,0,0,0,0,0,1,1,0,1,0,0,0,0,0,0,0,5452000,1160,2,4700.0,Bachupally,2 BHK,1000-1500 sqft,Valid,Hyderabad,Not available in source data,12,35
8459000,1800,Bachupally,3,0,0,1,1,1,0,1,1,0,0,0,0,1,0,1,1,0,0,0,1,0,0,0,0,0,1,1,0,1,0,0,0,0,0,0,0,8459000,1800,3,4699.444444444444,Bachupally,3 BHK,1500-2500 sqft,Valid,Hyderabad,Not available in source data,12,35
5640000,1200,Bachupally,2,0,0,1,1,1,0,1,1,0,0,0,0,1,0,1,1,0,0,0,1,0,0,0,0,0,1,1,0,1,0,0,0,0,0,0,0,5640000,1200,2,4700.0,Bachupally,2 BHK,1000-1500 sqft,Valid,Hyderabad,Not available in source data,12,35
4500000,908,Mallapur,2,0,0,0,0,0,0,0,0,0,0,0,0,0,0,0,1,0,0,0,0,0,0,0,0,0,0,0,0,1,0,0,0,0,0,0,0,4500000,908,2,4955.9471365638765,Mallapur,2 BHK,500-1000 sqft,Valid,Hyderabad,Not available in source data,2,35
4830000,1100,Kukatpally,2,0,0,0,0,0,0,0,0,0,0,0,0,0,0,0,0,0,0,0,0,0,0,0,0,0,0,0,0,0,0,0,0,0,0,0,0,4830000,1100,2,4390.909090909091,Kukatpally,2 BHK,1000-1500 sqft,Valid,Hyderabad,Not available in source data,0,35
4900000,1380,Mehdipatnam,2,0,0,0,0,0,0,0,0,0,0,0,0,0,0,0,0,0,0,0,0,0,0,0,0,0,0,0,0,0,0,0,0,0,0,0,0,4900000,1380,2,3550.7246376811595,Mehdipatnam,2 BHK,1000-1500 sqft,Valid,Hyderabad,Not available in source data,0,35
6000000,970,Hitech City,2,0,0,0,0,0,0,0,0,0,1,0,0,1,0,0,1,0,0,0,0,0,0,1,0,0,0,1,0,0,1,0,0,0,0,0,0,6000000,970,2,6185.567010309278,Hitech City,2 BHK,500-1000 sqft,Valid,Hyderabad,Not available in source data,6,35
4500000,1160,Mallapur,2,0,0,0,0,0,0,0,0,0,0,0,0,0,0,0,1,0,0,0,0,0,0,0,0,0,0,0,0,1,0,0,0,0,0,0,0,4500000,1160,2,3879.310344827586,Mallapur,2 BHK,1000-1500 sqft,Valid,Hyderabad,Not available in source data,2,35
4299000,840,Masab Tank,2,0,0,0,0,0,0,0,0,0,0,0,0,0,0,0,0,0,0,0,0,0,0,0,0,0,0,0,0,0,0,0,0,0,0,0,0,4299000,840,2,5117.857142857143,Masab Tank,2 BHK,500-1000 sqft,Valid,Hyderabad,Not available in source data,0,35
4750000,1100,Zamistanpur,2,0,0,0,0,0,0,0,0,0,0,0,0,0,0,0,0,0,0,0,0,0,0,0,0,0,0,0,0,0,0,0,0,0,0,0,0,4750000,1100,2,4318.181818181818,Zamistanpur,2 BHK,1000-1500 sqft,Valid,Hyderabad,Not available in source data,0,35
4200000,931,Madhura Nagar,2,0,0,0,0,0,0,1,0,0,0,0,0,0,0,0,1,1,0,0,0,0,0,0,0,0,0,1,0,0,0,0,0,0,0,0,0,4200000,931,2,4511.278195488721,Madhura Nagar,2 BHK,500-1000 sqft,Valid,Hyderabad,Not available in source data,4,35
12500000,1670,Jubilee Hills,3,0,0,0,0,0,0,0,0,0,0,0,0,0,0,0,0,0,0,0,0,0,0,0,0,0,0,0,0,0,0,0,0,0,0,0,0,12500000,1670,3,7485.029940119761,Jubilee Hills,3 BHK,1500-2500 sqft,Valid,Hyderabad,Not available in source data,0,35
12000000,2000,Kukatpally,3,1,1,1,1,1,1,1,1,0,1,1,0,1,0,1,1,1,1,0,1,0,0,0,0,0,1,1,0,1,0,0,0,0,0,0,0,12000000,2000,3,6000.0,Kukatpally,3 BHK,1500-2500 sqft,Valid,Hyderabad,Not available in source data,18,35
7998999,1554,Miyapur,3,0,0,0,0,0,0,0,0,0,0,0,0,0,0,0,0,0,0,0,0,0,0,0,0,0,0,0,0,0,0,0,0,0,0,0,0,7998999,1554,3,5147.361003861004,Miyapur,3 BHK,1500-2500 sqft,Valid,Hyderabad,Not available in source data,0,35
23000000,1900,Jubilee Hills,3,0,0,1,1,1,0,0,1,0,1,0,0,1,0,1,1,1,0,0,0,0,0,0,0,0,1,1,0,0,0,0,0,0,0,0,0,23000000,1900,3,12105.263157894737,Jubilee Hills,3 BHK,1500-2500 sqft,Valid,Hyderabad,Not available in source data,11,35
22900000,1900,Jubilee Hills,3,0,0,1,1,1,0,0,1,0,1,0,0,1,0,1,1,1,0,0,0,0,0,0,0,0,1,1,0,0,0,0,0,0,0,0,0,22900000,1900,3,12052.631578947368,Jubilee Hills,3 BHK,1500-2500 sqft,Valid,Hyderabad,Not available in source data,11,35
23000000,1900,Jubilee Hills,3,0,0,0,0,0,0,0,0,0,0,0,0,0,0,0,0,0,0,0,0,0,0,0,0,0,0,0,0,0,0,0,0,0,0,0,0,23000000,1900,3,12105.263157894737,Jubilee Hills,3 BHK,1500-2500 sqft,Valid,Hyderabad,Not available in source data,0,35
14500000,1740,Kukatpally,3,0,0,1,1,1,1,1,1,0,0,1,1,1,0,1,1,1,0,1,1,0,0,0,0,0,1,1,0,0,0,0,0,0,0,0,0,14500000,1740,3,8333.333333333334,Kukatpally,3 BHK,1500-2500 sqft,Valid,Hyderabad,Not available in source data,16,35
20000000,3145,Madhapur,3,1,0,0,0,0,0,0,0,0,1,0,0,0,0,1,1,0,0,0,0,0,0,0,0,0,0,0,0,0,0,0,0,0,0,0,0,20000000,3145,3,6359.300476947536,Madhapur,3 BHK,2500+ sqft,Valid,Hyderabad,Not available in source data,3,35
2800000,963,Beeramguda,2,1,0,0,0,0,0,0,0,0,0,0,0,0,0,0,0,0,0,0,0,0,0,0,0,0,0,0,0,0,0,0,0,0,0,0,0,2800000,963,2,2907.5804776739355,Beeramguda,2 BHK,500-1000 sqft,Valid,Hyderabad,Not available in source data,0,35
3500000,909,Ghansi Bazaar,3,0,0,0,0,0,0,0,0,0,0,0,0,0,0,0,0,0,0,0,0,0,0,0,0,0,0,0,0,0,0,0,0,0,0,0,0,3500000,909,3,3850.3850385038504,Ghansi Bazaar,3 BHK,500-1000 sqft,Valid,Hyderabad,Not available in source data,0,35
3500000,850,Chintalakunta,2,0,0,0,0,0,0,0,0,0,0,0,0,0,0,0,0,0,0,0,0,0,0,0,0,0,0,0,0,0,0,0,0,0,0,0,0,3500000,850,2,4117.64705882353,Chintalakunta,2 BHK,500-1000 sqft,Valid,Hyderabad,Not available in source data,0,35
4700000,950,Chinthal Basthi,2,0,0,0,0,0,0,0,0,0,0,0,0,0,0,0,0,0,0,0,0,0,0,0,0,0,0,0,0,0,0,0,0,0,0,0,0,4700000,950,2,4947.368421052632,Chinthal Basthi,2 BHK,500-1000 sqft,Valid,Hyderabad,Not available in source data,0,35
11399999,1730,Kukatpally,3,0,0,0,0,0,0,0,0,0,0,0,0,0,0,0,0,0,0,0,0,0,0,0,0,0,0,0,0,0,0,0,0,0,0,0,0,11399999,1730,3,6589.5947976878615,Kukatpally,3 BHK,1500-2500 sqft,Valid,Hyderabad,Not available in source data,0,35
6931000,1555,Gajularamaram,3,0,0,0,0,0,0,0,0,0,0,0,0,0,0,0,0,0,0,0,0,0,0,0,0,0,0,0,0,0,0,0,0,0,0,0,0,6931000,1555,3,4457.2347266881025,Gajularamaram,3 BHK,1500-2500 sqft,Valid,Hyderabad,Not available in source data,0,35
5256000,1180,Gajularamaram,2,0,0,0,1,0,0,0,0,0,1,0,0,0,0,0,1,0,0,0,0,0,0,0,0,0,1,1,0,0,0,0,0,0,0,0,0,5256000,1180,2,4454.237288135593,Gajularamaram,2 BHK,1000-1500 sqft,Valid,Hyderabad,Not available in source data,5,35
11100000,1675,Kukatpally,3,0,0,0,0,0,0,0,0,0,0,0,0,0,0,0,1,0,0,0,0,0,0,0,0,0,1,1,0,0,0,0,0,0,0,0,0,11100000,1675,3,6626.865671641791,Kukatpally,3 BHK,1500-2500 sqft,Valid,Hyderabad,Not available in source data,3,35
5300000,845,Nallakunta,2,0,0,0,0,0,0,0,0,0,0,0,0,0,0,0,0,0,0,0,0,0,0,0,0,0,0,0,0,0,0,0,0,0,0,0,0,5300000,845,2,6272.189349112426,Nallakunta,2 BHK,500-1000 sqft,Valid,Hyderabad,Not available in source data,0,35
4500000,1100,Bowenpally,2,0,0,0,0,0,0,0,0,0,1,0,0,1,0,0,1,0,0,0,0,0,0,1,0,0,0,1,0,0,1,0,0,0,0,0,0,4500000,1100,2,4090.909090909091,Bowenpally,2 BHK,1000-1500 sqft,Valid,Hyderabad,Not available in source data,6,35
14600000,1905,Nallakunta,3,0,0,0,0,0,0,0,0,0,1,0,0,0,0,0,1,0,0,0,0,0,0,0,0,0,0,1,0,0,0,0,0,0,0,0,0,14600000,1905,3,7664.041994750656,Nallakunta,3 BHK,1500-2500 sqft,Valid,Hyderabad,Not available in source data,3,35
11200000,1460,Nallakunta,3,0,0,0,0,0,0,0,0,0,0,0,0,0,0,0,1,0,0,0,0,0,0,0,0,0,0,1,0,0,0,0,0,0,0,0,0,11200000,1460,3,7671.232876712329,Nallakunta,3 BHK,1000-1500 sqft,Valid,Hyderabad,Not available in source data,2,35
11200000,1460,Nallakunta,3,0,0,0,0,0,0,0,0,0,0,0,0,0,0,0,0,0,0,0,0,0,0,0,0,0,0,0,0,0,0,0,0,0,0,0,0,11200000,1460,3,7671.232876712329,Nallakunta,3 BHK,1000-1500 sqft,Valid,Hyderabad,Not available in source data,0,35
4200000,1175,Malkajgiri,2,1,0,0,0,0,0,0,0,0,0,0,0,0,0,0,0,0,0,0,0,0,0,0,0,0,0,0,0,0,0,0,0,0,0,0,0,4200000,1175,2,3574.468085106383,Malkajgiri,2 BHK,1000-1500 sqft,Valid,Hyderabad,Not available in source data,0,35
4900000,1360,Kompally,2,0,0,1,1,1,1,0,1,0,1,0,0,1,0,1,1,1,0,0,1,0,0,1,0,0,1,1,1,1,1,0,0,0,0,0,0,4900000,1360,2,3602.9411764705883,Kompally,2 BHK,1000-1500 sqft,Valid,Hyderabad,Not available in source data,17,35
7554000,1220,Kondapur,2,0,0,1,1,1,0,1,1,0,1,0,0,1,0,1,1,1,0,0,0,0,0,0,0,0,1,1,0,1,0,0,0,0,0,0,0,7554000,1220,2,6191.803278688524,Kondapur,2 BHK,1000-1500 sqft,Valid,Hyderabad,Not available in source data,13,35
11399999,1885,Kondapur,3,0,0,1,1,1,0,1,1,0,1,0,0,1,0,1,1,1,0,0,0,0,0,0,0,0,1,1,0,1,0,0,0,0,0,0,0,11399999,1885,3,6047.744827586207,Kondapur,3 BHK,1500-2500 sqft,Valid,Hyderabad,Not available in source data,13,35
9600000,1295,Jubilee Hills,2,0,0,0,0,0,0,0,0,0,0,0,0,0,0,0,0,0,0,0,0,0,0,0,0,0,0,0,0,0,0,0,0,0,0,0,0,9600000,1295,2,7413.127413127413,Jubilee Hills,2 BHK,1000-1500 sqft,Valid,Hyderabad,Not available in source data,0,35
10200000,1295,Jubilee Hills,2,0,0,0,0,0,0,0,0,0,0,0,0,0,0,0,0,0,0,0,0,0,0,0,0,0,0,0,0,0,0,0,0,0,0,0,0,10200000,1295,2,7876.447876447876,Jubilee Hills,2 BHK,1000-1500 sqft,Valid,Hyderabad,Not available in source data,0,35
4800000,1200,Bandlaguda Jagir,2,0,0,0,0,0,0,0,0,0,0,0,0,0,0,0,0,0,0,0,0,0,0,0,0,0,0,0,0,0,0,0,0,0,0,0,0,4800000,1200,2,4000.0,Bandlaguda Jagir,2 BHK,1000-1500 sqft,Valid,Hyderabad,Not available in source data,0,35
16800000,2460,Nanakramguda,3,0,1,1,1,1,1,1,1,1,1,1,1,1,0,1,1,1,0,0,1,0,0,1,0,0,1,1,0,1,0,0,0,0,0,0,0,16800000,2460,3,6829.268292682927,Nanakramguda,3 BHK,1500-2500 sqft,Valid,Hyderabad,Not available in source data,20,35
4000000,1040,Saroornagar,2,0,0,0,0,0,0,0,0,0,1,0,0,1,0,0,1,0,0,0,0,0,0,1,0,0,0,1,0,0,1,0,0,0,0,0,0,4000000,1040,2,3846.153846153846,Saroornagar,2 BHK,1000-1500 sqft,Valid,Hyderabad,Not available in source data,6,35
3600000,1107,Beeramguda,2,0,0,0,0,0,0,0,0,0,1,0,0,1,0,0,1,0,0,0,0,0,0,1,0,0,0,1,0,0,1,0,0,0,0,0,0,3600000,1107,2,3252.032520325203,Beeramguda,2 BHK,1000-1500 sqft,Valid,Hyderabad,Not available in source data,6,35
6000000,1050,Begumpet,2,0,0,1,0,0,0,0,1,0,0,0,0,0,0,0,1,0,0,0,0,0,0,0,0,0,1,0,0,0,0,0,0,0,0,0,0,6000000,1050,2,5714.285714285715,Begumpet,2 BHK,1000-1500 sqft,Valid,Hyderabad,Not available in source data,4,35
6000000,1050,Begumpet,2,0,0,1,0,0,0,0,1,0,1,0,0,1,0,0,1,0,0,0,0,0,0,1,0,0,1,1,0,0,1,0,0,0,0,0,0,6000000,1050,2,5714.285714285715,Begumpet,2 BHK,1000-1500 sqft,Valid,Hyderabad,Not available in source data,9,35
33300000,2900,Banjara Hills,3,0,0,1,1,0,0,0,0,0,0,1,0,1,0,0,1,0,0,0,0,0,0,1,1,0,1,1,0,0,0,0,0,0,0,0,0,33300000,2900,3,11482.758620689656,Banjara Hills,3 BHK,2500+ sqft,Valid,Hyderabad,Not available in source data,9,35
4000000,850,Beeramguda,2,0,0,0,0,0,0,0,0,0,1,0,0,1,0,0,1,0,0,0,0,0,0,1,0,0,0,1,0,0,1,0,0,0,0,0,0,4000000,850,2,4705.882352941177,Beeramguda,2 BHK,500-1000 sqft,Valid,Hyderabad,Not available in source data,6,35
3500000,1080,Beeramguda,2,0,0,0,0,0,0,0,0,0,1,0,0,1,0,0,1,0,0,0,0,0,0,1,0,0,0,1,0,0,1,0,0,0,0,0,0,3500000,1080,2,3240.740740740741,Beeramguda,2 BHK,1000-1500 sqft,Valid,Hyderabad,Not available in source data,6,35
3500000,1080,Beeramguda,2,0,0,0,0,0,0,0,0,0,0,0,0,0,0,0,0,0,0,0,0,0,0,0,0,0,0,0,0,0,0,0,0,0,0,0,0,3500000,1080,2,3240.740740740741,Beeramguda,2 BHK,1000-1500 sqft,Valid,Hyderabad,Not available in source data,0,35
2300000,1100,Boduppal,2,0,0,0,0,0,0,0,0,0,0,0,0,0,0,0,0,0,0,0,0,0,0,0,0,0,0,0,0,0,0,0,0,0,0,0,0,2300000,1100,2,2090.909090909091,Boduppal,2 BHK,1000-1500 sqft,Valid,Hyderabad,Not available in source data,0,35
2300000,1100,Boduppal,2,0,0,0,0,0,0,0,0,0,1,0,0,1,0,0,1,0,0,0,0,0,0,1,0,0,0,0,0,0,1,0,0,0,0,0,0,2300000,1100,2,2090.909090909091,Boduppal,2 BHK,1000-1500 sqft,Valid,Hyderabad,Not available in source data,5,35
12000000,1745,Somajiguda,3,1,0,0,0,0,0,0,0,0,0,0,0,0,0,0,0,1,0,0,0,0,0,0,0,0,0,0,0,0,0,0,0,0,0,0,0,12000000,1745,3,6876.790830945559,Somajiguda,3 BHK,1500-2500 sqft,Valid,Hyderabad,Not available in source data,1,35
2500000,970,Nagole,2,0,0,0,0,0,0,0,0,0,1,0,0,0,0,0,1,0,0,0,0,0,0,1,0,0,0,0,0,0,1,0,0,0,0,0,0,2500000,970,2,2577.319587628866,Nagole,2 BHK,500-1000 sqft,Valid,Hyderabad,Not available in source data,4,35
5777000,1090,Kukatpally,2,0,0,1,1,1,0,0,1,0,1,0,0,1,0,1,1,1,0,0,0,0,0,0,0,0,1,1,0,0,0,0,0,0,0,0,0,5777000,1090,2,5300.0,Kukatpally,2 BHK,1000-1500 sqft,Valid,Hyderabad,Not available in source data,11,35
7605000,1435,Kukatpally,3,0,0,1,1,0,0,0,0,0,1,0,0,1,0,0,1,0,0,0,0,0,0,0,0,0,1,1,0,0,0,0,0,0,0,0,0,7605000,1435,3,5299.651567944251,Kukatpally,3 BHK,1000-1500 sqft,Valid,Hyderabad,Not available in source data,7,35
2600000,684,Beeramguda,1,0,0,0,0,0,0,0,0,0,1,0,0,1,0,0,1,0,0,0,0,0,0,1,0,0,0,0,1,0,0,0,0,0,0,0,0,2600000,684,1,3801.1695906432747,Beeramguda,1 BHK,500-1000 sqft,Valid,Hyderabad,Not available in source data,5,35
4500000,1040,Beeramguda,2,0,0,0,0,0,0,0,0,0,1,0,0,1,0,0,1,0,0,0,0,0,0,1,0,0,0,1,1,0,1,0,0,1,1,0,0,4500000,1040,2,4326.923076923077,Beeramguda,2 BHK,1000-1500 sqft,Valid,Hyderabad,Not available in source data,9,35
3000000,850,Beeramguda,2,0,0,0,0,0,0,0,0,0,1,0,0,1,0,0,1,0,0,0,0,0,0,1,0,0,0,1,0,0,0,0,0,0,0,0,0,3000000,850,2,3529.4117647058824,Beeramguda,2 BHK,500-1000 sqft,Valid,Hyderabad,Not available in source data,5,35
3200000,1150,Beeramguda,2,0,0,0,0,0,0,0,0,0,1,0,0,1,0,0,1,0,0,0,0,0,0,1,0,0,0,1,1,0,1,0,0,0,0,0,0,3200000,1150,2,2782.608695652174,Beeramguda,2 BHK,1000-1500 sqft,Valid,Hyderabad,Not available in source data,7,35
7000000,1605,Neknampur,3,0,0,0,0,0,0,0,0,0,1,0,0,0,0,0,1,0,0,0,0,0,0,0,0,0,0,1,0,0,0,0,0,0,0,0,0,7000000,1605,3,4361.370716510904,Neknampur,3 BHK,1500-2500 sqft,Valid,Hyderabad,Not available in source data,3,35
5500000,1000,Mallapur,2,0,0,0,0,0,0,0,0,0,1,0,0,1,0,0,1,0,0,0,0,0,0,1,0,0,0,1,1,1,1,0,0,0,0,0,0,5500000,1000,2,5500.0,Mallapur,2 BHK,1000-1500 sqft,Valid,Hyderabad,Not available in source data,8,35
8502000,1635,Nagole,3,0,0,1,1,0,0,1,1,0,1,1,0,1,0,1,1,1,0,0,0,0,0,0,0,0,1,1,0,0,0,0,0,0,0,0,0,8502000,1635,3,5200.0,Nagole,3 BHK,1500-2500 sqft,Valid,Hyderabad,Not available in source data,12,35
8242000,1585,Nagole,3,0,0,1,1,0,0,1,1,0,1,1,0,1,0,1,1,1,0,0,0,0,0,0,0,0,1,1,0,0,0,0,0,0,0,0,0,8242000,1585,3,5200.0,Nagole,3 BHK,1500-2500 sqft,Valid,Hyderabad,Not available in source data,12,35
11000000,1730,Appa Junction Peerancheru,3,0,0,1,1,1,1,1,0,0,0,1,1,1,0,1,1,1,1,0,0,0,0,1,0,0,1,1,0,1,0,0,0,0,0,0,0,11000000,1730,3,6358.381502890174,Appa Junction Peerancheru,3 BHK,1500-2500 sqft,Valid,Hyderabad,Not available in source data,16,35
10700000,1665,Appa Junction Peerancheru,3,0,0,1,1,1,1,1,0,0,0,1,1,1,0,1,1,1,1,0,0,0,0,1,0,0,1,1,0,1,0,0,0,0,0,0,0,10700000,1665,3,6426.426426426427,Appa Junction Peerancheru,3 BHK,1500-2500 sqft,Valid,Hyderabad,Not available in source data,16,35
9240000,1482,Appa Junction Peerancheru,2,0,0,1,1,1,1,1,0,0,0,1,1,1,0,1,1,1,1,0,0,0,0,1,0,0,1,1,0,1,0,0,0,0,0,0,0,9240000,1482,2,6234.817813765182,Appa Junction Peerancheru,2 BHK,1000-1500 sqft,Valid,Hyderabad,Not available in source data,16,35
8800000,1385,Appa Junction Peerancheru,2,0,0,1,1,1,1,1,0,0,0,1,1,1,0,1,1,1,1,0,0,0,0,1,0,0,1,1,0,1,0,0,0,0,0,0,0,8800000,1385,2,6353.790613718412,Appa Junction Peerancheru,2 BHK,1000-1500 sqft,Valid,Hyderabad,Not available in source data,16,35
3400000,1000,Ambedkar Nagar,2,0,0,0,0,0,0,0,0,0,0,0,0,1,0,0,1,0,0,0,0,0,0,1,0,0,0,0,0,0,1,0,0,0,0,0,0,3400000,1000,2,3400.0,Ambedkar Nagar,2 BHK,1000-1500 sqft,Valid,Hyderabad,Not available in source data,4,35
9500000,1035,Gachibowli,2,1,0,1,1,1,1,1,0,0,1,1,0,1,0,1,1,1,0,0,1,0,1,1,1,0,1,1,1,1,1,1,1,1,1,0,1,9500000,1035,2,9178.743961352657,Gachibowli,2 BHK,1000-1500 sqft,Valid,Hyderabad,Not available in source data,25,35
4700000,1250,Toli Chowki,2,0,0,0,0,0,0,0,0,0,0,0,0,0,0,0,1,0,0,0,0,0,0,0,0,0,0,1,0,0,0,0,0,0,0,0,0,4700000,1250,2,3760.0,Toli Chowki,2 BHK,1000-1500 sqft,Valid,Hyderabad,Not available in source data,2,35
4700000,1250,Toli Chowki,2,0,0,0,0,0,0,0,0,0,0,0,0,1,0,0,1,0,0,0,0,0,0,1,0,0,0,1,1,0,1,0,0,0,0,0,0,4700000,1250,2,3760.0,Toli Chowki,2 BHK,1000-1500 sqft,Valid,Hyderabad,Not available in source data,6,35
5000000,1000,Hafeezpet,2,0,0,0,0,0,0,1,0,0,1,0,0,1,0,0,1,1,0,0,0,0,0,1,0,0,1,1,0,1,1,0,0,0,0,0,0,5000000,1000,2,5000.0,Hafeezpet,2 BHK,1000-1500 sqft,Valid,Hyderabad,Not available in source data,10,35
4788000,1260,Saroornagar,2,0,0,0,0,0,0,0,0,0,1,0,0,1,0,0,1,0,0,0,0,0,0,1,0,0,0,1,0,0,1,0,0,0,0,0,0,4788000,1260,2,3800.0,Saroornagar,2 BHK,1000-1500 sqft,Valid,Hyderabad,Not available in source data,6,35
2880000,950,Beeramguda,2,0,0,0,0,0,0,0,0,0,1,0,0,1,0,0,1,0,0,0,0,0,0,1,0,0,0,0,0,0,1,0,0,0,0,0,0,2880000,950,2,3031.5789473684213,Beeramguda,2 BHK,500-1000 sqft,Valid,Hyderabad,Not available in source data,5,35
8500000,1260,Nanakramguda,2,1,0,1,1,0,1,1,1,0,1,1,0,1,0,1,1,1,0,0,1,0,0,0,0,0,1,1,0,0,0,0,0,0,0,0,0,8500000,1260,2,6746.0317460317465,Nanakramguda,2 BHK,1000-1500 sqft,Valid,Hyderabad,Not available in source data,14,35
5500000,1050,Saroornagar,2,0,0,0,0,0,0,0,0,0,1,0,0,1,0,0,1,0,0,0,0,0,0,1,0,0,0,1,0,0,1,0,0,0,0,0,0,5500000,1050,2,5238.0952380952385,Saroornagar,2 BHK,1000-1500 sqft,Valid,Hyderabad,Not available in source data,6,35
4400000,1250,Bachupally,2,0,0,1,1,1,1,1,1,0,1,0,0,1,0,1,1,1,1,0,0,0,0,0,0,0,1,1,0,1,0,0,0,0,0,0,0,4400000,1250,2,3520.0,Bachupally,2 BHK,1000-1500 sqft,Valid,Hyderabad,Not available in source data,15,35
14000000,1908,Kondapur,3,0,0,1,1,0,0,0,0,0,1,1,0,1,0,0,1,0,0,0,0,0,1,1,1,0,1,1,0,0,0,0,0,1,1,0,1,14000000,1908,3,7337.526205450734,Kondapur,3 BHK,1500-2500 sqft,Valid,Hyderabad,Not available in source data,14,35
12000000,1720,Narsingi,3,0,1,1,1,1,1,0,1,0,1,1,1,1,0,1,1,1,0,1,1,0,0,0,0,0,1,1,0,1,0,0,0,0,0,0,0,12000000,1720,3,6976.7441860465115,Narsingi,3 BHK,1500-2500 sqft,Valid,Hyderabad,Not available in source data,18,35
7540000,1327,Rajendra Nagar,3,0,0,1,1,1,1,1,1,0,1,1,0,1,0,1,1,1,1,0,1,0,0,0,0,0,1,1,0,1,0,0,0,0,0,0,0,7540000,1327,3,5681.9894498869635,Rajendra Nagar,3 BHK,1000-1500 sqft,Valid,Hyderabad,Not available in source data,17,35
6290000,1110,Rajendra Nagar,3,0,0,1,1,1,1,1,1,0,1,1,0,1,0,1,1,1,1,0,1,0,0,1,0,0,1,1,0,1,0,0,0,0,0,0,0,6290000,1110,3,5666.666666666667,Rajendra Nagar,3 BHK,1000-1500 sqft,Valid,Hyderabad,Not available in source data,18,35
5290000,941,Rajendra Nagar,2,0,0,1,1,1,1,1,1,0,1,1,0,1,0,1,1,1,1,0,1,0,0,0,0,0,1,1,0,1,0,0,0,0,0,0,0,5290000,941,2,5621.679064824654,Rajendra Nagar,2 BHK,500-1000 sqft,Valid,Hyderabad,Not available in source data,17,35
5580000,1200,Boduppal,2,0,0,0,0,0,0,0,0,0,1,0,0,1,0,0,1,0,0,0,0,0,0,1,0,0,0,1,0,0,1,0,0,0,0,0,0,5580000,1200,2,4650.0,Boduppal,2 BHK,1000-1500 sqft,Valid,Hyderabad,Not available in source data,6,35
4300000,1200,Manikonda,1,0,0,0,1,1,0,0,0,0,0,1,0,1,0,0,1,0,0,0,0,0,0,1,0,0,1,1,1,0,1,0,0,0,1,0,0,4300000,1200,1,3583.3333333333335,Manikonda,1 BHK,1000-1500 sqft,Valid,Hyderabad,Not available in source data,11,35
5560000,1390,Vanasthalipuram,3,0,0,0,0,0,0,0,0,0,1,0,0,1,0,0,1,0,0,0,0,0,0,1,0,0,0,1,0,0,1,0,0,0,0,0,0,5560000,1390,3,4000.0,Vanasthalipuram,3 BHK,1000-1500 sqft,Valid,Hyderabad,Not available in source data,6,35
2400000,540,Amberpet,1,0,0,0,0,0,0,0,0,0,1,0,0,0,0,0,1,0,0,0,0,0,0,1,0,0,0,0,0,0,0,0,0,0,0,0,0,2400000,540,1,4444.444444444444,Amberpet,1 BHK,500-1000 sqft,Valid,Hyderabad,Not available in source data,3,35
12500000,1717,Gachibowli,2,0,0,1,1,1,1,1,0,0,1,1,0,1,0,1,1,1,0,0,1,0,0,0,0,0,1,1,0,1,0,1,0,0,0,0,0,12500000,1717,2,7280.139778683751,Gachibowli,2 BHK,1500-2500 sqft,Valid,Hyderabad,Not available in source data,16,35
12500000,1717,Gachibowli,2,0,0,1,1,1,1,1,0,0,1,1,0,1,0,1,1,1,0,0,1,0,1,1,1,0,1,1,1,1,1,1,1,1,1,0,1,12500000,1717,2,7280.139778683751,Gachibowli,2 BHK,1500-2500 sqft,Valid,Hyderabad,Not available in source data,25,35
3570000,900,Mehdipatnam,2,0,0,0,0,0,0,0,0,0,1,0,0,1,0,0,1,0,0,0,0,0,0,1,0,0,0,1,0,0,0,0,0,0,0,0,0,3570000,900,2,3966.6666666666665,Mehdipatnam,2 BHK,500-1000 sqft,Valid,Hyderabad,Not available in source data,5,35
12600000,2150,Bandlaguda Jagir,3,0,0,1,1,1,1,1,1,1,1,1,1,1,1,1,1,1,1,0,0,1,0,1,0,0,1,1,0,1,0,0,0,0,0,0,0,12600000,2150,3,5860.46511627907,Bandlaguda Jagir,3 BHK,1500-2500 sqft,Valid,Hyderabad,Not available in source data,21,35
4800000,810,Moula Ali,2,0,0,0,0,0,0,0,0,0,1,0,0,1,0,0,1,1,0,0,0,0,0,1,0,0,0,1,1,0,1,0,0,0,0,0,0,4800000,810,2,5925.925925925926,Moula Ali,2 BHK,500-1000 sqft,Valid,Hyderabad,Not available in source data,8,35
11600000,1985,Bandlaguda Jagir,3,0,0,1,1,1,1,1,1,1,1,1,1,1,1,1,1,1,1,0,0,1,0,1,0,0,1,1,0,1,0,0,0,0,0,0,0,11600000,1985,3,5843.828715365239,Bandlaguda Jagir,3 BHK,1500-2500 sqft,Valid,Hyderabad,Not available in source data,21,35
9563000,1555,Kondapur,3,0,0,1,1,1,0,1,1,0,1,0,0,1,0,1,1,1,0,0,0,0,0,0,0,0,1,1,0,1,0,0,0,0,0,0,0,9563000,1555,3,6149.83922829582,Kondapur,3 BHK,1500-2500 sqft,Valid,Hyderabad,Not available in source data,13,35
3600000,1050,Mehdipatnam,2,0,0,0,0,0,0,0,0,0,1,0,0,1,0,0,1,0,0,0,0,0,0,1,0,0,0,0,1,0,1,0,0,0,0,0,0,3600000,1050,2,3428.5714285714284,Mehdipatnam,2 BHK,1000-1500 sqft,Valid,Hyderabad,Not available in source data,6,35
4500000,1014,Mallapur,2,0,0,0,0,0,0,0,0,0,1,0,0,1,0,0,1,0,0,0,0,0,0,1,0,0,0,1,0,1,1,0,0,0,0,0,0,4500000,1014,2,4437.869822485207,Mallapur,2 BHK,1000-1500 sqft,Valid,Hyderabad,Not available in source data,7,35
3900000,1085,Kompally,2,0,0,1,1,1,1,0,1,0,0,0,0,1,0,1,1,1,0,0,1,0,0,1,0,0,1,1,0,1,1,0,0,0,0,0,0,3900000,1085,2,3594.4700460829495,Kompally,2 BHK,1000-1500 sqft,Valid,Hyderabad,Not available in source data,15,35
5800000,1100,Kompally,2,0,0,1,1,0,0,0,0,0,1,0,0,1,0,0,1,0,0,0,0,0,0,1,0,0,1,1,0,1,1,0,0,0,0,0,0,5800000,1100,2,5272.727272727273,Kompally,2 BHK,1000-1500 sqft,Valid,Hyderabad,Not available in source data,10,35
3500000,1050,Nizampet,2,0,0,0,0,0,0,0,0,0,0,0,0,0,0,0,0,0,0,0,0,0,0,0,0,0,0,0,0,0,0,0,0,0,0,0,0,3500000,1050,2,3333.3333333333335,Nizampet,2 BHK,1000-1500 sqft,Valid,Hyderabad,Not available in source data,0,35
3500000,1050,Nizampet,2,0,0,0,0,0,0,0,0,0,1,0,0,1,0,0,1,0,0,0,0,0,0,1,1,0,0,0,0,0,1,0,0,0,0,0,0,3500000,1050,2,3333.3333333333335,Nizampet,2 BHK,1000-1500 sqft,Valid,Hyderabad,Not available in source data,6,35
11399999,1860,Kukatpally,3,0,0,1,1,1,1,1,1,0,1,1,1,1,0,1,1,1,0,1,1,0,0,0,0,0,1,1,0,0,0,0,0,0,0,0,0,11399999,1860,3,6129.031720430107,Kukatpally,3 BHK,1500-2500 sqft,Valid,Hyderabad,Not available in source data,17,35
11399999,1860,Kukatpally,3,0,0,1,1,1,1,1,1,0,0,1,1,1,0,1,0,1,0,1,1,0,0,0,0,0,1,1,0,0,0,0,0,0,0,0,0,11399999,1860,3,6129.031720430107,Kukatpally,3 BHK,1500-2500 sqft,Valid,Hyderabad,Not available in source data,15,35
35000000,3000,Banjara Hills,3,1,0,0,1,0,0,0,0,0,0,0,0,0,0,0,1,0,0,0,0,0,0,0,0,0,0,1,0,0,0,0,0,0,0,0,0,35000000,3000,3,11666.666666666666,Banjara Hills,3 BHK,2500+ sqft,Valid,Hyderabad,Not available in source data,3,35
35000000,3000,Banjara Hills,3,1,0,0,0,0,0,0,0,0,0,0,0,0,0,0,0,0,0,0,0,0,0,0,0,0,0,0,0,0,0,0,0,0,0,0,0,35000000,3000,3,11666.666666666666,Banjara Hills,3 BHK,2500+ sqft,Valid,Hyderabad,Not available in source data,0,35
4500000,955,Nallagandla Gachibowli,2,0,0,1,1,1,0,0,1,0,1,0,0,1,0,0,1,1,0,0,0,0,0,1,0,0,1,1,0,1,1,0,0,0,0,0,0,4500000,955,2,4712.041884816754,Nallagandla Gachibowli,2 BHK,500-1000 sqft,Valid,Hyderabad,Not available in source data,13,35
4500000,1155,Gandipet,2,0,1,0,1,1,0,1,1,0,1,0,0,1,0,1,1,1,0,0,0,0,0,1,0,0,1,1,1,0,1,0,0,0,0,0,0,4500000,1155,2,3896.103896103896,Gandipet,2 BHK,1000-1500 sqft,Valid,Hyderabad,Not available in source data,15,35
3500000,1120,Nizampet,2,0,0,0,0,0,0,0,0,0,1,0,0,1,0,0,1,0,0,0,0,0,0,1,0,0,0,0,0,0,1,0,0,0,0,0,0,3500000,1120,2,3125.0,Nizampet,2 BHK,1000-1500 sqft,Valid,Hyderabad,Not available in source data,5,35
3500000,850,Nizampet,2,0,0,0,0,0,0,0,0,0,1,0,0,1,0,0,1,0,0,0,0,0,0,1,0,0,0,0,0,0,1,0,0,0,0,0,0,3500000,850,2,4117.64705882353,Nizampet,2 BHK,500-1000 sqft,Valid,Hyderabad,Not available in source data,5,35
3800000,1000,Kachiguda,2,0,0,0,0,0,0,0,0,0,1,0,0,1,0,0,1,0,0,0,0,0,0,1,0,0,0,0,1,0,1,0,0,0,0,0,0,3800000,1000,2,3800.0,Kachiguda,2 BHK,1000-1500 sqft,Valid,Hyderabad,Not available in source data,6,35
3800000,1000,Kachiguda,2,0,0,0,0,0,0,0,0,0,0,0,0,0,0,0,0,0,0,0,0,0,0,0,0,0,0,0,0,0,0,0,0,0,0,0,0,3800000,1000,2,3800.0,Kachiguda,2 BHK,1000-1500 sqft,Valid,Hyderabad,Not available in source data,0,35
3960000,966,Narsingi,2,0,0,0,0,0,0,0,0,0,0,0,0,0,0,0,0,0,0,0,0,0,0,0,0,0,0,0,0,0,0,0,0,0,0,0,0,3960000,966,2,4099.378881987577,Narsingi,2 BHK,500-1000 sqft,Valid,Hyderabad,Not available in source data,0,35
4100000,1050,Mehdipatnam,2,0,0,0,0,0,0,0,0,0,1,0,0,1,0,0,1,0,0,0,0,0,0,1,0,0,0,1,0,0,1,0,0,0,0,0,0,4100000,1050,2,3904.7619047619046,Mehdipatnam,2 BHK,1000-1500 sqft,Valid,Hyderabad,Not available in source data,6,35
5500000,1575,Alwal,3,0,0,0,0,0,0,0,0,0,1,0,0,1,0,0,1,0,0,0,0,0,0,1,0,0,0,1,0,0,1,0,0,0,0,0,0,5500000,1575,3,3492.063492063492,Alwal,3 BHK,1500-2500 sqft,Valid,Hyderabad,Not available in source data,6,35
9600000,1700,Nacharam,3,0,0,0,0,0,0,0,0,0,0,0,0,0,0,0,0,0,0,0,0,0,0,0,0,0,0,1,0,0,0,0,0,0,0,0,0,9600000,1700,3,5647.058823529412,Nacharam,3 BHK,1500-2500 sqft,Valid,Hyderabad,Not available in source data,1,35
6795000,1535,Pragathi Nagar Kukatpally,3,0,0,1,0,0,0,0,0,0,0,0,0,0,0,0,1,0,0,0,0,0,0,0,0,0,0,1,0,0,0,0,0,0,0,0,0,6795000,1535,3,4426.71009771987,Pragathi Nagar Kukatpally,3 BHK,1500-2500 sqft,Valid,Hyderabad,Not available in source data,3,35
3600000,940,Nizampet,2,0,0,0,0,0,0,0,0,0,1,0,0,1,0,0,1,0,0,0,0,0,0,1,0,0,0,0,1,0,1,0,0,0,0,0,0,3600000,940,2,3829.7872340425533,Nizampet,2 BHK,500-1000 sqft,Valid,Hyderabad,Not available in source data,6,35
3400000,1060,Nizampet,2,0,0,0,0,0,0,0,0,0,1,0,0,1,0,0,1,0,0,0,0,0,0,1,0,0,0,0,1,0,1,0,0,0,0,0,0,3400000,1060,2,3207.5471698113206,Nizampet,2 BHK,1000-1500 sqft,Valid,Hyderabad,Not available in source data,6,35
3500000,1015,Nizampet,2,0,0,0,0,0,0,0,0,0,0,0,0,0,0,0,0,0,0,0,0,0,0,0,0,0,0,0,0,0,0,0,0,0,0,0,0,3500000,1015,2,3448.2758620689656,Nizampet,2 BHK,1000-1500 sqft,Valid,Hyderabad,Not available in source data,0,35
3500000,1015,Nizampet,2,0,0,0,0,0,0,0,0,0,1,0,0,1,0,0,1,0,0,0,0,0,0,1,0,0,0,0,0,0,0,0,0,0,0,0,0,3500000,1015,2,3448.2758620689656,Nizampet,2 BHK,1000-1500 sqft,Valid,Hyderabad,Not available in source data,4,35
5000000,1600,Narsingi,3,0,0,0,0,0,0,0,0,0,1,0,0,1,0,0,1,0,0,0,0,0,0,1,0,0,0,1,1,0,1,0,0,0,0,0,0,5000000,1600,3,3125.0,Narsingi,3 BHK,1500-2500 sqft,Valid,Hyderabad,Not available in source data,7,35
7000000,1150,Kondapur,2,1,0,0,0,0,0,0,0,0,0,0,0,0,0,0,1,0,0,0,0,0,0,0,0,0,0,1,0,0,0,0,0,0,0,0,0,7000000,1150,2,6086.95652173913,Kondapur,2 BHK,1000-1500 sqft,Valid,Hyderabad,Not available in source data,2,35
5500000,1500,Narsingi,2,0,0,0,0,0,0,0,0,0,1,0,0,1,0,0,1,0,0,0,0,0,0,1,0,0,0,1,1,0,1,0,0,0,1,0,0,5500000,1500,2,3666.6666666666665,Narsingi,2 BHK,1500-2500 sqft,Valid,Hyderabad,Not available in source data,8,35
3870000,1000,Nizampet,2,0,0,0,0,0,0,0,0,0,1,0,0,1,0,0,1,0,0,0,0,0,0,1,0,0,0,0,1,0,1,0,0,0,0,0,0,3870000,1000,2,3870.0,Nizampet,2 BHK,1000-1500 sqft,Valid,Hyderabad,Not available in source data,6,35
5800000,1208,Kompally,2,0,0,0,0,0,0,0,0,0,1,0,0,1,0,0,1,0,0,0,0,0,0,1,0,0,0,1,0,0,1,0,0,0,0,0,0,5800000,1208,2,4801.324503311258,Kompally,2 BHK,1000-1500 sqft,Valid,Hyderabad,Not available in source data,6,35
4700000,1000,Toli Chowki,2,1,0,0,0,0,0,0,0,0,0,0,0,0,0,0,0,0,0,0,0,0,0,0,0,0,0,1,0,0,0,0,0,0,0,0,0,4700000,1000,2,4700.0,Toli Chowki,2 BHK,1000-1500 sqft,Valid,Hyderabad,Not available in source data,1,35
11299999,1700,Kukatpally,3,0,0,0,0,0,0,0,0,0,0,0,0,0,0,0,1,0,0,0,0,0,0,0,0,0,1,1,0,0,0,0,0,0,0,0,0,11299999,1700,3,6647.058235294117,Kukatpally,3 BHK,1500-2500 sqft,Valid,Hyderabad,Not available in source data,3,35
4500000,1170,Masab Tank,2,0,0,0,0,0,0,0,0,0,1,0,0,1,0,0,1,0,0,0,0,0,0,1,0,0,0,1,0,0,0,0,0,0,1,0,0,4500000,1170,2,3846.153846153846,Masab Tank,2 BHK,1000-1500 sqft,Valid,Hyderabad,Not available in source data,6,35
7317000,1090,Kukatpally,2,0,0,0,0,0,0,0,0,0,0,0,0,0,0,0,0,0,0,0,0,0,0,0,0,0,0,0,0,0,0,0,0,0,0,0,0,7317000,1090,2,6712.844036697248,Kukatpally,2 BHK,1000-1500 sqft,Valid,Hyderabad,Not available in source data,0,35
7317000,1090,Kukatpally,2,0,0,0,0,0,0,0,0,0,0,0,0,0,0,0,1,0,0,0,0,0,0,0,0,0,1,1,0,0,0,0,0,0,0,0,0,7317000,1090,2,6712.844036697248,Kukatpally,2 BHK,1000-1500 sqft,Valid,Hyderabad,Not available in source data,3,35
3800000,1050,Nizampet,2,0,0,0,0,0,0,0,0,0,1,0,0,1,0,0,1,0,0,0,0,0,0,1,0,0,0,0,0,0,1,0,0,0,0,0,0,3800000,1050,2,3619.0476190476193,Nizampet,2 BHK,1000-1500 sqft,Valid,Hyderabad,Not available in source data,5,35
4850000,1425,Malkajgiri,3,0,0,0,0,0,0,0,0,0,1,0,0,1,0,0,1,0,0,0,0,0,0,1,0,0,0,1,0,0,1,0,0,0,0,0,0,4850000,1425,3,3403.5087719298244,Malkajgiri,3 BHK,1000-1500 sqft,Valid,Hyderabad,Not available in source data,6,35
4010000,1060,Bolarum,2,0,0,0,0,0,0,0,0,0,1,0,0,1,0,0,1,0,0,0,0,0,0,1,0,0,0,0,1,0,1,0,0,0,0,0,0,4010000,1060,2,3783.0188679245284,Bolarum,2 BHK,1000-1500 sqft,Valid,Hyderabad,Not available in source data,6,35
3550000,1130,Bachupally,2,0,0,0,0,0,0,0,0,0,1,0,0,1,0,0,1,0,0,0,0,0,0,1,0,0,0,0,1,0,1,0,0,0,0,0,0,3550000,1130,2,3141.592920353982,Bachupally,2 BHK,1000-1500 sqft,Valid,Hyderabad,Not available in source data,6,35
3300000,930,Nizampet,2,0,0,0,0,0,0,0,0,0,1,0,0,1,0,0,1,0,0,0,0,0,0,1,0,0,0,0,0,0,1,0,0,0,0,0,0,3300000,930,2,3548.3870967741937,Nizampet,2 BHK,500-1000 sqft,Valid,Hyderabad,Not available in source data,5,35
3500000,1085,Nizampet,2,0,0,0,0,0,0,0,0,0,1,0,0,1,0,0,1,0,0,0,0,0,0,1,0,0,0,0,0,0,0,0,0,0,0,0,0,3500000,1085,2,3225.8064516129034,Nizampet,2 BHK,1000-1500 sqft,Valid,Hyderabad,Not available in source data,4,35
7500000,1420,Toli Chowki,3,0,0,0,0,0,0,0,0,0,1,0,0,0,0,0,1,0,0,0,0,0,0,0,0,0,0,1,0,0,0,0,0,0,0,0,0,7500000,1420,3,5281.69014084507,Toli Chowki,3 BHK,1000-1500 sqft,Valid,Hyderabad,Not available in source data,3,35
4600000,1120,Nizampet,2,0,0,0,0,0,0,0,0,0,0,0,0,0,0,0,0,0,0,0,0,0,0,0,0,0,0,0,0,0,0,0,0,0,0,0,0,4600000,1120,2,4107.142857142857,Nizampet,2 BHK,1000-1500 sqft,Valid,Hyderabad,Not available in source data,0,35
8500000,1506,Appa Junction,2,0,0,0,0,0,0,0,0,0,0,0,0,0,0,0,0,0,0,0,0,0,0,0,0,0,0,0,0,0,0,0,0,0,0,0,0,8500000,1506,2,5644.090305444887,Appa Junction,2 BHK,1500-2500 sqft,Valid,Hyderabad,Not available in source data,0,35
8500000,1506,Appa Junction,2,0,0,1,1,0,0,0,0,0,1,1,0,1,0,0,1,0,0,0,0,0,0,1,1,0,1,1,0,0,0,0,0,0,0,0,0,8500000,1506,2,5644.090305444887,Appa Junction,2 BHK,1500-2500 sqft,Valid,Hyderabad,Not available in source data,10,35
5500000,1650,Nagole,3,0,0,0,0,0,0,1,0,0,1,0,0,1,0,1,1,0,0,0,0,0,0,0,0,0,1,0,0,0,0,0,0,0,0,0,0,5500000,1650,3,3333.3333333333335,Nagole,3 BHK,1500-2500 sqft,Valid,Hyderabad,Not available in source data,6,35
5500000,1650,Nagole,3,0,0,0,0,0,0,1,0,0,1,0,0,1,0,1,1,0,0,0,0,0,0,1,0,0,1,1,1,0,1,0,0,0,1,0,1,5500000,1650,3,3333.3333333333335,Nagole,3 BHK,1500-2500 sqft,Valid,Hyderabad,Not available in source data,12,35
3900000,1200,Nizampet,2,0,0,0,1,0,0,0,0,0,1,0,0,1,0,0,1,0,0,0,0,0,0,1,0,0,0,0,1,0,1,0,0,0,0,0,0,3900000,1200,2,3250.0,Nizampet,2 BHK,1000-1500 sqft,Valid,Hyderabad,Not available in source data,7,35
4580000,1145,Alwal,2,0,0,1,0,0,0,0,0,0,1,1,0,1,0,0,1,0,0,0,0,0,0,1,0,0,1,1,0,0,0,0,0,0,0,0,0,4580000,1145,2,4000.0,Alwal,2 BHK,1000-1500 sqft,Valid,Hyderabad,Not available in source data,8,35
15000000,2450,Kondapur,3,0,0,0,0,0,0,0,0,0,0,0,0,0,0,0,1,0,0,0,0,0,0,0,0,0,0,1,0,0,0,0,0,0,0,0,0,15000000,2450,3,6122.448979591837,Kondapur,3 BHK,1500-2500 sqft,Valid,Hyderabad,Not available in source data,2,35
5700000,1425,Alwal,3,0,0,1,0,0,0,0,0,0,1,1,0,1,0,0,1,0,0,0,0,0,0,1,0,0,1,1,0,0,0,0,0,0,0,0,0,5700000,1425,3,4000.0,Alwal,3 BHK,1000-1500 sqft,Valid,Hyderabad,Not available in source data,8,35
7200000,1720,Mehdipatnam,3,0,0,0,0,0,0,0,0,0,0,0,0,0,0,0,1,0,0,0,0,0,0,0,0,0,0,1,0,0,0,0,0,0,0,0,0,7200000,1720,3,4186.046511627907,Mehdipatnam,3 BHK,1500-2500 sqft,Valid,Hyderabad,Not available in source data,2,35
20000000,2405,Nanakramguda,3,0,0,1,1,0,0,0,0,0,1,1,0,1,0,0,1,0,0,0,0,0,0,1,0,0,1,1,0,0,0,0,0,0,0,0,0,20000000,2405,3,8316.008316008316,Nanakramguda,3 BHK,1500-2500 sqft,Valid,Hyderabad,Not available in source data,9,35
8797000,1725,Chandanagar,3,0,0,0,0,0,0,0,0,0,0,0,0,0,0,0,0,0,0,0,0,0,0,0,0,0,0,1,0,0,0,0,0,0,0,0,0,8797000,1725,3,5099.710144927536,Chandanagar,3 BHK,1500-2500 sqft,Valid,Hyderabad,Not available in source data,1,35
10500000,1730,Kukatpally,3,0,0,0,0,0,0,0,0,0,0,0,0,0,0,0,1,0,0,0,0,0,0,0,0,0,0,1,0,0,0,0,0,0,0,0,0,10500000,1730,3,6069.364161849711,Kukatpally,3 BHK,1500-2500 sqft,Valid,Hyderabad,Not available in source data,2,35
43000000,4070,Madhapur,4,1,0,1,1,1,1,1,1,0,1,1,0,1,0,1,1,1,0,0,0,0,0,1,0,0,1,1,0,0,0,0,0,0,0,0,0,43000000,4070,4,10565.110565110564,Madhapur,4 BHK,2500+ sqft,Valid,Hyderabad,Not available in source data,15,35
10000000,2000,Miyapur,3,1,0,1,1,1,1,0,1,0,1,1,0,1,0,1,1,1,0,1,1,0,0,0,0,0,1,1,0,0,0,0,0,0,0,0,0,10000000,2000,3,5000.0,Miyapur,3 BHK,1500-2500 sqft,Valid,Hyderabad,Not available in source data,15,35
10000000,1295,Kondapur,2,1,0,1,1,1,0,1,1,0,1,1,1,1,0,1,1,1,0,0,1,0,0,0,0,0,1,1,0,1,0,0,0,0,0,0,0,10000000,1295,2,7722.007722007722,Kondapur,2 BHK,1000-1500 sqft,Valid,Hyderabad,Not available in source data,16,35
12000000,1490,Kondapur,3,1,0,1,1,1,0,1,1,0,1,1,1,1,0,1,1,1,0,0,1,0,0,0,0,0,1,1,0,1,0,0,0,0,0,0,0,12000000,1490,3,8053.6912751677855,Kondapur,3 BHK,1000-1500 sqft,Valid,Hyderabad,Not available in source data,16,35
10700000,1905,Miyapur,3,0,0,0,0,0,0,0,0,0,0,0,0,0,0,0,0,0,0,0,0,0,0,0,0,0,0,0,0,0,0,0,0,0,0,0,0,10700000,1905,3,5616.797900262467,Miyapur,3 BHK,1500-2500 sqft,Valid,Hyderabad,Not available in source data,0,35
10700000,1905,Miyapur,3,0,0,1,1,0,0,0,0,0,1,1,0,1,0,0,1,0,0,0,0,0,0,0,0,0,1,1,0,0,0,0,0,0,0,0,0,10700000,1905,3,5616.797900262467,Miyapur,3 BHK,1500-2500 sqft,Valid,Hyderabad,Not available in source data,8,35
7900000,1525,Kondapur,3,0,0,0,0,0,0,0,0,0,1,0,0,0,0,0,0,0,0,0,0,0,0,0,0,0,0,1,0,0,0,0,0,0,0,0,0,7900000,1525,3,5180.327868852459,Kondapur,3 BHK,1500-2500 sqft,Valid,Hyderabad,Not available in source data,2,35
4900000,1120,Manikonda,2,0,0,0,0,0,0,0,0,0,0,0,0,0,0,0,0,0,0,0,0,0,0,0,0,0,0,0,0,0,0,0,0,0,0,0,0,4900000,1120,2,4375.0,Manikonda,2 BHK,1000-1500 sqft,Valid,Hyderabad,Not available in source data,0,35
3800000,1080,Qutub Shahi Tombs,3,0,0,0,0,0,0,0,0,0,0,0,0,0,0,0,0,0,0,0,0,0,0,0,0,0,0,0,0,0,0,0,0,0,0,0,0,3800000,1080,3,3518.5185185185187,Qutub Shahi Tombs,3 BHK,1000-1500 sqft,Valid,Hyderabad,Not available in source data,0,35
4000000,950,Toli Chowki,2,0,0,0,0,0,0,0,0,0,0,0,0,0,0,0,0,0,0,0,0,0,0,0,0,0,0,0,0,0,0,0,0,0,0,0,0,4000000,950,2,4210.526315789473,Toli Chowki,2 BHK,500-1000 sqft,Valid,Hyderabad,Not available in source data,0,35
13500000,2700,Manikonda,3,0,0,0,0,0,0,0,0,0,0,0,0,0,0,0,0,0,0,0,0,0,0,0,0,0,0,0,0,0,0,0,0,0,0,0,0,13500000,2700,3,5000.0,Manikonda,3 BHK,2500+ sqft,Valid,Hyderabad,Not available in source data,0,35
10000000,1755,Narsingi,3,0,0,0,0,0,0,0,0,0,0,0,0,0,0,0,0,0,0,0,0,0,0,0,0,0,0,0,0,0,0,0,0,0,0,0,0,10000000,1755,3,5698.005698005698,Narsingi,3 BHK,1500-2500 sqft,Valid,Hyderabad,Not available in source data,0,35
10000000,1755,Narsingi,3,0,0,1,1,0,0,0,0,0,1,1,0,1,0,0,1,0,0,0,0,0,0,1,1,0,1,1,0,0,0,0,0,0,0,0,0,10000000,1755,3,5698.005698005698,Narsingi,3 BHK,1500-2500 sqft,Valid,Hyderabad,Not available in source data,10,35
6200000,1216,Puppalaguda,2,0,0,0,0,0,0,0,0,0,1,0,0,0,0,0,1,0,0,0,0,0,0,0,0,0,1,1,0,0,0,0,0,0,0,0,0,6200000,1216,2,5098.684210526316,Puppalaguda,2 BHK,1000-1500 sqft,Valid,Hyderabad,Not available in source data,4,35
7000000,1210,Nallagandla Gachibowli,2,0,0,0,0,0,0,0,0,0,1,0,0,0,0,0,1,0,0,0,0,0,0,0,0,0,0,1,0,0,0,0,0,0,0,0,0,7000000,1210,2,5785.123966942148,Nallagandla Gachibowli,2 BHK,1000-1500 sqft,Valid,Hyderabad,Not available in source data,3,35
7900000,1525,Kondapur,3,0,0,0,0,0,0,0,0,0,0,0,0,0,0,0,0,0,0,0,0,0,0,0,0,0,0,0,0,0,0,0,0,0,0,0,0,7900000,1525,3,5180.327868852459,Kondapur,3 BHK,1500-2500 sqft,Valid,Hyderabad,Not available in source data,0,35
6700000,1340,Puppalaguda,2,0,0,1,1,0,0,0,0,0,1,1,0,1,0,0,1,0,0,0,0,0,0,1,0,0,1,1,0,0,0,0,0,0,0,0,0,6700000,1340,2,5000.0,Puppalaguda,2 BHK,1000-1500 sqft,Valid,Hyderabad,Not available in source data,9,35
8452000,1725,Chandanagar,2,0,0,0,0,0,0,0,0,0,0,0,0,0,0,0,1,0,0,0,0,0,0,0,0,0,0,1,0,0,0,0,0,0,0,0,0,8452000,1725,2,4899.710144927536,Chandanagar,2 BHK,1500-2500 sqft,Valid,Hyderabad,Not available in source data,2,35
20000000,2070,Banjara Hills,3,1,0,1,1,0,0,0,0,0,0,0,0,1,0,0,1,0,0,0,0,0,0,0,0,0,1,1,0,0,0,0,0,0,0,0,0,20000000,2070,3,9661.835748792271,Banjara Hills,3 BHK,1500-2500 sqft,Valid,Hyderabad,Not available in source data,6,35
30200000,3025,Banjara Hills,4,1,0,0,1,0,0,0,0,0,0,0,0,1,0,0,1,0,0,0,0,0,0,0,0,0,1,1,0,0,0,0,0,0,0,0,0,30200000,3025,4,9983.471074380166,Banjara Hills,4 BHK,2500+ sqft,Valid,Hyderabad,Not available in source data,5,35
12500000,1670,Jubilee Hills,3,0,0,0,0,0,0,0,0,0,0,0,0,0,0,0,1,0,0,0,0,0,0,0,0,0,0,1,0,0,0,0,0,0,0,0,0,12500000,1670,3,7485.029940119761,Jubilee Hills,3 BHK,1500-2500 sqft,Valid,Hyderabad,Not available in source data,2,35
8200000,1150,East Marredpally,2,0,0,0,0,0,0,0,0,0,0,0,0,0,0,0,0,0,0,0,0,0,0,0,0,0,0,0,0,0,0,0,0,0,0,0,0,8200000,1150,2,7130.434782608696,East Marredpally,2 BHK,1000-1500 sqft,Valid,Hyderabad,Not available in source data,0,35
6900000,1150,Kondapur,2,0,0,0,0,0,0,0,0,0,0,0,0,0,0,0,0,0,0,0,0,0,0,0,0,0,0,1,0,0,0,0,0,0,0,0,0,6900000,1150,2,6000.0,Kondapur,2 BHK,1000-1500 sqft,Valid,Hyderabad,Not available in source data,1,35
9026000,1600,Narsingi,3,0,0,0,0,0,0,0,0,0,0,0,0,0,0,0,0,0,0,0,0,0,0,0,0,0,0,0,0,0,0,0,0,0,0,0,0,9026000,1600,3,5641.25,Narsingi,3 BHK,1500-2500 sqft,Valid,Hyderabad,Not available in source data,0,35
18200000,2786,Narsingi,3,0,0,1,1,0,0,0,0,0,1,1,0,1,0,0,1,0,0,0,0,0,0,1,1,0,1,1,0,0,0,0,0,0,0,0,0,18200000,2786,3,6532.663316582914,Narsingi,3 BHK,2500+ sqft,Valid,Hyderabad,Not available in source data,10,35
8500000,1525,Kondapur,3,0,0,0,0,0,0,0,0,0,0,0,0,0,0,0,0,0,0,0,0,0,0,0,0,0,0,0,0,0,0,0,0,0,0,0,0,8500000,1525,3,5573.770491803279,Kondapur,3 BHK,1500-2500 sqft,Valid,Hyderabad,Not available in source data,0,35
6531000,1555,Gajularamaram,3,0,0,1,1,0,0,0,0,0,1,0,0,0,0,0,1,0,0,0,0,0,0,0,0,0,1,1,0,0,0,0,0,0,0,0,0,6531000,1555,3,4200.0,Gajularamaram,3 BHK,1500-2500 sqft,Valid,Hyderabad,Not available in source data,6,35
8095000,1315,Kondapur,2,0,0,1,1,1,0,1,1,0,1,0,0,1,0,1,1,1,0,0,0,0,0,0,0,0,1,1,0,1,0,0,0,0,0,0,0,8095000,1315,2,6155.893536121673,Kondapur,2 BHK,1000-1500 sqft,Valid,Hyderabad,Not available in source data,13,35
14000000,2050,Kondapur,3,0,0,1,1,0,0,0,0,0,1,1,0,1,0,0,1,0,0,0,0,0,0,1,1,0,1,1,0,0,0,0,0,0,0,0,0,14000000,2050,3,6829.268292682927,Kondapur,3 BHK,1500-2500 sqft,Valid,Hyderabad,Not available in source data,10,35
10200000,1675,Kukatpally,3,0,0,0,0,0,0,0,0,0,0,0,0,0,0,0,1,0,0,0,0,0,0,0,0,0,1,1,0,0,0,0,0,0,0,0,0,10200000,1675,3,6089.55223880597,Kukatpally,3 BHK,1500-2500 sqft,Valid,Hyderabad,Not available in source data,3,35
10000000,1725,Gandipet,3,0,0,1,1,0,0,0,0,0,1,1,0,1,0,0,1,0,0,0,0,0,0,1,1,0,1,1,1,0,1,0,0,1,1,0,0,10000000,1725,3,5797.101449275362,Gandipet,3 BHK,1500-2500 sqft,Valid,Hyderabad,Not available in source data,14,35
24000000,3200,Jubilee Hills,3,0,0,0,0,0,0,0,0,0,0,0,0,0,0,0,1,0,0,0,0,0,0,0,0,0,0,1,0,0,0,0,0,0,0,0,0,24000000,3200,3,7500.0,Jubilee Hills,3 BHK,2500+ sqft,Valid,Hyderabad,Not available in source data,2,35
22000000,1900,Jubilee Hills,3,0,0,0,0,0,0,0,0,0,0,0,0,0,0,0,1,0,0,0,0,0,0,0,1,0,0,1,0,0,0,0,0,0,0,0,0,22000000,1900,3,11578.947368421053,Jubilee Hills,3 BHK,1500-2500 sqft,Valid,Hyderabad,Not available in source data,3,35
21400000,1880,Kondapur,3,0,0,1,1,0,0,0,0,0,1,1,0,1,0,0,1,0,0,0,0,0,0,1,0,0,1,1,1,0,0,0,0,0,0,0,0,21400000,1880,3,11382.978723404256,Kondapur,3 BHK,1500-2500 sqft,Valid,Hyderabad,Not available in source data,10,35
16000000,2050,Kondapur,3,0,0,1,1,0,0,0,0,0,1,1,0,1,0,0,1,0,0,0,0,0,0,1,1,0,1,1,0,0,0,0,0,0,0,0,0,16000000,2050,3,7804.878048780488,Kondapur,3 BHK,1500-2500 sqft,Valid,Hyderabad,Not available in source data,10,35
36500000,3600,Nanakramguda,3,1,0,1,1,0,1,1,1,1,0,0,1,1,1,1,1,1,1,0,0,1,0,0,0,0,1,1,0,1,0,0,0,0,0,0,0,36500000,3600,3,10138.888888888889,Nanakramguda,3 BHK,2500+ sqft,Valid,Hyderabad,Not available in source data,17,35
15000000,2665,Gandipet,3,0,0,1,1,0,0,0,0,0,1,1,0,1,0,0,1,0,0,0,0,0,0,1,1,0,1,1,0,0,0,0,0,0,0,0,0,15000000,2665,3,5628.517823639775,Gandipet,3 BHK,2500+ sqft,Valid,Hyderabad,Not available in source data,10,35
8500000,1216,Kukatpally,2,0,0,1,1,0,0,0,0,0,1,1,0,1,0,0,1,0,0,0,0,0,0,0,0,0,1,1,0,0,0,0,0,0,0,0,0,8500000,1216,2,6990.131578947368,Kukatpally,2 BHK,1000-1500 sqft,Valid,Hyderabad,Not available in source data,8,35
28000000,3031,Banjara Hills,4,0,0,1,1,0,0,0,0,0,1,1,0,1,0,0,1,0,0,0,0,0,0,0,0,0,1,1,0,0,0,0,0,0,0,0,0,28000000,3031,4,9237.875288683603,Banjara Hills,4 BHK,2500+ sqft,Valid,Hyderabad,Not available in source data,8,35
15500000,2220,Kokapet,3,0,0,1,1,0,0,0,0,0,1,1,0,1,0,0,1,0,0,0,0,0,0,1,1,0,1,1,0,0,0,0,0,0,0,0,0,15500000,2220,3,6981.981981981982,Kokapet,3 BHK,1500-2500 sqft,Valid,Hyderabad,Not available in source data,10,35
32500000,3448,Gachibowli,3,1,0,1,1,0,0,0,0,0,1,1,0,1,0,0,1,0,0,0,0,0,0,1,1,0,1,1,0,0,0,0,0,0,0,0,0,32500000,3448,3,9425.754060324825,Gachibowli,3 BHK,2500+ sqft,Valid,Hyderabad,Not available in source data,10,35
20700000,3015,Madhapur,3,0,0,1,1,0,0,0,0,0,1,1,0,1,0,0,1,0,0,0,0,0,0,1,1,0,1,1,0,0,0,0,0,0,0,0,0,20700000,3015,3,6865.671641791045,Madhapur,3 BHK,2500+ sqft,Valid,Hyderabad,Not available in source data,10,35
10500000,1430,Gachibowli,3,0,0,1,1,0,0,0,0,0,1,1,0,1,0,0,1,0,0,0,0,0,0,1,0,0,1,1,0,0,0,0,0,0,0,0,0,10500000,1430,3,7342.657342657342,Gachibowli,3 BHK,1000-1500 sqft,Valid,Hyderabad,Not available in source data,9,35
28000000,2007,Abids,5,1,0,0,0,0,0,0,0,0,0,0,0,0,0,0,0,0,0,0,0,0,0,0,0,0,0,0,0,0,0,0,0,0,0,0,0,28000000,2007,5,13951.170901843547,Abids,5+ BHK,1500-2500 sqft,Valid,Hyderabad,Not available in source data,0,35
10300000,1695,Kukatpally,3,0,0,0,0,0,0,0,0,0,0,0,0,0,0,0,1,0,0,0,0,0,0,0,0,0,1,1,0,0,0,0,0,0,0,0,0,10300000,1695,3,6076.69616519174,Kukatpally,3 BHK,1500-2500 sqft,Valid,Hyderabad,Not available in source data,3,35
11000000,1815,Kondapur,3,0,0,1,1,1,0,1,1,0,1,0,0,1,0,1,1,1,0,0,0,0,0,0,0,0,1,1,0,1,0,0,0,0,0,0,0,11000000,1815,3,6060.606060606061,Kondapur,3 BHK,1500-2500 sqft,Valid,Hyderabad,Not available in source data,13,35
9991000,1630,Kondapur,3,0,0,1,1,1,0,1,1,0,1,0,0,1,0,1,1,1,0,0,0,0,0,0,0,0,1,1,0,1,0,0,0,0,0,0,0,9991000,1630,3,6129.447852760736,Kondapur,3 BHK,1500-2500 sqft,Valid,Hyderabad,Not available in source data,13,35
8014000,1620,Chandanagar,3,0,0,0,0,0,0,0,0,0,0,0,0,0,0,0,0,0,0,0,0,0,0,0,0,0,0,0,0,0,0,0,0,0,0,0,0,8014000,1620,3,4946.913580246914,Chandanagar,3 BHK,1500-2500 sqft,Valid,Hyderabad,Not available in source data,0,35
4000000,1200,Kistareddypet,2,0,0,0,0,0,0,0,0,0,0,0,0,0,0,0,0,0,0,0,0,0,0,0,0,0,0,0,0,0,0,0,0,0,0,0,0,4000000,1200,2,3333.3333333333335,Kistareddypet,2 BHK,1000-1500 sqft,Valid,Hyderabad,Not available in source data,0,35
12500000,1650,West Marredpally,2,1,0,0,0,0,0,0,0,0,0,0,0,0,0,0,0,0,0,0,0,0,0,0,0,0,0,1,0,0,0,0,0,0,0,0,0,12500000,1650,2,7575.757575757576,West Marredpally,2 BHK,1500-2500 sqft,Valid,Hyderabad,Not available in source data,1,35
8925000,1550,Kukatpally,3,0,0,0,0,0,0,0,0,0,0,0,0,0,0,0,1,0,0,0,0,0,0,0,0,0,0,1,0,0,0,0,0,0,0,0,0,8925000,1550,3,5758.064516129032,Kukatpally,3 BHK,1500-2500 sqft,Valid,Hyderabad,Not available in source data,2,35
9296000,1535,Kondapur,3,0,0,1,1,1,0,1,1,0,1,0,0,1,0,1,1,1,0,0,0,0,0,0,0,0,1,1,0,1,0,0,0,0,0,0,0,9296000,1535,3,6056.026058631922,Kondapur,3 BHK,1500-2500 sqft,Valid,Hyderabad,Not available in source data,13,35
7598999,1165,Kondapur,2,0,0,1,1,1,0,1,1,0,1,0,0,1,0,1,1,1,0,0,0,0,0,0,0,0,1,1,0,1,0,0,0,0,0,0,0,7598999,1165,2,6522.745922746781,Kondapur,2 BHK,1000-1500 sqft,Valid,Hyderabad,Not available in source data,13,35
8500000,1400,Malkajgiri,3,1,0,0,0,0,0,0,0,0,0,0,0,0,0,0,0,0,0,0,0,0,0,0,0,0,0,0,0,0,0,0,0,0,0,0,0,8500000,1400,3,6071.428571428572,Malkajgiri,3 BHK,1000-1500 sqft,Valid,Hyderabad,Not available in source data,0,35
20000000,2600,Somajiguda,3,1,0,0,0,0,0,0,0,0,0,0,0,0,0,0,1,0,0,0,0,0,0,0,1,0,0,1,0,0,0,0,0,0,1,0,0,20000000,2600,3,7692.307692307692,Somajiguda,3 BHK,2500+ sqft,Valid,Hyderabad,Not available in source data,4,35
5250000,1100,Miyapur,2,0,0,0,0,0,0,0,0,0,1,0,0,0,0,0,1,0,0,0,0,0,0,0,0,0,1,1,0,0,0,0,0,0,0,0,0,5250000,1100,2,4772.727272727273,Miyapur,2 BHK,1000-1500 sqft,Valid,Hyderabad,Not available in source data,4,35
4000000,1010,Malkajgiri,2,1,0,0,0,0,0,0,0,0,0,0,0,0,0,0,0,0,0,0,0,0,0,0,0,0,0,0,0,0,0,0,0,0,0,0,0,4000000,1010,2,3960.3960396039606,Malkajgiri,2 BHK,1000-1500 sqft,Valid,Hyderabad,Not available in source data,0,35
5253000,970,Kukatpally,2,0,0,1,1,1,0,0,1,0,1,0,0,1,0,1,1,1,0,0,0,0,0,0,0,0,1,1,0,0,0,0,0,0,0,0,0,5253000,970,2,5415.4639175257735,Kukatpally,2 BHK,500-1000 sqft,Valid,Hyderabad,Not available in source data,11,35
5800000,1050,Kompally,2,0,0,0,0,0,0,0,0,0,0,0,0,0,0,0,1,0,0,0,0,0,0,1,0,0,0,0,0,0,0,0,0,0,0,0,0,5800000,1050,2,5523.809523809524,Kompally,2 BHK,1000-1500 sqft,Valid,Hyderabad,Not available in source data,2,35
5085000,1130,Alwal,2,0,0,0,0,0,0,0,0,0,0,0,0,0,0,0,1,0,0,0,0,0,0,1,0,0,0,0,0,0,0,0,0,0,0,0,0,5085000,1130,2,4500.0,Alwal,2 BHK,1000-1500 sqft,Valid,Hyderabad,Not available in source data,2,35
12000000,2300,Bolarum,3,0,0,0,0,0,0,0,0,0,0,0,0,0,0,0,1,0,0,0,0,0,0,1,0,0,0,0,0,0,0,0,0,0,0,0,0,12000000,2300,3,5217.391304347826,Bolarum,3 BHK,1500-2500 sqft,Valid,Hyderabad,Not available in source data,2,35
3500000,1015,Alwal,2,1,0,0,0,0,0,0,0,0,0,0,0,0,0,0,1,0,0,0,0,0,0,1,0,0,0,0,0,0,0,0,0,0,0,0,0,3500000,1015,2,3448.2758620689656,Alwal,2 BHK,1000-1500 sqft,Valid,Hyderabad,Not available in source data,2,35
25500000,2960,Shaikpet,4,0,0,1,1,1,1,0,1,0,1,1,0,1,0,1,1,0,0,1,1,0,0,0,0,0,1,1,0,0,0,0,0,0,0,0,0,25500000,2960,4,8614.864864864865,Shaikpet,4 BHK,2500+ sqft,Valid,Hyderabad,Not available in source data,14,35
6500000,1190,Mallapur,2,0,0,1,1,0,0,0,0,0,0,1,0,1,0,0,1,0,0,0,0,0,0,0,0,0,1,1,0,1,0,0,0,0,0,0,0,6500000,1190,2,5462.18487394958,Mallapur,2 BHK,1000-1500 sqft,Valid,Hyderabad,Not available in source data,8,35
6000000,1190,Mallapur,2,0,0,1,1,0,0,0,0,0,0,1,0,1,0,0,1,0,0,0,0,0,0,0,0,0,1,1,0,1,0,0,0,0,0,0,0,6000000,1190,2,5042.016806722689,Mallapur,2 BHK,1000-1500 sqft,Valid,Hyderabad,Not available in source data,8,35
16000000,1875,Shaikpet,3,1,0,1,1,1,1,0,1,0,1,0,0,1,0,1,1,1,1,0,0,0,0,0,0,0,1,1,0,1,0,0,0,0,0,0,0,16000000,1875,3,8533.333333333334,Shaikpet,3 BHK,1500-2500 sqft,Valid,Hyderabad,Not available in source data,14,35
19500000,1920,West Marredpally,4,1,0,0,0,0,0,0,0,0,0,0,0,0,0,0,1,0,0,0,0,0,0,0,0,0,0,1,0,0,0,0,0,0,0,0,0,19500000,1920,4,10156.25,West Marredpally,4 BHK,1500-2500 sqft,Valid,Hyderabad,Not available in source data,2,35
5320000,1330,Alwal,2,0,0,1,0,0,0,0,0,0,1,1,0,1,0,0,1,0,0,0,0,0,0,1,0,0,1,1,0,0,0,0,0,0,0,0,0,5320000,1330,2,4000.0,Alwal,2 BHK,1000-1500 sqft,Valid,Hyderabad,Not available in source data,8,35
19500000,2350,Hitech City,3,1,0,1,1,0,1,1,0,0,1,0,0,1,0,1,1,1,0,0,0,0,0,1,1,0,1,1,1,0,0,0,1,1,1,0,0,19500000,2350,3,8297.872340425532,Hitech City,3 BHK,1500-2500 sqft,Valid,Hyderabad,Not available in source data,17,35
4800000,1120,Pragathi Nagar Kukatpally,2,0,0,0,0,0,0,0,0,0,0,0,0,0,0,0,1,0,0,0,0,0,0,0,0,0,0,1,0,0,0,0,0,0,0,0,0,4800000,1120,2,4285.714285714285,Pragathi Nagar Kukatpally,2 BHK,1000-1500 sqft,Valid,Hyderabad,Not available in source data,2,35
13000000,1924,Madhapur,3,1,0,0,0,0,0,0,0,0,0,0,0,0,0,0,0,0,0,0,0,0,0,0,0,0,0,0,0,0,0,0,0,0,0,0,0,13000000,1924,3,6756.756756756757,Madhapur,3 BHK,1500-2500 sqft,Valid,Hyderabad,Not available in source data,0,35
10200000,1575,Sri Nagar Colony,3,0,0,0,0,0,0,0,0,0,0,0,0,0,0,0,0,0,0,0,0,0,0,0,0,0,0,1,0,0,0,0,0,0,0,0,0,10200000,1575,3,6476.190476190476,Sri Nagar Colony,3 BHK,1500-2500 sqft,Valid,Hyderabad,Not available in source data,1,35
19500000,2350,Hitech City,3,1,0,1,1,0,1,1,0,0,1,0,0,1,0,1,1,1,0,0,0,0,0,0,1,0,1,1,1,0,0,0,1,1,1,0,0,19500000,2350,3,8297.872340425532,Hitech City,3 BHK,1500-2500 sqft,Valid,Hyderabad,Not available in source data,16,35
20000000,3000,Dilsukh Nagar,4,1,0,0,0,0,0,0,0,0,0,0,0,0,0,0,0,0,0,0,0,0,0,0,0,0,0,1,0,0,0,0,0,0,0,0,0,20000000,3000,4,6666.666666666667,Dilsukh Nagar,4 BHK,2500+ sqft,Valid,Hyderabad,Not available in source data,1,35
5900000,1350,Quthbullapur,3,1,0,0,0,0,0,0,0,0,0,0,0,0,0,0,0,0,0,0,0,0,0,1,0,0,0,0,0,0,0,0,0,0,0,0,0,5900000,1350,3,4370.37037037037,Quthbullapur,3 BHK,1000-1500 sqft,Valid,Hyderabad,Not available in source data,1,35
8500000,1580,Puppalaguda,3,0,0,0,0,0,0,0,0,0,0,0,0,0,0,0,1,0,0,0,0,0,0,0,0,0,1,1,0,0,0,0,0,0,0,0,0,8500000,1580,3,5379.7468354430375,Puppalaguda,3 BHK,1500-2500 sqft,Valid,Hyderabad,Not available in source data,3,35
6000000,1200,Malkajgiri,2,1,0,0,0,0,0,0,0,0,0,0,0,0,0,0,0,0,0,0,0,0,0,0,0,0,0,0,0,0,0,0,0,0,0,0,0,6000000,1200,2,5000.0,Malkajgiri,2 BHK,1000-1500 sqft,Valid,Hyderabad,Not available in source data,0,35
4710000,1050,Gajularamaram,2,0,0,1,0,0,0,0,0,0,0,0,0,0,0,0,1,0,0,0,0,0,0,0,0,0,1,1,0,0,0,0,0,0,0,0,0,4710000,1050,2,4485.714285714285,Gajularamaram,2 BHK,1000-1500 sqft,Valid,Hyderabad,Not available in source data,4,35
7317000,1090,Kukatpally,2,0,0,0,0,0,0,0,0,0,1,0,0,0,0,0,1,0,0,0,0,0,0,0,0,0,0,1,0,0,0,0,0,0,0,0,0,7317000,1090,2,6712.844036697248,Kukatpally,2 BHK,1000-1500 sqft,Valid,Hyderabad,Not available in source data,3,35
11399999,1730,Kukatpally,3,0,0,0,0,0,0,0,0,0,0,0,0,0,0,0,1,0,0,0,0,0,0,0,0,0,1,1,0,0,0,0,0,0,0,0,0,11399999,1730,3,6589.5947976878615,Kukatpally,3 BHK,1500-2500 sqft,Valid,Hyderabad,Not available in source data,3,35
9449000,1535,Kondapur,3,0,0,1,1,1,0,1,1,0,1,0,0,1,0,1,1,1,0,0,0,0,0,0,0,0,1,1,0,1,0,0,0,0,0,0,0,9449000,1535,3,6155.700325732899,Kondapur,3 BHK,1500-2500 sqft,Valid,Hyderabad,Not available in source data,13,35
4000000,1050,Alwal,2,1,0,0,0,0,0,0,0,0,0,0,0,0,0,0,0,0,0,0,0,0,0,1,0,0,0,0,0,0,0,0,0,0,0,0,0,4000000,1050,2,3809.5238095238096,Alwal,2 BHK,1000-1500 sqft,Valid,Hyderabad,Not available in source data,1,35
5450000,1300,Alwal,2,0,0,0,0,0,0,0,0,0,0,0,0,0,0,0,1,0,0,0,0,0,0,1,0,0,0,0,0,0,0,0,0,0,0,0,0,5450000,1300,2,4192.307692307692,Alwal,2 BHK,1000-1500 sqft,Valid,Hyderabad,Not available in source data,2,35
10600000,1770,Kondapur,3,0,0,1,1,1,0,1,1,0,1,0,0,1,0,1,1,1,0,0,0,0,0,0,0,0,1,1,0,1,0,0,0,0,0,0,0,10600000,1770,3,5988.700564971751,Kondapur,3 BHK,1500-2500 sqft,Valid,Hyderabad,Not available in source data,13,35
7500000,1430,Kompally,3,0,0,0,0,0,0,0,0,0,0,0,0,0,0,0,1,0,0,0,0,0,0,1,0,0,0,0,0,0,0,0,0,0,0,0,0,7500000,1430,3,5244.755244755244,Kompally,3 BHK,1000-1500 sqft,Valid,Hyderabad,Not available in source data,2,35
12400000,1800,Kukatpally,3,0,0,0,0,0,0,0,0,0,0,0,0,0,0,0,1,0,0,0,0,0,0,0,0,0,0,1,0,0,0,0,0,0,0,0,0,12400000,1800,3,6888.888888888889,Kukatpally,3 BHK,1500-2500 sqft,Valid,Hyderabad,Not available in source data,2,35
7800000,1530,Alwal,3,1,0,0,0,0,0,0,0,0,0,0,0,0,0,0,1,0,0,0,0,0,0,1,0,0,0,0,1,0,0,0,0,0,0,0,0,7800000,1530,3,5098.0392156862745,Alwal,3 BHK,1500-2500 sqft,Valid,Hyderabad,Not available in source data,3,35
4800000,1000,Miyapur,2,0,0,1,0,0,0,0,0,0,0,0,0,0,0,0,1,0,0,0,0,0,0,0,0,0,1,1,0,0,0,0,0,0,0,0,0,4800000,1000,2,4800.0,Miyapur,2 BHK,1000-1500 sqft,Valid,Hyderabad,Not available in source data,4,35
9525000,1905,Kukatpally,3,0,0,1,1,1,1,1,1,1,1,1,1,1,1,1,1,1,1,0,0,1,0,1,0,0,1,1,0,1,0,0,0,0,0,0,0,9525000,1905,3,5000.0,Kukatpally,3 BHK,1500-2500 sqft,Valid,Hyderabad,Not available in source data,21,35
12200000,1885,Kondapur,3,0,0,0,0,0,0,0,0,0,0,0,0,0,0,0,0,0,0,0,0,0,0,0,0,0,0,0,0,0,0,0,0,0,0,0,0,12200000,1885,3,6472.148541114058,Kondapur,3 BHK,1500-2500 sqft,Valid,Hyderabad,Not available in source data,0,35
12300000,1885,Kondapur,3,0,0,0,0,0,0,0,0,0,0,0,0,0,0,0,0,0,0,0,0,0,0,0,0,0,0,0,0,0,0,0,0,0,0,0,0,12300000,1885,3,6525.198938992043,Kondapur,3 BHK,1500-2500 sqft,Valid,Hyderabad,Not available in source data,0,35
12300000,1885,Kondapur,3,0,0,0,0,0,0,0,0,0,0,0,0,0,0,0,1,0,0,0,0,0,0,1,0,0,0,1,0,0,0,0,0,0,0,0,0,12300000,1885,3,6525.198938992043,Kondapur,3 BHK,1500-2500 sqft,Valid,Hyderabad,Not available in source data,3,35
8800000,1560,Moosapet,3,1,0,0,0,0,0,0,0,0,0,0,0,0,0,0,0,0,0,0,0,0,0,0,0,0,0,0,0,0,0,0,0,0,0,0,0,8800000,1560,3,5641.025641025641,Moosapet,3 BHK,1500-2500 sqft,Valid,Hyderabad,Not available in source data,0,35
6798999,1190,Hafeezpet,2,1,0,0,0,0,0,0,0,0,0,0,0,0,0,0,1,0,0,0,0,0,0,0,0,0,0,1,0,0,0,0,0,0,0,0,0,6798999,1190,2,5713.444537815126,Hafeezpet,2 BHK,1000-1500 sqft,Valid,Hyderabad,Not available in source data,2,35
9300000,1450,Kukatpally,3,0,0,1,1,1,1,1,1,0,1,0,0,1,0,1,1,1,1,0,1,0,0,0,0,0,1,1,0,1,0,0,0,0,0,0,0,9300000,1450,3,6413.793103448276,Kukatpally,3 BHK,1000-1500 sqft,Valid,Hyderabad,Not available in source data,16,35
9300000,1450,Kukatpally,3,0,0,1,1,1,1,1,1,0,1,1,0,1,0,1,1,1,1,0,1,0,0,0,0,0,1,1,0,1,0,0,0,0,0,0,0,9300000,1450,3,6413.793103448276,Kukatpally,3 BHK,1000-1500 sqft,Valid,Hyderabad,Not available in source data,17,35
4710000,1050,Gajularamaram,2,0,0,1,1,0,0,0,0,0,0,0,0,0,0,0,1,0,0,0,0,0,0,0,0,0,1,1,0,0,0,0,0,0,0,0,0,4710000,1050,2,4485.714285714285,Gajularamaram,2 BHK,1000-1500 sqft,Valid,Hyderabad,Not available in source data,5,35
12000000,1875,Kondapur,3,1,0,0,0,0,0,0,0,0,0,0,0,0,0,0,1,0,0,0,0,0,1,0,1,0,0,0,1,0,1,0,1,1,1,0,1,12000000,1875,3,6400.0,Kondapur,3 BHK,1500-2500 sqft,Valid,Hyderabad,Not available in source data,9,35
6931000,1555,Gajularamaram,3,0,0,1,1,0,0,0,0,0,0,0,0,0,0,0,1,0,0,0,0,0,0,0,0,0,1,1,0,0,0,0,0,0,0,0,0,6931000,1555,3,4457.2347266881025,Gajularamaram,3 BHK,1500-2500 sqft,Valid,Hyderabad,Not available in source data,5,35
3499000,900,Sainikpuri,2,0,0,0,0,0,0,0,0,0,0,0,0,0,0,0,0,0,0,0,0,0,0,0,0,0,0,0,0,0,0,0,0,0,0,0,0,3499000,900,2,3887.777777777778,Sainikpuri,2 BHK,500-1000 sqft,Valid,Hyderabad,Not available in source data,0,35
7100000,1418,Puppalaguda,3,0,0,0,0,0,0,0,0,0,1,0,0,0,0,0,1,0,0,0,0,0,0,0,0,0,1,1,0,0,0,0,0,0,1,0,0,7100000,1418,3,5007.052186177715,Puppalaguda,3 BHK,1000-1500 sqft,Valid,Hyderabad,Not available in source data,5,35
4800000,1125,Nizampet,2,0,0,1,0,0,0,0,0,0,1,0,0,1,0,0,1,0,0,0,0,0,0,0,0,0,1,1,0,0,0,0,0,0,0,0,0,4800000,1125,2,4266.666666666667,Nizampet,2 BHK,1000-1500 sqft,Valid,Hyderabad,Not available in source data,6,35
5500000,1515,Nizampet,3,0,0,0,0,0,0,0,0,0,1,0,0,1,0,0,1,0,0,0,0,0,0,0,0,0,1,1,0,0,0,0,0,0,0,0,0,5500000,1515,3,3630.3630363036305,Nizampet,3 BHK,1500-2500 sqft,Valid,Hyderabad,Not available in source data,5,35
7500000,1600,Serilingampally,3,0,0,1,1,0,0,0,0,0,1,1,0,1,0,0,1,0,0,0,0,0,0,1,0,0,1,1,0,0,0,0,0,0,0,0,0,7500000,1600,3,4687.5,Serilingampally,3 BHK,1500-2500 sqft,Valid,Hyderabad,Not available in source data,9,35
5600000,1260,Serilingampally,2,0,0,0,1,0,0,0,0,0,1,1,0,1,0,0,1,0,0,0,0,0,0,0,0,0,1,1,0,0,0,0,0,0,0,0,0,5600000,1260,2,4444.444444444444,Serilingampally,2 BHK,1000-1500 sqft,Valid,Hyderabad,Not available in source data,7,35
19400000,2848,Gachibowli,4,0,0,1,1,1,0,0,1,0,0,0,1,0,0,0,0,0,0,0,0,0,0,0,0,0,0,1,0,0,0,0,0,0,0,0,0,19400000,2848,4,6811.797752808989,Gachibowli,4 BHK,2500+ sqft,Valid,Hyderabad,Not available in source data,6,35
9908000,1492,Gachibowli,2,0,0,1,1,1,0,0,1,0,0,0,1,0,0,0,0,0,0,0,0,0,0,0,0,0,0,1,0,0,0,0,0,0,0,0,0,9908000,1492,2,6640.750670241287,Gachibowli,2 BHK,1000-1500 sqft,Valid,Hyderabad,Not available in source data,6,35
8126000,1283,Gachibowli,2,0,0,1,1,1,0,0,1,0,0,0,1,0,0,0,0,0,0,0,0,0,0,0,0,0,0,1,0,0,0,0,0,0,0,0,0,8126000,1283,2,6333.593141075604,Gachibowli,2 BHK,1000-1500 sqft,Valid,Hyderabad,Not available in source data,6,35
9110000,1410,Gachibowli,2,0,0,1,1,1,0,0,1,0,0,0,1,0,0,0,0,0,0,0,0,0,0,0,0,0,0,1,0,0,0,0,0,0,0,0,0,9110000,1410,2,6460.992907801418,Gachibowli,2 BHK,1000-1500 sqft,Valid,Hyderabad,Not available in source data,6,35
14000000,2000,Kondapur,3,0,0,1,1,0,0,0,0,0,1,1,0,1,0,0,1,0,0,0,0,0,0,1,0,0,1,1,0,0,0,0,0,0,0,0,0,14000000,2000,3,7000.0,Kondapur,3 BHK,1500-2500 sqft,Valid,Hyderabad,Not available in source data,9,35
7000000,1463,Manikonda,3,0,0,0,0,0,0,0,0,0,0,0,0,0,0,0,0,0,0,0,0,0,0,0,0,0,0,1,0,0,0,0,0,0,0,0,0,7000000,1463,3,4784.688995215311,Manikonda,3 BHK,1000-1500 sqft,Valid,Hyderabad,Not available in source data,1,35
8500000,1600,Kondapur,3,0,0,0,0,0,0,0,0,0,0,0,0,0,0,0,0,0,0,0,0,0,0,0,0,0,0,0,0,0,0,0,0,0,0,0,0,8500000,1600,3,5312.5,Kondapur,3 BHK,1500-2500 sqft,Valid,Hyderabad,Not available in source data,0,35
17000000,2600,Manikonda,3,1,0,0,0,0,0,0,0,0,0,0,0,0,0,0,0,0,0,0,0,0,0,0,0,0,0,0,0,0,0,0,0,0,0,0,0,17000000,2600,3,6538.461538461538,Manikonda,3 BHK,2500+ sqft,Valid,Hyderabad,Not available in source data,0,35
2500000,840,West Marredpally,1,1,0,0,0,0,0,0,0,0,0,0,0,0,0,0,0,0,0,0,0,0,0,0,1,0,0,1,1,0,0,0,0,0,1,0,0,2500000,840,1,2976.190476190476,West Marredpally,1 BHK,500-1000 sqft,Valid,Hyderabad,Not available in source data,4,35
8600000,1725,Manikonda,3,0,0,0,0,0,0,0,0,0,1,0,0,0,0,0,1,0,0,0,0,0,0,0,0,0,0,1,0,0,0,0,0,0,0,0,0,8600000,1725,3,4985.507246376812,Manikonda,3 BHK,1500-2500 sqft,Valid,Hyderabad,Not available in source data,3,35
17800000,1980,Banjara Hills,3,0,0,1,1,1,1,1,1,0,0,0,0,1,0,0,1,1,0,0,1,0,0,0,0,0,1,1,0,1,0,0,0,0,0,0,0,17800000,1980,3,8989.89898989899,Banjara Hills,3 BHK,1500-2500 sqft,Valid,Hyderabad,Not available in source data,13,35
18700000,2085,Banjara Hills,3,0,0,1,1,1,1,1,1,0,0,0,0,1,0,0,1,1,0,0,1,0,0,0,0,0,1,1,0,1,0,0,0,0,0,0,0,18700000,2085,3,8968.824940047962,Banjara Hills,3 BHK,1500-2500 sqft,Valid,Hyderabad,Not available in source data,13,35
23200000,2580,Banjara Hills,3,0,0,1,1,1,1,1,1,0,0,0,0,1,0,0,1,1,0,0,1,0,0,0,0,0,1,1,0,1,0,0,0,0,0,0,0,23200000,2580,3,8992.248062015504,Banjara Hills,3 BHK,2500+ sqft,Valid,Hyderabad,Not available in source data,13,35
19600000,2185,Banjara Hills,3,0,0,1,1,1,1,1,1,0,0,0,0,1,0,0,1,1,0,0,1,0,0,0,0,0,1,1,0,1,0,0,0,0,0,0,0,19600000,2185,3,8970.25171624714,Banjara Hills,3 BHK,1500-2500 sqft,Valid,Hyderabad,Not available in source data,13,35
17200000,1920,Banjara Hills,3,0,0,1,1,1,1,1,1,0,0,0,0,1,0,0,1,1,0,0,1,0,0,0,0,0,1,1,0,1,0,0,0,0,0,0,0,17200000,1920,3,8958.333333333334,Banjara Hills,3 BHK,1500-2500 sqft,Valid,Hyderabad,Not available in source data,13,35
19800000,2210,Banjara Hills,3,0,0,1,1,1,1,1,1,0,0,0,0,1,0,0,1,1,0,0,1,0,0,0,0,0,1,1,0,1,0,0,0,0,0,0,0,19800000,2210,3,8959.276018099548,Banjara Hills,3 BHK,1500-2500 sqft,Valid,Hyderabad,Not available in source data,13,35
4500000,1111,Qutub Shahi Tombs,3,1,0,0,0,0,0,0,0,0,0,0,0,0,0,0,0,0,0,0,0,0,0,0,0,0,0,1,0,0,0,0,0,0,0,0,0,4500000,1111,3,4050.4050405040502,Qutub Shahi Tombs,3 BHK,1000-1500 sqft,Valid,Hyderabad,Not available in source data,1,35
4031000,1161,Nizampet,2,0,0,0,0,0,0,0,0,0,0,0,0,0,0,0,1,0,0,0,0,0,0,0,0,0,0,1,0,0,0,0,0,0,0,0,0,4031000,1161,2,3472.0068906115416,Nizampet,2 BHK,1000-1500 sqft,Valid,Hyderabad,Not available in source data,2,35
6399000,1500,Sainikpuri,3,0,0,0,0,0,0,0,0,0,0,0,0,0,0,0,1,0,0,0,0,0,0,0,0,0,0,1,0,0,0,0,0,0,0,0,0,6399000,1500,3,4266.0,Sainikpuri,3 BHK,1500-2500 sqft,Valid,Hyderabad,Not available in source data,2,35
8000000,2021,Puppalaguda,2,0,0,0,0,0,0,0,0,0,0,0,0,0,0,0,0,0,0,0,0,0,0,0,0,0,0,1,0,0,0,0,0,0,0,0,0,8000000,2021,2,3958.436417615042,Puppalaguda,2 BHK,1500-2500 sqft,Valid,Hyderabad,Not available in source data,1,35
5200000,1300,Manikonda,3,0,0,0,0,0,0,0,0,0,0,0,0,0,0,0,1,0,0,0,0,0,0,0,0,0,0,1,0,0,0,0,0,0,0,0,0,5200000,1300,3,4000.0,Manikonda,3 BHK,1000-1500 sqft,Valid,Hyderabad,Not available in source data,2,35
4000000,1000,Malkajgiri,2,1,0,0,0,0,0,0,0,0,0,0,0,0,0,0,1,0,0,0,0,0,1,0,0,0,0,1,1,0,0,0,0,1,1,0,1,4000000,1000,2,4000.0,Malkajgiri,2 BHK,1000-1500 sqft,Valid,Hyderabad,Not available in source data,7,35
7200000,1060,East Marredpally,2,1,0,0,0,0,0,0,0,0,0,0,0,0,0,0,0,0,0,0,0,0,1,0,0,0,0,1,1,0,0,0,0,1,1,0,1,7200000,1060,2,6792.452830188679,East Marredpally,2 BHK,1000-1500 sqft,Valid,Hyderabad,Not available in source data,6,35
80000000,9400,Kukatpally,8,1,0,1,1,0,1,1,0,0,0,0,0,1,0,1,1,1,1,0,0,0,0,0,0,0,0,1,0,1,0,0,0,0,0,0,0,80000000,9400,8,8510.63829787234,Kukatpally,5+ BHK,2500+ sqft,Valid,Hyderabad,Not available in source data,11,35
3200000,950,Nizampet,2,1,0,0,0,0,0,0,0,0,0,0,0,0,0,0,0,0,0,0,0,0,0,0,0,0,0,0,0,0,0,0,0,0,0,0,0,3200000,950,2,3368.4210526315787,Nizampet,2 BHK,500-1000 sqft,Valid,Hyderabad,Not available in source data,0,35
3800000,1350,Kapra,3,1,0,0,0,0,0,0,0,0,0,0,0,0,0,0,1,0,0,0,0,0,0,0,0,0,1,1,0,0,0,0,0,0,0,0,0,3800000,1350,3,2814.814814814815,Kapra,3 BHK,1000-1500 sqft,Valid,Hyderabad,Not available in source data,3,35
6000000,1600,Nagole,3,1,0,0,0,0,0,0,0,0,0,0,0,0,0,0,1,0,0,0,0,0,0,0,0,0,0,1,0,0,0,0,0,0,0,0,0,6000000,1600,3,3750.0,Nagole,3 BHK,1500-2500 sqft,Valid,Hyderabad,Not available in source data,2,35
3500000,1000,Nacharam,2,1,0,0,0,0,0,0,0,0,0,0,0,0,0,0,0,0,0,0,0,0,0,0,0,0,0,1,0,0,0,0,0,0,0,0,0,3500000,1000,2,3500.0,Nacharam,2 BHK,1000-1500 sqft,Valid,Hyderabad,Not available in source data,1,35
5000000,1450,Nacharam,3,1,0,0,0,0,0,0,0,0,0,0,0,0,0,0,0,0,0,0,0,0,0,0,0,0,0,1,0,0,0,0,0,0,0,0,0,5000000,1450,3,3448.2758620689656,Nacharam,3 BHK,1000-1500 sqft,Valid,Hyderabad,Not available in source data,1,35
2800000,1050,Kapra,2,1,0,0,0,0,0,0,0,0,0,0,0,0,0,0,1,0,0,0,0,0,0,0,0,0,1,1,0,0,0,0,0,0,0,0,0,2800000,1050,2,2666.6666666666665,Kapra,2 BHK,1000-1500 sqft,Valid,Hyderabad,Not available in source data,3,35
3600000,1150,Mallapur,2,1,0,0,0,0,0,0,0,0,0,0,0,0,0,0,0,0,0,0,0,0,0,0,0,0,0,1,0,0,0,0,0,0,0,0,0,3600000,1150,2,3130.4347826086955,Mallapur,2 BHK,1000-1500 sqft,Valid,Hyderabad,Not available in source data,1,35
8000000,1900,Mallapur,3,1,0,0,0,0,0,0,0,0,0,0,0,0,0,0,1,0,0,0,0,0,0,1,0,0,1,1,0,0,0,0,0,0,0,0,0,8000000,1900,3,4210.526315789473,Mallapur,3 BHK,1500-2500 sqft,Valid,Hyderabad,Not available in source data,4,35
5034000,1465,Nizampet,3,0,0,0,0,0,0,0,0,0,0,0,0,0,0,0,1,0,0,0,0,0,0,0,0,0,0,1,0,0,0,0,0,0,0,0,0,5034000,1465,3,3436.1774744027302,Nizampet,3 BHK,1000-1500 sqft,Valid,Hyderabad,Not available in source data,2,35
4252000,1228,Nizampet,2,0,0,0,0,0,0,0,0,0,0,0,0,0,0,0,1,0,0,0,0,0,0,0,0,0,0,1,0,0,0,0,0,0,0,0,0,4252000,1228,2,3462.5407166123778,Nizampet,2 BHK,1000-1500 sqft,Valid,Hyderabad,Not available in source data,2,35
4044000,1165,Nizampet,2,0,0,0,0,0,0,0,0,0,0,0,0,0,0,0,1,0,0,0,0,0,0,0,0,0,0,1,0,0,0,0,0,0,0,0,0,4044000,1165,2,3471.244635193133,Nizampet,2 BHK,1000-1500 sqft,Valid,Hyderabad,Not available in source data,2,35
3849000,1106,Nizampet,2,0,0,0,0,0,0,0,0,0,0,0,0,0,0,0,1,0,0,0,0,0,0,0,0,0,0,1,0,0,0,0,0,0,0,0,0,3849000,1106,2,3480.1084990958407,Nizampet,2 BHK,1000-1500 sqft,Valid,Hyderabad,Not available in source data,2,35
3500000,1315,Mallapur,3,1,0,0,0,0,0,0,0,0,0,0,0,0,0,0,0,0,0,0,0,0,0,0,0,0,0,1,0,0,0,0,0,0,0,0,0,3500000,1315,3,2661.596958174905,Mallapur,3 BHK,1000-1500 sqft,Valid,Hyderabad,Not available in source data,1,35
20000000,3200,West Marredpally,3,1,0,0,0,0,0,0,0,0,1,1,0,0,0,0,1,0,0,0,0,0,0,0,1,0,1,1,1,0,1,0,0,0,1,0,1,20000000,3200,3,6250.0,West Marredpally,3 BHK,2500+ sqft,Valid,Hyderabad,Not available in source data,10,35
4800000,1250,Nacharam,3,1,0,0,0,0,0,0,0,0,0,0,0,0,0,0,0,0,0,0,0,0,0,0,0,0,0,0,0,0,0,0,0,0,0,0,0,4800000,1250,3,3840.0,Nacharam,3 BHK,1000-1500 sqft,Valid,Hyderabad,Not available in source data,0,35
4500000,1050,Toli Chowki,2,1,0,0,0,0,0,0,0,0,0,0,0,0,0,0,0,0,0,0,0,0,0,0,0,0,0,0,0,0,0,0,0,0,0,0,0,4500000,1050,2,4285.714285714285,Toli Chowki,2 BHK,1000-1500 sqft,Valid,Hyderabad,Not available in source data,0,35
8000000,1900,Mallapur,2,1,0,0,0,0,0,0,0,0,0,0,0,0,0,0,0,0,0,0,0,0,0,0,0,0,0,1,0,0,0,0,0,0,0,0,0,8000000,1900,2,4210.526315789473,Mallapur,2 BHK,1500-2500 sqft,Valid,Hyderabad,Not available in source data,1,35
3800000,1096,Beeramguda,2,0,0,0,0,0,0,0,0,0,0,0,0,0,0,0,1,0,0,0,0,0,0,0,0,0,0,1,0,0,0,0,0,0,0,0,0,3800000,1096,2,3467.1532846715327,Beeramguda,2 BHK,1000-1500 sqft,Valid,Hyderabad,Not available in source data,2,35
13500000,1765,Habsiguda,3,1,0,0,0,0,0,0,0,0,0,0,0,0,0,0,1,0,0,0,0,0,0,0,0,0,0,1,0,0,0,0,0,0,0,0,0,13500000,1765,3,7648.725212464589,Habsiguda,3 BHK,1500-2500 sqft,Valid,Hyderabad,Not available in source data,2,35
8000000,2021,Puppalaguda,2,0,0,0,0,0,0,0,0,0,0,0,0,0,0,0,0,0,0,0,0,0,0,0,0,0,0,0,0,0,0,0,0,0,0,0,0,8000000,2021,2,3958.436417615042,Puppalaguda,2 BHK,1500-2500 sqft,Valid,Hyderabad,Not available in source data,0,35
2700000,1005,KTR Colony,2,1,0,0,0,0,0,0,0,0,0,0,0,0,0,0,0,0,0,0,0,0,0,0,0,0,0,1,0,0,0,0,0,0,0,0,0,2700000,1005,2,2686.5671641791046,KTR Colony,2 BHK,1000-1500 sqft,Valid,Hyderabad,Not available in source data,1,35
6000000,1750,Mallapur,3,1,0,0,0,0,0,0,0,0,0,0,0,0,0,0,0,0,0,0,0,0,0,0,0,0,0,0,0,0,0,0,0,0,0,0,0,6000000,1750,3,3428.5714285714284,Mallapur,3 BHK,1500-2500 sqft,Valid,Hyderabad,Not available in source data,0,35
3740000,1100,Nizampet,2,0,0,0,0,0,0,0,0,0,0,0,0,0,0,0,0,0,0,0,0,0,0,0,0,0,0,1,0,0,0,0,0,0,0,0,0,3740000,1100,2,3400.0,Nizampet,2 BHK,1000-1500 sqft,Valid,Hyderabad,Not available in source data,1,35
5280000,1200,Nizampet,2,0,0,0,0,0,0,0,0,0,1,1,0,0,0,0,1,0,0,0,0,0,0,0,0,0,1,1,0,0,0,0,0,0,0,0,0,5280000,1200,2,4400.0,Nizampet,2 BHK,1000-1500 sqft,Valid,Hyderabad,Not available in source data,5,35
5100000,1160,Nizampet,2,0,0,1,0,0,0,0,0,0,1,1,0,1,0,0,1,0,0,0,0,0,0,0,0,0,1,1,0,0,0,0,0,0,0,0,0,5100000,1160,2,4396.551724137931,Nizampet,2 BHK,1000-1500 sqft,Valid,Hyderabad,Not available in source data,7,35
5500000,1060,Nizampet,2,0,0,0,0,0,0,0,0,0,0,0,0,0,0,0,0,0,0,0,0,0,0,0,0,0,0,0,0,0,0,0,0,0,0,0,0,5500000,1060,2,5188.679245283019,Nizampet,2 BHK,1000-1500 sqft,Valid,Hyderabad,Not available in source data,0,35
6000000,1506,AS Rao Nagar,3,0,0,0,0,0,0,0,0,0,0,0,0,0,0,0,1,0,0,0,0,0,0,0,0,0,1,1,0,0,0,0,0,0,0,0,0,6000000,1506,3,3984.06374501992,AS Rao Nagar,3 BHK,1500-2500 sqft,Valid,Hyderabad,Not available in source data,3,35
4500000,1165,Nizampet,2,0,0,0,0,0,0,0,0,0,0,0,0,0,0,0,0,0,0,0,0,0,0,0,0,0,0,1,0,0,0,0,0,0,0,0,0,4500000,1165,2,3862.6609442060085,Nizampet,2 BHK,1000-1500 sqft,Valid,Hyderabad,Not available in source data,1,35
6500000,1471,Tarnaka,3,1,0,0,0,0,0,0,0,0,0,0,0,0,0,0,0,0,0,0,0,0,0,0,0,0,0,1,0,0,0,0,0,0,0,0,0,6500000,1471,3,4418.762746430999,Tarnaka,3 BHK,1000-1500 sqft,Valid,Hyderabad,Not available in source data,1,35
4500000,1350,Nagole,3,1,0,0,0,0,0,0,0,0,0,0,0,0,0,0,0,0,0,0,0,0,0,0,0,0,0,1,0,0,0,0,0,0,0,0,0,4500000,1350,3,3333.3333333333335,Nagole,3 BHK,1000-1500 sqft,Valid,Hyderabad,Not available in source data,1,35
10100000,1850,Malkajgiri,3,0,0,0,0,0,0,0,0,0,0,0,0,0,0,0,0,0,0,0,0,0,0,0,0,0,0,0,0,0,0,0,0,0,0,0,0,10100000,1850,3,5459.459459459459,Malkajgiri,3 BHK,1500-2500 sqft,Valid,Hyderabad,Not available in source data,0,35
5500000,1600,Mallapur,2,1,0,0,0,0,0,0,0,0,0,0,0,0,0,0,0,0,0,0,0,0,0,0,0,0,0,1,0,0,0,0,0,0,1,0,0,5500000,1600,2,3437.5,Mallapur,2 BHK,1500-2500 sqft,Valid,Hyderabad,Not available in source data,2,35
3800000,1150,Mallapur,2,1,0,0,0,0,0,0,0,0,0,0,0,0,0,0,0,0,0,0,0,0,0,0,1,0,0,1,0,0,0,0,0,0,0,0,0,3800000,1150,2,3304.3478260869565,Mallapur,2 BHK,1000-1500 sqft,Valid,Hyderabad,Not available in source data,2,35
8000000,1700,West Marredpally,3,1,0,0,0,0,0,0,0,0,0,0,0,0,0,0,1,0,0,0,0,0,0,0,0,0,0,1,0,0,0,0,0,0,0,0,0,8000000,1700,3,4705.882352941177,West Marredpally,3 BHK,1500-2500 sqft,Valid,Hyderabad,Not available in source data,2,35
13500000,1765,Habsiguda,3,1,0,0,0,0,0,0,0,0,0,0,0,0,0,0,1,0,0,0,0,0,0,0,0,0,0,1,0,0,0,0,0,0,1,0,0,13500000,1765,3,7648.725212464589,Habsiguda,3 BHK,1500-2500 sqft,Valid,Hyderabad,Not available in source data,3,35
3000000,1050,Mallampet,1,0,0,0,0,0,0,0,0,0,0,0,0,0,0,0,0,0,0,0,0,0,0,0,0,0,1,1,0,0,0,0,0,0,0,0,0,3000000,1050,1,2857.1428571428573,Mallampet,1 BHK,1000-1500 sqft,Valid,Hyderabad,Not available in source data,2,35
3200000,1050,Nizampet,2,1,0,0,0,0,0,0,0,0,0,0,0,0,0,0,1,0,0,0,0,0,0,0,0,0,0,1,0,0,0,0,0,0,0,0,0,3200000,1050,2,3047.6190476190477,Nizampet,2 BHK,1000-1500 sqft,Valid,Hyderabad,Not available in source data,2,35
3400000,1150,Nizampet,2,0,0,0,0,0,0,0,0,0,0,0,0,0,0,0,0,0,0,0,0,0,0,0,0,0,0,0,0,0,0,0,0,0,0,0,0,3400000,1150,2,2956.521739130435,Nizampet,2 BHK,1000-1500 sqft,Valid,Hyderabad,Not available in source data,0,35
7000000,990,East Marredpally,2,1,0,0,0,0,0,0,0,0,0,0,0,0,0,0,0,0,0,0,0,0,0,0,0,0,0,0,0,0,0,0,0,0,0,0,0,7000000,990,2,7070.707070707071,East Marredpally,2 BHK,500-1000 sqft,Valid,Hyderabad,Not available in source data,0,35
5000000,1150,Nagole,2,1,0,1,1,0,1,1,0,0,0,0,0,0,0,1,0,1,0,0,0,0,0,0,0,0,0,1,0,1,0,0,0,0,0,0,0,5000000,1150,2,4347.826086956522,Nagole,2 BHK,1000-1500 sqft,Valid,Hyderabad,Not available in source data,8,35
22000000,2400,Banjara Hills,3,1,0,1,1,1,1,1,0,0,1,1,0,1,0,1,1,1,0,0,1,0,1,1,1,0,1,1,1,1,1,0,1,1,1,0,1,22000000,2400,3,9166.666666666666,Banjara Hills,3 BHK,1500-2500 sqft,Valid,Hyderabad,Not available in source data,24,35
6000000,1278,Manikonda,2,0,0,1,0,0,0,0,0,0,1,1,0,0,0,0,1,0,0,0,0,0,0,1,0,0,1,1,0,0,0,0,0,0,0,0,0,6000000,1278,2,4694.835680751174,Manikonda,2 BHK,1000-1500 sqft,Valid,Hyderabad,Not available in source data,7,35
34000000,3180,Gachibowli,3,1,0,1,1,1,1,1,1,0,1,1,0,1,0,1,1,1,1,0,1,0,0,0,1,0,1,1,1,1,1,0,1,1,1,0,1,34000000,3180,3,10691.82389937107,Gachibowli,3 BHK,2500+ sqft,Valid,Hyderabad,Not available in source data,24,35
34000000,3180,Kondapur,3,1,0,0,0,0,0,0,0,0,0,0,0,0,0,0,0,0,0,0,0,0,0,0,0,0,0,0,0,0,0,0,0,0,0,0,0,34000000,3180,3,10691.82389937107,Kondapur,3 BHK,2500+ sqft,Valid,Hyderabad,Not available in source data,0,35
3300000,1000,Nizampet,2,1,0,0,0,0,0,0,0,0,0,0,0,0,0,0,0,0,0,0,0,0,0,0,0,0,0,1,0,0,0,0,0,0,0,0,0,3300000,1000,2,3300.0,Nizampet,2 BHK,1000-1500 sqft,Valid,Hyderabad,Not available in source data,1,35
6900000,987,East Marredpally,2,1,0,0,0,0,0,0,0,0,0,0,0,0,0,0,0,0,0,0,0,0,1,0,0,0,0,0,1,0,0,0,1,1,1,0,1,6900000,987,2,6990.881458966565,East Marredpally,2 BHK,500-1000 sqft,Valid,Hyderabad,Not available in source data,6,35
3200000,1075,West Marredpally,2,1,0,0,0,0,0,0,0,0,0,0,0,0,0,0,0,0,0,0,0,0,0,0,0,0,0,0,0,0,0,0,0,0,0,0,0,3200000,1075,2,2976.7441860465115,West Marredpally,2 BHK,1000-1500 sqft,Valid,Hyderabad,Not available in source data,0,35
2000000,600,Kukatpally,1,1,0,0,0,0,0,0,0,0,0,0,0,0,0,0,1,0,0,0,0,0,0,0,0,0,0,1,0,0,0,0,0,0,0,0,0,2000000,600,1,3333.3333333333335,Kukatpally,1 BHK,500-1000 sqft,Valid,Hyderabad,Not available in source data,2,35
7000000,1400,Habsiguda,3,1,0,0,0,0,0,0,0,0,0,0,0,0,0,0,0,0,0,0,0,0,0,0,0,0,0,0,0,0,0,0,0,0,0,0,0,7000000,1400,3,5000.0,Habsiguda,3 BHK,1000-1500 sqft,Valid,Hyderabad,Not available in source data,0,35
4600000,1300,Puppalaguda,3,0,0,0,0,0,0,0,0,0,0,0,0,0,0,0,1,0,0,0,0,0,0,0,0,0,0,1,0,0,0,0,0,0,0,0,0,4600000,1300,3,3538.4615384615386,Puppalaguda,3 BHK,1000-1500 sqft,Valid,Hyderabad,Not available in source data,2,35
7000000,1490,Manikonda,3,0,0,1,0,0,0,0,0,0,1,1,0,0,0,0,1,0,0,0,0,0,0,1,0,0,1,1,0,0,0,0,0,0,0,0,0,7000000,1490,3,4697.986577181208,Manikonda,3 BHK,1000-1500 sqft,Valid,Hyderabad,Not available in source data,7,35
8599000,1275,East Marredpally,2,1,0,0,0,0,0,0,0,0,0,0,0,0,0,0,0,0,0,0,0,0,0,0,0,0,0,0,0,0,0,0,0,0,0,0,0,8599000,1275,2,6744.313725490196,East Marredpally,2 BHK,1000-1500 sqft,Valid,Hyderabad,Not available in source data,0,35
3500000,1000,Mallapur,2,1,0,0,0,0,0,0,0,0,0,0,0,0,0,0,0,0,0,0,0,0,0,0,0,0,0,0,0,0,0,0,0,0,0,0,0,3500000,1000,2,3500.0,Mallapur,2 BHK,1000-1500 sqft,Valid,Hyderabad,Not available in source data,0,35
3570000,1050,Nizampet,2,0,0,0,0,0,0,0,0,0,0,0,0,0,0,0,0,0,0,0,0,0,0,0,0,0,0,1,0,0,0,0,0,0,0,0,0,3570000,1050,2,3400.0,Nizampet,2 BHK,1000-1500 sqft,Valid,Hyderabad,Not available in source data,1,35
3300000,1450,Bollaram,3,1,0,0,0,0,0,0,0,0,0,0,0,0,0,0,0,0,0,0,0,0,0,0,0,0,0,0,0,0,0,0,0,0,0,0,0,3300000,1450,3,2275.862068965517,Bollaram,3 BHK,1000-1500 sqft,Valid,Hyderabad,Not available in source data,0,35
6742000,1376,Appa Junction Peerancheru,2,0,0,1,1,1,1,1,0,0,0,1,1,1,0,1,1,1,1,0,0,0,0,0,0,0,1,1,0,1,0,0,0,0,0,0,0,6742000,1376,2,4899.709302325581,Appa Junction Peerancheru,2 BHK,1000-1500 sqft,Valid,Hyderabad,Not available in source data,15,35
9662000,1972,Appa Junction Peerancheru,3,0,0,1,1,1,1,1,0,0,0,1,1,1,0,1,1,1,1,0,0,0,0,0,0,0,1,1,0,1,0,0,0,0,0,0,0,9662000,1972,3,4899.594320486815,Appa Junction Peerancheru,3 BHK,1500-2500 sqft,Valid,Hyderabad,Not available in source data,15,35
5782000,1180,Appa Junction Peerancheru,2,0,0,1,1,1,1,1,0,0,0,1,1,1,0,1,1,1,1,0,0,0,0,0,0,0,1,1,0,1,0,0,0,0,0,0,0,5782000,1180,2,4900.0,Appa Junction Peerancheru,2 BHK,1000-1500 sqft,Valid,Hyderabad,Not available in source data,15,35
7614000,1554,Appa Junction Peerancheru,3,0,0,1,1,1,1,1,0,0,0,1,1,1,0,1,1,1,1,0,0,0,0,0,0,0,1,1,0,1,0,0,0,0,0,0,0,7614000,1554,3,4899.6138996139,Appa Junction Peerancheru,3 BHK,1500-2500 sqft,Valid,Hyderabad,Not available in source data,15,35
7977000,1628,Appa Junction Peerancheru,3,0,0,1,1,1,1,1,0,0,0,1,1,1,0,1,1,1,1,0,0,0,0,0,0,0,1,1,0,1,0,0,0,0,0,0,0,7977000,1628,3,4899.87714987715,Appa Junction Peerancheru,3 BHK,1500-2500 sqft,Valid,Hyderabad,Not available in source data,15,35
6242000,1274,Appa Junction Peerancheru,2,0,0,1,1,1,1,1,0,0,0,1,1,1,0,1,1,1,1,0,0,0,0,0,0,0,1,1,0,1,0,0,0,0,0,0,0,6242000,1274,2,4899.529042386185,Appa Junction Peerancheru,2 BHK,1000-1500 sqft,Valid,Hyderabad,Not available in source data,15,35
8741000,1784,Appa Junction Peerancheru,3,0,0,1,1,1,1,1,0,0,0,1,1,1,0,1,1,1,1,0,0,0,0,0,0,0,1,1,0,1,0,0,0,0,0,0,0,8741000,1784,3,4899.663677130045,Appa Junction Peerancheru,3 BHK,1500-2500 sqft,Valid,Hyderabad,Not available in source data,15,35
8761000,1788,Appa Junction Peerancheru,3,0,0,1,1,1,1,1,0,0,0,1,1,1,0,1,1,1,1,0,0,0,0,0,0,0,1,1,0,1,0,0,0,0,0,0,0,8761000,1788,3,4899.888143176734,Appa Junction Peerancheru,3 BHK,1500-2500 sqft,Valid,Hyderabad,Not available in source data,15,35
6859999,1400,Appa Junction Peerancheru,2,0,0,1,1,1,1,1,0,0,0,1,1,1,0,1,1,1,1,0,0,0,0,0,0,0,1,1,0,1,0,0,0,0,0,0,0,6859999,1400,2,4899.999285714286,Appa Junction Peerancheru,2 BHK,1000-1500 sqft,Valid,Hyderabad,Not available in source data,15,35
9633000,1966,Appa Junction Peerancheru,3,0,0,1,1,1,1,1,0,0,0,1,1,1,0,1,1,1,1,0,0,0,0,0,0,0,1,1,0,1,0,0,0,0,0,0,0,9633000,1966,3,4899.796541200407,Appa Junction Peerancheru,3 BHK,1500-2500 sqft,Valid,Hyderabad,Not available in source data,15,35
7359000,1502,Appa Junction Peerancheru,3,0,0,1,1,1,1,1,0,0,0,1,1,1,0,1,1,1,1,0,0,0,0,0,0,0,1,1,0,1,0,0,0,0,0,0,0,7359000,1502,3,4899.467376830892,Appa Junction Peerancheru,3 BHK,1500-2500 sqft,Valid,Hyderabad,Not available in source data,15,35
8364000,1707,Appa Junction Peerancheru,3,0,0,1,1,1,1,1,0,0,0,1,1,1,0,1,1,1,1,0,0,0,0,0,0,0,1,1,0,1,0,0,0,0,0,0,0,8364000,1707,3,4899.8242530755715,Appa Junction Peerancheru,3 BHK,1500-2500 sqft,Valid,Hyderabad,Not available in source data,15,35
8045000,1642,Appa Junction Peerancheru,3,0,0,1,1,1,1,1,0,0,0,1,1,1,0,1,1,1,1,0,0,0,0,0,0,0,1,1,0,1,0,0,0,0,0,0,0,8045000,1642,3,4899.512789281364,Appa Junction Peerancheru,3 BHK,1500-2500 sqft,Valid,Hyderabad,Not available in source data,15,35
7286000,1487,Appa Junction Peerancheru,2,0,0,1,1,1,1,1,0,0,0,1,1,1,0,1,1,1,1,0,0,0,0,0,0,0,1,1,0,1,0,0,0,0,0,0,0,7286000,1487,2,4899.798251513113,Appa Junction Peerancheru,2 BHK,1000-1500 sqft,Valid,Hyderabad,Not available in source data,15,35
8001000,1633,Appa Junction Peerancheru,3,0,0,1,1,1,1,1,0,0,0,1,1,1,0,1,1,1,1,0,0,0,0,0,0,0,1,1,0,1,0,0,0,0,0,0,0,8001000,1633,3,4899.571341090018,Appa Junction Peerancheru,3 BHK,1500-2500 sqft,Valid,Hyderabad,Not available in source data,15,35
8820000,1800,Appa Junction Peerancheru,3,0,0,1,1,1,1,1,0,0,0,1,1,1,0,1,1,1,1,0,0,0,0,0,0,0,1,1,0,1,0,0,0,0,0,0,0,8820000,1800,3,4900.0,Appa Junction Peerancheru,3 BHK,1500-2500 sqft,Valid,Hyderabad,Not available in source data,15,35
9197000,1877,Appa Junction Peerancheru,3,0,0,1,1,1,1,1,0,0,0,1,1,1,0,1,1,1,1,0,0,0,0,0,0,0,1,1,0,1,0,0,0,0,0,0,0,9197000,1877,3,4899.840170484817,Appa Junction Peerancheru,3 BHK,1500-2500 sqft,Valid,Hyderabad,Not available in source data,15,35
7467000,1524,Appa Junction Peerancheru,2,0,0,1,1,1,1,1,0,0,0,1,1,1,0,1,1,1,1,0,0,0,0,0,0,0,1,1,0,1,0,0,0,0,0,0,0,7467000,1524,2,4899.606299212598,Appa Junction Peerancheru,2 BHK,1500-2500 sqft,Valid,Hyderabad,Not available in source data,15,35
6497000,1326,Appa Junction Peerancheru,2,0,0,1,1,1,1,1,0,0,0,1,1,1,0,1,1,1,1,0,0,0,0,0,0,0,1,1,0,1,0,0,0,0,0,0,0,6497000,1326,2,4899.698340874811,Appa Junction Peerancheru,2 BHK,1000-1500 sqft,Valid,Hyderabad,Not available in source data,15,35
7178000,1465,Appa Junction Peerancheru,2,0,0,1,1,1,1,1,0,0,0,1,1,1,0,1,1,1,1,0,0,0,0,0,0,0,1,1,0,1,0,0,0,0,0,0,0,7178000,1465,2,4899.658703071673,Appa Junction Peerancheru,2 BHK,1000-1500 sqft,Valid,Hyderabad,Not available in source data,15,35
7825000,1597,Appa Junction Peerancheru,3,0,0,1,1,1,1,1,0,0,0,1,1,1,0,1,1,1,1,0,0,0,0,0,0,0,1,1,0,1,0,0,0,0,0,0,0,7825000,1597,3,4899.812147777082,Appa Junction Peerancheru,3 BHK,1500-2500 sqft,Valid,Hyderabad,Not available in source data,15,35
9075000,1265,Miyapur,2,0,0,1,1,1,0,1,1,0,1,1,0,1,0,0,1,0,0,0,0,0,0,0,0,0,1,1,0,0,0,0,0,0,0,0,0,9075000,1265,2,7173.913043478261,Miyapur,2 BHK,1000-1500 sqft,Valid,Hyderabad,Not available in source data,11,35
10100000,1945,Miyapur,3,0,0,1,1,1,0,1,1,0,1,1,0,1,0,0,1,0,0,0,0,0,0,0,0,0,1,1,0,0,0,0,0,0,0,0,0,10100000,1945,3,5192.80205655527,Miyapur,3 BHK,1500-2500 sqft,Valid,Hyderabad,Not available in source data,11,35
7962000,1435,Kukatpally,3,0,0,1,1,1,0,0,1,0,1,0,0,1,0,1,1,1,0,0,0,0,0,0,0,0,1,1,0,0,0,0,0,0,0,0,0,7962000,1435,3,5548.432055749129,Kukatpally,3 BHK,1000-1500 sqft,Valid,Hyderabad,Not available in source data,11,35
12700000,1925,Miyapur,3,0,0,1,1,1,0,1,1,0,1,1,0,1,0,0,1,0,0,0,0,0,0,0,0,0,1,1,0,0,0,0,0,0,0,0,0,12700000,1925,3,6597.402597402597,Miyapur,3 BHK,1500-2500 sqft,Valid,Hyderabad,Not available in source data,11,35
10700000,1905,Kukatpally,3,0,0,1,1,1,1,1,1,1,0,1,1,1,1,1,1,1,1,0,0,1,0,0,0,0,1,1,0,1,0,0,0,0,0,0,0,10700000,1905,3,5616.797900262467,Kukatpally,3 BHK,1500-2500 sqft,Valid,Hyderabad,Not available in source data,19,35
6168000,1090,Kukatpally,2,0,0,1,1,1,0,0,1,0,1,0,0,1,0,1,1,1,0,0,0,0,0,0,0,0,1,1,0,0,0,0,0,0,0,0,0,6168000,1090,2,5658.715596330275,Kukatpally,2 BHK,1000-1500 sqft,Valid,Hyderabad,Not available in source data,11,35
6895999,1230,Kukatpally,2,0,0,1,1,1,0,0,1,0,1,0,0,1,0,1,1,1,0,0,0,0,0,0,0,0,1,1,0,0,0,0,0,0,0,0,0,6895999,1230,2,5606.50325203252,Kukatpally,2 BHK,1000-1500 sqft,Valid,Hyderabad,Not available in source data,11,35
10700000,1920,Kukatpally,3,0,0,1,1,1,1,1,1,1,0,1,1,1,1,1,1,1,1,0,0,1,0,0,0,0,1,1,0,1,0,0,0,0,0,0,0,10700000,1920,3,5572.916666666667,Kukatpally,3 BHK,1500-2500 sqft,Valid,Hyderabad,Not available in source data,19,35
10700000,1905,Miyapur,3,0,0,1,1,1,0,1,1,0,1,1,0,1,0,0,1,0,0,0,0,0,0,0,0,0,1,1,0,0,0,0,0,0,0,0,0,10700000,1905,3,5616.797900262467,Miyapur,3 BHK,1500-2500 sqft,Valid,Hyderabad,Not available in source data,11,35
6233000,1170,Kukatpally,1,0,0,1,0,1,0,0,1,0,1,1,0,1,0,1,1,1,0,0,0,0,0,0,0,0,1,1,0,0,0,0,0,0,0,0,0,6233000,1170,1,5327.350427350428,Kukatpally,1 BHK,1000-1500 sqft,Valid,Hyderabad,Not available in source data,11,35
8800000,1385,Appa Junction,2,0,0,1,1,0,0,0,0,0,1,1,0,1,0,0,1,0,0,0,0,0,0,0,0,0,1,1,0,0,0,0,0,0,0,0,0,8800000,1385,2,6353.790613718412,Appa Junction,2 BHK,1000-1500 sqft,Valid,Hyderabad,Not available in source data,8,35
8998000,1390,Appa Junction,2,0,0,1,1,0,0,0,0,0,1,1,0,1,0,0,1,0,0,0,0,0,0,0,0,0,1,1,0,0,0,0,0,0,0,0,0,8998000,1390,2,6473.381294964029,Appa Junction,2 BHK,1000-1500 sqft,Valid,Hyderabad,Not available in source data,8,35
7998999,1282,Appa Junction,2,0,0,1,1,0,0,0,0,0,1,1,0,1,0,0,1,0,0,0,0,0,0,0,0,0,1,1,0,0,0,0,0,0,0,0,0,7998999,1282,2,6239.46879875195,Appa Junction,2 BHK,1000-1500 sqft,Valid,Hyderabad,Not available in source data,8,35
4284000,1020,Gajularamaram,1,0,0,1,0,0,0,0,0,0,0,0,0,0,0,0,1,0,0,0,0,0,0,0,0,0,0,1,0,0,0,0,0,0,0,0,0,4284000,1020,1,4200.0,Gajularamaram,1 BHK,1000-1500 sqft,Valid,Hyderabad,Not available in source data,3,35
10000000,1935,Aminpur,3,0,0,1,1,0,0,0,0,0,1,1,0,1,0,0,1,0,0,0,0,0,0,0,0,0,1,1,0,0,0,0,0,0,0,0,0,10000000,1935,3,5167.958656330749,Aminpur,3 BHK,1500-2500 sqft,Valid,Hyderabad,Not available in source data,8,35
7098999,1090,Kukatpally,2,0,0,0,0,0,0,0,0,0,1,0,0,0,0,0,1,0,0,0,0,0,0,0,0,0,1,1,0,0,0,0,0,0,0,0,0,7098999,1090,2,6512.843119266055,Kukatpally,2 BHK,1000-1500 sqft,Valid,Hyderabad,Not available in source data,4,35
9828000,1630,Kondapur,3,0,0,1,1,0,0,0,0,0,0,0,0,1,0,0,1,0,0,0,0,0,0,0,0,0,0,1,0,0,0,0,0,0,0,0,0,9828000,1630,3,6029.447852760736,Kondapur,3 BHK,1500-2500 sqft,Valid,Hyderabad,Not available in source data,5,35
10900000,1695,Kukatpally,3,0,0,0,0,0,0,0,0,0,1,0,0,0,0,0,1,0,0,0,0,0,0,0,0,0,1,1,0,0,0,0,0,0,0,0,0,10900000,1695,3,6430.678466076696,Kukatpally,3 BHK,1500-2500 sqft,Valid,Hyderabad,Not available in source data,4,35
3500000,1080,Beeramguda,2,0,0,0,0,0,0,0,0,0,0,0,0,0,0,0,1,0,0,0,0,0,0,0,0,0,0,1,0,0,0,0,0,0,0,0,0,3500000,1080,2,3240.740740740741,Beeramguda,2 BHK,1000-1500 sqft,Valid,Hyderabad,Not available in source data,2,35
3300000,1045,Krishna Reddy Pet,2,0,0,0,0,0,0,0,0,0,0,0,0,0,0,0,1,0,0,0,0,0,0,0,0,0,0,1,0,0,0,0,0,0,0,0,0,3300000,1045,2,3157.8947368421054,Krishna Reddy Pet,2 BHK,1000-1500 sqft,Valid,Hyderabad,Not available in source data,2,35
3200000,1100,Krishna Reddy Pet,2,0,0,0,0,0,0,0,0,0,0,0,0,0,0,0,1,0,0,0,0,0,0,0,0,0,0,1,0,0,0,0,0,0,0,0,0,3200000,1100,2,2909.090909090909,Krishna Reddy Pet,2 BHK,1000-1500 sqft,Valid,Hyderabad,Not available in source data,2,35
10900000,1700,Moosapet,2,0,0,0,0,0,0,0,0,0,1,0,0,0,0,0,1,0,0,0,0,0,0,0,0,0,0,1,0,0,0,0,0,0,0,0,0,10900000,1700,2,6411.764705882353,Moosapet,2 BHK,1500-2500 sqft,Valid,Hyderabad,Not available in source data,3,35
11100000,1730,Moosapet,2,0,0,0,0,0,0,0,0,0,1,0,0,0,0,0,1,0,0,0,0,0,0,0,0,0,0,1,0,0,0,0,0,0,0,0,0,11100000,1730,2,6416.184971098266,Moosapet,2 BHK,1500-2500 sqft,Valid,Hyderabad,Not available in source data,3,35
10900000,1700,Kukatpally,3,0,0,0,0,0,0,0,0,0,1,0,0,0,0,0,1,0,0,0,0,0,0,0,0,0,0,1,0,0,0,0,0,0,0,0,0,10900000,1700,3,6411.764705882353,Kukatpally,3 BHK,1500-2500 sqft,Valid,Hyderabad,Not available in source data,3,35
4600000,1050,Gajularamaram,2,0,0,0,1,0,0,0,0,0,0,0,0,0,0,0,1,0,0,0,0,0,0,0,0,0,0,1,0,0,0,0,0,0,0,0,0,4600000,1050,2,4380.952380952381,Gajularamaram,2 BHK,1000-1500 sqft,Valid,Hyderabad,Not available in source data,3,35
15000000,2400,Karmanghat,4,1,0,0,0,0,0,0,0,0,0,0,0,0,0,0,0,0,0,0,0,0,1,0,0,0,1,1,1,0,0,0,0,0,0,0,0,15000000,2400,4,6250.0,Karmanghat,4 BHK,1500-2500 sqft,Valid,Hyderabad,Not available in source data,4,35
5500000,1214,Miyapur,2,0,0,0,0,0,0,0,0,0,0,0,0,0,0,0,1,0,0,0,0,0,0,0,0,0,0,1,0,0,0,0,0,0,0,0,0,5500000,1214,2,4530.4777594728175,Miyapur,2 BHK,1000-1500 sqft,Valid,Hyderabad,Not available in source data,2,35
11800000,1840,Kukatpally,3,0,0,0,0,0,0,0,0,0,0,0,0,0,0,0,1,0,0,0,0,0,0,0,0,0,0,1,0,0,0,0,0,0,0,0,0,11800000,1840,3,6413.04347826087,Kukatpally,3 BHK,1500-2500 sqft,Valid,Hyderabad,Not available in source data,2,35
8098000,1620,Gajulramaram Kukatpally,3,0,0,1,1,1,1,1,1,0,1,1,0,1,1,1,1,1,0,0,1,0,0,0,0,0,1,1,0,0,0,0,0,0,0,0,0,8098000,1620,3,4998.765432098766,Gajulramaram Kukatpally,3 BHK,1500-2500 sqft,Valid,Hyderabad,Not available in source data,16,35
5623000,1125,Gajulramaram Kukatpally,2,0,0,1,1,1,1,1,1,0,1,1,0,1,1,1,1,1,0,0,1,0,0,0,0,0,1,1,0,0,0,0,0,0,0,0,0,5623000,1125,2,4998.222222222223,Gajulramaram Kukatpally,2 BHK,1000-1500 sqft,Valid,Hyderabad,Not available in source data,16,35
6838000,1368,Gajulramaram Kukatpally,3,0,0,1,1,1,1,1,1,0,1,1,0,1,1,1,1,1,0,0,1,0,0,0,0,0,1,1,0,0,0,0,0,0,0,0,0,6838000,1368,3,4998.538011695907,Gajulramaram Kukatpally,3 BHK,1000-1500 sqft,Valid,Hyderabad,Not available in source data,16,35
10500000,2115,Kokapet,3,0,0,1,1,1,1,1,1,0,1,1,0,1,0,1,1,1,0,1,1,0,0,0,0,0,1,1,0,1,0,0,0,0,0,0,0,10500000,2115,3,4964.5390070921985,Kokapet,3 BHK,1500-2500 sqft,Valid,Hyderabad,Not available in source data,17,35
11200000,1695,Kukatpally,3,0,0,0,0,0,0,0,0,0,0,0,0,0,0,0,1,0,0,0,0,0,0,0,0,0,0,1,0,0,0,0,0,0,0,0,0,11200000,1695,3,6607.669616519174,Kukatpally,3 BHK,1500-2500 sqft,Valid,Hyderabad,Not available in source data,2,35
3375000,1125,Mallampet,1,0,0,0,0,0,0,0,0,0,0,0,0,0,0,0,1,0,0,0,0,0,0,0,0,0,0,1,0,0,0,0,0,0,0,0,0,3375000,1125,1,3000.0,Mallampet,1 BHK,1000-1500 sqft,Valid,Hyderabad,Not available in source data,2,35
5500000,1170,Uppal,2,0,0,0,0,0,0,0,0,0,0,0,0,0,0,0,0,0,0,0,0,0,0,0,0,0,0,1,0,0,0,0,0,0,0,0,0,5500000,1170,2,4700.854700854701,Uppal,2 BHK,1000-1500 sqft,Valid,Hyderabad,Not available in source data,1,35
4200000,1200,Miyapur,2,0,0,0,0,0,0,0,0,0,0,0,0,0,0,0,1,0,0,0,0,0,0,0,0,0,0,1,0,0,0,0,0,0,0,0,0,4200000,1200,2,3500.0,Miyapur,2 BHK,1000-1500 sqft,Valid,Hyderabad,Not available in source data,2,35
4700000,902,LB Nagar,2,0,0,0,0,0,0,0,0,0,0,0,0,0,0,0,0,0,0,0,0,0,0,0,0,0,0,1,0,0,0,0,0,0,0,0,0,4700000,902,2,5210.643015521065,LB Nagar,2 BHK,500-1000 sqft,Valid,Hyderabad,Not available in source data,1,35
10600000,1695,Kukatpally,3,0,0,0,0,0,0,0,0,0,0,0,0,0,0,0,1,0,0,0,0,0,0,0,0,0,1,1,0,0,0,0,0,0,0,0,0,10600000,1695,3,6253.687315634218,Kukatpally,3 BHK,1500-2500 sqft,Valid,Hyderabad,Not available in source data,3,35
6500000,1200,Kondapur,2,1,0,0,0,0,0,0,0,0,0,0,0,0,0,0,1,0,0,0,0,0,0,0,0,0,0,1,0,0,0,0,0,0,0,0,0,6500000,1200,2,5416.666666666667,Kondapur,2 BHK,1000-1500 sqft,Valid,Hyderabad,Not available in source data,2,35
3600000,1100,Krishna Reddy Pet,2,0,0,0,0,0,0,0,0,0,0,0,0,0,0,0,0,0,0,0,0,0,0,0,0,0,0,0,0,0,0,0,0,0,0,0,0,3600000,1100,2,3272.7272727272725,Krishna Reddy Pet,2 BHK,1000-1500 sqft,Valid,Hyderabad,Not available in source data,0,35
3300000,1035,Krishna Reddy Pet,2,0,0,0,0,0,0,0,0,0,0,0,0,0,0,0,1,0,0,0,0,0,0,0,0,0,0,1,0,0,0,0,0,0,0,0,0,3300000,1035,2,3188.4057971014495,Krishna Reddy Pet,2 BHK,1000-1500 sqft,Valid,Hyderabad,Not available in source data,2,35
3300000,1025,Krishna Reddy Pet,2,0,0,0,0,0,0,0,0,0,0,0,0,0,0,0,1,0,0,0,0,0,0,0,0,0,0,1,0,0,0,0,0,0,0,0,0,3300000,1025,2,3219.512195121951,Krishna Reddy Pet,2 BHK,1000-1500 sqft,Valid,Hyderabad,Not available in source data,2,35
8100000,1490,Narsingi,3,0,0,1,0,0,0,0,0,0,0,0,0,0,0,0,1,0,0,0,0,0,0,0,0,0,1,1,0,0,0,0,0,0,0,0,0,8100000,1490,3,5436.241610738255,Narsingi,3 BHK,1000-1500 sqft,Valid,Hyderabad,Not available in source data,4,35
4500000,1130,Manikonda,2,1,0,0,0,0,0,0,0,0,0,0,0,0,0,0,0,0,0,0,0,0,0,0,0,0,0,0,0,0,0,0,0,0,0,0,0,4500000,1130,2,3982.3008849557523,Manikonda,2 BHK,1000-1500 sqft,Valid,Hyderabad,Not available in source data,0,35
8900000,1480,Puppalaguda,3,0,0,0,0,0,0,0,0,0,0,0,0,0,0,0,1,0,0,0,0,0,0,0,0,0,0,1,0,0,0,0,0,0,0,0,0,8900000,1480,3,6013.513513513513,Puppalaguda,3 BHK,1000-1500 sqft,Valid,Hyderabad,Not available in source data,2,35
4710000,1050,Gajularamaram,2,0,0,0,0,0,0,0,0,0,0,0,0,0,0,0,1,0,0,0,0,0,0,0,0,0,0,1,0,0,0,0,0,0,0,0,0,4710000,1050,2,4485.714285714285,Gajularamaram,2 BHK,1000-1500 sqft,Valid,Hyderabad,Not available in source data,2,35
8100000,1510,Khajaguda Nanakramguda Road,3,0,0,0,0,0,0,0,0,0,0,0,0,0,0,0,1,0,0,0,0,0,0,0,0,0,0,1,0,0,0,0,0,0,0,0,0,8100000,1510,3,5364.238410596026,Khajaguda Nanakramguda Road,3 BHK,1500-2500 sqft,Valid,Hyderabad,Not available in source data,2,35
8700000,1525,Kondapur,3,0,0,0,0,0,0,0,0,0,0,0,0,0,0,0,0,0,0,0,0,0,0,0,0,0,0,0,0,0,0,0,0,0,0,0,0,8700000,1525,3,5704.918032786885,Kondapur,3 BHK,1500-2500 sqft,Valid,Hyderabad,Not available in source data,0,35
6300000,1523,Cherlapalli,2,1,0,0,0,0,0,0,0,0,0,0,0,0,0,0,0,0,0,0,0,0,0,0,0,0,0,0,0,0,0,0,0,0,0,0,0,6300000,1523,2,4136.572554169403,Cherlapalli,2 BHK,1500-2500 sqft,Valid,Hyderabad,Not available in source data,0,35
6700000,1200,Sainikpuri,3,0,0,0,0,0,0,0,0,0,0,0,0,0,0,0,0,0,0,0,0,0,0,0,0,0,0,0,0,0,0,0,0,0,0,0,0,6700000,1200,3,5583.333333333333,Sainikpuri,3 BHK,1000-1500 sqft,Valid,Hyderabad,Not available in source data,0,35
45000000,3233,Hitech City,4,1,0,0,0,0,0,0,0,0,0,0,0,0,0,0,0,0,0,0,0,0,0,0,0,0,0,0,0,0,0,0,0,0,0,0,0,45000000,3233,4,13918.960717599752,Hitech City,4 BHK,2500+ sqft,Valid,Hyderabad,Not available in source data,0,35
5000000,1620,Mallampet,3,0,0,0,0,0,0,0,0,0,0,0,0,0,0,0,0,0,0,0,0,0,0,0,0,0,0,0,0,0,0,0,0,0,0,0,0,5000000,1620,3,3086.41975308642,Mallampet,3 BHK,1500-2500 sqft,Valid,Hyderabad,Not available in source data,0,35
10000000,1500,Kachiguda,1,1,0,0,0,0,0,0,0,0,0,0,0,0,0,0,1,0,0,0,0,0,0,0,0,0,0,1,0,0,0,0,0,0,0,0,0,10000000,1500,1,6666.666666666667,Kachiguda,1 BHK,1500-2500 sqft,Valid,Hyderabad,Not available in source data,2,35
7500000,1650,Manikonda,3,1,0,0,0,0,0,0,0,0,0,0,0,0,0,0,1,0,0,0,0,0,0,0,0,0,0,1,0,0,0,0,0,0,0,0,0,7500000,1650,3,4545.454545454545,Manikonda,3 BHK,1500-2500 sqft,Valid,Hyderabad,Not available in source data,2,35
15000000,1908,Jubilee Hills,3,0,0,0,0,0,0,0,0,0,0,0,0,0,0,0,0,0,0,0,0,0,0,0,0,0,0,1,0,0,0,0,0,0,0,0,0,15000000,1908,3,7861.635220125786,Jubilee Hills,3 BHK,1500-2500 sqft,Valid,Hyderabad,Not available in source data,1,35
8500000,1548,Tarnaka,3,1,0,0,0,0,0,0,0,0,0,0,0,0,0,0,0,0,0,0,0,0,0,0,0,0,0,0,0,0,0,0,0,0,0,0,0,8500000,1548,3,5490.956072351421,Tarnaka,3 BHK,1500-2500 sqft,Valid,Hyderabad,Not available in source data,0,35
5499000,1725,Tarnaka,3,0,0,0,0,0,0,0,0,0,0,0,0,0,0,0,0,0,0,0,0,0,0,0,0,0,0,0,0,0,0,0,0,0,0,0,0,5499000,1725,3,3187.8260869565215,Tarnaka,3 BHK,1500-2500 sqft,Valid,Hyderabad,Not available in source data,0,35
7500000,1500,Tarnaka,2,1,0,0,0,0,0,0,0,0,0,0,0,0,0,0,0,0,0,0,0,0,0,0,0,0,0,0,0,0,0,0,0,0,0,0,0,7500000,1500,2,5000.0,Tarnaka,2 BHK,1500-2500 sqft,Valid,Hyderabad,Not available in source data,0,35
8500000,1430,Puppalaguda,2,0,0,1,1,0,0,0,0,0,1,1,0,1,0,0,1,0,0,0,0,0,0,0,0,0,1,1,0,0,0,0,0,0,0,0,0,8500000,1430,2,5944.055944055944,Puppalaguda,2 BHK,1000-1500 sqft,Valid,Hyderabad,Not available in source data,8,35
3200000,1050,Krishna Reddy Pet,2,0,0,0,0,0,0,0,0,0,0,0,0,0,0,0,0,0,0,0,0,0,0,0,0,0,0,0,0,0,0,0,0,0,0,0,0,3200000,1050,2,3047.6190476190477,Krishna Reddy Pet,2 BHK,1000-1500 sqft,Valid,Hyderabad,Not available in source data,0,35
3828000,1294,Miyapur,2,0,0,1,1,0,0,0,0,0,1,1,0,1,0,0,1,0,0,0,0,0,0,0,0,0,1,1,0,0,0,0,0,0,0,0,0,3828000,1294,2,2958.2689335394125,Miyapur,2 BHK,1000-1500 sqft,Valid,Hyderabad,Not available in source data,8,35
3200000,1100,Krishna Reddy Pet,2,0,0,0,0,0,0,0,0,0,0,0,0,0,0,0,0,0,0,0,0,0,0,0,0,0,0,0,0,0,0,0,0,0,0,0,0,3200000,1100,2,2909.090909090909,Krishna Reddy Pet,2 BHK,1000-1500 sqft,Valid,Hyderabad,Not available in source data,0,35
3300000,1025,Krishna Reddy Pet,2,0,0,0,0,0,0,0,0,0,0,0,0,0,0,0,0,0,0,0,0,0,0,0,0,0,0,0,0,0,0,0,0,0,0,0,0,3300000,1025,2,3219.512195121951,Krishna Reddy Pet,2 BHK,1000-1500 sqft,Valid,Hyderabad,Not available in source data,0,35
3299000,1035,Krishna Reddy Pet,2,0,0,0,0,0,0,0,0,0,0,0,0,0,0,0,0,0,0,0,0,0,0,0,0,0,0,0,0,0,0,0,0,0,0,0,0,3299000,1035,2,3187.43961352657,Krishna Reddy Pet,2 BHK,1000-1500 sqft,Valid,Hyderabad,Not available in source data,0,35
3500000,1085,Beeramguda,2,0,0,0,0,0,0,0,0,0,0,0,0,0,0,0,1,0,0,0,0,0,0,0,0,0,0,1,0,0,0,0,0,0,0,0,0,3500000,1085,2,3225.8064516129034,Beeramguda,2 BHK,1000-1500 sqft,Valid,Hyderabad,Not available in source data,2,35
6500000,1480,Attapur,3,0,0,0,0,0,0,0,0,0,0,0,0,0,0,0,0,0,0,0,0,0,0,0,0,0,0,0,0,0,0,0,0,0,0,0,0,6500000,1480,3,4391.891891891892,Attapur,3 BHK,1000-1500 sqft,Valid,Hyderabad,Not available in source data,0,35
3600000,1100,Krishna Reddy Pet,2,0,0,0,0,0,0,0,0,0,0,0,0,0,0,0,1,0,0,0,0,0,0,0,0,0,0,1,0,0,0,0,0,0,0,0,0,3600000,1100,2,3272.7272727272725,Krishna Reddy Pet,2 BHK,1000-1500 sqft,Valid,Hyderabad,Not available in source data,2,35
10700000,1920,Miyapur,3,0,0,1,1,1,0,1,1,0,1,0,0,0,0,0,0,0,0,0,0,0,0,0,0,0,1,0,0,0,0,0,0,0,0,0,0,10700000,1920,3,5572.916666666667,Miyapur,3 BHK,1500-2500 sqft,Valid,Hyderabad,Not available in source data,7,35
8573000,1190,Miyapur,2,0,0,1,1,1,0,1,1,0,1,1,0,1,0,0,1,0,0,0,0,0,0,0,0,0,1,1,0,0,0,0,0,0,0,0,0,8573000,1190,2,7204.201680672269,Miyapur,2 BHK,1000-1500 sqft,Valid,Hyderabad,Not available in source data,11,35
3600000,1080,Beeramguda,2,0,0,0,0,0,0,0,0,0,0,0,0,0,0,0,0,0,0,0,0,0,0,0,0,0,0,0,0,0,0,0,0,0,0,0,0,3600000,1080,2,3333.3333333333335,Beeramguda,2 BHK,1000-1500 sqft,Valid,Hyderabad,Not available in source data,0,35
6300000,1465,Gajularamaram,3,0,0,0,0,0,0,0,0,0,0,0,0,0,0,0,1,0,0,0,0,0,0,0,0,0,0,1,0,0,0,0,0,0,0,0,0,6300000,1465,3,4300.341296928327,Gajularamaram,3 BHK,1000-1500 sqft,Valid,Hyderabad,Not available in source data,2,35
4600000,1050,Gajularamaram,2,0,0,0,0,0,0,0,0,0,0,0,0,0,0,0,1,0,0,0,0,0,0,0,0,0,0,1,0,0,0,0,0,0,0,0,0,4600000,1050,2,4380.952380952381,Gajularamaram,2 BHK,1000-1500 sqft,Valid,Hyderabad,Not available in source data,2,35
8298999,1538,Tellapur,3,0,0,1,1,1,1,1,1,1,1,1,0,1,0,1,1,1,0,1,1,0,0,1,1,0,1,1,0,1,0,1,0,0,0,0,0,8298999,1538,3,5395.968140442133,Tellapur,3 BHK,1500-2500 sqft,Valid,Hyderabad,Not available in source data,21,35
8800000,1678,Tellapur,3,0,0,1,1,1,1,1,1,1,1,1,0,1,0,1,1,1,0,1,1,0,0,1,1,0,1,1,0,1,0,1,0,0,0,0,0,8800000,1678,3,5244.338498212157,Tellapur,3 BHK,1500-2500 sqft,Valid,Hyderabad,Not available in source data,21,35
8800000,1678,Tellapur,3,0,0,1,1,1,1,1,1,1,1,1,0,1,0,1,1,1,0,1,1,0,0,0,0,0,1,1,0,1,0,1,0,0,0,0,0,8800000,1678,3,5244.338498212157,Tellapur,3 BHK,1500-2500 sqft,Valid,Hyderabad,Not available in source data,19,35
11200000,1695,Kukatpally,3,0,0,0,0,0,0,0,0,0,0,0,0,0,0,0,1,0,0,0,0,0,0,0,0,0,1,1,0,0,0,0,0,0,0,0,0,11200000,1695,3,6607.669616519174,Kukatpally,3 BHK,1500-2500 sqft,Valid,Hyderabad,Not available in source data,3,35
13500000,1700,Himayat Nagar,3,1,0,0,0,0,0,0,0,0,0,0,0,0,0,0,0,0,0,0,0,0,0,0,0,0,0,0,0,0,0,0,0,0,0,0,0,13500000,1700,3,7941.176470588235,Himayat Nagar,3 BHK,1500-2500 sqft,Valid,Hyderabad,Not available in source data,0,35
10000000,2000,Puppalaguda,3,1,0,0,0,0,0,0,0,0,0,0,0,0,0,0,0,0,0,0,0,0,0,0,0,0,0,1,0,0,0,0,0,0,0,0,0,10000000,2000,3,5000.0,Puppalaguda,3 BHK,1500-2500 sqft,Valid,Hyderabad,Not available in source data,1,35
3300000,1045,Krishna Reddy Pet,2,0,0,0,0,0,0,0,0,0,0,0,0,0,0,0,0,0,0,0,0,0,0,0,0,0,0,0,0,0,0,0,0,0,0,0,0,3300000,1045,2,3157.8947368421054,Krishna Reddy Pet,2 BHK,1000-1500 sqft,Valid,Hyderabad,Not available in source data,0,35
3300000,1025,Krishna Reddy Pet,2,0,0,0,0,0,0,0,0,0,1,0,0,0,0,0,1,0,0,0,0,0,0,0,0,0,0,1,0,0,0,0,0,0,0,0,0,3300000,1025,2,3219.512195121951,Krishna Reddy Pet,2 BHK,1000-1500 sqft,Valid,Hyderabad,Not available in source data,3,35
3300000,1035,Krishna Reddy Pet,2,0,0,0,0,0,0,0,0,0,0,0,0,0,0,0,0,0,0,0,0,0,0,0,0,0,0,0,0,0,0,0,0,0,0,0,0,3300000,1035,2,3188.4057971014495,Krishna Reddy Pet,2 BHK,1000-1500 sqft,Valid,Hyderabad,Not available in source data,0,35
8500000,1525,Kondapur,2,0,0,0,0,0,0,0,0,0,0,0,0,0,0,0,1,0,0,0,0,0,0,0,0,0,0,1,0,0,0,0,0,0,0,0,0,8500000,1525,2,5573.770491803279,Kondapur,2 BHK,1500-2500 sqft,Valid,Hyderabad,Not available in source data,2,35
6500000,1361,Attapur,3,0,0,1,1,0,0,0,0,0,0,1,0,0,0,0,1,0,0,0,0,0,0,0,0,0,1,1,0,0,0,0,0,0,0,0,0,6500000,1361,3,4775.900073475385,Attapur,3 BHK,1000-1500 sqft,Valid,Hyderabad,Not available in source data,6,35
9075000,1265,Miyapur,2,0,0,1,1,1,0,1,1,0,1,0,0,0,0,0,0,0,0,0,0,0,0,0,0,0,1,0,0,0,0,0,0,0,0,0,0,9075000,1265,2,7173.913043478261,Miyapur,2 BHK,1000-1500 sqft,Valid,Hyderabad,Not available in source data,7,35
6600000,1555,Gajularamaram,3,0,0,1,0,0,0,0,0,0,0,0,0,0,0,0,1,0,0,0,0,0,0,0,0,0,1,1,0,0,0,0,0,0,0,0,0,6600000,1555,3,4244.372990353698,Gajularamaram,3 BHK,1500-2500 sqft,Valid,Hyderabad,Not available in source data,4,35
6500000,1200,Kondapur,2,0,0,0,0,0,0,0,0,0,0,0,0,0,0,0,1,0,0,0,0,0,0,1,0,0,0,1,0,0,0,0,0,0,0,0,0,6500000,1200,2,5416.666666666667,Kondapur,2 BHK,1000-1500 sqft,Valid,Hyderabad,Not available in source data,3,35
10200000,1681,Kondapur,3,0,0,0,0,0,0,0,0,0,0,0,0,0,0,0,0,0,0,0,0,0,0,0,0,0,0,0,0,0,0,0,0,0,0,0,0,10200000,1681,3,6067.816775728733,Kondapur,3 BHK,1500-2500 sqft,Valid,Hyderabad,Not available in source data,0,35
7500000,1250,Kondapur,2,0,0,0,0,0,0,0,0,0,0,0,0,0,0,0,1,0,0,0,0,0,0,1,0,0,0,1,0,0,0,0,0,0,0,0,0,7500000,1250,2,6000.0,Kondapur,2 BHK,1000-1500 sqft,Valid,Hyderabad,Not available in source data,3,35
4500000,1050,Gajularamaram,2,0,0,1,1,0,0,0,0,0,0,0,0,0,0,0,1,0,0,0,0,0,0,0,0,0,1,1,0,0,0,0,0,0,0,0,0,4500000,1050,2,4285.714285714285,Gajularamaram,2 BHK,1000-1500 sqft,Valid,Hyderabad,Not available in source data,5,35
11000000,1700,Shaikpet,3,0,0,1,1,0,0,0,0,0,1,1,0,1,0,0,1,0,0,0,0,0,0,1,0,0,1,1,0,0,0,0,0,0,0,0,0,11000000,1700,3,6470.588235294118,Shaikpet,3 BHK,1500-2500 sqft,Valid,Hyderabad,Not available in source data,9,35
6233000,1170,Rhoda Mistri Nagar,2,1,0,0,0,0,0,0,0,0,1,0,0,0,0,0,0,0,0,0,0,0,0,0,0,0,1,1,0,0,0,0,0,0,0,0,0,6233000,1170,2,5327.350427350428,Rhoda Mistri Nagar,2 BHK,1000-1500 sqft,Valid,Hyderabad,Not available in source data,3,35
3000000,607,Miyapur,1,0,0,0,0,0,0,0,0,0,0,0,0,0,0,0,0,0,0,0,0,0,0,0,0,0,0,0,0,0,0,0,0,0,0,0,0,3000000,607,1,4942.339373970346,Miyapur,1 BHK,500-1000 sqft,Valid,Hyderabad,Not available in source data,0,35
8000000,990,Gachibowli,1,0,0,1,1,0,0,0,0,0,0,0,0,1,0,0,1,0,0,0,0,0,0,0,0,0,1,1,0,0,0,0,0,0,0,0,0,8000000,990,1,8080.80808080808,Gachibowli,1 BHK,500-1000 sqft,Valid,Hyderabad,Not available in source data,6,35
4000000,1000,Toli Chowki,2,1,0,0,0,0,0,0,0,0,0,0,0,0,0,0,0,0,0,0,0,0,0,0,0,0,0,1,0,0,0,0,0,0,0,0,0,4000000,1000,2,4000.0,Toli Chowki,2 BHK,1000-1500 sqft,Valid,Hyderabad,Not available in source data,1,35
6200000,1565,Uppal,3,0,0,0,0,0,0,0,0,0,0,0,0,0,0,0,0,0,0,0,0,0,0,0,0,0,0,0,0,0,0,0,0,0,0,0,0,6200000,1565,3,3961.661341853035,Uppal,3 BHK,1500-2500 sqft,Valid,Hyderabad,Not available in source data,0,35
11000000,1630,Habsiguda,3,0,0,0,0,0,0,0,0,0,0,0,0,0,0,0,0,0,0,0,0,0,0,0,0,0,0,0,0,0,0,0,0,0,0,0,0,11000000,1630,3,6748.4662576687115,Habsiguda,3 BHK,1500-2500 sqft,Valid,Hyderabad,Not available in source data,0,35
3700000,1100,Bandlaguda Jagir,2,1,0,0,0,0,0,0,0,0,0,0,0,0,0,0,0,0,0,0,0,0,0,0,0,0,0,0,0,0,0,0,0,0,0,0,0,3700000,1100,2,3363.6363636363635,Bandlaguda Jagir,2 BHK,1000-1500 sqft,Valid,Hyderabad,Not available in source data,0,35
2700000,682,Uppal,1,0,0,0,0,0,0,0,0,0,0,0,0,0,0,0,0,0,0,0,0,0,0,0,0,0,0,0,0,0,0,0,0,0,0,0,0,2700000,682,1,3958.9442815249267,Uppal,1 BHK,500-1000 sqft,Valid,Hyderabad,Not available in source data,0,35
7498999,1245,Tarnaka,2,0,0,0,0,0,0,0,0,0,0,0,0,0,0,0,0,0,0,0,0,0,0,0,0,0,0,0,0,0,0,0,0,0,0,0,0,7498999,1245,2,6023.292369477912,Tarnaka,2 BHK,1000-1500 sqft,Valid,Hyderabad,Not available in source data,0,35
8500000,1500,Kondapur,3,1,0,0,0,0,0,0,0,0,0,0,0,0,0,0,0,0,0,0,0,0,0,0,0,0,0,1,0,0,0,0,0,0,0,0,0,8500000,1500,3,5666.666666666667,Kondapur,3 BHK,1500-2500 sqft,Valid,Hyderabad,Not available in source data,1,35
3000000,900,Nallakunta,2,1,0,0,0,0,0,0,0,0,0,0,0,0,0,0,0,0,0,0,0,0,0,0,0,0,0,0,0,1,0,0,0,0,0,0,0,3000000,900,2,3333.3333333333335,Nallakunta,2 BHK,500-1000 sqft,Valid,Hyderabad,Not available in source data,1,35
6800000,1320,Zamistanpur,3,1,0,0,0,0,0,0,0,0,0,0,0,0,0,0,0,0,0,0,0,0,0,0,0,0,0,1,0,1,0,0,0,0,0,0,0,6800000,1320,3,5151.515151515152,Zamistanpur,3 BHK,1000-1500 sqft,Valid,Hyderabad,Not available in source data,2,35
7500000,1530,Zamistanpur,3,1,0,0,0,0,0,0,0,0,0,0,0,0,0,0,0,0,0,0,0,0,0,0,0,0,0,1,0,1,0,0,0,0,0,0,0,7500000,1530,3,4901.9607843137255,Zamistanpur,3 BHK,1500-2500 sqft,Valid,Hyderabad,Not available in source data,2,35
8573000,1190,Kukatpally,2,0,0,1,1,1,1,1,1,1,0,1,1,1,1,1,1,1,1,0,0,1,0,0,0,0,1,1,0,1,0,0,0,0,0,0,0,8573000,1190,2,7204.201680672269,Kukatpally,2 BHK,1000-1500 sqft,Valid,Hyderabad,Not available in source data,19,35
8998000,1539,Neknampur,3,1,0,1,1,0,0,0,0,0,0,0,0,0,0,0,1,0,0,0,0,0,0,0,0,0,0,1,0,0,0,0,0,0,0,0,0,8998000,1539,3,5846.653671215075,Neknampur,3 BHK,1500-2500 sqft,Valid,Hyderabad,Not available in source data,4,35
7900000,1641,Puppalaguda,2,0,0,0,0,0,0,0,0,0,0,0,0,0,0,0,1,0,0,0,0,0,0,0,0,0,0,1,0,0,0,0,0,0,0,0,0,7900000,1641,2,4814.137720901889,Puppalaguda,2 BHK,1500-2500 sqft,Valid,Hyderabad,Not available in source data,2,35
7900000,1640,Puppalaguda,2,0,0,0,0,0,0,0,0,0,0,0,0,0,0,0,1,0,0,0,0,0,0,0,0,0,0,1,0,0,0,0,0,0,0,0,0,7900000,1640,2,4817.073170731707,Puppalaguda,2 BHK,1500-2500 sqft,Valid,Hyderabad,Not available in source data,2,35
6700000,1402,Puppalaguda,1,0,0,0,0,0,0,0,0,0,0,0,0,0,0,0,1,0,0,0,0,0,0,0,0,0,0,1,0,0,0,0,0,0,0,0,0,6700000,1402,1,4778.88730385164,Puppalaguda,1 BHK,1000-1500 sqft,Valid,Hyderabad,Not available in source data,2,35
6700000,1401,Puppalaguda,1,0,0,0,0,0,0,0,0,0,0,0,0,0,0,0,1,0,0,0,0,0,0,0,0,0,0,1,0,0,0,0,0,0,0,0,0,6700000,1401,1,4782.298358315489,Puppalaguda,1 BHK,1000-1500 sqft,Valid,Hyderabad,Not available in source data,2,35
4600000,1050,Gajularamaram,2,0,0,0,0,0,0,0,0,0,0,0,0,0,0,0,1,0,0,0,0,0,0,0,0,0,1,1,0,0,0,0,0,0,0,0,0,4600000,1050,2,4380.952380952381,Gajularamaram,2 BHK,1000-1500 sqft,Valid,Hyderabad,Not available in source data,3,35
6600000,1555,Gajularamaram,3,0,0,0,0,0,0,0,0,0,0,0,0,0,0,0,1,0,0,0,0,0,0,0,0,0,1,1,0,0,0,0,0,0,0,0,0,6600000,1555,3,4244.372990353698,Gajularamaram,3 BHK,1500-2500 sqft,Valid,Hyderabad,Not available in source data,3,35
3800000,1008,Bachupally,2,0,0,1,1,0,0,0,0,0,1,1,0,1,0,0,1,0,0,0,0,0,0,0,0,0,1,1,0,0,0,0,0,0,0,0,0,3800000,1008,2,3769.84126984127,Bachupally,2 BHK,1000-1500 sqft,Valid,Hyderabad,Not available in source data,8,35
4600000,1050,Gajularamaram,2,0,0,1,0,0,0,0,0,0,0,0,0,0,0,0,1,0,0,0,0,0,0,0,0,0,1,1,0,0,0,0,0,0,0,0,0,4600000,1050,2,4380.952380952381,Gajularamaram,2 BHK,1000-1500 sqft,Valid,Hyderabad,Not available in source data,4,35
8200000,1350,Manikonda,3,0,0,1,1,0,0,0,0,0,1,1,0,1,0,0,1,0,0,0,0,0,0,0,0,0,1,1,0,0,0,0,0,0,0,0,0,8200000,1350,3,6074.074074074074,Manikonda,3 BHK,1000-1500 sqft,Valid,Hyderabad,Not available in source data,8,35
14000000,1188,Sanath Nagar,2,1,0,1,1,0,0,0,1,0,1,1,0,1,0,0,1,0,0,0,0,0,0,0,0,0,1,1,0,1,0,0,0,0,0,0,0,14000000,1188,2,11784.511784511784,Sanath Nagar,2 BHK,1000-1500 sqft,Valid,Hyderabad,Not available in source data,10,35
6200000,1199,Tellapur,2,0,0,1,1,1,1,1,1,1,1,1,0,1,0,1,1,1,0,1,1,0,0,0,0,0,1,1,0,1,0,1,0,0,0,0,0,6200000,1199,2,5170.975813177648,Tellapur,2 BHK,1000-1500 sqft,Valid,Hyderabad,Not available in source data,19,35
8600000,1538,Gachibowli,3,0,0,0,0,0,0,0,0,0,0,0,0,0,0,0,0,0,0,0,0,0,0,0,0,0,0,0,0,0,0,0,0,0,0,0,0,8600000,1538,3,5591.677503250975,Gachibowli,3 BHK,1500-2500 sqft,Valid,Hyderabad,Not available in source data,0,35
8070000,1115,Miyapur,2,0,0,1,1,1,0,1,1,0,1,1,0,1,0,0,1,0,0,0,0,0,0,0,0,0,1,1,0,0,0,0,0,0,0,0,0,8070000,1115,2,7237.668161434977,Miyapur,2 BHK,1000-1500 sqft,Valid,Hyderabad,Not available in source data,11,35
9000000,1568,Darga Khaliz Khan,3,0,0,1,1,0,0,0,0,0,1,1,0,1,0,0,1,0,0,0,0,0,0,0,0,0,1,1,0,0,0,0,0,0,0,0,0,9000000,1568,3,5739.7959183673465,Darga Khaliz Khan,3 BHK,1500-2500 sqft,Valid,Hyderabad,Not available in source data,8,35
9000000,1568,Appa Junction,3,0,0,1,1,0,0,0,0,0,1,1,0,1,0,0,1,0,0,0,0,0,0,0,0,0,1,1,0,0,0,0,0,0,0,0,0,9000000,1568,3,5739.7959183673465,Appa Junction,3 BHK,1500-2500 sqft,Valid,Hyderabad,Not available in source data,8,35
10100000,1794,Appa Junction,3,0,0,1,1,0,0,0,0,0,1,1,0,1,0,0,1,0,0,0,0,0,0,0,0,0,1,1,0,0,0,0,0,0,0,0,0,10100000,1794,3,5629.877369007804,Appa Junction,3 BHK,1500-2500 sqft,Valid,Hyderabad,Not available in source data,8,35
7800000,1530,Manikonda,2,1,0,0,0,0,0,0,0,0,0,0,0,0,0,0,0,0,0,0,0,0,0,0,1,0,0,1,1,0,1,0,1,1,1,0,1,7800000,1530,2,5098.0392156862745,Manikonda,2 BHK,1500-2500 sqft,Valid,Hyderabad,Not available in source data,8,35
14600000,1953,Gachibowli,2,0,0,1,1,1,1,1,0,0,1,1,0,1,0,1,1,1,0,0,1,0,0,1,1,0,1,1,0,1,0,1,1,1,1,0,1,14600000,1953,2,7475.678443420379,Gachibowli,2 BHK,1500-2500 sqft,Valid,Hyderabad,Not available in source data,22,35
26000000,3434,Gachibowli,4,0,0,1,1,1,1,1,0,0,1,1,0,1,0,1,1,1,0,0,1,0,0,1,1,0,1,1,1,1,0,1,1,1,1,0,1,26000000,3434,4,7571.3453698311005,Gachibowli,4 BHK,2500+ sqft,Valid,Hyderabad,Not available in source data,23,35
9800000,1580,Puppalaguda,3,1,0,1,1,0,0,0,0,0,1,1,0,1,0,0,1,0,0,0,0,0,0,0,1,0,1,1,1,0,0,0,1,1,1,0,0,9800000,1580,3,6202.53164556962,Puppalaguda,3 BHK,1500-2500 sqft,Valid,Hyderabad,Not available in source data,13,35
10600000,1815,Kondapur,3,0,0,1,1,0,0,0,0,0,1,0,0,1,0,0,1,0,0,0,0,0,0,0,0,0,1,1,0,0,0,0,0,0,0,0,0,10600000,1815,3,5840.220385674931,Kondapur,3 BHK,1500-2500 sqft,Valid,Hyderabad,Not available in source data,7,35
9906000,1905,Aminpur,3,0,0,1,1,0,0,0,0,0,1,1,0,1,0,0,1,0,0,0,0,0,0,0,0,0,1,1,0,0,0,0,0,0,0,0,0,9906000,1905,3,5200.0,Aminpur,3 BHK,1500-2500 sqft,Valid,Hyderabad,Not available in source data,8,35
10900000,1695,Moosapet,2,0,0,0,0,0,0,0,0,0,1,0,0,0,0,0,1,0,0,0,0,0,0,0,0,0,0,1,0,0,0,0,0,0,0,0,0,10900000,1695,2,6430.678466076696,Moosapet,2 BHK,1500-2500 sqft,Valid,Hyderabad,Not available in source data,3,35
7098999,1090,Moosapet,1,0,0,0,0,0,0,0,0,0,1,0,0,0,0,0,1,0,0,0,0,0,0,0,0,0,0,1,0,0,0,0,0,0,0,0,0,7098999,1090,1,6512.843119266055,Moosapet,1 BHK,1000-1500 sqft,Valid,Hyderabad,Not available in source data,3,35
5909000,1555,Gajularamaram,2,0,0,1,0,0,0,0,0,0,0,0,0,0,0,0,1,0,0,0,0,0,0,0,0,0,0,1,0,0,0,0,0,0,0,0,0,5909000,1555,2,3800.0,Gajularamaram,2 BHK,1500-2500 sqft,Valid,Hyderabad,Not available in source data,3,35
7843000,1265,Aminpur,2,0,0,1,1,0,0,0,0,0,1,1,0,1,0,0,1,0,0,0,0,0,0,0,0,0,1,1,0,0,0,0,0,0,0,0,0,7843000,1265,2,6200.0,Aminpur,2 BHK,1000-1500 sqft,Valid,Hyderabad,Not available in source data,8,35
7581999,1115,Miyapur,2,0,0,1,1,1,0,1,1,0,1,1,0,1,0,0,1,0,0,0,0,0,0,0,0,0,1,1,0,0,0,0,0,0,0,0,0,7581999,1115,2,6799.999103139014,Miyapur,2 BHK,1000-1500 sqft,Valid,Hyderabad,Not available in source data,11,35
6600000,1555,Gajularamaram,3,0,0,0,1,0,0,0,0,0,0,0,0,0,0,0,1,0,0,0,0,0,0,0,0,0,0,1,0,0,0,0,0,0,0,0,0,6600000,1555,3,4244.372990353698,Gajularamaram,3 BHK,1500-2500 sqft,Valid,Hyderabad,Not available in source data,3,35
9000000,1390,Appa Junction,2,0,0,1,1,0,0,0,0,0,1,1,0,1,0,0,1,0,0,0,0,0,0,0,0,0,1,1,0,0,0,0,0,0,0,0,0,9000000,1390,2,6474.820143884892,Appa Junction,2 BHK,1000-1500 sqft,Valid,Hyderabad,Not available in source data,8,35
10100000,1799,Appa Junction,3,0,0,1,1,0,0,0,0,0,1,1,0,1,0,0,1,0,0,0,0,0,0,0,0,0,1,1,0,0,0,0,0,0,0,0,0,10100000,1799,3,5614.230127848805,Appa Junction,3 BHK,1500-2500 sqft,Valid,Hyderabad,Not available in source data,8,35
9298000,1638,Appa Junction,3,0,0,1,1,0,0,0,0,0,1,1,0,1,0,0,1,0,0,0,0,0,0,0,0,0,1,1,0,0,0,0,0,0,0,0,0,9298000,1638,3,5676.4346764346765,Appa Junction,3 BHK,1500-2500 sqft,Valid,Hyderabad,Not available in source data,8,35
9300000,1638,Appa Junction,3,0,0,1,1,0,0,0,0,0,1,1,0,1,0,0,1,0,0,0,0,0,0,0,0,0,1,1,0,0,0,0,0,0,0,0,0,9300000,1638,3,5677.655677655677,Appa Junction,3 BHK,1500-2500 sqft,Valid,Hyderabad,Not available in source data,8,35
9300000,1638,Darga Khaliz Khan,3,0,0,1,1,0,0,0,0,0,1,1,0,1,0,0,1,0,0,0,0,0,0,0,0,0,1,1,0,0,0,0,0,0,0,0,0,9300000,1638,3,5677.655677655677,Darga Khaliz Khan,3 BHK,1500-2500 sqft,Valid,Hyderabad,Not available in source data,8,35
3850000,1200,Chintalmet,2,1,0,0,0,0,0,0,0,0,0,0,0,0,0,0,0,0,0,0,0,0,0,0,0,0,0,0,0,0,0,0,0,0,0,0,0,3850000,1200,2,3208.3333333333335,Chintalmet,2 BHK,1000-1500 sqft,Valid,Hyderabad,Not available in source data,0,35
3200000,1200,Attapur,3,1,0,0,0,0,0,0,0,0,0,0,0,0,0,0,0,0,0,0,0,0,0,0,0,0,0,0,0,0,0,0,0,0,0,0,0,3200000,1200,3,2666.6666666666665,Attapur,3 BHK,1000-1500 sqft,Valid,Hyderabad,Not available in source data,0,35
8000000,1282,Appa Junction,2,0,0,1,1,0,0,0,0,0,1,1,0,1,0,0,1,0,0,0,0,0,0,0,0,0,1,1,0,0,0,0,0,0,0,0,0,8000000,1282,2,6240.249609984399,Appa Junction,2 BHK,1000-1500 sqft,Valid,Hyderabad,Not available in source data,8,35
8000000,1282,Appa Junction,2,0,0,0,0,0,0,0,0,0,0,0,0,0,0,0,0,0,0,0,0,0,0,0,0,0,0,0,0,0,0,0,0,0,0,0,0,8000000,1282,2,6240.249609984399,Appa Junction,2 BHK,1000-1500 sqft,Valid,Hyderabad,Not available in source data,0,35
7100000,1214,Appa Junction,2,0,0,1,1,0,0,0,0,0,1,1,0,1,0,0,1,0,0,0,0,0,0,0,0,0,1,1,0,0,0,0,0,0,0,0,0,7100000,1214,2,5848.434925864909,Appa Junction,2 BHK,1000-1500 sqft,Valid,Hyderabad,Not available in source data,8,35
8000000,1392,Darga Khaliz Khan,2,0,0,1,1,0,0,0,0,0,1,1,0,1,0,0,1,0,0,0,0,0,0,0,0,0,1,1,0,0,0,0,0,0,0,0,0,8000000,1392,2,5747.126436781609,Darga Khaliz Khan,2 BHK,1000-1500 sqft,Valid,Hyderabad,Not available in source data,8,35
8000000,1392,Appa Junction,2,0,0,1,1,0,0,0,0,0,1,1,0,1,0,0,1,0,0,0,0,0,0,0,0,0,1,1,0,0,0,0,0,0,0,0,0,8000000,1392,2,5747.126436781609,Appa Junction,2 BHK,1000-1500 sqft,Valid,Hyderabad,Not available in source data,8,35
7998999,1282,Darga Khaliz Khan,2,0,0,1,1,0,0,0,0,0,1,1,0,1,0,0,1,0,0,0,0,0,0,0,0,0,1,1,0,0,0,0,0,0,0,0,0,7998999,1282,2,6239.46879875195,Darga Khaliz Khan,2 BHK,1000-1500 sqft,Valid,Hyderabad,Not available in source data,8,35
5800000,1020,Saroornagar,2,1,0,0,0,0,0,0,0,0,0,0,0,0,0,0,1,0,0,0,0,0,0,0,0,0,0,1,0,0,0,0,0,0,0,0,0,5800000,1020,2,5686.274509803921,Saroornagar,2 BHK,1000-1500 sqft,Valid,Hyderabad,Not available in source data,2,35
4800000,905,LB Nagar,2,0,0,0,0,0,0,0,0,0,0,0,0,0,0,0,0,0,0,0,0,0,0,0,0,0,0,1,0,0,0,0,0,0,0,0,0,4800000,905,2,5303.867403314917,LB Nagar,2 BHK,500-1000 sqft,Valid,Hyderabad,Not available in source data,1,35
12600000,1925,Miyapur,3,0,0,1,1,1,0,1,1,0,1,1,0,1,0,0,1,0,0,0,0,0,0,0,0,0,1,1,0,0,0,0,0,0,0,0,0,12600000,1925,3,6545.454545454545,Miyapur,3 BHK,1500-2500 sqft,Valid,Hyderabad,Not available in source data,11,35
12600000,1925,Miyapur,3,0,0,1,1,1,0,1,1,0,1,0,0,0,0,0,0,0,0,0,0,0,0,0,0,0,1,0,0,0,0,0,0,0,0,0,0,12600000,1925,3,6545.454545454545,Miyapur,3 BHK,1500-2500 sqft,Valid,Hyderabad,Not available in source data,7,35
6300000,1465,Gajularamaram,3,0,0,1,1,0,0,0,0,0,0,0,0,0,0,0,1,0,0,0,0,0,0,0,0,0,0,1,0,0,0,0,0,0,0,0,0,6300000,1465,3,4300.341296928327,Gajularamaram,3 BHK,1000-1500 sqft,Valid,Hyderabad,Not available in source data,4,35
4500000,1050,Gajularamaram,2,0,0,0,0,0,0,0,0,0,0,0,0,0,0,0,1,0,0,0,0,0,0,0,0,0,0,1,0,0,0,0,0,0,0,0,0,4500000,1050,2,4285.714285714285,Gajularamaram,2 BHK,1000-1500 sqft,Valid,Hyderabad,Not available in source data,2,35
9400000,1430,Appa Junction,2,0,0,1,1,0,0,0,0,0,1,1,0,1,0,0,1,0,0,0,0,0,0,0,0,0,1,1,0,0,0,0,0,0,0,0,0,9400000,1430,2,6573.426573426574,Appa Junction,2 BHK,1000-1500 sqft,Valid,Hyderabad,Not available in source data,8,35
9400000,1430,Appa Junction,2,0,0,0,0,0,0,0,0,0,0,0,0,0,0,0,0,0,0,0,0,0,0,0,0,0,0,0,0,0,0,0,0,0,0,0,0,9400000,1430,2,6573.426573426574,Appa Junction,2 BHK,1000-1500 sqft,Valid,Hyderabad,Not available in source data,0,35
8798000,1385,Appa Junction,2,0,0,1,1,0,0,0,0,0,1,1,0,1,0,0,1,0,0,0,0,0,0,0,0,0,1,1,0,0,0,0,0,0,0,0,0,8798000,1385,2,6352.3465703971115,Appa Junction,2 BHK,1000-1500 sqft,Valid,Hyderabad,Not available in source data,8,35
6000000,1100,Manikonda,2,1,0,0,0,0,0,0,0,0,0,0,0,0,0,0,0,0,0,0,0,0,0,0,0,0,0,0,0,0,0,0,0,0,0,0,0,6000000,1100,2,5454.545454545455,Manikonda,2 BHK,1000-1500 sqft,Valid,Hyderabad,Not available in source data,0,35
21700000,3266,East Marredpally,3,0,0,0,0,0,0,0,0,0,0,0,0,0,0,0,1,0,0,0,0,0,0,0,0,0,0,1,0,0,0,0,0,0,0,0,0,21700000,3266,3,6644.213104715248,East Marredpally,3 BHK,2500+ sqft,Valid,Hyderabad,Not available in source data,2,35
5200000,1200,Manikonda,2,1,0,0,0,0,0,0,0,0,0,0,0,0,0,0,0,0,0,0,0,0,0,0,0,0,0,0,0,0,0,0,0,0,0,0,0,5200000,1200,2,4333.333333333333,Manikonda,2 BHK,1000-1500 sqft,Valid,Hyderabad,Not available in source data,0,35
4900000,1620,Bollaram,3,0,0,0,0,0,0,0,0,0,0,0,0,0,0,0,1,0,0,0,0,0,0,0,0,0,0,1,0,0,0,0,0,0,0,0,0,4900000,1620,3,3024.6913580246915,Bollaram,3 BHK,1500-2500 sqft,Valid,Hyderabad,Not available in source data,2,35
3315000,1100,Mallampet,1,0,0,0,0,0,0,0,0,0,0,0,0,0,0,0,1,0,0,0,0,0,0,0,0,0,0,1,0,0,0,0,0,0,0,0,0,3315000,1100,1,3013.6363636363635,Mallampet,1 BHK,1000-1500 sqft,Valid,Hyderabad,Not available in source data,2,35
4600000,1050,Gajularamaram,2,0,0,0,0,0,0,0,0,0,0,0,0,0,0,0,0,0,0,0,0,0,0,0,0,0,0,0,0,0,0,0,0,0,0,0,0,4600000,1050,2,4380.952380952381,Gajularamaram,2 BHK,1000-1500 sqft,Valid,Hyderabad,Not available in source data,0,35
6600000,1380,Manikonda,3,0,0,0,0,0,0,0,0,0,0,0,0,0,0,0,0,0,0,0,0,0,0,0,0,0,0,0,0,0,0,0,0,0,0,0,0,6600000,1380,3,4782.608695652174,Manikonda,3 BHK,1000-1500 sqft,Valid,Hyderabad,Not available in source data,0,35
11000000,1510,Begumpet,3,0,0,1,0,0,0,0,0,0,0,0,0,1,0,0,1,0,0,0,0,0,0,0,0,0,1,1,0,0,0,0,0,0,0,0,0,11000000,1510,3,7284.76821192053,Begumpet,3 BHK,1500-2500 sqft,Valid,Hyderabad,Not available in source data,5,35
9581000,1652,Kukatpally,3,0,0,1,1,1,1,1,1,0,0,0,0,1,0,1,1,1,1,1,1,0,0,0,0,0,1,1,0,1,0,0,0,0,0,0,0,9581000,1652,3,5799.636803874092,Kukatpally,3 BHK,1500-2500 sqft,Valid,Hyderabad,Not available in source data,16,35
26100000,3147,Hitech City,4,0,0,1,1,1,1,1,1,0,1,0,1,1,0,1,1,1,1,0,1,0,0,0,0,0,1,1,0,1,0,0,0,0,0,0,0,26100000,3147,4,8293.612964728312,Hitech City,4 BHK,2500+ sqft,Valid,Hyderabad,Not available in source data,17,35
25600000,3090,Hitech City,4,0,0,1,1,1,1,1,1,0,1,0,1,1,0,1,1,1,1,0,1,0,0,0,0,0,1,1,0,1,0,0,0,0,0,0,0,25600000,3090,4,8284.789644012944,Hitech City,4 BHK,2500+ sqft,Valid,Hyderabad,Not available in source data,17,35
25200000,3044,Hitech City,4,0,0,1,1,1,1,1,1,0,1,0,1,1,0,1,1,1,1,0,1,0,0,0,0,0,1,1,0,1,0,0,0,0,0,0,0,25200000,3044,4,8278.580814717478,Hitech City,4 BHK,2500+ sqft,Valid,Hyderabad,Not available in source data,17,35
17000000,2051,Hitech City,3,0,0,1,1,1,1,1,1,0,1,0,1,1,0,1,1,1,1,0,1,0,0,0,0,0,1,1,0,1,0,0,0,0,0,0,0,17000000,2051,3,8288.639687957095,Hitech City,3 BHK,1500-2500 sqft,Valid,Hyderabad,Not available in source data,17,35
25700000,3101,Hitech City,4,0,0,1,1,1,1,1,1,0,1,0,1,1,0,1,1,1,1,0,1,0,0,0,0,0,1,1,0,1,0,0,0,0,0,0,0,25700000,3101,4,8287.649145436955,Hitech City,4 BHK,2500+ sqft,Valid,Hyderabad,Not available in source data,17,35
25299999,3049,Hitech City,4,0,0,1,1,1,1,1,1,0,1,0,1,1,0,1,1,1,1,0,1,0,0,0,0,0,1,1,0,1,0,0,0,0,0,0,0,25299999,3049,4,8297.802230239422,Hitech City,4 BHK,2500+ sqft,Valid,Hyderabad,Not available in source data,17,35
14400000,1738,Hitech City,3,0,0,1,1,1,1,1,1,0,1,0,1,1,0,1,1,1,1,0,1,0,0,0,0,0,1,1,0,1,0,0,0,0,0,0,0,14400000,1738,3,8285.385500575374,Hitech City,3 BHK,1500-2500 sqft,Valid,Hyderabad,Not available in source data,17,35
11200000,1355,Hitech City,2,0,0,1,1,1,1,1,1,0,1,0,1,1,0,1,1,1,1,0,1,0,0,0,0,0,1,1,0,1,0,0,0,0,0,0,0,11200000,1355,2,8265.682656826568,Hitech City,2 BHK,1000-1500 sqft,Valid,Hyderabad,Not available in source data,17,35
11000000,1334,Hitech City,2,0,0,1,1,1,1,1,1,0,1,0,1,1,0,1,1,1,1,0,1,0,0,0,0,0,1,1,0,1,0,0,0,0,0,0,0,11000000,1334,2,8245.877061469266,Hitech City,2 BHK,1000-1500 sqft,Valid,Hyderabad,Not available in source data,17,35
11100000,1346,Hitech City,2,0,0,1,1,1,1,1,1,0,1,0,1,1,0,1,1,1,1,0,1,0,0,0,0,0,1,1,0,1,0,0,0,0,0,0,0,11100000,1346,2,8246.65676077266,Hitech City,2 BHK,1000-1500 sqft,Valid,Hyderabad,Not available in source data,17,35
11000000,1327,Hitech City,2,0,0,1,1,1,1,1,1,0,1,0,1,1,0,1,1,1,1,0,1,0,0,0,0,0,1,1,0,1,0,0,0,0,0,0,0,11000000,1327,2,8289.37452901281,Hitech City,2 BHK,1000-1500 sqft,Valid,Hyderabad,Not available in source data,17,35
9942000,1473,Kondapur,2,0,0,1,1,0,0,1,0,0,1,0,0,1,0,1,1,1,0,0,1,0,0,0,0,0,1,1,0,1,0,0,0,0,0,0,0,9942000,1473,2,6749.4908350305495,Kondapur,2 BHK,1000-1500 sqft,Valid,Hyderabad,Not available in source data,12,35
17500000,2607,Kondapur,3,0,0,1,1,0,0,1,0,0,1,0,0,1,0,1,1,1,0,0,1,0,0,0,0,0,1,1,0,1,0,0,0,0,0,0,0,17500000,2607,3,6712.696586114308,Kondapur,3 BHK,2500+ sqft,Valid,Hyderabad,Not available in source data,12,35
18900000,2800,Kondapur,3,0,0,1,1,0,0,1,0,0,1,0,0,1,0,1,1,1,0,0,1,0,0,0,0,0,1,1,0,1,0,0,0,0,0,0,0,18900000,2800,3,6750.0,Kondapur,3 BHK,2500+ sqft,Valid,Hyderabad,Not available in source data,12,35
14700000,2192,Kondapur,3,0,0,1,1,0,0,1,0,0,1,0,0,1,0,1,1,1,0,0,1,0,0,0,0,0,1,1,0,1,0,0,0,0,0,0,0,14700000,2192,3,6706.204379562044,Kondapur,3 BHK,1500-2500 sqft,Valid,Hyderabad,Not available in source data,12,35
19000000,2815,Kondapur,3,0,0,1,1,0,0,1,0,0,1,0,0,1,0,1,1,1,0,0,1,0,0,0,0,0,1,1,0,1,0,0,0,0,0,0,0,19000000,2815,3,6749.55595026643,Kondapur,3 BHK,2500+ sqft,Valid,Hyderabad,Not available in source data,12,35
16500000,2452,Kondapur,3,0,0,1,1,0,0,1,0,0,1,0,0,1,0,1,1,1,0,0,1,0,0,0,0,0,1,1,0,1,0,0,0,0,0,0,0,16500000,2452,3,6729.200652528548,Kondapur,3 BHK,1500-2500 sqft,Valid,Hyderabad,Not available in source data,12,35
14700000,2191,Kondapur,3,0,0,1,1,0,0,1,0,0,1,0,0,1,0,1,1,1,0,0,1,0,0,0,0,0,1,1,0,1,0,0,0,0,0,0,0,14700000,2191,3,6709.26517571885,Kondapur,3 BHK,1500-2500 sqft,Valid,Hyderabad,Not available in source data,12,35
18900000,2813,Kondapur,3,0,0,1,1,0,0,1,0,0,1,0,0,1,0,1,1,1,0,0,1,0,0,0,0,0,1,1,0,1,0,0,0,0,0,0,0,18900000,2813,3,6718.805545680768,Kondapur,3 BHK,2500+ sqft,Valid,Hyderabad,Not available in source data,12,35
8707000,1290,Kondapur,2,0,0,1,1,0,0,1,0,0,1,0,0,1,0,1,1,1,0,0,1,0,0,0,0,0,1,1,0,1,0,0,0,0,0,0,0,8707000,1290,2,6749.612403100775,Kondapur,2 BHK,1000-1500 sqft,Valid,Hyderabad,Not available in source data,12,35
8775000,1300,Kondapur,2,0,0,1,1,0,0,1,0,0,1,0,0,1,0,1,1,1,0,0,1,0,0,0,0,0,1,1,0,1,0,0,0,0,0,0,0,8775000,1300,2,6750.0,Kondapur,2 BHK,1000-1500 sqft,Valid,Hyderabad,Not available in source data,12,35
9234000,1368,Kondapur,2,0,0,1,1,0,0,1,0,0,1,0,0,1,0,1,1,1,0,0,1,0,0,0,0,0,1,1,0,1,0,0,0,0,0,0,0,9234000,1368,2,6750.0,Kondapur,2 BHK,1000-1500 sqft,Valid,Hyderabad,Not available in source data,12,35
8000000,1550,Hitex Road,3,0,0,0,0,0,0,1,0,1,1,0,1,0,1,0,1,1,0,0,0,1,0,0,0,0,0,1,0,0,0,0,0,0,0,0,0,8000000,1550,3,5161.290322580645,Hitex Road,3 BHK,1500-2500 sqft,Valid,Hyderabad,Not available in source data,9,35
6509999,1550,Manikonda,3,0,0,0,0,0,0,0,0,0,0,0,0,0,0,0,0,0,0,0,0,0,0,0,0,0,0,0,0,0,0,0,0,0,0,0,0,6509999,1550,3,4199.999354838709,Manikonda,3 BHK,1500-2500 sqft,Valid,Hyderabad,Not available in source data,0,35
23000000,2049,Hitech City,4,0,0,1,1,1,1,1,1,0,1,0,1,1,0,1,1,1,1,0,1,0,0,0,0,0,1,1,0,1,0,0,0,0,0,0,0,23000000,2049,4,11224.987798926306,Hitech City,4 BHK,1500-2500 sqft,Valid,Hyderabad,Not available in source data,17,35
29000000,3494,Hitech City,4,0,0,1,1,1,1,1,1,0,1,0,1,1,0,1,1,1,1,0,1,0,0,0,0,0,1,1,0,1,0,0,0,0,0,0,0,29000000,3494,4,8299.942759015456,Hitech City,4 BHK,2500+ sqft,Valid,Hyderabad,Not available in source data,17,35
11000000,1336,Hitech City,2,0,0,1,1,1,1,1,1,0,1,0,1,1,0,1,1,1,1,0,1,0,0,0,0,0,1,1,0,1,0,0,0,0,0,0,0,11000000,1336,2,8233.532934131737,Hitech City,2 BHK,1000-1500 sqft,Valid,Hyderabad,Not available in source data,17,35
12400000,1850,Kondapur,3,0,0,1,1,0,0,1,0,0,1,0,0,1,0,1,1,1,0,0,1,0,0,0,0,0,1,1,0,1,0,0,0,0,0,0,0,12400000,1850,3,6702.7027027027025,Kondapur,3 BHK,1500-2500 sqft,Valid,Hyderabad,Not available in source data,12,35
10100000,1500,Kondapur,2,0,0,1,1,0,0,1,0,0,1,0,0,1,0,1,1,1,0,0,1,0,0,0,0,0,1,1,0,1,0,0,0,0,0,0,0,10100000,1500,2,6733.333333333333,Kondapur,2 BHK,1500-2500 sqft,Valid,Hyderabad,Not available in source data,12,35
7500000,1620,Puppalaguda,3,0,0,0,0,0,0,0,0,0,0,0,0,0,0,0,0,0,0,0,0,0,0,0,0,0,0,0,0,0,0,0,0,0,0,0,0,7500000,1620,3,4629.62962962963,Puppalaguda,3 BHK,1500-2500 sqft,Valid,Hyderabad,Not available in source data,0,35
6200000,1200,Begumpet,2,1,0,0,0,0,0,0,0,0,0,0,0,0,0,0,0,1,0,0,0,0,0,0,0,0,0,0,0,0,0,0,0,0,0,0,0,6200000,1200,2,5166.666666666667,Begumpet,2 BHK,1000-1500 sqft,Valid,Hyderabad,Not available in source data,1,35
17500000,2700,Banjara Hills,3,1,0,0,0,0,0,0,0,0,0,0,0,0,0,0,0,0,0,0,0,0,0,0,0,0,0,0,0,0,0,0,0,0,0,0,0,17500000,2700,3,6481.481481481482,Banjara Hills,3 BHK,2500+ sqft,Valid,Hyderabad,Not available in source data,0,35
29000000,3600,Kondapur,4,1,0,1,1,0,0,0,0,0,1,1,0,1,0,0,1,0,0,0,0,0,1,1,1,0,1,1,1,0,1,0,1,1,1,0,1,29000000,3600,4,8055.555555555556,Kondapur,4 BHK,2500+ sqft,Valid,Hyderabad,Not available in source data,17,35
8700000,1530,Kondapur,3,0,0,0,0,0,0,0,0,0,1,0,0,0,0,0,1,0,0,0,0,0,0,0,0,0,0,1,0,0,0,0,0,0,0,0,0,8700000,1530,3,5686.274509803921,Kondapur,3 BHK,1500-2500 sqft,Valid,Hyderabad,Not available in source data,3,35
6956999,1265,Sanath Nagar,2,0,0,1,1,1,1,0,1,1,1,1,1,1,0,0,1,1,0,1,0,0,0,0,0,0,0,1,0,1,0,0,0,0,0,0,0,6956999,1265,2,5499.60395256917,Sanath Nagar,2 BHK,1000-1500 sqft,Valid,Hyderabad,Not available in source data,15,35
6676000,1260,Nallagandla Gachibowli,2,0,0,1,1,1,1,1,1,1,1,1,1,1,0,1,1,1,0,0,1,0,0,0,0,0,1,1,0,1,0,0,0,0,0,0,0,6676000,1260,2,5298.412698412699,Nallagandla Gachibowli,2 BHK,1000-1500 sqft,Valid,Hyderabad,Not available in source data,18,35
9066000,1695,Nallagandla Gachibowli,3,0,0,1,1,1,1,1,1,1,1,1,1,1,0,1,1,1,0,0,1,0,0,0,0,0,1,1,0,1,0,0,0,0,0,0,0,9066000,1695,3,5348.672566371682,Nallagandla Gachibowli,3 BHK,1500-2500 sqft,Valid,Hyderabad,Not available in source data,18,35
9949000,1860,Nallagandla Gachibowli,3,0,0,1,1,1,1,1,1,1,1,1,1,1,0,1,1,1,0,0,1,0,0,0,0,0,1,1,0,1,0,0,0,0,0,0,0,9949000,1860,3,5348.924731182796,Nallagandla Gachibowli,3 BHK,1500-2500 sqft,Valid,Hyderabad,Not available in source data,18,35
7600000,1520,Balanagar,3,0,0,1,1,1,1,0,0,0,1,0,0,1,0,1,1,1,0,0,1,0,0,0,0,0,1,1,0,1,0,0,0,0,0,0,0,7600000,1520,3,5000.0,Balanagar,3 BHK,1500-2500 sqft,Valid,Hyderabad,Not available in source data,13,35
8275000,1655,Balanagar,3,0,0,1,1,1,1,0,0,0,1,0,0,1,0,1,1,1,0,0,1,0,0,0,0,0,1,1,0,1,0,0,0,0,0,0,0,8275000,1655,3,5000.0,Balanagar,3 BHK,1500-2500 sqft,Valid,Hyderabad,Not available in source data,13,35
8325000,1665,Balanagar,3,0,0,1,1,1,1,0,0,0,1,0,0,1,0,1,1,1,0,0,1,0,0,0,0,0,1,1,0,1,0,0,0,0,0,0,0,8325000,1665,3,5000.0,Balanagar,3 BHK,1500-2500 sqft,Valid,Hyderabad,Not available in source data,13,35
9126000,1755,Balanagar,3,0,0,1,1,1,1,0,0,0,1,0,0,1,0,1,1,1,0,0,1,0,0,0,0,0,1,1,0,1,0,0,0,0,0,0,0,9126000,1755,3,5200.0,Balanagar,3 BHK,1500-2500 sqft,Valid,Hyderabad,Not available in source data,13,35
8825000,1765,Balanagar,3,0,0,1,1,1,1,0,0,0,1,0,0,1,0,1,1,1,0,0,1,0,0,0,0,0,1,1,0,1,0,0,0,0,0,0,0,8825000,1765,3,5000.0,Balanagar,3 BHK,1500-2500 sqft,Valid,Hyderabad,Not available in source data,13,35
10000000,1940,Balanagar,3,0,0,1,1,1,1,0,0,0,1,0,0,1,0,1,1,1,0,0,1,0,0,0,0,0,1,1,0,1,0,0,0,0,0,0,0,10000000,1940,3,5154.639175257732,Balanagar,3 BHK,1500-2500 sqft,Valid,Hyderabad,Not available in source data,13,35
7243000,1260,Nallagandla Gachibowli,2,0,0,1,1,1,1,1,1,1,1,1,1,1,0,1,1,1,0,0,1,0,0,0,0,0,1,1,0,1,0,0,0,0,0,0,0,7243000,1260,2,5748.412698412699,Nallagandla Gachibowli,2 BHK,1000-1500 sqft,Valid,Hyderabad,Not available in source data,18,35
11000000,1695,Nallagandla Gachibowli,3,0,0,1,1,1,1,1,1,1,1,1,1,1,0,1,1,1,0,0,1,0,0,0,0,0,1,1,0,1,0,0,0,0,0,0,0,11000000,1695,3,6489.675516224189,Nallagandla Gachibowli,3 BHK,1500-2500 sqft,Valid,Hyderabad,Not available in source data,18,35
10600000,1860,Nallagandla Gachibowli,3,0,0,1,1,1,1,1,1,1,1,1,1,1,0,1,1,1,0,0,1,0,0,0,0,0,1,1,0,1,0,0,0,0,0,0,0,10600000,1860,3,5698.924731182796,Nallagandla Gachibowli,3 BHK,1500-2500 sqft,Valid,Hyderabad,Not available in source data,18,35
5514000,1313,Manikonda,2,0,0,0,0,0,0,0,0,0,0,0,0,0,0,0,0,0,0,0,0,0,0,0,0,0,0,0,0,0,0,0,0,0,0,0,0,5514000,1313,2,4199.5430312262,Manikonda,2 BHK,1000-1500 sqft,Valid,Hyderabad,Not available in source data,0,35
5275000,1256,Manikonda,2,0,0,0,0,0,0,0,0,0,0,0,0,0,0,0,0,0,0,0,0,0,0,0,0,0,0,0,0,0,0,0,0,0,0,0,0,5275000,1256,2,4199.84076433121,Manikonda,2 BHK,1000-1500 sqft,Valid,Hyderabad,Not available in source data,0,35
4830000,1150,Manikonda,2,0,0,0,0,0,0,0,0,0,0,0,0,0,0,0,0,0,0,0,0,0,0,0,0,0,0,0,0,0,0,0,0,0,0,0,0,4830000,1150,2,4200.0,Manikonda,2 BHK,1000-1500 sqft,Valid,Hyderabad,Not available in source data,0,35
12000000,1495,Sanath Nagar,3,0,0,1,1,1,1,0,1,1,1,1,1,1,0,0,1,1,0,1,0,0,0,0,0,0,0,1,0,1,0,0,0,0,0,0,0,12000000,1495,3,8026.755852842809,Sanath Nagar,3 BHK,1000-1500 sqft,Valid,Hyderabad,Not available in source data,15,35
12000000,1500,Sanath Nagar,3,0,0,1,1,1,1,0,1,1,1,1,1,1,0,0,1,1,0,1,0,0,0,0,0,0,0,1,0,1,0,0,0,0,0,0,0,12000000,1500,3,8000.0,Sanath Nagar,3 BHK,1500-2500 sqft,Valid,Hyderabad,Not available in source data,15,35
13500000,1685,Sanath Nagar,3,0,0,1,1,1,1,0,1,1,1,1,1,1,0,0,1,1,0,1,0,0,0,0,0,0,0,1,0,1,0,0,0,0,0,0,0,13500000,1685,3,8011.86943620178,Sanath Nagar,3 BHK,1500-2500 sqft,Valid,Hyderabad,Not available in source data,15,35
10400000,1895,Sanath Nagar,3,0,0,1,1,1,1,0,1,1,1,1,1,1,0,0,1,1,0,1,0,0,0,0,0,0,0,1,0,1,0,0,0,0,0,0,0,10400000,1895,3,5488.126649076517,Sanath Nagar,3 BHK,1500-2500 sqft,Valid,Hyderabad,Not available in source data,15,35
14200000,1780,Sanath Nagar,3,0,0,1,1,1,1,0,1,1,1,1,1,1,0,0,1,1,0,1,0,0,0,0,0,0,0,1,0,1,0,0,0,0,0,0,0,14200000,1780,3,7977.528089887641,Sanath Nagar,3 BHK,1500-2500 sqft,Valid,Hyderabad,Not available in source data,15,35
14300000,1785,Sanath Nagar,3,0,0,1,1,1,1,0,1,1,1,1,1,1,0,0,1,1,0,1,0,0,0,0,0,0,0,1,0,1,0,0,0,0,0,0,0,14300000,1785,3,8011.204481792717,Sanath Nagar,3 BHK,1500-2500 sqft,Valid,Hyderabad,Not available in source data,15,35
6323000,1265,Nallagandla Gachibowli,2,0,0,1,1,1,1,1,1,1,1,1,1,1,0,1,1,1,0,0,1,0,0,0,0,0,1,1,0,1,0,0,0,0,0,0,0,6323000,1265,2,4998.418972332016,Nallagandla Gachibowli,2 BHK,1000-1500 sqft,Valid,Hyderabad,Not available in source data,18,35
6348000,1270,Nallagandla Gachibowli,2,0,0,1,1,1,1,1,1,1,1,1,1,1,0,1,1,1,0,0,1,0,0,0,0,0,1,1,0,1,0,0,0,0,0,0,0,6348000,1270,2,4998.425196850394,Nallagandla Gachibowli,2 BHK,1000-1500 sqft,Valid,Hyderabad,Not available in source data,18,35
7553000,1511,Nallagandla Gachibowli,2,0,0,1,1,1,1,1,1,1,1,1,1,1,0,1,1,1,0,0,1,0,0,0,0,0,1,1,0,1,0,0,0,0,0,0,0,7553000,1511,2,4998.67637326274,Nallagandla Gachibowli,2 BHK,1500-2500 sqft,Valid,Hyderabad,Not available in source data,18,35
6348000,1270,Nallagandla Gachibowli,3,0,0,1,1,1,1,1,1,1,1,1,1,1,0,1,1,1,0,0,1,0,0,0,0,0,1,1,0,1,0,0,0,0,0,0,0,6348000,1270,3,4998.425196850394,Nallagandla Gachibowli,3 BHK,1000-1500 sqft,Valid,Hyderabad,Not available in source data,18,35
8323000,1665,Nallagandla Gachibowli,3,0,0,1,1,1,1,1,1,1,1,1,1,1,0,1,1,1,0,0,1,0,0,0,0,0,1,1,0,1,0,0,0,0,0,0,0,8323000,1665,3,4998.798798798799,Nallagandla Gachibowli,3 BHK,1500-2500 sqft,Valid,Hyderabad,Not available in source data,18,35
7272000,1265,Nallagandla Gachibowli,2,0,0,1,1,1,1,1,1,1,1,1,1,1,0,1,1,1,0,0,1,0,0,0,0,0,1,1,0,1,0,0,0,0,0,0,0,7272000,1265,2,5748.616600790514,Nallagandla Gachibowli,2 BHK,1000-1500 sqft,Valid,Hyderabad,Not available in source data,18,35
7150000,1430,Balanagar,3,0,0,1,1,1,1,0,0,0,1,0,0,1,0,1,1,1,0,0,1,0,0,0,0,0,1,1,0,1,0,0,0,0,0,0,0,7150000,1430,3,5000.0,Balanagar,3 BHK,1000-1500 sqft,Valid,Hyderabad,Not available in source data,13,35
8050000,1610,Balanagar,3,0,0,1,1,1,1,0,0,0,1,0,0,1,0,1,1,1,0,0,1,0,0,0,0,0,1,1,0,1,0,0,0,0,0,0,0,8050000,1610,3,5000.0,Balanagar,3 BHK,1500-2500 sqft,Valid,Hyderabad,Not available in source data,13,35
6600000,1320,Balanagar,3,0,0,1,1,1,1,0,0,0,1,0,0,1,0,1,1,1,0,0,1,0,0,0,0,0,1,1,0,1,0,0,0,0,0,0,0,6600000,1320,3,5000.0,Balanagar,3 BHK,1000-1500 sqft,Valid,Hyderabad,Not available in source data,13,35
7175000,1435,Balanagar,3,0,0,1,1,1,1,0,0,0,1,0,0,1,0,1,1,1,0,0,1,0,0,0,0,0,1,1,0,1,0,0,0,0,0,0,0,7175000,1435,3,5000.0,Balanagar,3 BHK,1000-1500 sqft,Valid,Hyderabad,Not available in source data,13,35
7550000,1510,Balanagar,3,0,0,1,1,1,1,0,0,0,1,0,0,1,0,1,1,1,0,0,1,0,0,0,0,0,1,1,0,1,0,0,0,0,0,0,0,7550000,1510,3,5000.0,Balanagar,3 BHK,1500-2500 sqft,Valid,Hyderabad,Not available in source data,13,35
7301000,1270,Nallagandla Gachibowli,2,0,0,1,1,1,1,1,1,1,1,1,1,1,0,1,1,1,0,0,1,0,0,0,0,0,1,1,0,1,0,0,0,0,0,0,0,7301000,1270,2,5748.818897637795,Nallagandla Gachibowli,2 BHK,1000-1500 sqft,Valid,Hyderabad,Not available in source data,18,35
8686000,1511,Nallagandla Gachibowli,2,0,0,1,1,1,1,1,1,1,1,1,1,1,0,1,1,1,0,0,1,0,0,0,0,0,1,1,0,1,0,0,0,0,0,0,0,8686000,1511,2,5748.510919920583,Nallagandla Gachibowli,2 BHK,1500-2500 sqft,Valid,Hyderabad,Not available in source data,18,35
7301000,1270,Nallagandla Gachibowli,3,0,0,1,1,1,1,1,1,1,1,1,1,1,0,1,1,1,0,0,1,0,0,0,0,0,1,1,0,1,0,0,0,0,0,0,0,7301000,1270,3,5748.818897637795,Nallagandla Gachibowli,3 BHK,1000-1500 sqft,Valid,Hyderabad,Not available in source data,18,35
9571000,1665,Nallagandla Gachibowli,3,0,0,1,1,1,1,1,1,1,1,1,1,1,0,1,1,1,0,0,1,0,0,0,0,0,1,1,0,1,0,0,0,0,0,0,0,9571000,1665,3,5748.348348348349,Nallagandla Gachibowli,3 BHK,1500-2500 sqft,Valid,Hyderabad,Not available in source data,18,35
5376000,1280,Manikonda,2,0,0,0,0,0,0,0,0,0,0,0,0,0,0,0,0,0,0,0,0,0,0,0,0,0,0,0,0,0,0,0,0,0,0,0,0,5376000,1280,2,4200.0,Manikonda,2 BHK,1000-1500 sqft,Valid,Hyderabad,Not available in source data,0,35
5367000,1278,Manikonda,2,0,0,0,0,0,0,0,0,0,0,0,0,0,0,0,0,0,0,0,0,0,0,0,0,0,0,0,0,0,0,0,0,0,0,0,0,5367000,1278,2,4199.530516431925,Manikonda,2 BHK,1000-1500 sqft,Valid,Hyderabad,Not available in source data,0,35
5166000,1230,Manikonda,2,0,0,0,0,0,0,0,0,0,0,0,0,0,0,0,0,0,0,0,0,0,0,0,0,0,0,0,0,0,0,0,0,0,0,0,0,5166000,1230,2,4200.0,Manikonda,2 BHK,1000-1500 sqft,Valid,Hyderabad,Not available in source data,0,35
6312000,1503,Manikonda,3,0,0,0,0,0,0,0,0,0,0,0,0,0,0,0,0,0,0,0,0,0,0,0,0,0,0,0,0,0,0,0,0,0,0,0,0,6312000,1503,3,4199.600798403194,Manikonda,3 BHK,1500-2500 sqft,Valid,Hyderabad,Not available in source data,0,35
6656999,1585,Manikonda,3,0,0,0,0,0,0,0,0,0,0,0,0,0,0,0,0,0,0,0,0,0,0,0,0,0,0,0,0,0,0,0,0,0,0,0,0,6656999,1585,3,4199.999369085173,Manikonda,3 BHK,1500-2500 sqft,Valid,Hyderabad,Not available in source data,0,35
4993000,1189,Manikonda,2,0,0,0,0,0,0,0,0,0,0,0,0,0,0,0,0,0,0,0,0,0,0,0,0,0,0,0,0,0,0,0,0,0,0,0,0,4993000,1189,2,4199.32716568545,Manikonda,2 BHK,1000-1500 sqft,Valid,Hyderabad,Not available in source data,0,35
5077000,1209,Manikonda,2,0,0,0,0,0,0,0,0,0,0,0,0,0,0,0,0,0,0,0,0,0,0,0,0,0,0,0,0,0,0,0,0,0,0,0,0,5077000,1209,2,4199.33829611249,Manikonda,2 BHK,1000-1500 sqft,Valid,Hyderabad,Not available in source data,0,35
5371000,1279,Manikonda,2,0,0,0,0,0,0,0,0,0,0,0,0,0,0,0,0,0,0,0,0,0,0,0,0,0,0,0,0,0,0,0,0,0,0,0,0,5371000,1279,2,4199.374511336982,Manikonda,2 BHK,1000-1500 sqft,Valid,Hyderabad,Not available in source data,0,35
5506000,1311,Manikonda,2,0,0,0,0,0,0,0,0,0,0,0,0,0,0,0,0,0,0,0,0,0,0,0,0,0,0,0,0,0,0,0,0,0,0,0,0,5506000,1311,2,4199.847444698703,Manikonda,2 BHK,1000-1500 sqft,Valid,Hyderabad,Not available in source data,0,35
5901000,1405,Manikonda,3,0,0,0,0,0,0,0,0,0,0,0,0,0,0,0,0,0,0,0,0,0,0,0,0,0,0,0,0,0,0,0,0,0,0,0,0,5901000,1405,3,4200.0,Manikonda,3 BHK,1000-1500 sqft,Valid,Hyderabad,Not available in source data,0,35
6279000,1495,Manikonda,3,0,0,0,0,0,0,0,0,0,0,0,0,0,0,0,0,0,0,0,0,0,0,0,0,0,0,0,0,0,0,0,0,0,0,0,0,6279000,1495,3,4200.0,Manikonda,3 BHK,1000-1500 sqft,Valid,Hyderabad,Not available in source data,0,35
8202000,1953,Manikonda,3,0,0,0,0,0,0,0,0,0,0,0,0,0,0,0,0,0,0,0,0,0,0,0,0,0,0,0,0,0,0,0,0,0,0,0,0,8202000,1953,3,4199.692780337941,Manikonda,3 BHK,1500-2500 sqft,Valid,Hyderabad,Not available in source data,0,35
6833000,1627,Manikonda,3,0,0,0,0,0,0,0,0,0,0,0,0,0,0,0,0,0,0,0,0,0,0,0,0,0,0,0,0,0,0,0,0,0,0,0,0,6833000,1627,3,4199.754148740012,Manikonda,3 BHK,1500-2500 sqft,Valid,Hyderabad,Not available in source data,0,35
7467000,1778,Manikonda,3,0,0,0,0,0,0,0,0,0,0,0,0,0,0,0,0,0,0,0,0,0,0,0,0,0,0,0,0,0,0,0,0,0,0,0,0,7467000,1778,3,4199.662542182227,Manikonda,3 BHK,1500-2500 sqft,Valid,Hyderabad,Not available in source data,0,35
8273999,1970,Manikonda,3,0,0,0,0,0,0,0,0,0,0,0,0,0,0,0,0,0,0,0,0,0,0,0,0,0,0,0,0,0,0,0,0,0,0,0,0,8273999,1970,3,4199.999492385787,Manikonda,3 BHK,1500-2500 sqft,Valid,Hyderabad,Not available in source data,0,35
7980000,1900,Manikonda,3,0,0,0,0,0,0,0,0,0,0,0,0,0,0,0,0,0,0,0,0,0,0,0,0,0,0,0,0,0,0,0,0,0,0,0,0,7980000,1900,3,4200.0,Manikonda,3 BHK,1500-2500 sqft,Valid,Hyderabad,Not available in source data,0,35
8278000,1971,Manikonda,3,0,0,0,0,0,0,0,0,0,0,0,0,0,0,0,0,0,0,0,0,0,0,0,0,0,0,0,0,0,0,0,0,0,0,0,0,8278000,1971,3,4199.898528665652,Manikonda,3 BHK,1500-2500 sqft,Valid,Hyderabad,Not available in source data,0,35
7753000,1846,Manikonda,3,0,0,0,0,0,0,0,0,0,0,0,0,0,0,0,0,0,0,0,0,0,0,0,0,0,0,0,0,0,0,0,0,0,0,0,0,7753000,1846,3,4199.891657638136,Manikonda,3 BHK,1500-2500 sqft,Valid,Hyderabad,Not available in source data,0,35
7576000,1804,Manikonda,3,0,0,0,0,0,0,0,0,0,0,0,0,0,0,0,0,0,0,0,0,0,0,0,0,0,0,0,0,0,0,0,0,0,0,0,0,7576000,1804,3,4199.556541019956,Manikonda,3 BHK,1500-2500 sqft,Valid,Hyderabad,Not available in source data,0,35
6547000,1559,Manikonda,3,0,0,0,0,0,0,0,0,0,0,0,0,0,0,0,0,0,0,0,0,0,0,0,0,0,0,0,0,0,0,0,0,0,0,0,0,6547000,1559,3,4199.486850545221,Manikonda,3 BHK,1500-2500 sqft,Valid,Hyderabad,Not available in source data,0,35
6841000,1629,Manikonda,3,0,0,0,0,0,0,0,0,0,0,0,0,0,0,0,0,0,0,0,0,0,0,0,0,0,0,0,0,0,0,0,0,0,0,0,0,6841000,1629,3,4199.5089011663595,Manikonda,3 BHK,1500-2500 sqft,Valid,Hyderabad,Not available in source data,0,35
7358000,1752,Manikonda,3,0,0,0,0,0,0,0,0,0,0,0,0,0,0,0,0,0,0,0,0,0,0,0,0,0,0,0,0,0,0,0,0,0,0,0,0,7358000,1752,3,4199.771689497717,Manikonda,3 BHK,1500-2500 sqft,Valid,Hyderabad,Not available in source data,0,35
7593000,1808,Manikonda,3,0,0,0,0,0,0,0,0,0,0,0,0,0,0,0,0,0,0,0,0,0,0,0,0,0,0,0,0,0,0,0,0,0,0,0,0,7593000,1808,3,4199.668141592921,Manikonda,3 BHK,1500-2500 sqft,Valid,Hyderabad,Not available in source data,0,35
8341000,1986,Manikonda,3,0,0,0,0,0,0,0,0,0,0,0,0,0,0,0,0,0,0,0,0,0,0,0,0,0,0,0,0,0,0,0,0,0,0,0,0,8341000,1986,3,4199.899295065458,Manikonda,3 BHK,1500-2500 sqft,Valid,Hyderabad,Not available in source data,0,35
6741000,1605,Manikonda,3,0,0,0,0,0,0,0,0,0,0,0,0,0,0,0,0,0,0,0,0,0,0,0,0,0,0,0,0,0,0,0,0,0,0,0,0,6741000,1605,3,4200.0,Manikonda,3 BHK,1500-2500 sqft,Valid,Hyderabad,Not available in source data,0,35
7203000,1715,Manikonda,3,0,0,0,0,0,0,0,0,0,0,0,0,0,0,0,0,0,0,0,0,0,0,0,0,0,0,0,0,0,0,0,0,0,0,0,0,7203000,1715,3,4200.0,Manikonda,3 BHK,1500-2500 sqft,Valid,Hyderabad,Not available in source data,0,35
7669000,1826,Manikonda,3,0,0,0,0,0,0,0,0,0,0,0,0,0,0,0,0,0,0,0,0,0,0,0,0,0,0,0,0,0,0,0,0,0,0,0,0,7669000,1826,3,4199.8904709748085,Manikonda,3 BHK,1500-2500 sqft,Valid,Hyderabad,Not available in source data,0,35
8379000,1995,Manikonda,3,0,0,0,0,0,0,0,0,0,0,0,0,0,0,0,0,0,0,0,0,0,0,0,0,0,0,0,0,0,0,0,0,0,0,0,0,8379000,1995,3,4200.0,Manikonda,3 BHK,1500-2500 sqft,Valid,Hyderabad,Not available in source data,0,35
8383000,1996,Manikonda,3,0,0,0,0,0,0,0,0,0,0,0,0,0,0,0,0,0,0,0,0,0,0,0,0,0,0,0,0,0,0,0,0,0,0,0,0,8383000,1996,3,4199.899799599199,Manikonda,3 BHK,1500-2500 sqft,Valid,Hyderabad,Not available in source data,0,35
10200000,1655,Narsingi,3,0,1,1,1,1,1,0,1,1,1,0,1,1,0,1,1,1,0,1,1,0,0,0,0,0,1,1,0,1,0,0,0,0,0,0,0,10200000,1655,3,6163.141993957704,Narsingi,3 BHK,1500-2500 sqft,Valid,Hyderabad,Not available in source data,18,35
4284000,1020,Attapur,2,0,0,0,0,0,0,0,0,0,0,0,0,0,0,0,0,0,0,0,0,0,0,0,0,0,0,0,0,0,0,0,0,0,0,0,0,4284000,1020,2,4200.0,Attapur,2 BHK,1000-1500 sqft,Valid,Hyderabad,Not available in source data,0,35
4640000,1160,ECIL,2,0,0,0,0,0,0,0,0,0,0,0,0,0,0,0,0,0,0,0,0,0,0,0,0,0,0,0,0,0,0,0,0,0,0,0,0,4640000,1160,2,4000.0,ECIL,2 BHK,1000-1500 sqft,Valid,Hyderabad,Not available in source data,0,35
59600000,5200,Boiguda,3,0,0,1,1,1,1,0,1,1,0,0,1,1,1,1,1,1,1,0,1,1,0,0,0,0,1,1,0,1,0,0,0,0,0,0,0,59600000,5200,3,11461.538461538461,Boiguda,3 BHK,2500+ sqft,Valid,Hyderabad,Not available in source data,18,35
12500000,2250,Manikonda,3,0,0,0,0,0,0,0,0,0,0,0,0,0,0,0,0,0,0,0,0,0,0,0,0,0,0,0,0,0,0,0,0,0,0,0,0,12500000,2250,3,5555.555555555556,Manikonda,3 BHK,1500-2500 sqft,Valid,Hyderabad,Not available in source data,0,35
4640000,1160,ECIL Main Road,2,0,0,0,0,0,0,0,0,0,0,0,0,0,0,0,0,0,0,0,0,0,0,0,0,0,0,0,0,0,0,0,0,0,0,0,0,4640000,1160,2,4000.0,ECIL Main Road,2 BHK,1000-1500 sqft,Valid,Hyderabad,Not available in source data,0,35
12600000,1990,Shaikpet,3,1,0,1,1,1,1,0,1,0,1,0,0,1,0,1,1,1,1,0,0,0,0,0,0,0,1,1,0,1,0,0,0,0,0,0,0,12600000,1990,3,6331.658291457286,Shaikpet,3 BHK,1500-2500 sqft,Valid,Hyderabad,Not available in source data,14,35
6340000,1585,ECIL,3,0,0,0,0,0,0,0,0,0,0,0,0,0,0,0,0,0,0,0,0,0,0,0,0,0,0,0,0,0,0,0,0,0,0,0,0,6340000,1585,3,4000.0,ECIL,3 BHK,1500-2500 sqft,Valid,Hyderabad,Not available in source data,0,35
4660000,1165,ECIL,2,0,0,0,0,0,0,0,0,0,0,0,0,0,0,0,0,0,0,0,0,0,0,0,0,0,0,0,0,0,0,0,0,0,0,0,0,4660000,1165,2,4000.0,ECIL,2 BHK,1000-1500 sqft,Valid,Hyderabad,Not available in source data,0,35
2200000,550,Moula Ali,1,0,0,0,0,0,0,0,0,0,0,0,0,0,0,0,0,0,0,0,0,0,0,0,0,0,0,0,0,0,0,0,0,0,0,0,0,2200000,550,1,4000.0,Moula Ali,1 BHK,500-1000 sqft,Valid,Hyderabad,Not available in source data,0,35
2200000,550,ECIL Cross Road,1,0,0,0,0,0,0,0,0,0,0,0,0,0,0,0,0,0,0,0,0,0,0,0,0,0,0,0,0,0,0,0,0,0,0,0,0,2200000,550,1,4000.0,ECIL Cross Road,1 BHK,500-1000 sqft,Valid,Hyderabad,Not available in source data,0,35
14500000,2080,Shaikpet,3,1,0,1,1,1,1,0,1,0,1,0,0,1,0,1,1,1,1,0,0,0,0,0,0,0,1,1,0,1,0,0,0,0,0,0,0,14500000,2080,3,6971.153846153846,Shaikpet,3 BHK,1500-2500 sqft,Valid,Hyderabad,Not available in source data,14,35
4993000,1235,ECIL Main Road,2,0,0,1,0,0,0,0,0,0,0,0,0,0,0,1,1,1,0,0,0,0,0,0,0,0,0,1,0,0,0,0,0,0,0,0,0,4993000,1235,2,4042.914979757085,ECIL Main Road,2 BHK,1000-1500 sqft,Valid,Hyderabad,Not available in source data,5,35
17000000,2260,Hitech City,3,0,0,1,1,1,1,1,1,0,1,0,0,1,0,1,1,1,0,0,0,0,0,0,0,0,1,1,0,1,0,0,0,0,0,0,0,17000000,2260,3,7522.123893805309,Hitech City,3 BHK,1500-2500 sqft,Valid,Hyderabad,Not available in source data,14,35
15000000,2015,Hitech City,3,0,0,1,1,1,1,1,1,0,1,0,0,1,0,1,1,1,0,0,0,0,0,0,0,0,1,1,0,1,0,0,0,0,0,0,0,15000000,2015,3,7444.168734491315,Hitech City,3 BHK,1500-2500 sqft,Valid,Hyderabad,Not available in source data,14,35
12000000,1700,Narsingi,3,0,1,1,1,1,1,0,1,0,1,1,1,1,0,1,1,1,0,1,1,0,0,0,0,0,1,1,0,1,0,0,0,0,0,0,0,12000000,1700,3,7058.823529411765,Narsingi,3 BHK,1500-2500 sqft,Valid,Hyderabad,Not available in source data,18,35
9300000,1265,Sanath Nagar,2,0,0,1,1,1,1,0,1,1,1,1,1,1,0,1,1,1,0,1,0,0,0,0,0,1,0,1,0,1,0,0,0,0,0,0,0,9300000,1265,2,7351.778656126482,Sanath Nagar,2 BHK,1000-1500 sqft,Valid,Hyderabad,Not available in source data,17,35
45000000,4650,Manikonda,4,1,0,1,1,1,1,1,1,1,1,1,1,1,1,1,1,1,1,0,1,1,0,0,0,0,1,1,0,1,0,0,0,0,0,0,0,45000000,4650,4,9677.41935483871,Manikonda,4 BHK,2500+ sqft,Valid,Hyderabad,Not available in source data,21,35
13700000,1742,Gachibowli,3,1,0,1,1,1,0,0,1,0,1,1,1,1,0,0,1,0,0,0,0,0,0,0,0,0,1,1,0,0,0,0,0,0,0,0,0,13700000,1742,3,7864.523536165328,Gachibowli,3 BHK,1500-2500 sqft,Valid,Hyderabad,Not available in source data,11,35
12500000,2300,Rajbhavan Road Somajiguda,3,1,1,0,0,1,1,1,1,1,1,0,1,0,1,1,1,1,0,0,0,1,0,0,1,0,1,1,1,1,0,0,0,0,1,1,0,12500000,2300,3,5434.782608695652,Rajbhavan Road Somajiguda,3 BHK,1500-2500 sqft,Valid,Hyderabad,Not available in source data,20,35
3700000,1110,Beeramguda,2,0,0,0,0,0,0,0,0,0,0,0,0,0,0,0,1,0,0,0,0,0,0,0,0,0,0,1,0,0,0,0,0,0,0,0,0,3700000,1110,2,3333.3333333333335,Beeramguda,2 BHK,1000-1500 sqft,Valid,Hyderabad,Not available in source data,2,35
4300000,1110,Beeramguda,2,0,0,0,0,0,0,0,0,0,0,0,0,0,0,0,0,0,0,0,0,0,0,0,0,0,0,0,0,0,0,0,0,0,0,0,0,4300000,1110,2,3873.873873873874,Beeramguda,2 BHK,1000-1500 sqft,Valid,Hyderabad,Not available in source data,0,35
4800000,1050,Ramachandra Puram,2,0,0,0,0,0,0,0,0,0,1,0,0,0,0,0,1,0,0,0,0,0,0,0,0,0,0,1,0,0,0,0,0,0,0,0,0,4800000,1050,2,4571.428571428572,Ramachandra Puram,2 BHK,1000-1500 sqft,Valid,Hyderabad,Not available in source data,3,35
4850000,1050,Ramachandra Puram,2,0,0,0,0,0,0,0,0,0,1,0,0,0,0,0,1,0,0,0,0,0,0,0,0,0,0,1,0,0,0,0,0,0,0,0,0,4850000,1050,2,4619.047619047619,Ramachandra Puram,2 BHK,1000-1500 sqft,Valid,Hyderabad,Not available in source data,3,35
8426000,1505,Vanasthalipuram,3,0,0,0,0,0,0,0,0,0,0,0,0,0,0,0,1,0,0,0,0,0,0,0,0,0,1,1,0,0,0,0,0,0,0,0,0,8426000,1505,3,5598.671096345515,Vanasthalipuram,3 BHK,1500-2500 sqft,Valid,Hyderabad,Not available in source data,3,35
11299999,2026,TellapurOsman Nagar Road,3,0,1,1,1,1,1,1,1,0,1,1,0,1,0,1,1,1,1,1,1,0,0,0,0,0,1,1,0,1,0,1,0,0,0,0,0,11299999,2026,3,5577.49210266535,TellapurOsman Nagar Road,3 BHK,1500-2500 sqft,Valid,Hyderabad,Not available in source data,20,35
8000000,1640,Mansoorabad,3,0,0,0,0,0,0,0,0,0,0,0,0,0,0,0,0,0,0,0,0,0,0,0,0,0,0,0,0,0,0,0,0,0,0,0,0,8000000,1640,3,4878.048780487805,Mansoorabad,3 BHK,1500-2500 sqft,Valid,Hyderabad,Not available in source data,0,35
8200000,1650,Serilingampally,3,0,0,0,0,0,0,1,0,0,1,0,0,0,0,1,1,1,0,0,0,0,0,0,0,0,0,1,0,1,0,0,0,0,0,0,0,8200000,1650,3,4969.69696969697,Serilingampally,3 BHK,1500-2500 sqft,Valid,Hyderabad,Not available in source data,7,35
10500000,1880,TellapurOsman Nagar Road,3,0,1,1,1,1,1,1,1,0,1,1,0,1,0,1,1,1,1,1,1,0,0,0,0,0,1,1,0,1,0,1,0,0,0,0,0,10500000,1880,3,5585.106382978724,TellapurOsman Nagar Road,3 BHK,1500-2500 sqft,Valid,Hyderabad,Not available in source data,20,35
8200000,1216,Kukatpally,2,0,0,1,1,1,1,1,1,0,0,1,1,1,0,1,0,1,0,1,1,0,0,0,0,0,1,1,0,0,0,0,0,0,0,0,0,8200000,1216,2,6743.421052631579,Kukatpally,2 BHK,1000-1500 sqft,Valid,Hyderabad,Not available in source data,15,35
11500000,2026,Tellapur,3,0,0,1,1,1,1,1,1,1,1,1,0,1,0,1,1,1,1,1,1,0,0,0,0,0,1,1,0,1,0,1,0,0,0,0,0,11500000,2026,3,5676.209279368213,Tellapur,3 BHK,1500-2500 sqft,Valid,Hyderabad,Not available in source data,20,35
19000000,2500,Hitech City,3,0,0,1,1,1,1,1,1,0,1,0,0,1,0,1,1,1,0,0,0,0,0,0,0,0,1,1,0,1,0,0,0,0,0,0,0,19000000,2500,3,7600.0,Hitech City,3 BHK,2500+ sqft,Valid,Hyderabad,Not available in source data,14,35
13000000,2771,Bandlaguda Jagir,4,0,0,1,1,1,1,0,0,0,0,0,0,1,0,1,1,1,0,0,0,0,0,0,0,0,1,1,0,0,0,0,0,0,0,0,0,13000000,2771,4,4691.447130999639,Bandlaguda Jagir,4 BHK,2500+ sqft,Valid,Hyderabad,Not available in source data,10,35
16900000,1895,Sanath Nagar,3,0,0,1,1,1,1,0,1,1,1,1,1,1,0,1,1,1,0,1,0,0,0,0,0,1,0,1,0,1,0,0,0,0,0,0,0,16900000,1895,3,8918.205804749341,Sanath Nagar,3 BHK,1500-2500 sqft,Valid,Hyderabad,Not available in source data,17,35
14900000,1500,Sanath Nagar,3,0,0,1,1,1,1,0,1,1,1,1,1,1,0,1,1,1,0,1,0,0,0,0,0,1,0,1,0,1,0,0,0,0,0,0,0,14900000,1500,3,9933.333333333334,Sanath Nagar,3 BHK,1500-2500 sqft,Valid,Hyderabad,Not available in source data,17,35
26900000,2595,Madhapur,4,1,0,1,1,1,1,1,1,0,1,1,0,1,0,1,1,1,0,1,1,0,0,0,0,0,1,1,0,1,0,0,0,0,0,0,0,26900000,2595,4,10366.088631984585,Madhapur,4 BHK,2500+ sqft,Valid,Hyderabad,Not available in source data,17,35
23000000,2250,Kondapur,3,1,0,1,1,1,0,1,1,0,1,1,1,1,0,1,1,1,0,0,1,0,0,0,0,0,1,1,0,1,0,0,0,0,0,0,0,23000000,2250,3,10222.222222222223,Kondapur,3 BHK,1500-2500 sqft,Valid,Hyderabad,Not available in source data,16,35
14400000,2060,Nanakramguda,3,1,0,1,1,0,0,0,0,0,1,1,0,1,0,0,1,0,0,0,0,0,0,0,0,0,1,1,0,0,0,0,0,0,0,0,0,14400000,2060,3,6990.291262135922,Nanakramguda,3 BHK,1500-2500 sqft,Valid,Hyderabad,Not available in source data,8,35
17600000,1880,Kondapur,3,1,0,1,1,1,0,1,1,0,1,1,1,1,0,1,1,1,0,0,1,0,0,0,0,0,1,1,0,1,0,0,0,0,0,0,0,17600000,1880,3,9361.702127659575,Kondapur,3 BHK,1500-2500 sqft,Valid,Hyderabad,Not available in source data,16,35
9500000,1620,Gajularamaram,3,0,0,1,1,0,0,0,0,0,1,1,0,1,0,0,1,0,0,0,0,0,0,0,0,0,1,1,0,0,0,0,0,0,0,0,0,9500000,1620,3,5864.197530864198,Gajularamaram,3 BHK,1500-2500 sqft,Valid,Hyderabad,Not available in source data,8,35
9499000,1620,Gajularamaram,3,0,0,1,1,0,0,0,0,0,1,1,0,1,0,0,1,0,0,0,0,0,0,0,0,0,1,1,0,0,0,0,0,0,0,0,0,9499000,1620,3,5863.580246913581,Gajularamaram,3 BHK,1500-2500 sqft,Valid,Hyderabad,Not available in source data,8,35
9728000,1390,Kokapet,3,0,0,1,1,0,0,0,0,0,1,1,0,1,0,0,1,0,0,0,0,0,0,0,0,0,1,1,0,0,0,0,0,0,0,0,0,9728000,1390,3,6998.561151079137,Kokapet,3 BHK,1000-1500 sqft,Valid,Hyderabad,Not available in source data,8,35
6623000,1255,Bandlaguda Jagir,2,0,0,1,1,0,0,0,0,0,1,1,0,1,0,0,1,0,0,0,0,0,0,0,0,0,1,1,0,0,0,0,0,0,0,0,0,6623000,1255,2,5277.290836653387,Bandlaguda Jagir,2 BHK,1000-1500 sqft,Valid,Hyderabad,Not available in source data,8,35
12300000,2285,Bandlaguda Jagir,3,0,0,1,1,0,0,0,0,0,1,1,0,1,0,0,1,0,0,0,0,0,0,0,0,0,1,1,0,0,0,0,0,0,0,0,0,12300000,2285,3,5382.932166301969,Bandlaguda Jagir,3 BHK,1500-2500 sqft,Valid,Hyderabad,Not available in source data,8,35
17600000,1993,Gachibowli,3,1,0,1,1,1,0,0,1,0,1,1,1,1,0,0,1,0,0,0,0,0,0,0,0,0,1,1,0,0,0,0,0,0,0,0,0,17600000,1993,3,8830.908178625188,Gachibowli,3 BHK,1500-2500 sqft,Valid,Hyderabad,Not available in source data,11,35
12300000,2282,Bandlaguda Jagir,3,0,0,1,1,0,0,0,0,0,1,1,0,1,0,0,1,0,0,0,0,0,0,0,0,0,1,1,0,0,0,0,0,0,0,0,0,12300000,2282,3,5390.008764241893,Bandlaguda Jagir,3 BHK,1500-2500 sqft,Valid,Hyderabad,Not available in source data,8,35
9254000,1384,Narsingi,3,0,0,1,1,0,0,0,0,0,1,1,0,1,0,0,1,0,0,0,0,0,0,0,0,0,1,1,0,0,0,0,0,0,0,0,0,9254000,1384,3,6686.416184971098,Narsingi,3 BHK,1000-1500 sqft,Valid,Hyderabad,Not available in source data,8,35
10500000,1880,TellapurOsman Nagar Road,3,0,0,1,1,0,0,1,0,0,0,1,0,1,0,0,0,0,0,1,1,0,0,0,0,0,1,0,0,0,0,0,0,0,0,0,0,10500000,1880,3,5585.106382978724,TellapurOsman Nagar Road,3 BHK,1500-2500 sqft,Valid,Hyderabad,Not available in source data,8,35
11100000,1874,Tellapur,3,0,0,1,1,1,1,1,1,1,1,1,0,1,0,1,1,1,0,1,1,0,0,0,0,0,1,1,0,1,0,1,0,0,0,0,0,11100000,1874,3,5923.159018143009,Tellapur,3 BHK,1500-2500 sqft,Valid,Hyderabad,Not available in source data,19,35
4660000,1165,ECIL Cross Road,2,0,0,0,0,0,0,0,0,0,0,0,0,0,0,0,0,0,0,0,0,0,0,0,0,0,0,0,0,0,0,0,0,0,0,0,0,4660000,1165,2,4000.0,ECIL Cross Road,2 BHK,1000-1500 sqft,Valid,Hyderabad,Not available in source data,0,35
8500000,2000,Manikonda,3,0,0,0,1,1,1,1,0,0,1,0,0,1,0,1,1,1,0,0,0,0,0,0,0,0,0,1,0,1,0,0,0,0,0,0,0,8500000,2000,3,4250.0,Manikonda,3 BHK,1500-2500 sqft,Valid,Hyderabad,Not available in source data,11,35
7280000,1820,ECIL Cross Road,3,0,0,0,0,0,0,0,0,0,0,0,0,0,0,0,0,0,0,0,0,0,0,0,0,0,0,0,0,0,0,0,0,0,0,0,0,7280000,1820,3,4000.0,ECIL Cross Road,3 BHK,1500-2500 sqft,Valid,Hyderabad,Not available in source data,0,35
35000000,4160,Shaikpet,4,0,1,1,1,1,1,0,1,1,1,0,1,1,1,1,1,1,1,0,1,1,1,1,1,0,1,1,1,1,1,0,1,1,1,1,1,35000000,4160,4,8413.461538461539,Shaikpet,4 BHK,2500+ sqft,Valid,Hyderabad,Not available in source data,30,35
5300000,1020,Boduppal,2,1,0,0,0,0,0,0,0,0,0,0,0,0,0,0,0,0,0,0,0,0,0,0,0,0,0,0,0,0,0,0,0,0,0,0,0,5300000,1020,2,5196.078431372549,Boduppal,2 BHK,1000-1500 sqft,Valid,Hyderabad,Not available in source data,0,35
5720000,1430,ECIL Main Road,3,0,0,0,0,0,0,0,0,0,0,0,0,0,0,0,0,0,0,0,0,0,0,0,0,0,0,0,0,0,0,0,0,0,0,0,0,5720000,1430,3,4000.0,ECIL Main Road,3 BHK,1000-1500 sqft,Valid,Hyderabad,Not available in source data,0,35
9000000,1360,Kukatpally,2,0,0,1,1,1,1,1,1,0,0,1,1,1,0,1,0,1,0,1,1,0,0,0,0,0,1,1,0,0,0,0,0,0,0,0,0,9000000,1360,2,6617.64705882353,Kukatpally,2 BHK,1000-1500 sqft,Valid,Hyderabad,Not available in source data,15,35
3600000,1125,KRCR Colony Road,2,0,0,0,0,0,0,0,0,0,0,0,0,0,0,1,1,1,0,0,0,0,0,0,0,0,0,0,0,0,0,0,0,0,0,0,0,3600000,1125,2,3200.0,KRCR Colony Road,2 BHK,1000-1500 sqft,Valid,Hyderabad,Not available in source data,3,35
5720000,1430,ECIL,3,0,0,0,0,0,0,0,0,0,0,0,0,0,0,0,0,0,0,0,0,0,0,0,0,0,0,0,0,0,0,0,0,0,0,0,0,5720000,1430,3,4000.0,ECIL,3 BHK,1000-1500 sqft,Valid,Hyderabad,Not available in source data,0,35
23000000,3044,Hitech City,4,0,0,1,1,1,1,1,1,0,1,0,1,1,0,1,1,1,1,0,1,0,0,0,0,0,1,1,0,1,0,0,0,0,0,0,0,23000000,3044,4,7555.847568988173,Hitech City,4 BHK,2500+ sqft,Valid,Hyderabad,Not available in source data,17,35
23000000,3101,Hitech City,4,0,0,1,1,1,1,1,1,0,1,0,1,1,0,1,1,1,1,0,1,0,0,0,0,0,1,1,0,1,0,0,0,0,0,0,0,23000000,3101,4,7416.962270235408,Hitech City,4 BHK,2500+ sqft,Valid,Hyderabad,Not available in source data,17,35
23600000,3147,Hitech City,4,0,0,1,1,1,1,1,1,0,1,0,1,1,0,1,1,1,1,0,1,0,0,0,0,0,1,1,0,1,0,0,0,0,0,0,0,23600000,3147,4,7499.2055926279,Hitech City,4 BHK,2500+ sqft,Valid,Hyderabad,Not available in source data,17,35
23000000,3090,Hitech City,4,0,0,1,1,1,1,1,1,0,1,0,1,1,0,1,1,1,1,0,1,0,0,0,0,0,1,1,0,1,0,0,0,0,0,0,0,23000000,3090,4,7443.365695792881,Hitech City,4 BHK,2500+ sqft,Valid,Hyderabad,Not available in source data,17,35
3800000,1139,Pragati Nagar,2,0,0,0,0,0,0,1,0,0,0,0,0,0,0,1,1,1,0,0,0,0,0,0,0,1,0,1,0,0,0,0,0,0,0,0,0,3800000,1139,2,3336.2598770851623,Pragati Nagar,2 BHK,1000-1500 sqft,Valid,Hyderabad,Not available in source data,6,35
8800000,1560,LB Nagar,3,0,0,0,0,1,0,0,0,0,0,0,0,0,0,0,0,0,0,0,0,0,0,0,0,0,0,1,0,0,0,0,0,0,0,0,0,8800000,1560,3,5641.025641025641,LB Nagar,3 BHK,1500-2500 sqft,Valid,Hyderabad,Not available in source data,2,35
10200000,1880,TellapurOsman Nagar Road,3,0,1,1,1,1,1,1,1,0,1,1,0,1,0,1,1,1,0,1,0,0,0,0,0,0,1,1,0,1,0,0,0,0,0,0,0,10200000,1880,3,5425.531914893617,TellapurOsman Nagar Road,3 BHK,1500-2500 sqft,Valid,Hyderabad,Not available in source data,17,35
9278000,1687,Tellapur,3,0,0,1,1,1,1,1,1,1,1,1,0,1,0,1,1,1,0,1,1,0,0,0,0,0,1,1,0,1,0,1,0,0,0,0,0,9278000,1687,3,5499.703615886188,Tellapur,3 BHK,1500-2500 sqft,Valid,Hyderabad,Not available in source data,19,35
2800000,770,Padmarao Nagar,2,1,0,0,0,0,0,0,0,0,0,0,0,0,0,1,0,1,0,0,0,0,0,0,0,0,0,0,0,0,0,0,0,0,0,0,0,2800000,770,2,3636.3636363636365,Padmarao Nagar,2 BHK,500-1000 sqft,Valid,Hyderabad,Not available in source data,2,35
6800000,1257,Manikonda,2,1,0,0,0,0,0,0,0,0,0,0,0,0,0,0,1,0,0,0,0,0,0,0,0,0,0,1,0,0,0,0,0,0,0,0,0,6800000,1257,2,5409.705648369133,Manikonda,2 BHK,1000-1500 sqft,Valid,Hyderabad,Not available in source data,2,35
11100000,2225,Narsingi,3,0,0,1,1,0,1,1,1,0,0,0,0,0,0,1,0,0,0,0,0,0,0,0,0,0,1,1,0,0,0,0,0,0,0,0,0,11100000,2225,3,4988.76404494382,Narsingi,3 BHK,1500-2500 sqft,Valid,Hyderabad,Not available in source data,8,35
10800000,2170,Narsingi,3,0,0,1,1,0,1,1,1,0,0,0,0,0,0,1,0,0,0,0,0,0,0,0,0,0,1,1,0,0,0,0,0,0,0,0,0,10800000,2170,3,4976.958525345623,Narsingi,3 BHK,1500-2500 sqft,Valid,Hyderabad,Not available in source data,8,35
7125000,1425,Narsingi,2,0,0,1,1,0,1,1,1,0,0,0,0,0,0,1,0,0,0,0,0,0,0,0,0,0,1,1,0,0,0,0,0,0,0,0,0,7125000,1425,2,5000.0,Narsingi,2 BHK,1000-1500 sqft,Valid,Hyderabad,Not available in source data,8,35
10100000,2025,Narsingi,3,0,0,1,1,0,1,1,1,0,0,0,0,0,0,1,0,0,0,0,0,0,0,0,0,0,1,1,0,0,0,0,0,0,0,0,0,10100000,2025,3,4987.6543209876545,Narsingi,3 BHK,1500-2500 sqft,Valid,Hyderabad,Not available in source data,8,35
7755000,1410,Gandipet,2,0,0,0,1,0,0,0,0,0,0,0,0,0,0,0,0,1,0,0,0,0,0,0,0,0,1,0,0,0,0,0,0,0,0,0,0,7755000,1410,2,5500.0,Gandipet,2 BHK,1000-1500 sqft,Valid,Hyderabad,Not available in source data,3,35
11800000,2160,Gandipet,3,0,0,0,1,0,0,0,0,0,0,0,0,0,0,0,0,1,0,0,0,0,0,0,0,0,1,0,0,0,0,0,0,0,0,0,0,11800000,2160,3,5462.962962962963,Gandipet,3 BHK,1500-2500 sqft,Valid,Hyderabad,Not available in source data,3,35
10400000,1905,Gandipet,3,0,0,0,1,0,0,0,0,0,0,0,0,0,0,0,0,1,0,0,0,0,0,0,0,0,1,0,0,0,0,0,0,0,0,0,0,10400000,1905,3,5459.317585301837,Gandipet,3 BHK,1500-2500 sqft,Valid,Hyderabad,Not available in source data,3,35
14600000,2665,Gandipet,3,0,0,0,1,0,0,0,0,0,0,0,0,0,0,0,0,1,0,0,0,0,0,0,0,0,1,0,0,0,0,0,0,0,0,0,0,14600000,2665,3,5478.424015009381,Gandipet,3 BHK,2500+ sqft,Valid,Hyderabad,Not available in source data,3,35
13200000,2400,Gandipet,3,0,0,0,1,0,0,0,0,0,0,0,0,0,0,0,0,1,0,0,0,0,0,0,0,0,1,0,0,0,0,0,0,0,0,0,0,13200000,2400,3,5500.0,Gandipet,3 BHK,1500-2500 sqft,Valid,Hyderabad,Not available in source data,3,35
7672000,1395,Gandipet,2,0,0,0,1,0,0,0,0,0,0,0,0,0,0,0,0,1,0,0,0,0,0,0,0,0,1,0,0,0,0,0,0,0,0,0,0,7672000,1395,2,5499.641577060932,Gandipet,2 BHK,1000-1500 sqft,Valid,Hyderabad,Not available in source data,3,35
12600000,1945,Kokapet,3,0,0,1,1,0,0,0,0,0,1,1,0,1,0,1,1,0,0,1,1,0,0,1,0,0,1,1,0,0,0,0,0,0,0,0,0,12600000,1945,3,6478.149100257069,Kokapet,3 BHK,1500-2500 sqft,Valid,Hyderabad,Not available in source data,12,35
10900000,1680,Kokapet,3,0,0,1,1,0,0,0,0,0,1,1,0,1,0,1,1,0,0,1,1,0,0,1,0,0,1,1,0,0,0,0,0,0,0,0,0,10900000,1680,3,6488.0952380952385,Kokapet,3 BHK,1500-2500 sqft,Valid,Hyderabad,Not available in source data,12,35
10900000,1680,Kokapet,3,0,0,1,1,0,0,0,0,0,1,1,0,1,0,0,1,0,0,0,0,0,0,1,0,0,1,1,0,0,0,0,0,0,0,0,0,10900000,1680,3,6488.0952380952385,Kokapet,3 BHK,1500-2500 sqft,Valid,Hyderabad,Not available in source data,9,35
8255000,1270,Kokapet,2,0,0,1,1,0,0,0,0,0,1,1,0,1,0,1,1,0,0,1,1,0,0,1,0,0,1,1,0,0,0,0,0,0,0,0,0,8255000,1270,2,6500.0,Kokapet,2 BHK,1000-1500 sqft,Valid,Hyderabad,Not available in source data,12,35
8255000,1270,Kokapet,2,0,0,1,1,0,0,0,0,0,0,0,0,1,0,1,1,0,0,1,1,0,0,0,0,0,1,0,0,0,0,0,0,0,0,0,0,8255000,1270,2,6500.0,Kokapet,2 BHK,1000-1500 sqft,Valid,Hyderabad,Not available in source data,8,35
9620000,1480,Kokapet,3,0,0,1,1,0,0,0,0,0,1,1,0,1,0,1,1,0,0,1,1,0,0,1,0,0,1,1,0,0,0,0,0,0,0,0,0,9620000,1480,3,6500.0,Kokapet,3 BHK,1000-1500 sqft,Valid,Hyderabad,Not available in source data,12,35
9900000,3000,Sainikpuri,4,1,1,1,0,1,1,0,1,1,0,0,1,0,1,1,0,1,0,1,0,1,0,0,1,0,0,1,1,1,0,0,0,0,0,1,0,9900000,3000,4,3300.0,Sainikpuri,4 BHK,2500+ sqft,Valid,Hyderabad,Not available in source data,17,35
4800000,1225,Nizampet,2,0,0,0,0,0,0,1,0,0,0,0,0,0,0,1,1,1,0,0,0,0,0,0,0,0,0,1,0,1,0,0,0,0,0,0,0,4800000,1225,2,3918.3673469387754,Nizampet,2 BHK,1000-1500 sqft,Valid,Hyderabad,Not available in source data,6,35
11200000,2026,Tellapur,3,0,1,1,1,1,1,1,1,1,1,1,0,1,0,1,1,1,1,1,1,0,0,0,0,0,1,1,0,1,0,1,0,0,0,0,0,11200000,2026,3,5528.134254689043,Tellapur,3 BHK,1500-2500 sqft,Valid,Hyderabad,Not available in source data,21,35
7900000,1525,Bandlaguda Jagir,3,0,1,1,1,1,1,1,1,1,1,1,1,1,1,1,1,1,1,1,1,1,0,0,0,0,1,1,0,1,0,1,0,0,0,0,0,7900000,1525,3,5180.327868852459,Bandlaguda Jagir,3 BHK,1500-2500 sqft,Valid,Hyderabad,Not available in source data,24,35
5692000,1265,LB Nagar,2,0,0,1,0,0,0,0,0,0,1,1,0,1,0,0,1,0,0,0,0,0,0,0,0,0,1,1,0,0,0,0,0,0,0,0,0,5692000,1265,2,4499.604743083004,LB Nagar,2 BHK,1000-1500 sqft,Valid,Hyderabad,Not available in source data,7,35
10500000,1640,Kondapur,3,1,1,0,0,0,0,1,0,1,1,0,1,0,1,1,1,1,0,0,0,1,1,0,1,1,1,1,1,1,0,0,1,1,1,1,1,10500000,1640,3,6402.4390243902435,Kondapur,3 BHK,1500-2500 sqft,Valid,Hyderabad,Not available in source data,22,35
8900000,1360,Kukatpally,2,0,0,1,1,1,1,1,1,0,0,1,1,1,0,1,0,1,0,1,1,0,0,0,0,0,1,1,0,0,0,0,0,0,0,0,0,8900000,1360,2,6544.117647058823,Kukatpally,2 BHK,1000-1500 sqft,Valid,Hyderabad,Not available in source data,15,35
8600000,1560,LB Nagar,3,0,0,0,0,1,0,0,0,0,0,0,0,0,0,0,0,0,0,0,0,0,0,0,0,0,0,1,0,0,0,0,0,0,0,0,0,8600000,1560,3,5512.820512820513,LB Nagar,3 BHK,1500-2500 sqft,Valid,Hyderabad,Not available in source data,2,35
11399999,2026,Tellapur,3,0,1,1,1,1,1,1,1,1,1,1,0,1,0,1,1,1,1,1,1,0,0,0,0,0,1,1,0,1,0,1,0,0,0,0,0,11399999,2026,3,5626.850444225074,Tellapur,3 BHK,1500-2500 sqft,Valid,Hyderabad,Not available in source data,21,35
4161999,1125,KRCR Colony Road,2,0,0,0,0,0,0,0,0,0,0,0,0,0,0,1,1,1,0,0,0,0,0,0,0,0,0,0,0,0,0,0,0,0,0,0,0,4161999,1125,2,3699.554666666667,KRCR Colony Road,2 BHK,1000-1500 sqft,Valid,Hyderabad,Not available in source data,3,35
6800000,1515,Pragathi Nagar Kukatpally,3,0,0,0,0,0,0,0,0,0,0,0,0,0,0,0,0,1,0,0,0,0,0,0,0,0,0,1,0,1,0,0,0,0,0,0,0,6800000,1515,3,4488.448844884489,Pragathi Nagar Kukatpally,3 BHK,1500-2500 sqft,Valid,Hyderabad,Not available in source data,3,35
3300000,950,Paramount Colony Toli Chowki,2,1,0,0,0,0,0,0,0,0,0,0,0,0,0,1,1,1,0,0,0,0,0,0,0,0,0,1,0,0,0,0,0,0,0,0,0,3300000,950,2,3473.684210526316,Paramount Colony Toli Chowki,2 BHK,500-1000 sqft,Valid,Hyderabad,Not available in source data,4,35
7280000,1820,ECIL,3,0,0,0,0,0,0,0,0,0,0,0,0,0,0,0,0,0,0,0,0,0,0,0,0,0,0,0,0,0,0,0,0,0,0,0,0,7280000,1820,3,4000.0,ECIL,3 BHK,1500-2500 sqft,Valid,Hyderabad,Not available in source data,0,35
9000000,1366,Kukatpally,2,0,0,1,1,1,1,1,1,0,0,1,1,1,0,1,0,1,0,1,1,0,0,0,0,0,1,1,0,0,0,0,0,0,0,0,0,9000000,1366,2,6588.579795021962,Kukatpally,2 BHK,1000-1500 sqft,Valid,Hyderabad,Not available in source data,15,35
4300000,1146,Nizampet,2,0,0,0,0,0,0,0,0,0,0,0,0,0,0,0,0,0,0,0,0,0,0,0,0,0,0,0,0,0,0,0,0,0,0,0,0,4300000,1146,2,3752.1815008726003,Nizampet,2 BHK,1000-1500 sqft,Valid,Hyderabad,Not available in source data,0,35
9400000,1441,Kukatpally,2,0,0,1,1,1,1,1,1,0,0,1,1,1,0,1,0,1,0,1,1,0,0,0,0,0,1,1,0,0,0,0,0,0,0,0,0,9400000,1441,2,6523.247744621791,Kukatpally,2 BHK,1000-1500 sqft,Valid,Hyderabad,Not available in source data,15,35
2850000,1000,BK Guda Internal Road,2,1,0,0,0,0,0,0,0,0,0,0,0,0,0,0,0,0,0,0,0,0,0,0,0,0,0,0,0,0,0,0,0,0,0,0,0,2850000,1000,2,2850.0,BK Guda Internal Road,2 BHK,1000-1500 sqft,Valid,Hyderabad,Not available in source data,0,35
11200000,2026,Tellapur,3,0,1,1,1,1,1,1,1,0,1,1,0,1,0,1,1,1,0,1,0,0,0,0,0,0,1,1,0,1,0,1,0,0,0,0,0,11200000,2026,3,5528.134254689043,Tellapur,3 BHK,1500-2500 sqft,Valid,Hyderabad,Not available in source data,18,35
11299999,2026,TellapurOsman Nagar Road,3,0,1,1,1,1,1,1,1,0,1,1,0,1,0,1,1,1,0,1,0,0,0,0,0,0,1,1,0,1,0,1,0,0,0,0,0,11299999,2026,3,5577.49210266535,TellapurOsman Nagar Road,3 BHK,1500-2500 sqft,Valid,Hyderabad,Not available in source data,18,35
10500000,1880,Tellapur,3,0,1,1,1,1,1,1,1,0,1,1,0,1,0,1,1,1,0,1,0,0,0,0,0,0,1,1,0,1,0,0,0,0,0,0,0,10500000,1880,3,5585.106382978724,Tellapur,3 BHK,1500-2500 sqft,Valid,Hyderabad,Not available in source data,17,35
11200000,2026,TellapurOsman Nagar Road,3,0,0,1,1,1,1,1,1,0,1,1,0,1,0,1,1,1,0,1,1,0,0,0,0,0,1,1,0,1,0,0,0,0,0,0,0,11200000,2026,3,5528.134254689043,TellapurOsman Nagar Road,3 BHK,1500-2500 sqft,Valid,Hyderabad,Not available in source data,17,35
3600000,1125,muthangi,2,1,0,0,0,0,0,0,0,0,0,0,0,0,0,0,0,0,0,0,0,0,0,0,0,0,0,0,0,0,0,0,0,0,0,0,0,3600000,1125,2,3200.0,muthangi,2 BHK,1000-1500 sqft,Valid,Hyderabad,Not available in source data,0,35
8383000,1950,Attapur,3,0,0,1,0,0,0,0,0,0,1,1,0,1,0,0,1,0,0,0,0,0,0,0,0,0,1,1,0,0,0,0,0,0,0,0,0,8383000,1950,3,4298.974358974359,Attapur,3 BHK,1500-2500 sqft,Valid,Hyderabad,Not available in source data,7,35
8387000,1951,Attapur,3,0,0,1,0,0,0,0,0,0,1,1,0,1,0,0,1,0,0,0,0,0,0,0,0,0,1,1,0,0,0,0,0,0,0,0,0,8387000,1951,3,4298.8211173757045,Attapur,3 BHK,1500-2500 sqft,Valid,Hyderabad,Not available in source data,7,35
10500000,1700,Narsingi,3,0,1,1,1,1,1,0,1,0,1,1,1,1,0,1,1,1,0,1,1,0,0,1,0,0,1,1,0,1,0,0,0,0,0,0,0,10500000,1700,3,6176.470588235294,Narsingi,3 BHK,1500-2500 sqft,Valid,Hyderabad,Not available in source data,19,35
8400000,1279,Kukatpally,2,0,0,1,1,1,1,1,1,0,0,1,1,1,0,1,0,1,0,1,1,0,0,0,0,0,1,1,0,0,0,0,0,0,0,0,0,8400000,1279,2,6567.630961688819,Kukatpally,2 BHK,1000-1500 sqft,Valid,Hyderabad,Not available in source data,15,35
8200000,1570,Kondapur,3,0,0,0,0,0,0,0,0,0,0,0,0,0,0,0,0,0,0,0,0,0,0,0,0,0,0,0,0,0,0,0,0,0,0,0,0,8200000,1570,3,5222.929936305733,Kondapur,3 BHK,1500-2500 sqft,Valid,Hyderabad,Not available in source data,0,35
4600000,1215,Pragati Nagar,2,0,0,1,0,0,0,1,0,0,1,0,0,0,0,1,1,1,0,0,0,0,0,0,0,0,1,0,1,0,0,0,0,0,0,0,0,4600000,1215,2,3786.008230452675,Pragati Nagar,2 BHK,1000-1500 sqft,Valid,Hyderabad,Not available in source data,8,35
4300000,1050,Pragathi Nagar,2,1,0,0,0,0,0,0,0,0,0,0,0,0,0,1,1,1,0,0,0,0,0,0,0,0,0,1,1,1,0,0,0,0,0,1,0,4300000,1050,2,4095.2380952380954,Pragathi Nagar,2 BHK,1000-1500 sqft,Valid,Hyderabad,Not available in source data,7,35
8800000,1260,Gachibowli,3,1,0,1,1,1,0,1,0,1,1,1,0,1,1,1,1,1,0,0,1,0,1,1,1,1,1,1,1,1,1,1,1,1,1,1,1,8800000,1260,3,6984.126984126984,Gachibowli,3 BHK,1000-1500 sqft,Valid,Hyderabad,Not available in source data,28,35
6900000,1515,Pragathi Nagar Kukatpally,3,0,0,0,0,0,0,0,0,0,0,0,0,0,0,0,0,1,0,0,0,0,0,0,0,0,0,1,0,1,0,0,0,0,0,0,0,6900000,1515,3,4554.455445544554,Pragathi Nagar Kukatpally,3 BHK,1500-2500 sqft,Valid,Hyderabad,Not available in source data,3,35
4810000,1300,Yapral,3,0,0,0,0,0,0,0,0,0,0,0,0,0,0,1,1,1,0,0,0,0,0,0,0,0,0,0,0,0,0,0,0,0,0,0,0,4810000,1300,3,3700.0,Yapral,3 BHK,1000-1500 sqft,Valid,Hyderabad,Not available in source data,3,35
8400000,1274,Kukatpally,2,0,0,1,1,1,1,1,1,0,0,1,1,1,0,1,0,1,0,1,1,0,0,0,0,0,1,1,0,0,0,0,0,0,0,0,0,8400000,1274,2,6593.406593406594,Kukatpally,2 BHK,1000-1500 sqft,Valid,Hyderabad,Not available in source data,15,35
7980000,1400,Kokapet,3,0,0,1,1,0,0,0,0,0,1,1,0,1,0,0,1,0,0,0,0,0,0,0,0,0,1,1,0,0,0,0,0,0,0,0,0,7980000,1400,3,5700.0,Kokapet,3 BHK,1000-1500 sqft,Valid,Hyderabad,Not available in source data,8,35
6500000,1621,Narayanguda,3,1,0,0,0,0,0,0,0,0,0,0,0,0,0,0,0,0,0,0,0,0,0,0,0,0,0,0,0,0,0,0,0,0,0,0,0,6500000,1621,3,4009.870450339297,Narayanguda,3 BHK,1500-2500 sqft,Valid,Hyderabad,Not available in source data,0,35
10200000,1800,Kokapet,3,0,0,1,1,0,0,0,0,0,1,1,0,1,0,0,1,0,0,0,0,0,0,0,0,0,1,1,0,0,0,0,0,0,0,0,0,10200000,1800,3,5666.666666666667,Kokapet,3 BHK,1500-2500 sqft,Valid,Hyderabad,Not available in source data,8,35
4800000,1200,Nizampet,2,0,0,0,0,0,0,0,0,0,1,1,0,1,0,0,1,0,0,0,0,0,0,0,0,0,1,1,0,0,0,0,0,0,0,0,0,4800000,1200,2,4000.0,Nizampet,2 BHK,1000-1500 sqft,Valid,Hyderabad,Not available in source data,6,35
4099000,1400,Kollur,3,0,0,1,1,0,0,0,0,0,1,1,0,1,0,0,1,0,0,0,0,0,0,0,0,0,1,1,0,0,0,0,0,0,0,0,0,4099000,1400,3,2927.8571428571427,Kollur,3 BHK,1000-1500 sqft,Valid,Hyderabad,Not available in source data,8,35
4800000,1200,Nizampet,2,0,0,1,1,0,0,0,0,0,1,1,0,1,0,0,1,0,0,0,0,0,0,0,0,0,1,1,0,0,0,0,0,0,0,0,0,4800000,1200,2,4000.0,Nizampet,2 BHK,1000-1500 sqft,Valid,Hyderabad,Not available in source data,8,35
4158000,1155,Bachupally Road,2,0,0,0,0,0,0,0,0,0,0,0,0,0,0,0,0,0,0,0,0,0,0,0,0,0,0,0,0,0,0,0,0,0,0,0,0,4158000,1155,2,3600.0,Bachupally Road,2 BHK,1000-1500 sqft,Valid,Hyderabad,Not available in source data,0,35
4239000,1175,Bachupally Road,2,0,0,0,0,0,0,0,0,0,0,0,0,0,0,0,0,0,0,0,0,0,0,0,0,0,0,0,0,0,0,0,0,0,0,0,0,4239000,1175,2,3607.659574468085,Bachupally Road,2 BHK,1000-1500 sqft,Valid,Hyderabad,Not available in source data,0,35
4500000,1128,Pragathi Nagar,3,0,0,0,0,0,0,0,0,0,0,0,0,0,0,1,1,1,0,0,0,0,0,0,0,0,0,1,0,0,0,0,0,0,0,0,0,4500000,1128,3,3989.3617021276596,Pragathi Nagar,3 BHK,1000-1500 sqft,Valid,Hyderabad,Not available in source data,4,35
7000000,1150,Amberpet,2,0,0,0,0,0,0,0,0,0,0,0,0,0,0,0,0,0,0,0,0,0,0,0,0,0,0,0,0,0,0,0,0,0,0,0,0,7000000,1150,2,6086.95652173913,Amberpet,2 BHK,1000-1500 sqft,Valid,Hyderabad,Not available in source data,0,35
11299999,2026,TellapurOsman Nagar Road,3,0,1,1,1,1,1,1,0,0,1,1,0,1,0,1,1,1,0,1,1,0,0,0,0,0,1,1,0,1,0,0,0,0,0,0,0,11299999,2026,3,5577.49210266535,TellapurOsman Nagar Road,3 BHK,1500-2500 sqft,Valid,Hyderabad,Not available in source data,17,35
10500000,1880,TellapurOsman Nagar Road,3,0,0,1,1,1,1,1,0,0,1,1,0,1,0,1,1,1,0,1,1,0,0,0,0,0,1,1,0,1,0,0,0,0,0,0,0,10500000,1880,3,5585.106382978724,TellapurOsman Nagar Road,3 BHK,1500-2500 sqft,Valid,Hyderabad,Not available in source data,16,35
10200000,1880,Tellapur,3,0,0,1,1,1,1,1,1,0,1,1,0,1,0,1,1,1,0,1,0,0,0,0,0,0,1,1,0,1,0,0,0,0,0,0,0,10200000,1880,3,5425.531914893617,Tellapur,3 BHK,1500-2500 sqft,Valid,Hyderabad,Not available in source data,16,35
4000000,1350,Old Bowenpally,3,1,0,0,0,0,0,0,0,0,0,0,0,0,0,0,0,0,0,0,0,0,0,0,0,0,0,0,0,0,0,0,0,0,0,0,0,4000000,1350,3,2962.962962962963,Old Bowenpally,3 BHK,1000-1500 sqft,Valid,Hyderabad,Not available in source data,0,35
8150000,1650,Serilingampally,3,0,0,0,0,0,0,1,0,0,0,0,0,0,0,1,1,1,0,0,0,0,0,0,0,0,0,1,0,1,0,0,0,0,0,0,0,8150000,1650,3,4939.393939393939,Serilingampally,3 BHK,1500-2500 sqft,Valid,Hyderabad,Not available in source data,6,35
8200000,1650,Serilingampally,3,0,0,0,0,0,0,1,0,0,0,0,0,0,0,1,1,1,0,0,0,0,0,0,0,0,0,1,0,1,0,0,0,0,0,0,0,8200000,1650,3,4969.69696969697,Serilingampally,3 BHK,1500-2500 sqft,Valid,Hyderabad,Not available in source data,6,35
4940000,1235,Moula Ali,2,0,0,0,0,0,0,0,0,0,0,0,0,0,0,0,0,0,0,0,0,0,0,0,0,0,0,0,0,0,0,0,0,0,0,0,0,4940000,1235,2,4000.0,Moula Ali,2 BHK,1000-1500 sqft,Valid,Hyderabad,Not available in source data,0,35
8150000,1650,Serilingampally,3,0,0,0,0,0,0,1,0,0,1,0,0,0,0,1,1,1,0,0,0,0,0,0,0,0,0,1,0,1,0,0,0,0,0,0,0,8150000,1650,3,4939.393939393939,Serilingampally,3 BHK,1500-2500 sqft,Valid,Hyderabad,Not available in source data,7,35
7500000,1700,Alapathi Nagar,3,1,0,0,0,0,0,0,0,0,0,0,0,0,0,0,1,1,0,0,0,0,0,0,0,0,0,1,0,0,0,0,0,0,0,0,0,7500000,1700,3,4411.764705882353,Alapathi Nagar,3 BHK,1500-2500 sqft,Valid,Hyderabad,Not available in source data,3,35
3500000,960,Arvind Nagar Colony,3,1,0,0,0,0,0,0,0,0,0,0,0,0,0,0,0,0,0,0,0,0,0,0,0,0,0,1,0,0,0,0,0,0,0,0,0,3500000,960,3,3645.8333333333335,Arvind Nagar Colony,3 BHK,500-1000 sqft,Valid,Hyderabad,Not available in source data,1,35
7000000,1370,Kondapur,2,0,0,0,0,0,0,0,0,0,0,0,0,0,0,0,0,0,0,0,0,0,0,0,0,0,0,0,0,0,0,0,0,0,0,0,0,7000000,1370,2,5109.489051094891,Kondapur,2 BHK,1000-1500 sqft,Valid,Hyderabad,Not available in source data,0,35
8000000,1216,Kukatpally,2,0,0,1,1,1,1,1,1,0,0,1,1,1,0,1,0,1,0,1,1,0,0,0,0,0,1,1,0,0,0,0,0,0,0,0,0,8000000,1216,2,6578.9473684210525,Kukatpally,2 BHK,1000-1500 sqft,Valid,Hyderabad,Not available in source data,15,35
11299999,2026,Tellapur,3,0,1,1,1,1,1,1,1,0,1,1,0,1,0,1,1,1,1,1,1,0,0,0,0,0,1,1,0,1,0,1,0,0,0,0,0,11299999,2026,3,5577.49210266535,Tellapur,3 BHK,1500-2500 sqft,Valid,Hyderabad,Not available in source data,20,35
8000000,1570,Kondapur,3,0,0,0,0,0,0,0,0,0,0,0,0,0,0,0,0,0,0,0,0,0,0,0,0,0,0,0,0,0,0,0,0,0,0,0,0,8000000,1570,3,5095.541401273886,Kondapur,3 BHK,1500-2500 sqft,Valid,Hyderabad,Not available in source data,0,35
6786000,1170,Matrusri Nagar,2,0,0,0,0,0,0,0,0,0,0,0,0,0,0,0,1,1,0,0,0,0,0,0,0,0,0,1,0,0,0,0,0,0,0,0,0,6786000,1170,2,5800.0,Matrusri Nagar,2 BHK,1000-1500 sqft,Valid,Hyderabad,Not available in source data,3,35
6000000,1515,Pragathi Nagar Kukatpally,3,0,0,0,0,0,0,0,0,0,0,0,0,0,0,0,0,1,0,0,0,0,0,0,0,0,0,1,0,1,0,0,0,0,0,0,0,6000000,1515,3,3960.3960396039606,Pragathi Nagar Kukatpally,3 BHK,1500-2500 sqft,Valid,Hyderabad,Not available in source data,3,35
6323000,1471,Attapur,2,0,0,1,0,0,0,0,0,0,1,1,0,1,0,0,1,0,0,0,0,0,0,0,0,0,1,1,0,0,0,0,0,0,0,0,0,6323000,1471,2,4298.436437797417,Attapur,2 BHK,1000-1500 sqft,Valid,Hyderabad,Not available in source data,7,35
6319000,1470,Attapur,2,0,0,1,0,0,0,0,0,0,1,1,0,1,0,0,1,0,0,0,0,0,0,0,0,0,1,1,0,0,0,0,0,0,0,0,0,6319000,1470,2,4298.639455782313,Attapur,2 BHK,1000-1500 sqft,Valid,Hyderabad,Not available in source data,7,35
8404000,1955,Attapur,3,0,0,1,0,0,0,0,0,0,1,1,0,1,0,0,1,0,0,0,0,0,0,0,0,0,1,1,0,0,0,0,0,0,0,0,0,8404000,1955,3,4298.721227621483,Attapur,3 BHK,1500-2500 sqft,Valid,Hyderabad,Not available in source data,7,35
4500000,1000,Nizampet,2,1,0,0,0,0,0,0,0,0,0,0,0,0,0,1,1,1,0,0,0,0,0,0,0,0,0,1,0,0,0,0,0,0,0,1,0,4500000,1000,2,4500.0,Nizampet,2 BHK,1000-1500 sqft,Valid,Hyderabad,Not available in source data,5,35
6000000,1515,Pragathi Nagar Road,3,0,0,0,0,0,0,1,0,0,0,0,0,0,0,1,1,1,0,0,0,0,0,0,0,0,0,1,0,1,0,0,0,0,0,0,0,6000000,1515,3,3960.3960396039606,Pragathi Nagar Road,3 BHK,1500-2500 sqft,Valid,Hyderabad,Not available in source data,6,35
40000000,2865,Madhapur,4,1,0,1,1,0,1,1,1,0,0,0,0,1,0,1,1,1,0,1,1,0,0,0,0,0,1,1,0,1,0,0,0,0,0,0,0,40000000,2865,4,13961.605584642233,Madhapur,4 BHK,2500+ sqft,Valid,Hyderabad,Not available in source data,14,35
7317000,1090,Kukatpally,2,0,0,0,0,0,0,0,0,0,0,0,0,0,0,1,1,1,0,0,0,0,0,0,0,0,1,1,0,0,0,0,0,0,0,0,0,7317000,1090,2,6712.844036697248,Kukatpally,2 BHK,1000-1500 sqft,Valid,Hyderabad,Not available in source data,5,35
6500000,950,Padma Colony,2,1,0,0,0,0,0,0,0,0,0,0,0,0,0,0,0,0,0,0,0,0,0,0,0,0,0,0,0,0,0,0,0,0,0,0,0,6500000,950,2,6842.105263157895,Padma Colony,2 BHK,500-1000 sqft,Valid,Hyderabad,Not available in source data,0,35
10500000,1880,TellapurOsman Nagar Road,3,0,1,1,1,1,1,1,1,0,1,1,0,1,0,1,1,1,0,1,0,0,0,0,0,0,1,1,0,1,0,0,0,0,0,0,0,10500000,1880,3,5585.106382978724,TellapurOsman Nagar Road,3 BHK,1500-2500 sqft,Valid,Hyderabad,Not available in source data,17,35
15500000,2220,Nanakramguda,3,0,1,1,1,1,1,1,1,1,1,1,1,1,0,1,1,1,0,0,1,0,0,0,0,0,1,1,0,1,0,0,0,0,0,0,0,15500000,2220,3,6981.981981981982,Nanakramguda,3 BHK,1500-2500 sqft,Valid,Hyderabad,Not available in source data,19,35
9120000,1600,Kokapet,3,0,0,1,1,0,0,0,0,0,1,1,0,1,0,0,1,0,0,0,0,0,0,0,0,0,1,1,0,0,0,0,0,0,0,0,0,9120000,1600,3,5700.0,Kokapet,3 BHK,1500-2500 sqft,Valid,Hyderabad,Not available in source data,8,35
4804000,1201,Nizampet,2,0,0,1,0,0,0,0,0,0,1,1,0,1,0,0,1,0,0,0,0,0,0,0,0,0,1,1,0,0,0,0,0,0,0,0,0,4804000,1201,2,4000.0,Nizampet,2 BHK,1000-1500 sqft,Valid,Hyderabad,Not available in source data,7,35
5000000,1150,Nizampet,2,1,0,0,0,0,0,0,0,0,0,0,0,0,0,0,0,0,0,0,0,0,0,0,0,0,0,0,0,0,0,0,0,0,0,0,0,5000000,1150,2,4347.826086956522,Nizampet,2 BHK,1000-1500 sqft,Valid,Hyderabad,Not available in source data,0,35
4600000,1050,Gajularamaram,2,0,0,0,1,0,0,1,0,0,0,0,0,0,0,1,1,1,0,0,0,0,0,0,0,0,0,1,0,1,0,0,0,0,0,0,0,4600000,1050,2,4380.952380952381,Gajularamaram,2 BHK,1000-1500 sqft,Valid,Hyderabad,Not available in source data,7,35
6600000,1555,Gajularamaram,3,0,0,0,1,0,1,1,0,0,0,0,0,0,0,1,1,1,0,0,0,0,0,0,0,0,0,1,0,1,0,0,0,0,0,0,0,6600000,1555,3,4244.372990353698,Gajularamaram,3 BHK,1500-2500 sqft,Valid,Hyderabad,Not available in source data,8,35
10200000,1880,TellapurOsman Nagar Road,3,0,0,1,1,1,1,1,1,0,1,1,0,1,0,1,1,1,0,1,0,0,0,0,0,0,1,1,0,1,0,0,0,0,0,0,0,10200000,1880,3,5425.531914893617,TellapurOsman Nagar Road,3 BHK,1500-2500 sqft,Valid,Hyderabad,Not available in source data,16,35
21000000,2380,Hitech City,3,0,0,1,1,0,1,1,0,1,0,0,1,1,1,1,1,1,0,0,0,1,0,0,0,0,0,1,0,1,0,0,0,0,0,0,0,21000000,2380,3,8823.529411764706,Hitech City,3 BHK,1500-2500 sqft,Valid,Hyderabad,Not available in source data,14,35
6000000,1402,Happy Homes Colony,3,1,0,0,0,0,0,0,0,0,0,0,0,0,0,1,0,1,0,0,0,0,0,0,0,0,0,1,0,0,0,0,0,0,0,0,0,6000000,1402,3,4279.600570613409,Happy Homes Colony,3 BHK,1000-1500 sqft,Valid,Hyderabad,Not available in source data,3,35
4500000,1120,Pragathi Nagar,3,0,0,0,0,0,0,0,0,0,0,0,0,0,0,1,1,1,0,0,0,0,0,0,0,0,0,1,0,0,0,0,0,0,0,1,0,4500000,1120,3,4017.8571428571427,Pragathi Nagar,3 BHK,1000-1500 sqft,Valid,Hyderabad,Not available in source data,5,35
8000000,1650,Serilingampally,3,0,0,0,0,0,0,1,0,0,0,0,0,0,0,1,1,1,0,0,0,0,0,0,0,0,0,1,0,1,0,0,0,0,0,0,0,8000000,1650,3,4848.484848484848,Serilingampally,3 BHK,1500-2500 sqft,Valid,Hyderabad,Not available in source data,6,35
8000000,1650,Serilingampally,3,0,0,0,0,0,0,0,0,0,0,0,0,0,0,0,0,0,0,0,0,0,0,0,0,0,0,0,0,1,0,0,0,0,0,0,0,8000000,1650,3,4848.484848484848,Serilingampally,3 BHK,1500-2500 sqft,Valid,Hyderabad,Not available in source data,1,35
9447000,1687,Tellapur,3,0,0,1,1,1,1,1,1,1,1,1,0,1,0,1,1,1,0,1,1,0,0,0,0,0,1,1,0,1,0,1,0,0,0,0,0,9447000,1687,3,5599.881446354475,Tellapur,3 BHK,1500-2500 sqft,Valid,Hyderabad,Not available in source data,19,35
3500000,800,Uppal,2,1,0,0,0,0,0,0,0,0,0,0,0,0,0,0,0,0,0,0,0,0,0,0,0,0,0,0,0,0,0,0,0,0,0,0,0,3500000,800,2,4375.0,Uppal,2 BHK,500-1000 sqft,Valid,Hyderabad,Not available in source data,0,35
9500000,1441,Kukatpally,2,0,0,1,1,1,1,1,1,0,0,1,1,1,0,1,0,1,0,1,1,0,0,0,0,0,1,1,0,0,0,0,0,0,0,0,0,9500000,1441,2,6592.64399722415,Kukatpally,2 BHK,1000-1500 sqft,Valid,Hyderabad,Not available in source data,15,35
4070000,1100,Yapral,2,0,0,0,0,0,0,0,0,0,0,0,0,0,0,1,1,1,0,0,0,0,0,0,0,0,0,0,0,0,0,0,0,0,0,0,0,4070000,1100,2,3700.0,Yapral,2 BHK,1000-1500 sqft,Valid,Hyderabad,Not available in source data,3,35
13700000,2150,Tellapur,3,0,0,1,1,1,1,1,1,1,1,1,0,1,0,1,1,1,0,1,1,0,0,0,0,0,1,1,0,1,0,1,0,0,0,0,0,13700000,2150,3,6372.093023255814,Tellapur,3 BHK,1500-2500 sqft,Valid,Hyderabad,Not available in source data,19,35
6000000,1515,Pragathi Nagar Kukatpally,3,0,0,0,0,0,0,1,0,0,0,0,0,0,0,1,1,1,0,0,0,0,0,0,0,0,0,1,0,1,0,0,0,0,0,0,0,6000000,1515,3,3960.3960396039606,Pragathi Nagar Kukatpally,3 BHK,1500-2500 sqft,Valid,Hyderabad,Not available in source data,6,35
2300000,600,Old Nallakunta,1,1,0,0,0,0,0,0,0,0,0,0,0,0,0,0,0,0,0,0,0,0,0,0,0,0,0,0,0,0,0,0,0,0,0,0,0,2300000,600,1,3833.3333333333335,Old Nallakunta,1 BHK,500-1000 sqft,Valid,Hyderabad,Not available in source data,0,35
16000000,1880,Kondapur,3,0,1,1,1,1,1,1,1,0,1,1,1,1,0,1,1,1,1,1,1,0,0,1,0,0,1,1,0,1,0,0,0,0,0,0,0,16000000,1880,3,8510.63829787234,Kondapur,3 BHK,1500-2500 sqft,Valid,Hyderabad,Not available in source data,21,35
8766000,1538,Tellapur,3,0,0,1,1,1,1,1,1,1,1,1,0,1,0,1,1,1,0,1,1,0,0,0,0,0,1,1,0,1,0,1,0,0,0,0,0,8766000,1538,3,5699.609882964889,Tellapur,3 BHK,1500-2500 sqft,Valid,Hyderabad,Not available in source data,19,35
10700000,1920,Miyapur,3,0,1,1,1,1,1,1,1,0,1,1,0,1,0,1,1,1,0,0,0,0,0,0,0,0,1,1,0,1,0,0,0,0,0,0,0,10700000,1920,3,5572.916666666667,Miyapur,3 BHK,1500-2500 sqft,Valid,Hyderabad,Not available in source data,16,35
8573000,1190,Miyapur,2,0,1,1,1,1,1,1,1,0,1,0,0,1,0,1,1,1,0,0,0,0,0,0,0,0,1,1,0,1,0,0,0,0,0,0,0,8573000,1190,2,7204.201680672269,Miyapur,2 BHK,1000-1500 sqft,Valid,Hyderabad,Not available in source data,15,35
18400000,2925,Serilingampally,4,0,0,1,1,1,1,1,1,0,1,1,0,1,0,1,1,1,1,1,0,0,0,0,0,1,1,1,0,1,0,0,0,0,0,0,0,18400000,2925,4,6290.598290598291,Serilingampally,4 BHK,2500+ sqft,Valid,Hyderabad,Not available in source data,18,35
12400000,2150,Kokapet,3,0,0,1,1,1,1,1,1,0,1,0,0,1,0,1,1,0,0,1,1,0,0,0,0,0,1,1,0,1,0,0,0,0,0,0,0,12400000,2150,3,5767.441860465116,Kokapet,3 BHK,1500-2500 sqft,Valid,Hyderabad,Not available in source data,15,35
11200000,1695,Kukatpally,3,0,0,0,0,0,0,0,0,0,0,0,0,0,0,1,1,1,0,0,0,0,0,0,0,0,0,1,0,0,0,0,0,0,0,0,0,11200000,1695,3,6607.669616519174,Kukatpally,3 BHK,1500-2500 sqft,Valid,Hyderabad,Not available in source data,4,35
5999000,2700,Sangeet Nagar,2,0,0,0,0,0,0,0,0,0,0,0,0,0,0,0,0,0,0,0,0,0,0,0,0,0,0,0,0,0,0,0,0,0,0,0,0,5999000,2700,2,2221.8518518518517,Sangeet Nagar,2 BHK,2500+ sqft,Valid,Hyderabad,Not available in source data,0,35
6000000,1250,Karmanghat,2,0,0,0,0,0,0,0,0,0,0,0,0,0,0,0,0,0,0,0,0,0,0,0,0,0,0,0,0,0,0,0,0,0,0,0,0,6000000,1250,2,4800.0,Karmanghat,2 BHK,1000-1500 sqft,Valid,Hyderabad,Not available in source data,0,35
5600000,1100,NRSA Colony,2,0,0,0,0,0,0,1,0,0,0,0,0,0,0,1,1,1,0,0,0,0,0,0,0,0,0,1,0,1,0,0,0,0,0,0,0,5600000,1100,2,5090.909090909091,NRSA Colony,2 BHK,1000-1500 sqft,Valid,Hyderabad,Not available in source data,6,35
3510000,1003,Miyapur,2,0,0,0,0,0,0,0,0,0,0,0,0,0,0,0,0,0,0,0,0,0,0,0,0,0,0,0,0,0,0,0,0,0,0,0,0,3510000,1003,2,3499.5014955134598,Miyapur,2 BHK,1000-1500 sqft,Valid,Hyderabad,Not available in source data,0,35
2800000,1400,Adibatla,3,0,0,0,0,0,0,0,0,0,0,0,0,0,0,0,0,0,0,0,0,0,0,0,0,0,0,0,0,0,0,0,0,0,0,0,0,2800000,1400,3,2000.0,Adibatla,3 BHK,1000-1500 sqft,Valid,Hyderabad,Not available in source data,0,35
21000000,5000,Manikonda,6,0,0,0,0,0,0,0,0,0,0,0,0,0,0,0,0,1,0,0,0,0,0,0,0,0,0,0,0,0,0,0,0,0,0,0,0,21000000,5000,6,4200.0,Manikonda,5+ BHK,2500+ sqft,Valid,Hyderabad,Not available in source data,1,35
3500000,850,Methodist Colony,2,1,0,0,0,0,0,0,0,0,0,0,0,0,0,0,0,0,0,0,0,0,0,0,0,0,0,0,0,0,0,0,0,0,0,0,0,3500000,850,2,4117.64705882353,Methodist Colony,2 BHK,500-1000 sqft,Valid,Hyderabad,Not available in source data,0,35
8000000,1800,Ameerpet,3,1,0,0,0,0,0,0,0,0,0,0,0,0,0,0,1,1,0,0,0,0,1,1,1,1,0,0,1,0,1,0,1,1,1,1,1,8000000,1800,3,4444.444444444444,Ameerpet,3 BHK,1500-2500 sqft,Valid,Hyderabad,Not available in source data,13,35
5187000,1235,Moula Ali,2,0,0,1,0,0,0,1,0,0,0,0,0,0,0,1,1,1,0,0,0,0,0,0,0,0,1,1,0,1,0,0,0,0,0,0,0,5187000,1235,2,4200.0,Moula Ali,2 BHK,1000-1500 sqft,Valid,Hyderabad,Not available in source data,8,35
6000000,1515,Pragathi Nagar Kukatpally,2,0,0,0,0,0,0,0,0,0,0,0,0,0,0,0,0,1,0,0,0,0,0,0,0,0,0,1,0,1,0,0,0,0,0,0,0,6000000,1515,2,3960.3960396039606,Pragathi Nagar Kukatpally,2 BHK,1500-2500 sqft,Valid,Hyderabad,Not available in source data,3,35
2700000,750,BK Guda Internal Road,2,1,0,0,0,0,0,0,0,0,0,0,0,0,0,0,0,0,0,0,0,0,0,0,0,0,0,0,0,0,0,0,0,0,0,0,0,2700000,750,2,3600.0,BK Guda Internal Road,2 BHK,500-1000 sqft,Valid,Hyderabad,Not available in source data,0,35
4000000,900,West Marredpally,2,1,0,0,0,0,0,0,0,0,0,0,0,0,0,1,0,1,0,0,0,0,0,0,0,0,0,0,0,0,0,0,0,0,0,0,0,4000000,900,2,4444.444444444444,West Marredpally,2 BHK,500-1000 sqft,Valid,Hyderabad,Not available in source data,2,35
35000000,3300,Banjara Hills,4,1,1,1,0,1,0,1,0,1,1,0,1,0,1,1,1,1,1,0,1,1,0,0,0,0,1,1,0,1,0,0,0,0,0,0,0,35000000,3300,4,10606.060606060606,Banjara Hills,4 BHK,2500+ sqft,Valid,Hyderabad,Not available in source data,17,35
8000000,1538,Tellapur,3,0,0,1,1,1,1,1,1,1,1,1,0,1,0,1,1,1,0,1,1,0,0,0,0,0,1,1,0,1,0,1,0,0,0,0,0,8000000,1538,3,5201.560468140442,Tellapur,3 BHK,1500-2500 sqft,Valid,Hyderabad,Not available in source data,19,35
6800000,1195,Kondapur,2,1,0,0,0,0,0,0,0,0,0,0,0,0,0,0,0,0,0,0,0,0,0,0,0,0,0,0,0,0,0,0,0,0,0,0,0,6800000,1195,2,5690.376569037657,Kondapur,2 BHK,1000-1500 sqft,Valid,Hyderabad,Not available in source data,0,35
4179999,1100,Pragathi Nagar Kukatpally,2,0,1,0,0,1,1,1,0,1,1,1,1,0,1,1,1,1,1,0,1,1,0,0,0,0,0,1,0,1,0,0,0,0,0,1,0,4179999,1100,2,3799.9990909090907,Pragathi Nagar Kukatpally,2 BHK,1000-1500 sqft,Valid,Hyderabad,Not available in source data,18,35
4856000,1214,Miyapur,2,0,0,1,0,1,1,0,1,0,0,0,0,1,0,1,1,1,0,0,0,0,1,1,0,1,1,1,0,0,1,0,0,1,1,0,1,4856000,1214,2,4000.0,Miyapur,2 BHK,1000-1500 sqft,Valid,Hyderabad,Not available in source data,17,35
4230000,1175,Bachupally Road,2,0,0,0,0,0,0,0,0,0,1,0,0,0,0,0,0,0,0,0,0,0,0,0,0,0,0,0,0,0,0,0,0,0,0,0,0,4230000,1175,2,3600.0,Bachupally Road,2 BHK,1000-1500 sqft,Valid,Hyderabad,Not available in source data,1,35
4158000,1155,Bachupally Road,2,0,0,0,0,0,0,0,0,0,1,0,0,0,0,0,0,0,0,0,0,0,0,0,0,0,0,0,0,0,0,0,0,0,0,0,0,4158000,1155,2,3600.0,Bachupally Road,2 BHK,1000-1500 sqft,Valid,Hyderabad,Not available in source data,1,35
4236000,1175,Bachupally Road,2,0,0,0,0,0,0,0,0,0,0,0,0,0,0,0,0,0,0,0,0,0,0,0,0,0,0,0,0,0,0,0,0,0,0,0,0,4236000,1175,2,3605.1063829787236,Bachupally Road,2 BHK,1000-1500 sqft,Valid,Hyderabad,Not available in source data,0,35
4236000,1175,Bachupally Road,2,0,0,0,0,0,0,0,0,0,1,0,0,0,0,0,0,0,0,0,1,0,0,0,0,0,0,0,0,0,0,0,0,0,0,0,0,4236000,1175,2,3605.1063829787236,Bachupally Road,2 BHK,1000-1500 sqft,Valid,Hyderabad,Not available in source data,2,35
5654000,1028,ALIND Employees Colony,2,0,0,0,0,0,0,0,0,0,0,0,0,0,0,0,1,1,0,0,0,0,0,0,0,0,0,1,0,0,0,0,0,0,0,0,0,5654000,1028,2,5500.0,ALIND Employees Colony,2 BHK,1000-1500 sqft,Valid,Hyderabad,Not available in source data,3,35
4000000,1350,Khizra Enclave,3,0,0,0,0,0,0,0,0,0,0,0,0,0,0,0,1,0,0,0,0,0,0,0,0,0,0,0,0,0,0,0,0,0,0,0,0,4000000,1350,3,2962.962962962963,Khizra Enclave,3 BHK,1000-1500 sqft,Valid,Hyderabad,Not available in source data,1,35
3700000,1050,Medchal,2,0,0,0,0,0,0,0,0,0,0,0,0,0,0,1,1,1,0,0,0,0,0,0,0,0,0,0,0,0,0,0,0,0,0,0,0,3700000,1050,2,3523.809523809524,Medchal,2 BHK,1000-1500 sqft,Valid,Hyderabad,Not available in source data,3,35
5600000,1300,LB Nagar,3,0,0,0,0,0,0,0,0,0,0,0,0,0,0,0,0,0,0,0,0,0,0,0,0,0,0,0,0,0,0,0,0,0,0,0,0,5600000,1300,3,4307.692307692308,LB Nagar,3 BHK,1000-1500 sqft,Valid,Hyderabad,Not available in source data,0,35
3750000,1500,Beeramguda,3,0,0,0,0,0,0,0,0,0,0,0,0,0,0,0,0,0,0,0,0,0,0,0,0,0,0,0,0,0,0,0,0,0,0,0,0,3750000,1500,3,2500.0,Beeramguda,3 BHK,1500-2500 sqft,Valid,Hyderabad,Not available in source data,0,35
3500000,1400,Krishna Reddy Pet,3,0,0,0,0,0,0,0,0,0,0,0,0,0,0,0,0,0,0,0,0,0,0,0,0,0,0,0,0,0,0,0,0,0,0,0,0,3500000,1400,3,2500.0,Krishna Reddy Pet,3 BHK,1000-1500 sqft,Valid,Hyderabad,Not available in source data,0,35
4700000,1130,LB Nagar,2,0,0,0,0,0,0,0,0,0,0,0,0,0,0,0,0,0,0,0,0,0,0,0,0,0,0,0,0,0,0,0,0,0,0,0,0,4700000,1130,2,4159.29203539823,LB Nagar,2 BHK,1000-1500 sqft,Valid,Hyderabad,Not available in source data,0,35
4600000,1500,Dammaiguda,3,1,1,0,0,0,0,1,0,1,0,0,1,0,1,1,0,1,1,0,0,1,0,0,0,0,1,1,0,1,0,0,0,0,0,0,0,4600000,1500,3,3066.6666666666665,Dammaiguda,3 BHK,1500-2500 sqft,Valid,Hyderabad,Not available in source data,12,35
30000000,3000,Jubilee Hills,3,0,1,1,0,1,0,1,0,1,1,0,1,0,1,1,1,1,1,0,1,1,0,0,0,0,1,1,0,1,0,0,0,0,0,0,0,30000000,3000,3,10000.0,Jubilee Hills,3 BHK,2500+ sqft,Valid,Hyderabad,Not available in source data,17,35
8100000,1650,Serilingampally,3,0,0,0,0,0,0,1,0,0,1,0,0,0,0,1,1,1,0,0,0,0,0,0,0,0,0,1,0,1,0,0,0,0,0,0,0,8100000,1650,3,4909.090909090909,Serilingampally,3 BHK,1500-2500 sqft,Valid,Hyderabad,Not available in source data,7,35
5500000,1100,Padmarao Nagar,3,1,0,0,0,0,0,0,0,0,0,0,0,0,0,0,0,0,0,0,0,0,0,0,0,0,0,0,0,0,0,0,0,0,0,0,0,5500000,1100,3,5000.0,Padmarao Nagar,3 BHK,1000-1500 sqft,Valid,Hyderabad,Not available in source data,0,35
4680000,1200,Bachupally,2,0,0,0,0,0,0,0,0,0,0,0,0,0,0,1,1,1,0,0,0,0,0,0,0,0,0,0,0,0,0,0,0,0,0,0,0,4680000,1200,2,3900.0,Bachupally,2 BHK,1000-1500 sqft,Valid,Hyderabad,Not available in source data,3,35
4230000,1175,Bachupally Road,2,0,0,0,0,0,0,0,0,0,0,0,0,0,0,0,0,0,0,0,0,0,0,0,0,0,0,0,0,0,0,0,0,0,0,0,0,4230000,1175,2,3600.0,Bachupally Road,2 BHK,1000-1500 sqft,Valid,Hyderabad,Not available in source data,0,35
8800000,1620,Gajulramaram Kukatpally,3,0,0,1,1,1,1,1,1,0,1,1,0,1,1,1,1,1,0,0,1,0,0,0,0,0,1,1,0,0,0,0,0,0,0,0,0,8800000,1620,3,5432.098765432099,Gajulramaram Kukatpally,3 BHK,1500-2500 sqft,Valid,Hyderabad,Not available in source data,16,35
4200000,1100,Pragathi Nagar Kukatpally,2,0,0,0,0,0,0,0,0,0,0,0,0,0,0,0,1,1,0,0,0,0,0,0,0,0,0,1,0,0,0,0,0,0,0,0,0,4200000,1100,2,3818.181818181818,Pragathi Nagar Kukatpally,2 BHK,1000-1500 sqft,Valid,Hyderabad,Not available in source data,3,35
5061000,1205,Miyapur,2,0,0,0,0,0,0,0,0,0,0,0,0,0,0,0,1,1,0,0,0,0,0,0,0,0,0,1,0,0,0,0,0,0,0,0,0,5061000,1205,2,4200.0,Miyapur,2 BHK,1000-1500 sqft,Valid,Hyderabad,Not available in source data,3,35
4600000,1180,Nizampet,2,0,0,0,0,0,0,0,0,0,0,0,0,0,0,0,1,1,0,0,0,0,0,0,0,0,0,1,0,0,0,0,0,0,0,0,0,4600000,1180,2,3898.3050847457625,Nizampet,2 BHK,1000-1500 sqft,Valid,Hyderabad,Not available in source data,3,35
10900000,1591,Kukatpally,3,0,1,1,1,1,1,1,1,1,1,1,1,1,0,1,1,1,0,1,1,0,0,0,0,0,1,1,0,1,0,0,0,0,0,0,0,10900000,1591,3,6851.0370835952235,Kukatpally,3 BHK,1500-2500 sqft,Valid,Hyderabad,Not available in source data,20,35
11000000,1441,Banjara Hills,2,1,0,0,0,0,0,0,0,0,0,0,0,0,0,0,1,1,0,0,0,0,0,0,0,0,0,0,0,0,0,0,0,0,0,0,0,11000000,1441,2,7633.587786259542,Banjara Hills,2 BHK,1000-1500 sqft,Valid,Hyderabad,Not available in source data,2,35
3148000,1050,Gachibowli,2,0,1,1,1,1,1,1,0,0,1,1,0,1,0,1,1,1,0,1,1,0,0,0,0,1,1,1,0,1,0,0,0,0,0,1,0,3148000,1050,2,2998.095238095238,Gachibowli,2 BHK,1000-1500 sqft,Valid,Hyderabad,Not available in source data,19,35
6325000,1665,Gachibowli,3,0,1,1,1,1,1,1,1,0,1,1,0,1,0,1,1,1,0,1,1,0,0,0,0,1,1,1,0,1,0,0,0,0,0,1,0,6325000,1665,3,3798.798798798799,Gachibowli,3 BHK,1500-2500 sqft,Valid,Hyderabad,Not available in source data,20,35
4748000,1250,Gachibowli,2,0,0,1,1,1,0,0,0,0,0,0,0,0,0,1,1,1,0,0,0,0,0,0,0,1,0,1,0,0,0,0,0,1,0,1,0,4748000,1250,2,3798.4,Gachibowli,2 BHK,1000-1500 sqft,Valid,Hyderabad,Not available in source data,10,35
5652000,1256,Suchitra,2,0,1,1,1,0,1,1,1,0,0,0,0,0,0,1,1,1,0,0,0,0,0,0,0,0,1,1,0,1,0,0,0,0,0,0,0,5652000,1256,2,4500.0,Suchitra,2 BHK,1000-1500 sqft,Valid,Hyderabad,Not available in source data,12,35
38700000,4320,Whitefields,4,0,0,1,1,1,0,0,0,0,1,1,0,1,0,1,1,1,0,0,0,0,0,0,0,0,1,1,0,0,0,0,0,0,0,0,0,38700000,4320,4,8958.333333333334,Whitefields,4 BHK,2500+ sqft,Valid,Hyderabad,Not available in source data,11,35
10000000,1735,Kokapet,3,0,0,1,1,1,1,1,1,0,1,0,0,1,0,1,1,0,0,1,1,0,0,0,0,0,1,1,0,1,0,0,0,0,0,0,0,10000000,1735,3,5763.688760806916,Kokapet,3 BHK,1500-2500 sqft,Valid,Hyderabad,Not available in source data,15,35
6500000,1150,Mayuri Nagar,2,1,0,0,0,1,0,1,0,0,0,0,0,0,0,1,1,1,0,0,0,0,0,0,0,0,1,1,0,0,0,0,0,0,0,1,0,6500000,1150,2,5652.173913043478,Mayuri Nagar,2 BHK,1000-1500 sqft,Valid,Hyderabad,Not available in source data,8,35
12400000,1500,Sanath Nagar,3,0,0,1,1,1,1,1,1,1,1,1,1,1,0,1,1,1,0,1,0,0,0,0,0,0,1,1,0,1,0,0,0,0,0,0,0,12400000,1500,3,8266.666666666666,Sanath Nagar,3 BHK,1500-2500 sqft,Valid,Hyderabad,Not available in source data,18,35
7800000,1507,Kokapet,3,0,0,1,1,1,0,0,0,0,0,0,0,1,0,1,1,1,0,0,0,0,0,0,0,0,1,1,0,0,0,0,0,0,0,0,0,7800000,1507,3,5175.846051758461,Kokapet,3 BHK,1500-2500 sqft,Valid,Hyderabad,Not available in source data,9,35
8000000,1412,Tellapur,3,0,0,1,1,1,1,1,1,1,1,1,0,1,0,1,1,1,0,1,1,0,0,0,0,0,1,1,0,1,0,1,0,0,0,0,0,8000000,1412,3,5665.7223796033995,Tellapur,3 BHK,1000-1500 sqft,Valid,Hyderabad,Not available in source data,19,35
12500000,2160,Gandipet,3,0,0,1,1,1,0,1,1,0,1,0,0,1,0,1,1,1,0,0,0,0,0,0,0,0,1,1,0,1,0,0,0,0,0,0,0,12500000,2160,3,5787.037037037037,Gandipet,3 BHK,1500-2500 sqft,Valid,Hyderabad,Not available in source data,13,35
10000000,1500,Appa Junction Peerancheru,3,1,0,1,1,1,0,0,0,0,0,0,0,1,0,1,1,1,0,0,0,0,0,0,0,0,1,0,0,0,0,0,0,0,0,0,0,10000000,1500,3,6666.666666666667,Appa Junction Peerancheru,3 BHK,1500-2500 sqft,Valid,Hyderabad,Not available in source data,8,35
3500000,1050,Dammaiguda,2,1,0,1,0,1,1,1,0,1,0,0,1,0,1,1,1,1,1,0,0,1,0,0,0,0,1,1,0,1,0,0,0,0,0,0,0,3500000,1050,2,3333.3333333333335,Dammaiguda,2 BHK,1000-1500 sqft,Valid,Hyderabad,Not available in source data,15,35
2310000,550,Moula Ali,1,0,0,1,0,0,0,1,0,0,0,0,0,0,0,1,1,1,0,0,0,0,0,0,0,0,1,1,0,1,0,0,0,0,0,0,0,2310000,550,1,4200.0,Moula Ali,1 BHK,500-1000 sqft,Valid,Hyderabad,Not available in source data,8,35
7554000,1220,Kondapur,2,0,0,1,1,1,1,1,1,0,1,0,0,1,0,1,1,1,0,0,0,0,0,0,0,0,1,1,0,1,0,0,0,0,0,0,0,7554000,1220,2,6191.803278688524,Kondapur,2 BHK,1000-1500 sqft,Valid,Hyderabad,Not available in source data,14,35
4542000,1010,Gajularamaram,2,0,0,1,1,0,1,0,0,0,1,0,0,0,0,1,1,1,0,0,0,0,0,0,0,0,1,1,0,0,0,0,0,0,0,0,0,4542000,1010,2,4497.029702970297,Gajularamaram,2 BHK,1000-1500 sqft,Valid,Hyderabad,Not available in source data,9,35
7098999,1090,Kukatpally,2,0,0,0,0,0,0,0,0,0,0,0,0,0,0,1,1,1,0,0,0,0,0,0,0,0,1,1,0,0,0,0,0,0,0,0,0,7098999,1090,2,6512.843119266055,Kukatpally,2 BHK,1000-1500 sqft,Valid,Hyderabad,Not available in source data,5,35
6931000,1555,Gajularamaram,3,0,0,1,1,0,1,0,0,0,1,0,0,0,0,1,1,1,0,0,0,0,0,0,0,0,1,1,0,1,0,0,0,0,0,0,0,6931000,1555,3,4457.2347266881025,Gajularamaram,3 BHK,1500-2500 sqft,Valid,Hyderabad,Not available in source data,10,35
11399999,1885,Kondapur,3,0,0,1,1,1,1,1,1,0,1,0,0,1,0,1,1,1,0,0,0,0,0,0,0,0,1,1,0,1,0,0,0,0,0,0,0,11399999,1885,3,6047.744827586207,Kondapur,3 BHK,1500-2500 sqft,Valid,Hyderabad,Not available in source data,14,35
11100000,1730,Kukatpally,3,0,0,0,0,0,0,0,0,0,0,0,0,0,0,1,1,1,0,0,0,0,0,0,0,0,1,1,0,0,0,0,0,0,0,0,0,11100000,1730,3,6416.184971098266,Kukatpally,3 BHK,1500-2500 sqft,Valid,Hyderabad,Not available in source data,5,35
4158000,1155,Bachupally Road,2,0,0,0,0,0,0,1,0,0,0,0,0,0,0,1,1,1,0,0,0,0,0,0,0,0,0,1,0,1,0,0,0,0,0,0,0,4158000,1155,2,3600.0,Bachupally Road,2 BHK,1000-1500 sqft,Valid,Hyderabad,Not available in source data,6,35
40000000,5000,Adda Gutta,3,1,0,0,0,1,0,1,0,0,0,0,0,0,0,1,1,1,0,0,1,0,0,0,1,0,0,1,1,1,0,0,0,0,0,1,0,40000000,5000,3,8000.0,Adda Gutta,3 BHK,2500+ sqft,Valid,Hyderabad,Not available in source data,11,35
2500000,600,Miyapur HMT Swarnapuri Colony,1,1,0,0,0,0,0,0,0,0,0,0,0,0,0,1,0,0,0,0,0,0,0,0,0,0,0,1,0,0,0,0,0,0,0,0,0,2500000,600,1,4166.666666666667,Miyapur HMT Swarnapuri Colony,1 BHK,500-1000 sqft,Valid,Hyderabad,Not available in source data,2,35
10500000,1600,Central Excise Colony Hyderabad,3,1,0,0,0,0,0,0,0,0,0,0,0,0,0,1,1,1,0,0,0,0,0,0,0,0,0,1,0,0,0,0,0,0,0,1,0,10500000,1600,3,6562.5,Central Excise Colony Hyderabad,3 BHK,1500-2500 sqft,Valid,Hyderabad,Not available in source data,5,35
19300000,2800,Gachibowli,3,0,0,1,1,0,1,0,0,0,0,0,0,0,0,1,0,1,0,1,1,0,0,0,0,0,1,0,0,0,0,0,0,0,0,0,0,19300000,2800,3,6892.857142857143,Gachibowli,3 BHK,2500+ sqft,Valid,Hyderabad,Not available in source data,8,35
16500000,2405,Gachibowli,3,0,0,1,1,0,1,0,0,0,0,0,0,0,0,1,0,1,0,1,1,0,0,0,0,0,1,0,0,0,0,0,0,0,0,0,0,16500000,2405,3,6860.70686070686,Gachibowli,3 BHK,1500-2500 sqft,Valid,Hyderabad,Not available in source data,8,35
2500000,1000,Krishna Reddy Pet,2,0,0,0,0,0,0,0,0,0,0,0,0,0,0,0,0,0,0,0,0,0,0,0,0,0,0,0,0,0,0,0,0,0,0,0,0,2500000,1000,2,2500.0,Krishna Reddy Pet,2 BHK,1000-1500 sqft,Valid,Hyderabad,Not available in source data,0,35
3500000,1400,Beeramguda,3,0,0,0,0,0,0,0,0,0,0,0,0,0,0,0,0,0,0,0,0,0,0,0,0,0,0,0,0,0,0,0,0,0,0,0,0,3500000,1400,3,2500.0,Beeramguda,3 BHK,1000-1500 sqft,Valid,Hyderabad,Not available in source data,0,35
5600000,1330,LB Nagar,3,0,0,0,0,0,0,0,0,0,0,0,0,0,0,0,0,0,0,0,0,0,0,0,0,0,0,0,0,0,0,0,0,0,0,0,0,5600000,1330,3,4210.526315789473,LB Nagar,3 BHK,1000-1500 sqft,Valid,Hyderabad,Not available in source data,0,35
3500000,1000,Miyapur,3,0,0,0,0,0,0,0,0,0,0,0,0,0,0,0,0,0,0,0,0,0,0,0,0,0,0,0,0,0,0,0,0,0,0,0,0,3500000,1000,3,3500.0,Miyapur,3 BHK,1000-1500 sqft,Valid,Hyderabad,Not available in source data,0,35
27000000,3350,Basheer Bagh,4,1,0,0,0,1,0,0,0,0,0,0,0,0,0,1,1,1,0,0,0,0,0,0,1,1,0,1,0,0,0,0,0,0,1,1,0,27000000,3350,4,8059.701492537313,Basheer Bagh,4 BHK,2500+ sqft,Valid,Hyderabad,Not available in source data,9,35
9291000,1630,Kondapur,3,0,0,1,1,1,0,1,1,0,1,0,0,1,0,1,1,1,0,0,0,0,0,0,0,0,1,1,0,1,0,0,0,0,0,0,0,9291000,1630,3,5700.0,Kondapur,3 BHK,1500-2500 sqft,Valid,Hyderabad,Not available in source data,13,35
42900000,3350,Banjara Hills,4,0,0,1,1,1,1,1,1,0,1,0,0,1,0,1,1,1,1,0,0,0,0,0,0,0,1,1,0,1,0,0,0,0,0,0,0,42900000,3350,4,12805.970149253732,Banjara Hills,4 BHK,2500+ sqft,Valid,Hyderabad,Not available in source data,15,35
6000000,1250,Gopal Nagar,2,0,1,0,0,1,0,1,0,0,1,0,0,0,1,1,1,1,0,0,0,0,0,0,0,0,0,1,0,1,0,0,0,0,0,1,0,6000000,1250,2,4800.0,Gopal Nagar,2 BHK,1000-1500 sqft,Valid,Hyderabad,Not available in source data,11,35
4700000,1055,Uppal Kalan,2,0,0,1,1,0,0,1,1,0,1,0,1,0,0,1,1,1,0,0,0,0,0,0,0,0,1,0,0,0,0,0,0,0,0,0,0,4700000,1055,2,4454.976303317536,Uppal Kalan,2 BHK,1000-1500 sqft,Valid,Hyderabad,Not available in source data,10,35
4403000,1190,Bachupaly Road Miyapur,2,0,1,0,0,0,0,0,0,0,0,0,0,0,0,0,0,1,0,0,0,0,0,0,0,0,0,1,0,1,0,0,0,0,0,0,0,4403000,1190,2,3700.0,Bachupaly Road Miyapur,2 BHK,1000-1500 sqft,Valid,Hyderabad,Not available in source data,4,35
2200000,550,ECIL Main Road,1,0,0,1,0,0,0,0,0,0,0,0,0,0,0,1,1,1,0,0,0,0,0,0,0,0,0,1,0,0,0,0,0,0,0,0,0,2200000,550,1,4000.0,ECIL Main Road,1 BHK,500-1000 sqft,Valid,Hyderabad,Not available in source data,5,35
4304000,1076,Kushaiguda,2,0,0,0,0,0,0,0,0,0,0,0,0,0,0,0,1,0,0,0,0,0,0,0,0,0,0,1,0,0,0,0,0,0,0,0,0,4304000,1076,2,4000.0,Kushaiguda,2 BHK,1000-1500 sqft,Valid,Hyderabad,Not available in source data,2,35
3732000,933,Kushaiguda,2,0,0,0,0,0,0,0,0,0,0,0,0,0,0,0,1,0,0,0,0,0,0,0,0,0,0,1,0,0,0,0,0,0,0,0,0,3732000,933,2,4000.0,Kushaiguda,2 BHK,500-1000 sqft,Valid,Hyderabad,Not available in source data,2,35
4104000,1026,Kushaiguda,2,0,0,0,0,0,0,0,0,0,0,0,0,0,0,0,1,0,0,0,0,0,0,0,0,0,0,1,0,0,0,0,0,0,0,0,0,4104000,1026,2,4000.0,Kushaiguda,2 BHK,1000-1500 sqft,Valid,Hyderabad,Not available in source data,2,35
3928000,982,Kushaiguda,2,0,0,0,0,0,0,0,0,0,0,0,0,0,0,0,1,0,0,0,0,0,0,0,0,0,0,1,0,0,0,0,0,0,0,0,0,3928000,982,2,4000.0,Kushaiguda,2 BHK,500-1000 sqft,Valid,Hyderabad,Not available in source data,2,35
9100000,1792,Tellapur,3,0,0,1,1,1,1,1,1,1,1,1,0,1,0,1,1,1,0,1,1,0,0,0,0,0,1,1,0,1,0,1,0,0,0,0,0,9100000,1792,3,5078.125,Tellapur,3 BHK,1500-2500 sqft,Valid,Hyderabad,Not available in source data,19,35
29000000,3498,Hitech City,4,0,1,1,1,1,1,1,1,0,1,0,1,1,0,1,1,1,1,0,1,0,0,0,0,0,1,1,0,1,0,0,0,0,0,0,0,29000000,3498,4,8290.451686678101,Hitech City,4 BHK,2500+ sqft,Valid,Hyderabad,Not available in source data,18,35
4389000,1155,Bachupally Road,2,0,0,0,0,0,0,0,0,0,0,0,0,0,0,0,0,0,0,0,0,0,0,0,0,0,0,0,0,0,0,0,0,0,0,0,0,4389000,1155,2,3800.0,Bachupally Road,2 BHK,1000-1500 sqft,Valid,Hyderabad,Not available in source data,0,35
13700000,2771,Bandlaguda Jagir,4,0,0,1,1,1,1,0,0,0,0,0,0,1,0,1,1,1,0,0,0,0,0,0,0,0,1,1,0,0,0,0,0,0,0,0,0,13700000,2771,4,4944.063514976543,Bandlaguda Jagir,4 BHK,2500+ sqft,Valid,Hyderabad,Not available in source data,10,35
9974000,1480,Kokapet,3,0,1,1,1,1,1,1,1,0,1,1,0,1,0,1,1,1,0,1,1,0,0,0,0,0,1,1,0,1,0,0,0,0,0,0,0,9974000,1480,3,6739.189189189189,Kokapet,3 BHK,1000-1500 sqft,Valid,Hyderabad,Not available in source data,18,35
20000000,2250,Ashok Nagar,3,1,0,0,0,0,0,0,0,0,0,0,0,0,0,1,1,1,0,0,0,0,0,0,0,0,0,1,0,0,0,0,0,0,0,1,0,20000000,2250,3,8888.888888888889,Ashok Nagar,3 BHK,1500-2500 sqft,Valid,Hyderabad,Not available in source data,5,35
3000000,700,Sanath Nagar,2,1,0,0,0,0,0,0,0,0,0,0,0,0,0,1,0,0,0,0,0,0,0,0,0,0,0,0,0,0,0,0,0,0,0,1,0,3000000,700,2,4285.714285714285,Sanath Nagar,2 BHK,500-1000 sqft,Valid,Hyderabad,Not available in source data,2,35
11000000,1715,Barkatpura,3,1,0,0,0,1,0,0,0,0,0,0,0,0,0,1,1,1,0,0,0,0,0,0,0,0,0,1,0,0,0,0,0,0,0,1,0,11000000,1715,3,6413.99416909621,Barkatpura,3 BHK,1500-2500 sqft,Valid,Hyderabad,Not available in source data,6,35
4950000,1100,Manikonda,2,0,0,0,0,0,0,0,0,0,0,0,0,0,0,1,1,1,0,0,0,0,0,0,0,0,0,1,0,0,0,0,0,0,0,0,0,4950000,1100,2,4500.0,Manikonda,2 BHK,1000-1500 sqft,Valid,Hyderabad,Not available in source data,4,35
21000000,2380,Kondapur,3,0,0,1,1,1,0,0,0,0,0,0,0,0,0,1,1,1,0,0,0,0,0,0,0,0,0,1,0,0,0,0,0,0,0,0,0,21000000,2380,3,8823.529411764706,Kondapur,3 BHK,1500-2500 sqft,Valid,Hyderabad,Not available in source data,7,35
6006000,1430,ECIL,3,0,0,1,0,1,0,1,0,0,0,0,0,0,0,1,1,1,0,0,0,0,0,0,0,0,1,1,0,1,0,0,0,0,0,0,0,6006000,1430,3,4200.0,ECIL,3 BHK,1000-1500 sqft,Valid,Hyderabad,Not available in source data,9,35
2116000,1008,Beeramguda,2,0,1,1,1,1,1,1,1,1,1,1,1,1,1,1,1,1,1,1,1,1,1,1,0,1,1,1,0,1,1,1,0,1,1,0,1,2116000,1008,2,2099.2063492063494,Beeramguda,2 BHK,1000-1500 sqft,Valid,Hyderabad,Not available in source data,31,35
4800000,1225,Nizampet,2,0,0,0,0,0,0,1,0,0,1,0,0,0,0,1,1,1,0,0,0,0,0,0,0,0,0,1,0,1,0,0,0,0,0,0,0,4800000,1225,2,3918.3673469387754,Nizampet,2 BHK,1000-1500 sqft,Valid,Hyderabad,Not available in source data,7,35
4236000,1175,Bachupally Road,3,0,0,0,0,0,0,0,0,0,0,0,0,0,0,0,0,0,0,0,0,0,0,0,0,0,0,0,0,0,0,0,0,0,0,0,0,4236000,1175,3,3605.1063829787236,Bachupally Road,3 BHK,1000-1500 sqft,Valid,Hyderabad,Not available in source data,0,35
9638000,1580,Hitech City,3,0,1,1,1,1,1,1,1,0,1,1,1,1,0,1,1,1,0,1,1,0,0,0,0,0,1,1,0,1,0,0,0,0,0,0,0,9638000,1580,3,6100.0,Hitech City,3 BHK,1500-2500 sqft,Valid,Hyderabad,Not available in source data,19,35
7000000,1170,Madinaguda,2,0,0,0,0,0,0,0,0,0,0,0,0,0,0,0,0,0,0,0,0,0,0,0,0,0,0,0,0,0,0,0,0,0,0,0,0,7000000,1170,2,5982.9059829059825,Madinaguda,2 BHK,1000-1500 sqft,Valid,Hyderabad,Not available in source data,0,35
4100000,1055,Medchal,2,0,0,0,0,0,0,1,0,0,0,0,0,0,0,0,0,0,0,0,0,0,0,0,0,0,0,1,0,1,0,0,0,0,0,1,0,4100000,1055,2,3886.2559241706163,Medchal,2 BHK,1000-1500 sqft,Valid,Hyderabad,Not available in source data,4,35
8400000,1216,Kukatpally,2,0,0,1,1,1,1,1,1,0,0,1,1,1,0,1,1,1,0,1,1,0,0,0,0,0,1,1,0,0,0,0,0,0,0,0,0,8400000,1216,2,6907.894736842105,Kukatpally,2 BHK,1000-1500 sqft,Valid,Hyderabad,Not available in source data,16,35
40700000,4799,Gachibowli,4,1,1,1,1,1,1,1,0,0,0,1,0,1,1,1,1,1,0,0,1,0,0,0,0,0,1,1,0,1,0,0,0,0,0,0,0,40700000,4799,4,8480.933527818295,Gachibowli,4 BHK,2500+ sqft,Valid,Hyderabad,Not available in source data,16,35
14900000,1780,Sanath Nagar,3,0,0,1,1,1,1,1,1,1,1,1,1,1,0,0,1,1,0,1,0,0,0,0,0,0,1,1,0,1,0,0,0,0,0,0,0,14900000,1780,3,8370.786516853932,Sanath Nagar,3 BHK,1500-2500 sqft,Valid,Hyderabad,Not available in source data,17,35
45000000,4152,Gachibowli,5,1,0,1,1,1,1,0,1,0,1,0,0,1,0,1,1,1,0,0,0,0,1,0,1,1,1,1,1,1,1,0,1,1,1,1,1,45000000,4152,5,10838.150289017341,Gachibowli,5+ BHK,2500+ sqft,Valid,Hyderabad,Not available in source data,23,35
15000000,2100,Bagh Amberpet,3,1,0,0,0,1,0,0,0,0,0,0,0,0,0,1,1,1,0,0,0,0,0,0,0,0,0,1,0,0,0,0,0,0,0,1,0,15000000,2100,3,7142.857142857143,Bagh Amberpet,3 BHK,1500-2500 sqft,Valid,Hyderabad,Not available in source data,6,35
8300000,1597,Tellapur,3,0,0,1,1,1,1,1,1,1,1,1,0,1,0,1,1,1,0,1,1,0,0,0,0,0,1,1,0,1,0,1,0,0,0,0,0,8300000,1597,3,5197.244834063869,Tellapur,3 BHK,1500-2500 sqft,Valid,Hyderabad,Not available in source data,19,35
5200000,1200,BK Guda Internal Road,2,1,0,0,0,0,0,0,0,0,0,0,0,0,0,1,1,1,0,0,0,0,0,0,1,0,1,1,0,0,0,0,0,0,0,1,0,5200000,1200,2,4333.333333333333,BK Guda Internal Road,2 BHK,1000-1500 sqft,Valid,Hyderabad,Not available in source data,7,35
15000000,1000,Hitech City,1,0,1,1,1,1,1,1,1,1,1,1,1,1,0,1,1,1,1,1,1,0,0,0,1,1,1,1,1,1,1,1,1,1,1,1,1,15000000,1000,1,15000.0,Hitech City,1 BHK,1000-1500 sqft,Valid,Hyderabad,Not available in source data,31,35
6340000,1585,ECIL Main Road,3,0,0,1,0,0,0,1,1,0,0,0,0,0,0,1,1,1,0,0,0,0,0,0,0,0,1,1,0,1,0,0,0,0,0,0,0,6340000,1585,3,4000.0,ECIL Main Road,3 BHK,1500-2500 sqft,Valid,Hyderabad,Not available in source data,9,35
37000000,3025,Banjara Hills,4,0,0,0,1,0,0,1,0,0,1,0,0,0,0,1,1,1,0,0,0,0,0,0,0,0,1,1,0,0,0,0,0,0,0,0,0,37000000,3025,4,12231.404958677685,Banjara Hills,4 BHK,2500+ sqft,Valid,Hyderabad,Not available in source data,8,35
27000000,2166,Banjara Hills,3,1,0,0,1,1,0,1,0,0,1,0,0,0,0,1,1,1,0,0,0,0,0,0,0,0,1,1,0,0,0,0,0,0,0,0,0,27000000,2166,3,12465.373961218836,Banjara Hills,3 BHK,1500-2500 sqft,Valid,Hyderabad,Not available in source data,9,35
9200000,1620,Gajularamaram,3,0,0,1,1,0,1,0,0,0,0,0,0,1,0,1,1,1,0,0,0,0,0,0,0,0,1,1,0,1,0,0,0,0,0,0,0,9200000,1620,3,5679.0123456790125,Gajularamaram,3 BHK,1500-2500 sqft,Valid,Hyderabad,Not available in source data,10,35
10400000,2612,Yapral,3,1,0,0,0,0,0,0,0,0,0,0,0,0,0,1,1,1,0,0,0,0,0,0,0,0,0,1,1,0,0,0,0,0,0,0,0,10400000,2612,3,3981.623277182236,Yapral,3 BHK,2500+ sqft,Valid,Hyderabad,Not available in source data,5,35
9351000,1620,Gajulramaram Kukatpally,3,0,0,1,1,1,1,1,1,0,1,1,0,1,1,1,1,1,0,0,1,0,0,0,0,0,1,1,0,1,0,0,0,0,0,0,0,9351000,1620,3,5772.222222222223,Gajulramaram Kukatpally,3 BHK,1500-2500 sqft,Valid,Hyderabad,Not available in source data,17,35
9200000,1620,Gajulramaram Kukatpally,3,0,0,1,1,1,1,1,1,0,1,1,0,1,1,1,1,1,0,0,1,0,0,0,0,0,1,1,0,1,0,0,0,0,0,0,0,9200000,1620,3,5679.0123456790125,Gajulramaram Kukatpally,3 BHK,1500-2500 sqft,Valid,Hyderabad,Not available in source data,17,35
7028000,1170,Madinaguda,2,0,0,0,0,0,0,0,0,0,0,0,0,0,0,0,0,0,0,0,0,0,0,0,0,0,0,0,0,0,0,0,0,0,0,0,0,7028000,1170,2,6006.8376068376065,Madinaguda,2 BHK,1000-1500 sqft,Valid,Hyderabad,Not available in source data,0,35
12000000,1680,Kokapet,3,0,1,1,1,1,1,1,0,1,1,1,0,1,0,1,1,1,0,1,1,0,0,0,0,0,1,1,0,1,0,0,0,0,0,0,0,12000000,1680,3,7142.857142857143,Kokapet,3 BHK,1500-2500 sqft,Valid,Hyderabad,Not available in source data,18,35
8000000,1400,new nallakunta,2,1,0,0,0,0,0,0,0,0,0,0,0,0,0,1,1,1,0,0,0,0,0,0,0,0,0,1,0,0,0,0,0,0,0,1,0,8000000,1400,2,5714.285714285715,new nallakunta,2 BHK,1000-1500 sqft,Valid,Hyderabad,Not available in source data,5,35
4198000,1400,Gachibowli,3,0,1,1,1,1,1,1,0,0,1,1,0,1,0,1,1,1,0,1,1,0,0,0,0,1,1,1,0,1,0,0,0,0,0,1,0,4198000,1400,3,2998.5714285714284,Gachibowli,3 BHK,1000-1500 sqft,Valid,Hyderabad,Not available in source data,19,35
6340000,1585,ECIL Cross Road,3,0,0,1,0,0,0,1,1,1,0,0,1,0,1,1,1,1,0,0,0,1,0,0,0,0,0,1,0,1,0,0,0,0,0,0,0,6340000,1585,3,4000.0,ECIL Cross Road,3 BHK,1500-2500 sqft,Valid,Hyderabad,Not available in source data,12,35
9500000,1620,Gajularamaram,3,0,1,1,1,1,1,1,1,1,1,1,1,1,1,1,1,1,1,0,1,1,0,0,0,0,1,1,0,1,0,0,0,0,0,0,0,9500000,1620,3,5864.197530864198,Gajularamaram,3 BHK,1500-2500 sqft,Valid,Hyderabad,Not available in source data,22,35
4600000,1232,BHEL,2,0,0,0,0,0,0,1,0,0,0,0,0,0,0,0,1,1,0,0,0,0,0,0,0,0,0,1,0,1,0,0,0,0,0,0,0,4600000,1232,2,3733.7662337662337,BHEL,2 BHK,1000-1500 sqft,Valid,Hyderabad,Not available in source data,5,35
5800000,1470,Sun City,2,0,0,1,1,1,1,1,0,0,0,1,0,1,0,1,1,1,0,0,0,0,0,0,0,0,1,1,0,1,0,0,0,0,0,0,0,5800000,1470,2,3945.578231292517,Sun City,2 BHK,1000-1500 sqft,Valid,Hyderabad,Not available in source data,13,35
6220000,1555,Alwal,3,0,1,1,0,1,0,1,0,0,1,1,0,1,0,1,1,1,0,0,0,0,0,0,0,1,1,1,0,0,0,0,0,0,0,0,0,6220000,1555,3,4000.0,Alwal,3 BHK,1500-2500 sqft,Valid,Hyderabad,Not available in source data,13,35
5800000,1470,Hydershakote,2,0,0,1,1,1,0,1,0,0,0,1,0,1,0,1,1,1,0,0,0,0,0,0,0,0,1,1,0,1,0,0,0,0,0,0,0,5800000,1470,2,3945.578231292517,Hydershakote,2 BHK,1000-1500 sqft,Valid,Hyderabad,Not available in source data,12,35
9400000,1360,Kukatpally,2,0,0,1,1,1,1,1,1,0,0,1,1,1,0,1,0,1,0,1,1,0,0,0,0,0,1,1,0,0,0,0,0,0,0,0,0,9400000,1360,2,6911.764705882353,Kukatpally,2 BHK,1000-1500 sqft,Valid,Hyderabad,Not available in source data,15,35
4000000,1400,Nallakunta,3,1,0,0,0,0,0,0,0,0,0,0,0,0,0,1,1,1,1,0,0,0,0,0,0,0,0,1,0,1,0,0,0,0,0,0,0,4000000,1400,3,2857.1428571428573,Nallakunta,3 BHK,1000-1500 sqft,Valid,Hyderabad,Not available in source data,6,35
4300000,1090,Nizampet,2,0,0,0,0,0,0,0,0,0,0,0,0,0,0,1,0,1,0,0,0,0,0,0,0,0,0,1,0,1,0,0,0,0,0,0,0,4300000,1090,2,3944.954128440367,Nizampet,2 BHK,1000-1500 sqft,Valid,Hyderabad,Not available in source data,4,35
5967000,1170,Madinaguda,2,0,0,0,0,0,0,0,0,0,0,0,0,0,0,0,0,0,0,0,0,0,0,0,0,0,0,0,0,0,0,0,0,0,0,0,0,5967000,1170,2,5100.0,Madinaguda,2 BHK,1000-1500 sqft,Valid,Hyderabad,Not available in source data,0,35
8900000,1441,Kukatpally,2,0,0,1,1,1,1,1,1,0,0,1,1,1,0,1,1,1,0,1,1,0,0,0,0,0,1,1,0,0,0,0,0,0,0,0,0,8900000,1441,2,6176.266481609993,Kukatpally,2 BHK,1000-1500 sqft,Valid,Hyderabad,Not available in source data,16,35
10500000,1735,Kokapet,3,0,0,1,1,1,1,1,1,0,1,0,0,1,0,1,1,0,0,1,1,0,0,0,0,0,1,1,0,1,0,0,0,0,0,0,0,10500000,1735,3,6051.873198847262,Kokapet,3 BHK,1500-2500 sqft,Valid,Hyderabad,Not available in source data,15,35
22000000,3230,Nanakramguda,3,1,1,1,1,1,1,1,1,1,1,1,1,1,0,1,1,1,0,0,1,0,0,0,0,0,1,1,0,1,0,0,0,0,0,0,0,22000000,3230,3,6811.145510835913,Nanakramguda,3 BHK,2500+ sqft,Valid,Hyderabad,Not available in source data,19,35
7800000,1271,Kokapet,2,0,1,1,1,1,1,1,1,1,1,1,1,1,1,1,1,1,1,1,1,1,0,0,0,0,1,1,0,1,0,0,0,0,0,0,0,7800000,1271,2,6136.900078678206,Kokapet,2 BHK,1000-1500 sqft,Valid,Hyderabad,Not available in source data,23,35
2700000,750,BK Guda Road,2,1,0,0,0,0,0,0,0,0,0,0,0,0,0,0,0,0,0,0,0,0,0,0,0,0,0,0,0,0,0,0,0,0,0,0,0,2700000,750,2,3600.0,BK Guda Road,2 BHK,500-1000 sqft,Valid,Hyderabad,Not available in source data,0,35
12000000,1740,Kukatpally,3,0,0,1,1,1,1,1,1,0,0,1,1,1,0,1,1,1,0,1,1,0,0,0,0,0,1,1,0,0,0,0,0,0,0,0,0,12000000,1740,3,6896.551724137931,Kukatpally,3 BHK,1500-2500 sqft,Valid,Hyderabad,Not available in source data,16,35
4158000,1155,Bachupally Road,2,0,0,0,0,0,0,0,0,0,1,0,0,0,0,0,0,0,0,0,1,0,0,0,0,0,0,0,0,0,0,0,0,0,0,0,0,4158000,1155,2,3600.0,Bachupally Road,2 BHK,1000-1500 sqft,Valid,Hyderabad,Not available in source data,2,35
4500000,1175,Bachupally Road,2,0,0,0,0,0,0,0,0,0,0,0,0,0,0,0,0,0,0,0,0,0,0,0,0,0,0,0,0,0,0,0,0,0,0,0,0,4500000,1175,2,3829.7872340425533,Bachupally Road,2 BHK,1000-1500 sqft,Valid,Hyderabad,Not available in source data,0,35
4389000,1155,Bachupally Road,2,0,0,0,0,0,0,1,0,0,0,0,0,0,0,1,1,1,0,0,0,0,0,0,0,0,0,1,0,1,0,0,0,0,0,0,0,4389000,1155,2,3800.0,Bachupally Road,2 BHK,1000-1500 sqft,Valid,Hyderabad,Not available in source data,6,35
6500000,1220,Nallagandla Road,2,0,0,0,0,0,0,1,0,0,1,0,0,0,0,1,1,1,0,0,1,0,0,0,0,0,0,1,0,1,0,0,0,0,0,0,0,6500000,1220,2,5327.868852459016,Nallagandla Road,2 BHK,1000-1500 sqft,Valid,Hyderabad,Not available in source data,8,35
10500000,1320,Kondapur,2,0,0,1,1,1,0,1,1,0,1,1,1,1,0,1,1,1,0,0,1,0,0,1,0,0,1,1,0,1,0,0,0,0,0,0,0,10500000,1320,2,7954.545454545455,Kondapur,2 BHK,1000-1500 sqft,Valid,Hyderabad,Not available in source data,17,35
21000000,3380,Kokapet,4,0,1,1,1,1,1,1,1,0,1,0,0,1,0,1,1,1,1,0,1,0,0,0,0,1,1,1,0,1,0,0,0,0,0,0,0,21000000,3380,4,6213.01775147929,Kokapet,4 BHK,2500+ sqft,Valid,Hyderabad,Not available in source data,18,35
10000000,1482,Appa Junction Peerancheru,2,1,0,0,0,0,0,0,0,1,0,0,0,0,1,1,1,1,0,0,0,1,0,0,1,0,0,0,1,0,0,0,1,1,1,1,1,10000000,1482,2,6747.638326585695,Appa Junction Peerancheru,2 BHK,1000-1500 sqft,Valid,Hyderabad,Not available in source data,13,35
45000000,4395,Nanakramguda,4,0,0,1,1,1,1,0,1,0,0,0,0,1,0,1,1,1,0,1,1,0,0,0,0,1,1,1,0,0,0,0,0,0,0,0,0,45000000,4395,4,10238.907849829351,Nanakramguda,4 BHK,2500+ sqft,Valid,Hyderabad,Not available in source data,14,35
12000000,1860,Nallagandla Gachibowli,3,0,1,1,1,1,1,1,1,1,1,1,1,1,0,1,1,1,1,0,1,0,0,0,0,0,1,1,0,1,0,0,0,0,0,0,0,12000000,1860,3,6451.612903225807,Nallagandla Gachibowli,3 BHK,1500-2500 sqft,Valid,Hyderabad,Not available in source data,20,35
6200000,1500,Kapra,3,0,0,0,0,0,0,0,0,0,0,0,0,0,0,1,1,1,0,0,0,0,0,0,0,0,0,0,0,0,0,0,0,0,0,0,0,6200000,1500,3,4133.333333333333,Kapra,3 BHK,1500-2500 sqft,Valid,Hyderabad,Not available in source data,3,35
6800000,1170,Madinaguda,2,0,0,0,0,0,0,0,0,0,0,0,0,0,0,0,0,0,0,0,0,0,0,0,0,0,0,0,0,0,0,0,0,0,0,0,0,6800000,1170,2,5811.965811965812,Madinaguda,2 BHK,1000-1500 sqft,Valid,Hyderabad,Not available in source data,0,35
40000000,2865,Madhapur,4,1,0,1,1,0,1,1,1,0,0,0,0,1,0,1,1,1,0,1,1,0,1,1,1,1,1,1,1,1,1,0,1,1,1,1,1,40000000,2865,4,13961.605584642233,Madhapur,4 BHK,2500+ sqft,Valid,Hyderabad,Not available in source data,25,35
45000000,4152,Gachibowli,5,1,0,1,1,1,1,0,1,0,1,0,0,1,0,1,1,1,0,0,0,0,1,1,1,1,1,1,1,1,1,0,1,1,1,1,1,45000000,4152,5,10838.150289017341,Gachibowli,5+ BHK,2500+ sqft,Valid,Hyderabad,Not available in source data,24,35
8522000,1270,Kokapet,2,0,1,1,1,1,1,1,0,0,1,0,0,1,0,1,1,1,0,1,1,0,0,0,0,0,1,1,0,1,0,0,0,0,0,0,0,8522000,1270,2,6710.236220472441,Kokapet,2 BHK,1000-1500 sqft,Valid,Hyderabad,Not available in source data,16,35
11200000,1735,Kokapet,3,0,0,1,1,1,1,1,1,0,1,0,0,1,0,1,1,0,0,1,1,0,0,0,0,0,1,1,0,1,0,0,0,0,0,0,0,11200000,1735,3,6455.3314121037465,Kokapet,3 BHK,1500-2500 sqft,Valid,Hyderabad,Not available in source data,15,35
11000000,1735,Kokapet,3,0,0,1,1,1,1,1,1,0,1,0,0,1,0,1,1,0,0,1,1,0,0,0,0,0,1,1,0,1,0,0,0,0,0,0,0,11000000,1735,3,6340.057636887608,Kokapet,3 BHK,1500-2500 sqft,Valid,Hyderabad,Not available in source data,15,35
11000000,1216,Kukatpally,2,0,1,1,1,1,1,1,1,1,1,1,1,1,1,1,1,1,0,1,1,1,0,0,0,0,1,1,0,1,0,0,0,0,0,0,0,11000000,1216,2,9046.052631578947,Kukatpally,2 BHK,1000-1500 sqft,Valid,Hyderabad,Not available in source data,22,35
10900000,1755,IDPL Colony,3,0,1,1,1,1,1,1,1,1,1,1,1,1,1,1,1,1,1,1,1,1,0,0,0,0,1,1,0,1,0,0,0,0,0,0,0,10900000,1755,3,6210.826210826211,IDPL Colony,3 BHK,1500-2500 sqft,Valid,Hyderabad,Not available in source data,23,35
10500000,1665,Balanagar,3,0,0,1,1,1,1,1,0,1,0,1,0,1,0,1,1,1,1,1,1,0,0,0,0,0,1,1,0,0,0,0,0,0,0,0,0,10500000,1665,3,6306.306306306306,Balanagar,3 BHK,1500-2500 sqft,Valid,Hyderabad,Not available in source data,16,35
8259999,1620,Gajulramaram Kukatpally,3,0,0,1,1,1,1,1,1,0,1,1,0,1,1,1,1,1,0,0,1,0,0,0,0,0,1,1,0,0,0,0,0,0,0,0,0,8259999,1620,3,5098.764814814815,Gajulramaram Kukatpally,3 BHK,1500-2500 sqft,Valid,Hyderabad,Not available in source data,16,35
4600000,1130,Pragathi Nagar,2,0,0,0,0,0,0,0,0,0,0,0,0,0,0,1,1,1,0,0,0,0,0,0,0,0,0,1,0,0,0,0,0,0,0,0,0,4600000,1130,2,4070.7964601769913,Pragathi Nagar,2 BHK,1000-1500 sqft,Valid,Hyderabad,Not available in source data,4,35
5700000,1100,Kukatpally,2,0,0,0,0,0,0,0,0,0,0,0,0,0,0,1,1,1,0,0,0,0,0,0,0,0,0,1,0,0,0,0,0,0,0,0,0,5700000,1100,2,5181.818181818182,Kukatpally,2 BHK,1000-1500 sqft,Valid,Hyderabad,Not available in source data,4,35
4872000,1160,ECIL,2,1,0,1,0,0,0,1,0,0,0,0,0,0,0,1,1,1,0,0,0,0,0,0,0,0,1,1,0,1,0,0,0,0,0,0,0,4872000,1160,2,4200.0,ECIL,2 BHK,1000-1500 sqft,Valid,Hyderabad,Not available in source data,8,35
11299999,1490,Kondapur,3,0,0,1,1,1,0,1,1,0,1,1,1,1,0,1,1,1,0,0,1,0,0,0,0,0,1,1,0,1,0,0,0,0,0,0,0,11299999,1490,3,7583.891946308725,Kondapur,3 BHK,1000-1500 sqft,Valid,Hyderabad,Not available in source data,16,35
5000000,1300,Ramnagar Gundu,3,0,0,0,0,0,0,0,0,0,0,0,0,0,0,1,1,1,1,0,0,0,0,0,0,0,0,1,0,1,0,0,0,0,0,0,0,5000000,1300,3,3846.153846153846,Ramnagar Gundu,3 BHK,1000-1500 sqft,Valid,Hyderabad,Not available in source data,6,35
4500000,1280,Ramnagar Gundu,3,0,0,0,0,0,0,0,0,0,0,0,0,0,0,1,1,1,1,0,0,0,0,0,0,0,0,1,0,1,0,0,0,0,0,0,0,4500000,1280,3,3515.625,Ramnagar Gundu,3 BHK,1000-1500 sqft,Valid,Hyderabad,Not available in source data,6,35
4500000,1000,Nallakunta,2,1,0,0,0,0,0,0,0,0,0,0,0,0,0,1,0,1,0,0,0,0,0,0,0,0,0,1,0,0,0,0,0,0,0,1,0,4500000,1000,2,4500.0,Nallakunta,2 BHK,1000-1500 sqft,Valid,Hyderabad,Not available in source data,4,35
35200000,4146,Gachibowli,5,0,1,1,1,1,1,1,1,0,1,1,0,1,0,1,1,1,1,1,1,0,0,0,0,0,1,1,0,1,0,0,0,0,0,0,0,35200000,4146,5,8490.110950313556,Gachibowli,5+ BHK,2500+ sqft,Valid,Hyderabad,Not available in source data,19,35
35200000,4146,Gachibowli,5,0,1,1,1,1,1,1,1,0,1,1,0,1,0,0,1,1,1,1,1,0,0,0,0,0,1,1,0,1,0,0,0,0,0,0,0,35200000,4146,5,8490.110950313556,Gachibowli,5+ BHK,2500+ sqft,Valid,Hyderabad,Not available in source data,18,35
10900000,2875,Attapur,4,1,0,1,1,1,1,1,1,0,1,0,0,1,0,1,1,1,0,0,0,0,0,0,0,1,1,1,0,0,0,0,0,0,0,0,0,10900000,2875,4,3791.304347826087,Attapur,4 BHK,2500+ sqft,Valid,Hyderabad,Not available in source data,14,35
22500000,2744,Padmarao Nagar,4,1,1,1,0,1,1,1,0,1,1,1,1,1,1,1,1,1,0,0,1,1,1,1,1,1,1,1,1,1,1,0,1,1,1,1,1,22500000,2744,4,8199.708454810496,Padmarao Nagar,4 BHK,2500+ sqft,Valid,Hyderabad,Not available in source data,30,35
10500000,2192,Kondapur,3,0,1,1,1,0,1,1,0,0,1,1,0,1,0,1,1,1,0,0,1,0,0,0,0,0,1,1,0,1,0,0,0,0,0,0,0,10500000,2192,3,4790.14598540146,Kondapur,3 BHK,1500-2500 sqft,Valid,Hyderabad,Not available in source data,15,35
2310000,550,Moula Ali,1,0,0,1,0,0,0,1,1,0,0,0,0,0,0,1,1,1,0,0,0,0,0,0,0,0,1,1,0,1,0,0,0,0,0,0,0,2310000,550,1,4200.0,Moula Ali,1 BHK,500-1000 sqft,Valid,Hyderabad,Not available in source data,9,35
27000000,2595,Madhapur,4,1,0,1,1,1,1,1,1,0,1,1,0,1,0,1,1,1,0,1,1,0,1,1,1,1,1,1,1,1,1,0,1,1,1,1,1,27000000,2595,4,10404.624277456647,Madhapur,4 BHK,2500+ sqft,Valid,Hyderabad,Not available in source data,28,35
15000000,1875,Shaikpet,3,1,0,1,1,1,1,0,1,0,1,0,0,1,0,1,1,1,1,0,0,0,1,1,0,1,1,1,0,1,1,0,0,1,1,1,1,15000000,1875,3,8000.0,Shaikpet,3 BHK,1500-2500 sqft,Valid,Hyderabad,Not available in source data,22,35
7519000,1460,Narsingi,3,0,0,1,1,1,1,1,1,0,1,1,0,1,0,1,1,1,0,1,1,0,0,0,0,1,1,1,0,1,0,0,0,0,0,0,0,7519000,1460,3,5150.0,Narsingi,3 BHK,1000-1500 sqft,Valid,Hyderabad,Not available in source data,18,35
11200000,1680,Kokapet,3,0,0,1,1,0,1,0,0,0,0,0,0,1,0,1,1,1,0,1,1,0,0,0,0,0,1,1,0,1,0,0,0,0,0,0,0,11200000,1680,3,6666.666666666667,Kokapet,3 BHK,1500-2500 sqft,Valid,Hyderabad,Not available in source data,12,35
6363000,1515,Suchitra,3,0,0,0,0,0,0,0,0,0,0,0,0,0,0,1,0,1,0,0,0,0,0,1,1,0,0,1,1,0,0,0,0,1,0,1,1,6363000,1515,3,4200.0,Suchitra,3 BHK,1500-2500 sqft,Valid,Hyderabad,Not available in source data,9,35
6500000,1500,Alkapur township,5,0,0,0,0,1,0,0,0,0,0,0,0,0,0,1,1,1,0,0,0,0,0,1,0,1,0,1,0,0,0,0,0,0,0,0,0,6500000,1500,5,4333.333333333333,Alkapur township,5+ BHK,1500-2500 sqft,Valid,Hyderabad,Not available in source data,7,35
4500000,1050,Kondapur,3,0,1,0,0,0,0,0,0,0,0,0,0,0,0,0,1,0,0,0,0,0,0,0,0,0,0,0,0,0,0,0,0,0,0,0,0,4500000,1050,3,4285.714285714285,Kondapur,3 BHK,1000-1500 sqft,Valid,Hyderabad,Not available in source data,2,35
7998000,1600,Gachibowli,3,0,0,1,1,1,1,0,0,0,1,1,0,1,0,1,1,1,0,0,0,0,0,0,0,0,0,1,0,1,0,0,0,0,0,0,0,7998000,1600,3,4998.75,Gachibowli,3 BHK,1500-2500 sqft,Valid,Hyderabad,Not available in source data,12,35
8811000,1511,Nallagandla Gachibowli,2,0,0,1,1,1,1,1,1,1,1,1,1,1,0,1,1,1,0,0,1,0,0,0,0,1,1,1,0,1,0,0,0,0,0,0,0,8811000,1511,2,5831.237590999338,Nallagandla Gachibowli,2 BHK,1500-2500 sqft,Valid,Hyderabad,Not available in source data,19,35
23000000,2141,Banjara Hills Road Number 12,3,1,0,0,0,0,0,0,0,0,0,0,0,0,0,1,1,1,0,0,0,0,1,0,1,1,0,1,1,0,1,0,1,1,1,1,1,23000000,2141,3,10742.643624474546,Banjara Hills Road Number 12,3 BHK,1500-2500 sqft,Valid,Hyderabad,Not available in source data,14,35
8624000,1670,Narsingi,3,0,0,1,1,1,1,1,1,0,1,1,0,1,0,1,1,1,0,1,1,0,0,0,0,1,1,1,0,1,0,0,0,0,0,0,0,8624000,1670,3,5164.071856287425,Narsingi,3 BHK,1500-2500 sqft,Valid,Hyderabad,Not available in source data,18,35
13300000,1931,Kukatpally,3,0,1,1,1,1,1,1,1,1,1,1,1,1,0,1,1,1,0,1,1,0,0,0,0,0,1,1,0,1,0,0,0,0,0,0,0,13300000,1931,3,6887.622993267737,Kukatpally,3 BHK,1500-2500 sqft,Valid,Hyderabad,Not available in source data,20,35
11500000,1782,Kukatpally,3,0,0,1,1,1,1,1,1,0,0,1,1,1,0,1,1,1,0,1,1,0,0,0,0,0,1,1,0,0,0,0,0,0,0,0,0,11500000,1782,3,6453.423120089787,Kukatpally,3 BHK,1500-2500 sqft,Valid,Hyderabad,Not available in source data,16,35
9400000,1441,Kukatpally,2,0,0,1,1,1,1,1,1,0,0,1,1,1,0,1,1,1,0,1,1,0,0,0,0,0,1,1,0,0,0,0,0,0,0,0,0,9400000,1441,2,6523.247744621791,Kukatpally,2 BHK,1000-1500 sqft,Valid,Hyderabad,Not available in source data,16,35
6363000,1515,Suchitra,3,0,0,0,0,0,0,0,0,0,0,0,0,0,0,1,0,1,0,0,0,0,0,0,1,0,0,1,1,0,0,0,0,0,0,1,0,6363000,1515,3,4200.0,Suchitra,3 BHK,1500-2500 sqft,Valid,Hyderabad,Not available in source data,6,35
5100000,1165,ECIL Main Road,2,0,0,0,0,0,0,0,0,0,0,0,0,0,0,0,0,0,0,0,0,0,0,0,0,0,0,0,0,0,0,0,0,0,0,0,0,5100000,1165,2,4377.682403433477,ECIL Main Road,2 BHK,1000-1500 sqft,Valid,Hyderabad,Not available in source data,0,35
12000000,1740,Kukatpally,3,0,0,1,1,1,1,1,1,1,0,1,1,1,0,1,1,1,0,1,1,0,0,0,0,0,1,1,0,1,0,0,0,0,0,0,0,12000000,1740,3,6896.551724137931,Kukatpally,3 BHK,1500-2500 sqft,Valid,Hyderabad,Not available in source data,18,35
9382000,1360,Kukatpally,2,0,0,1,1,1,1,1,1,0,0,1,1,1,0,1,1,1,0,1,1,0,0,0,0,0,1,1,0,0,0,0,0,0,0,0,0,9382000,1360,2,6898.529411764706,Kukatpally,2 BHK,1000-1500 sqft,Valid,Hyderabad,Not available in source data,16,35
4500000,1110,Pragathi Nagar Kukatpally,2,0,0,0,0,0,0,0,0,0,0,0,0,0,0,0,0,0,0,0,0,0,0,0,0,0,0,0,0,0,0,0,0,0,0,0,0,4500000,1110,2,4054.054054054054,Pragathi Nagar Kukatpally,2 BHK,1000-1500 sqft,Valid,Hyderabad,Not available in source data,0,35
11000000,1675,Chandanagar,3,1,0,1,1,1,0,1,1,0,0,0,0,0,0,1,1,1,0,0,1,0,0,0,0,0,1,1,0,0,0,0,0,0,0,0,0,11000000,1675,3,6567.164179104478,Chandanagar,3 BHK,1500-2500 sqft,Valid,Hyderabad,Not available in source data,11,35
11000000,1725,Gopanpally,3,0,0,1,1,1,0,1,1,0,0,0,0,1,0,1,1,1,0,1,1,0,0,1,1,0,1,1,1,1,0,1,1,1,1,1,1,11000000,1725,3,6376.811594202899,Gopanpally,3 BHK,1500-2500 sqft,Valid,Hyderabad,Not available in source data,23,35
5647000,1255,Nagole,2,0,1,0,1,1,0,1,0,1,0,0,1,0,1,1,1,1,1,0,0,1,0,0,0,0,0,1,0,1,0,0,0,0,0,0,0,5647000,1255,2,4499.601593625498,Nagole,2 BHK,1000-1500 sqft,Valid,Hyderabad,Not available in source data,14,35
14000000,1505,Kondapur,3,1,0,1,1,1,0,1,1,0,1,1,1,1,0,1,1,1,0,0,1,0,0,0,0,0,1,1,0,1,0,0,0,0,0,0,0,14000000,1505,3,9302.32558139535,Kondapur,3 BHK,1500-2500 sqft,Valid,Hyderabad,Not available in source data,16,35
7098999,1090,Kukatpally,2,0,0,0,0,0,0,1,0,0,0,0,0,0,0,1,1,1,0,0,0,0,0,0,0,0,1,1,0,1,0,0,0,0,0,0,0,7098999,1090,2,6512.843119266055,Kukatpally,2 BHK,1000-1500 sqft,Valid,Hyderabad,Not available in source data,7,35
10900000,1695,Kukatpally,3,0,0,0,0,0,0,1,0,0,0,0,0,0,0,1,1,1,0,0,0,0,0,0,0,0,1,1,0,1,0,0,0,0,0,0,0,10900000,1695,3,6430.678466076696,Kukatpally,3 BHK,1500-2500 sqft,Valid,Hyderabad,Not available in source data,7,35
8095000,1315,Kondapur,2,0,1,1,1,1,0,1,1,0,1,0,0,1,0,1,1,1,0,0,0,0,0,0,0,0,1,1,0,1,0,0,0,0,0,0,0,8095000,1315,2,6155.893536121673,Kondapur,2 BHK,1000-1500 sqft,Valid,Hyderabad,Not available in source data,14,35
11399999,1885,Kondapur,3,0,1,1,1,1,1,1,1,0,1,0,0,1,0,1,1,1,0,0,0,0,0,0,0,0,1,1,0,1,0,0,0,0,0,0,0,11399999,1885,3,6047.744827586207,Kondapur,3 BHK,1500-2500 sqft,Valid,Hyderabad,Not available in source data,15,35
5256000,1180,Gajularamaram,2,0,0,1,1,0,1,1,1,0,0,0,0,0,0,1,1,1,0,0,0,0,0,0,0,0,1,1,0,0,0,0,0,0,0,0,0,5256000,1180,2,4454.237288135593,Gajularamaram,2 BHK,1000-1500 sqft,Valid,Hyderabad,Not available in source data,10,35
6931000,1555,Gajularamaram,3,0,0,1,1,0,1,1,0,0,0,0,0,0,0,1,1,1,0,0,0,0,0,0,0,0,1,1,0,1,0,0,0,0,0,0,0,6931000,1555,3,4457.2347266881025,Gajularamaram,3 BHK,1500-2500 sqft,Valid,Hyderabad,Not available in source data,10,35
13500000,1728,Gachibowli,3,1,1,1,1,1,1,1,1,0,1,1,0,1,0,1,1,1,0,0,1,0,0,1,1,0,1,1,1,1,0,1,1,1,1,1,0,13500000,1728,3,7812.5,Gachibowli,3 BHK,1500-2500 sqft,Valid,Hyderabad,Not available in source data,25,35
6000000,1189,Panchavati Colony Manikonda,2,1,0,0,0,0,0,0,0,0,0,0,0,0,0,1,1,1,0,0,0,0,0,0,0,0,0,0,0,0,0,0,0,0,0,0,0,6000000,1189,2,5046.257359125316,Panchavati Colony Manikonda,2 BHK,1000-1500 sqft,Valid,Hyderabad,Not available in source data,3,35
6000000,1100,Manikonda,2,0,0,0,0,0,0,0,0,0,0,0,0,0,0,0,0,0,0,0,0,0,0,0,0,0,0,0,0,0,0,0,0,0,0,0,0,6000000,1100,2,5454.545454545455,Manikonda,2 BHK,1000-1500 sqft,Valid,Hyderabad,Not available in source data,0,35
11000000,1735,Kukatpally,3,0,0,1,1,1,1,1,1,0,0,1,1,1,0,1,1,1,0,1,1,0,0,0,0,0,1,1,0,0,0,0,0,0,0,0,0,11000000,1735,3,6340.057636887608,Kukatpally,3 BHK,1500-2500 sqft,Valid,Hyderabad,Not available in source data,16,35
10500000,2192,Kondapur,3,0,0,1,1,0,1,1,1,0,1,0,0,1,0,1,1,1,0,1,1,0,0,0,0,0,1,1,0,1,0,0,0,0,0,0,0,10500000,2192,3,4790.14598540146,Kondapur,3 BHK,1500-2500 sqft,Valid,Hyderabad,Not available in source data,15,35
4085000,1075,Kompally,2,0,0,0,0,0,0,0,0,0,0,0,0,0,0,0,0,0,0,0,0,0,0,0,0,0,0,0,0,0,0,0,0,0,0,0,0,4085000,1075,2,3800.0,Kompally,2 BHK,1000-1500 sqft,Valid,Hyderabad,Not available in source data,0,35
4427000,1265,Kompally,2,0,0,0,0,0,0,0,0,0,0,0,0,0,0,0,0,0,0,0,0,0,0,0,0,0,0,0,0,0,0,0,0,0,0,0,0,4427000,1265,2,3499.604743083004,Kompally,2 BHK,1000-1500 sqft,Valid,Hyderabad,Not available in source data,0,35
15400000,1782,Kukatpally,3,0,1,1,1,1,1,1,1,1,1,1,1,1,1,1,1,1,0,1,1,1,0,0,0,0,1,1,0,1,0,0,0,0,0,0,0,15400000,1782,3,8641.975308641975,Kukatpally,3 BHK,1500-2500 sqft,Valid,Hyderabad,Not available in source data,22,35
45000000,2700,Sun City,3,0,0,0,0,0,0,0,0,0,0,0,0,0,0,0,0,0,0,0,0,0,0,0,0,0,0,0,0,0,0,0,0,0,0,0,0,45000000,2700,3,16666.666666666668,Sun City,3 BHK,2500+ sqft,Valid,Hyderabad,Not available in source data,0,35
24500000,4829,Gachibowli,4,0,1,1,1,1,1,1,1,0,1,1,0,1,0,1,1,1,0,0,1,0,0,0,0,0,1,1,0,1,0,0,0,0,0,0,0,24500000,4829,4,5073.5141851314975,Gachibowli,4 BHK,2500+ sqft,Valid,Hyderabad,Not available in source data,17,35
8823000,1279,Kukatpally,2,0,0,1,1,1,1,1,1,1,1,1,1,1,0,1,1,1,0,1,1,0,0,0,0,0,1,1,0,1,0,0,0,0,0,0,0,8823000,1279,2,6898.3580922595775,Kukatpally,2 BHK,1000-1500 sqft,Valid,Hyderabad,Not available in source data,19,35
8389000,1216,Kukatpally,2,0,0,1,1,1,1,1,1,1,1,1,1,1,0,1,1,1,0,1,1,0,0,0,0,0,1,1,0,0,0,0,0,0,0,0,0,8389000,1216,2,6898.848684210527,Kukatpally,2 BHK,1000-1500 sqft,Valid,Hyderabad,Not available in source data,18,35
9941000,1441,Kukatpally,2,0,0,1,1,1,1,1,1,1,0,1,1,1,0,1,1,1,0,1,1,0,0,0,0,0,1,1,0,1,0,0,0,0,0,0,0,9941000,1441,2,6898.681471200555,Kukatpally,2 BHK,1000-1500 sqft,Valid,Hyderabad,Not available in source data,18,35
6180000,1200,Narsingi,2,0,0,1,1,1,1,1,1,0,1,1,0,1,0,1,1,1,0,1,1,0,0,0,0,1,1,1,0,1,0,0,0,0,0,0,0,6180000,1200,2,5150.0,Narsingi,2 BHK,1000-1500 sqft,Valid,Hyderabad,Not available in source data,18,35
4340000,1150,Bachupally,2,0,0,0,0,0,0,0,0,0,0,0,0,0,0,0,1,1,0,0,0,0,0,0,0,0,0,1,0,0,0,0,0,0,0,0,0,4340000,1150,2,3773.913043478261,Bachupally,2 BHK,1000-1500 sqft,Valid,Hyderabad,Not available in source data,3,35
5510000,1475,Bachupally,3,0,0,0,0,0,0,0,0,0,0,0,0,0,0,0,1,1,0,0,0,0,0,0,0,0,0,1,0,0,0,0,0,0,0,0,0,5510000,1475,3,3735.593220338983,Bachupally,3 BHK,1000-1500 sqft,Valid,Hyderabad,Not available in source data,3,35
5050000,1100,Kompally,2,0,1,0,0,0,0,1,0,0,0,0,0,0,0,1,1,1,0,0,0,0,0,0,0,0,0,1,0,1,0,0,0,0,0,0,0,5050000,1100,2,4590.909090909091,Kompally,2 BHK,1000-1500 sqft,Valid,Hyderabad,Not available in source data,7,35
9300000,1470,Chandanagar,3,0,0,1,1,1,0,1,1,0,1,1,0,1,0,1,1,1,0,1,1,0,0,0,0,0,1,1,0,0,0,0,0,0,0,0,0,9300000,1470,3,6326.530612244898,Chandanagar,3 BHK,1000-1500 sqft,Valid,Hyderabad,Not available in source data,15,35
13000000,1780,Serilingampally,3,0,0,1,1,1,1,1,1,0,1,1,0,1,0,1,1,1,1,1,0,0,0,0,0,1,1,1,0,1,0,0,0,0,0,0,0,13000000,1780,3,7303.3707865168535,Serilingampally,3 BHK,1500-2500 sqft,Valid,Hyderabad,Not available in source data,18,35
18500000,2460,Manikonda,3,1,0,1,1,0,0,1,1,0,1,1,0,1,0,1,1,1,0,1,1,0,0,0,0,0,1,1,0,1,0,0,0,0,0,0,0,18500000,2460,3,7520.325203252032,Manikonda,3 BHK,1500-2500 sqft,Valid,Hyderabad,Not available in source data,15,35
17500000,2540,Kokapet,3,1,1,1,1,1,1,1,1,0,1,0,0,1,0,1,1,1,1,0,1,0,0,0,0,0,1,1,0,1,0,0,0,0,0,0,0,17500000,2540,3,6889.763779527559,Kokapet,3 BHK,2500+ sqft,Valid,Hyderabad,Not available in source data,17,35
6102000,1130,Nanakramguda,2,0,0,1,1,1,1,1,1,0,0,0,0,1,0,1,1,1,0,0,0,0,0,0,0,1,1,1,0,1,0,0,0,0,0,0,0,6102000,1130,2,5400.0,Nanakramguda,2 BHK,1000-1500 sqft,Valid,Hyderabad,Not available in source data,14,35
8070000,1495,Nanakramguda,3,0,0,1,1,1,1,1,1,0,0,0,0,1,0,1,1,1,0,0,0,0,0,0,0,1,1,1,0,1,0,0,0,0,0,0,0,8070000,1495,3,5397.993311036789,Nanakramguda,3 BHK,1000-1500 sqft,Valid,Hyderabad,Not available in source data,14,35
7533000,1395,Nanakramguda,2,0,0,1,1,1,1,1,1,0,0,0,0,1,0,1,1,1,0,0,0,0,0,0,0,1,1,1,0,1,0,0,0,0,0,0,0,7533000,1395,2,5400.0,Nanakramguda,2 BHK,1000-1500 sqft,Valid,Hyderabad,Not available in source data,14,35
6884999,1275,Nanakramguda,2,0,0,1,1,1,1,1,1,0,0,0,0,1,0,1,1,1,0,0,0,0,0,0,0,1,1,1,0,1,0,0,0,0,0,0,0,6884999,1275,2,5399.9992156862745,Nanakramguda,2 BHK,1000-1500 sqft,Valid,Hyderabad,Not available in source data,14,35
17000000,2630,Kokapet,4,0,1,1,1,1,1,1,1,0,1,1,0,1,0,1,1,1,1,0,1,0,0,0,0,0,1,1,0,1,0,0,0,0,0,0,0,17000000,2630,4,6463.878326996198,Kokapet,4 BHK,2500+ sqft,Valid,Hyderabad,Not available in source data,18,35
17000000,2630,Kokapet,4,0,1,1,1,1,1,1,1,0,1,1,0,1,0,1,1,1,1,1,1,0,0,0,0,0,1,1,0,1,0,0,0,0,0,0,0,17000000,2630,4,6463.878326996198,Kokapet,4 BHK,2500+ sqft,Valid,Hyderabad,Not available in source data,19,35
61000000,4700,Jubilee Hills,4,0,1,1,1,1,1,1,1,0,0,1,0,1,0,1,1,1,0,1,1,0,0,0,0,0,1,1,0,1,0,0,0,0,0,0,0,61000000,4700,4,12978.72340425532,Jubilee Hills,4 BHK,2500+ sqft,Valid,Hyderabad,Not available in source data,17,35
55800000,4300,Jubilee Hills,4,0,1,1,1,1,1,1,1,0,0,1,0,1,0,1,1,1,0,1,1,0,0,0,0,0,1,1,0,1,0,0,0,0,0,0,0,55800000,4300,4,12976.744186046511,Jubilee Hills,4 BHK,2500+ sqft,Valid,Hyderabad,Not available in source data,17,35
8000000,1700,Tellapur,3,1,0,1,1,1,1,1,0,0,1,1,0,1,0,1,0,1,0,0,1,0,0,0,0,0,1,1,0,1,0,0,0,0,0,0,0,8000000,1700,3,4705.882352941177,Tellapur,3 BHK,1500-2500 sqft,Valid,Hyderabad,Not available in source data,14,35
18400000,2630,Kokapet,4,0,1,1,1,1,1,1,1,0,1,0,0,1,0,1,1,1,1,0,1,0,0,0,0,1,1,1,0,1,0,0,0,0,0,0,0,18400000,2630,4,6996.197718631179,Kokapet,4 BHK,2500+ sqft,Valid,Hyderabad,Not available in source data,18,35
4500000,1230,Bachupally,2,0,0,0,0,0,0,0,0,0,0,0,0,0,0,0,0,0,0,0,0,0,0,0,0,0,0,0,0,0,0,0,0,0,0,0,0,4500000,1230,2,3658.5365853658536,Bachupally,2 BHK,1000-1500 sqft,Valid,Hyderabad,Not available in source data,0,35
3600000,1000,Pragati Nagar,2,0,1,0,0,0,0,1,0,0,0,0,1,0,1,1,1,1,1,0,0,1,0,0,0,0,1,1,0,0,0,0,0,0,0,0,0,3600000,1000,2,3600.0,Pragati Nagar,2 BHK,1000-1500 sqft,Valid,Hyderabad,Not available in source data,11,35
3500000,1150,Bachupally Road,2,0,0,0,0,0,0,0,0,0,0,0,0,0,0,1,1,1,0,0,0,0,0,0,0,0,0,0,0,0,0,0,0,0,0,0,0,3500000,1150,2,3043.478260869565,Bachupally Road,2 BHK,1000-1500 sqft,Valid,Hyderabad,Not available in source data,3,35
4000000,1195,Nallakunta,3,0,0,0,0,0,0,0,0,0,0,0,0,0,0,0,0,1,0,0,0,0,0,0,0,0,0,1,0,0,0,0,0,0,0,0,0,4000000,1195,3,3347.2803347280333,Nallakunta,3 BHK,1000-1500 sqft,Valid,Hyderabad,Not available in source data,2,35
5200000,1050,New Maruthi Nagar,2,1,0,0,0,0,0,0,0,0,0,0,0,0,0,0,0,0,0,0,0,0,0,0,1,0,0,0,1,0,0,0,1,0,0,0,0,5200000,1050,2,4952.380952380952,New Maruthi Nagar,2 BHK,1000-1500 sqft,Valid,Hyderabad,Not available in source data,3,35
5900000,1122,Tarnaka,2,0,0,0,0,0,0,0,0,0,0,0,0,0,0,0,0,0,0,0,0,0,0,0,0,0,0,0,0,0,0,0,0,0,0,0,0,5900000,1122,2,5258.467023172905,Tarnaka,2 BHK,1000-1500 sqft,Valid,Hyderabad,Not available in source data,0,35
13300000,1710,Kondapur,3,0,0,1,1,1,0,1,1,0,1,1,1,1,0,1,1,1,0,0,1,0,0,0,0,0,1,1,0,1,0,0,0,0,0,0,0,13300000,1710,3,7777.777777777777,Kondapur,3 BHK,1500-2500 sqft,Valid,Hyderabad,Not available in source data,16,35
7998000,1600,Nanakramguda,3,0,0,1,1,1,1,1,1,1,1,1,0,1,1,1,1,1,0,0,1,1,0,0,0,0,1,1,0,1,0,0,0,0,0,0,0,7998000,1600,3,4998.75,Nanakramguda,3 BHK,1500-2500 sqft,Valid,Hyderabad,Not available in source data,19,35
10500000,2020,Kondapur,3,0,0,1,1,1,0,1,1,0,1,0,0,1,0,1,1,1,0,0,1,0,0,0,0,0,1,1,0,0,0,0,0,0,0,0,0,10500000,2020,3,5198.019801980198,Kondapur,3 BHK,1500-2500 sqft,Valid,Hyderabad,Not available in source data,13,35
32000000,3190,Madhapur,4,1,0,1,1,0,1,1,1,0,0,0,0,1,0,1,1,1,0,1,1,0,0,0,0,0,1,1,0,1,0,0,0,0,0,0,0,32000000,3190,4,10031.347962382446,Madhapur,4 BHK,2500+ sqft,Valid,Hyderabad,Not available in source data,14,35
4158000,1220,Bachupally Road,2,0,0,0,0,0,0,0,0,0,0,0,0,0,0,0,0,0,0,0,0,0,0,0,0,0,0,0,0,0,0,0,0,0,0,0,0,4158000,1220,2,3408.1967213114754,Bachupally Road,2 BHK,1000-1500 sqft,Valid,Hyderabad,Not available in source data,0,35
6640000,1165,Kondapur,2,0,1,1,1,1,1,1,1,0,1,0,0,1,0,1,1,1,0,0,1,0,0,0,0,0,1,1,0,1,0,0,0,0,0,0,0,6640000,1165,2,5699.570815450644,Kondapur,2 BHK,1000-1500 sqft,Valid,Hyderabad,Not available in source data,16,35
6000000,1775,Bandlaguda Jagir,3,0,0,1,1,0,1,1,1,0,1,0,0,1,0,1,1,1,1,0,0,0,0,0,0,0,1,1,0,1,0,0,0,0,0,0,0,6000000,1775,3,3380.281690140845,Bandlaguda Jagir,3 BHK,1500-2500 sqft,Valid,Hyderabad,Not available in source data,14,35
16000000,1662,Gachibowli,3,0,0,1,1,1,1,1,0,0,1,1,0,1,0,1,1,1,0,0,1,0,0,0,0,0,1,1,0,1,0,1,0,0,0,0,0,16000000,1662,3,9626.955475330926,Gachibowli,3 BHK,1500-2500 sqft,Valid,Hyderabad,Not available in source data,16,35
9558000,1770,Nanakramguda,3,0,0,1,1,1,1,1,1,0,0,0,0,1,0,1,1,1,0,0,0,0,0,0,0,1,1,1,0,1,0,0,0,0,0,0,0,9558000,1770,3,5400.0,Nanakramguda,3 BHK,1500-2500 sqft,Valid,Hyderabad,Not available in source data,14,35
29000000,3493,Hitech City,4,0,0,1,1,1,1,1,1,0,1,1,1,1,0,1,1,1,1,0,1,0,0,0,0,0,1,1,0,1,0,0,0,0,0,0,0,29000000,3493,4,8302.318923561408,Hitech City,4 BHK,2500+ sqft,Valid,Hyderabad,Not available in source data,18,35
5500000,1050,Kukatpally,2,1,0,0,0,0,0,0,0,0,0,0,0,0,0,0,1,0,0,0,0,0,0,0,0,0,0,1,0,0,0,0,0,0,0,0,0,5500000,1050,2,5238.0952380952385,Kukatpally,2 BHK,1000-1500 sqft,Valid,Hyderabad,Not available in source data,2,35
6363000,1515,Suchitra,3,0,0,0,0,0,0,0,0,0,0,0,0,0,0,1,0,1,0,0,0,0,0,0,1,0,0,0,1,0,0,0,0,0,0,1,0,6363000,1515,3,4200.0,Suchitra,3 BHK,1500-2500 sqft,Valid,Hyderabad,Not available in source data,5,35
13500000,2815,Kondapur,3,0,0,1,1,0,1,1,1,0,1,0,0,1,0,1,1,1,0,0,1,0,0,0,0,0,1,1,0,1,0,0,0,0,0,0,0,13500000,2815,3,4795.737122557726,Kondapur,3 BHK,2500+ sqft,Valid,Hyderabad,Not available in source data,14,35
10500000,2191,Kondapur,3,0,0,1,1,0,1,1,1,0,1,0,0,1,0,1,1,1,0,0,1,0,0,0,0,0,1,1,0,1,0,0,0,0,0,0,0,10500000,2191,3,4792.332268370607,Kondapur,3 BHK,1500-2500 sqft,Valid,Hyderabad,Not available in source data,14,35
13500000,2813,Kondapur,3,0,0,1,1,0,1,1,1,0,1,0,0,1,0,1,1,1,0,0,1,0,0,0,0,0,1,1,0,1,0,0,0,0,0,0,0,13500000,2813,3,4799.146818343405,Kondapur,3 BHK,2500+ sqft,Valid,Hyderabad,Not available in source data,14,35
9517000,1535,Kokapet,3,0,1,1,1,1,1,1,1,0,1,1,0,1,0,1,1,1,1,1,1,0,0,0,0,0,1,1,0,1,0,0,0,0,0,0,0,9517000,1535,3,6200.0,Kokapet,3 BHK,1500-2500 sqft,Valid,Hyderabad,Not available in source data,19,35
9517000,1535,Kokapet,3,0,1,1,1,1,1,1,1,0,1,0,0,1,0,1,1,1,1,0,1,0,0,0,0,0,1,1,0,1,0,0,0,0,0,0,0,9517000,1535,3,6200.0,Kokapet,3 BHK,1500-2500 sqft,Valid,Hyderabad,Not available in source data,17,35
8903000,1535,Kokapet,3,0,1,1,1,1,1,1,1,0,1,1,0,1,0,1,1,1,1,1,1,0,0,0,0,0,1,1,0,1,0,0,0,0,0,0,0,8903000,1535,3,5800.0,Kokapet,3 BHK,1500-2500 sqft,Valid,Hyderabad,Not available in source data,19,35
16299999,2630,Kokapet,4,0,1,1,1,1,1,1,1,0,1,1,0,1,0,1,1,1,1,1,1,0,0,0,0,0,1,1,0,1,0,0,0,0,0,0,0,16299999,2630,4,6197.71825095057,Kokapet,4 BHK,2500+ sqft,Valid,Hyderabad,Not available in source data,19,35
16299999,2630,Kokapet,4,0,1,1,1,1,1,1,1,0,1,1,0,1,0,1,1,1,1,0,1,0,0,0,0,0,1,1,0,1,0,0,0,0,0,0,0,16299999,2630,4,6197.71825095057,Kokapet,4 BHK,2500+ sqft,Valid,Hyderabad,Not available in source data,18,35
16299999,2630,Kokapet,4,0,1,1,1,1,1,1,1,0,1,0,0,1,0,1,1,1,1,0,1,0,0,0,0,0,1,1,0,1,0,0,0,0,0,0,0,16299999,2630,4,6197.71825095057,Kokapet,4 BHK,2500+ sqft,Valid,Hyderabad,Not available in source data,17,35
15200000,2630,Kokapet,4,0,1,1,1,1,1,1,1,0,1,1,0,1,0,1,1,1,1,0,1,0,0,0,0,0,1,1,0,1,0,0,0,0,0,0,0,15200000,2630,4,5779.467680608365,Kokapet,4 BHK,2500+ sqft,Valid,Hyderabad,Not available in source data,18,35
15200000,2630,Kokapet,4,0,1,1,1,1,1,1,1,0,1,1,0,1,0,1,1,1,1,1,1,0,0,0,0,0,1,1,0,1,0,0,0,0,0,0,0,15200000,2630,4,5779.467680608365,Kokapet,4 BHK,2500+ sqft,Valid,Hyderabad,Not available in source data,19,35
35200000,4146,Gachibowli,5,0,1,1,1,1,1,1,1,0,1,1,0,1,0,1,1,1,1,0,1,0,0,0,0,0,1,1,0,1,0,0,0,0,0,0,0,35200000,4146,5,8490.110950313556,Gachibowli,5+ BHK,2500+ sqft,Valid,Hyderabad,Not available in source data,18,35
4500000,1050,Madhavaram Nagar Colony,2,0,0,0,0,0,0,0,0,0,0,0,0,0,0,0,0,0,0,0,0,0,0,0,0,0,0,0,0,0,0,0,0,0,1,0,0,4500000,1050,2,4285.714285714285,Madhavaram Nagar Colony,2 BHK,1000-1500 sqft,Valid,Hyderabad,Not available in source data,1,35
62300000,4800,Jubilee Hills,4,0,1,1,1,1,1,1,1,0,0,1,0,1,0,1,1,1,0,1,1,0,0,0,0,0,1,1,0,1,0,0,0,0,0,0,0,62300000,4800,4,12979.166666666666,Jubilee Hills,4 BHK,2500+ sqft,Valid,Hyderabad,Not available in source data,17,35
12500000,2607,Kondapur,3,0,0,1,1,0,1,1,1,0,1,0,0,1,0,1,1,1,0,0,1,0,0,0,0,0,1,1,0,1,0,0,0,0,0,0,0,12500000,2607,3,4794.783275795934,Kondapur,3 BHK,2500+ sqft,Valid,Hyderabad,Not available in source data,14,35
12000000,1535,Kokapet,3,0,1,1,1,1,1,1,1,0,1,0,0,1,0,1,1,1,1,0,1,0,0,0,0,1,1,1,0,1,0,0,0,0,0,0,0,12000000,1535,3,7817.589576547231,Kokapet,3 BHK,1500-2500 sqft,Valid,Hyderabad,Not available in source data,18,35
2962000,1185,Gajulramaram Kukatpally,2,0,0,1,1,0,0,1,0,0,1,0,0,1,0,1,1,1,0,0,0,0,0,0,0,0,1,1,0,1,0,0,0,0,0,0,0,2962000,1185,2,2499.57805907173,Gajulramaram Kukatpally,2 BHK,1000-1500 sqft,Valid,Hyderabad,Not available in source data,11,35
14500000,1730,Nanakramguda,3,1,1,1,1,1,1,1,1,0,1,1,0,1,0,1,1,1,0,0,1,0,0,0,0,0,1,1,0,1,0,0,0,0,0,0,0,14500000,1730,3,8381.502890173411,Nanakramguda,3 BHK,1500-2500 sqft,Valid,Hyderabad,Not available in source data,17,35
34000000,3490,Madhapur,4,1,0,1,1,1,1,1,1,0,0,0,0,1,0,1,1,1,0,0,1,0,0,0,0,0,1,1,0,1,0,0,0,0,0,0,0,34000000,3490,4,9742.120343839542,Madhapur,4 BHK,2500+ sqft,Valid,Hyderabad,Not available in source data,14,35
15000000,1834,Manikonda,3,1,0,1,1,1,1,0,1,0,1,1,1,1,0,1,1,1,0,0,1,1,0,0,0,0,1,1,0,0,0,0,0,0,0,0,0,15000000,1834,3,8178.844056706652,Manikonda,3 BHK,1500-2500 sqft,Valid,Hyderabad,Not available in source data,16,35
7200000,2025,Miyapur Bachupally Road,4,1,0,0,0,0,0,0,0,0,0,0,0,0,0,1,0,1,0,0,0,0,0,0,0,0,0,1,0,0,0,0,0,0,0,0,0,7200000,2025,4,3555.5555555555557,Miyapur Bachupally Road,4 BHK,1500-2500 sqft,Valid,Hyderabad,Not available in source data,3,35
3700000,1000,Pragathi Nagar Road,2,0,0,0,0,0,0,0,0,0,0,0,0,0,0,1,1,1,0,0,0,0,0,0,0,0,0,0,0,0,0,0,0,0,0,0,0,3700000,1000,2,3700.0,Pragathi Nagar Road,2 BHK,1000-1500 sqft,Valid,Hyderabad,Not available in source data,3,35
9800000,1580,Hitech City,3,0,0,1,1,1,1,1,1,0,1,1,1,1,0,1,1,1,0,1,1,0,0,0,0,0,1,1,0,1,0,0,0,0,0,0,0,9800000,1580,3,6202.53164556962,Hitech City,3 BHK,1500-2500 sqft,Valid,Hyderabad,Not available in source data,18,35
13000000,2615,Gachibowli,3,0,0,1,1,1,1,0,1,0,1,1,0,0,0,1,1,1,0,0,0,0,0,0,0,0,0,1,0,1,0,0,0,0,0,0,0,13000000,2615,3,4971.31931166348,Gachibowli,3 BHK,2500+ sqft,Valid,Hyderabad,Not available in source data,12,35
15800000,2191,Kondapur,3,1,0,1,1,0,1,1,1,0,1,0,0,1,0,1,1,1,0,0,1,0,0,0,0,0,1,1,0,1,0,0,0,0,0,0,0,15800000,2191,3,7211.319032405295,Kondapur,3 BHK,1500-2500 sqft,Valid,Hyderabad,Not available in source data,14,35
4600000,1190,nizampet road,2,0,0,0,0,0,0,0,0,0,0,0,0,0,0,0,0,0,0,0,0,0,0,0,0,0,0,0,0,0,0,0,0,0,0,0,0,4600000,1190,2,3865.546218487395,nizampet road,2 BHK,1000-1500 sqft,Valid,Hyderabad,Not available in source data,0,35
30000000,4400,Kukatpally,4,1,0,1,1,1,1,0,1,1,1,0,1,1,1,1,1,1,1,0,0,1,0,0,0,0,1,1,0,1,0,0,0,0,0,0,0,30000000,4400,4,6818.181818181818,Kukatpally,4 BHK,2500+ sqft,Valid,Hyderabad,Not available in source data,18,35
7438000,1270,Nallagandla Gachibowli,2,0,0,1,1,1,1,1,1,1,1,1,1,1,0,1,1,1,0,0,1,0,0,0,0,1,1,1,0,1,0,0,0,0,0,0,0,7438000,1270,2,5856.692913385827,Nallagandla Gachibowli,2 BHK,1000-1500 sqft,Valid,Hyderabad,Not available in source data,19,35
13400000,2100,Kokapeta Village,3,1,1,1,1,1,1,1,1,0,1,1,0,1,0,1,1,1,0,1,1,0,0,0,0,0,1,0,0,0,0,0,0,0,0,0,0,13400000,2100,3,6380.952380952381,Kokapeta Village,3 BHK,1500-2500 sqft,Valid,Hyderabad,Not available in source data,16,35
4800000,1100,Kompally,2,0,0,0,0,0,0,0,0,0,0,0,0,0,0,0,0,0,0,0,0,0,0,0,0,0,0,0,0,0,0,0,0,0,0,0,0,4800000,1100,2,4363.636363636364,Kompally,2 BHK,1000-1500 sqft,Valid,Hyderabad,Not available in source data,0,35
29000000,8500,LB Nagar,6,0,0,0,0,0,0,0,0,0,0,0,0,0,0,0,0,0,0,0,0,0,0,0,0,0,0,0,0,0,0,0,0,0,0,0,0,29000000,8500,6,3411.764705882353,LB Nagar,5+ BHK,2500+ sqft,Valid,Hyderabad,Not available in source data,0,35
3800000,900,Nallakunta,2,1,0,0,0,0,0,0,0,0,0,0,0,0,0,0,0,1,0,0,0,0,0,0,0,0,0,0,0,0,0,0,0,0,0,1,0,3800000,900,2,4222.222222222223,Nallakunta,2 BHK,500-1000 sqft,Valid,Hyderabad,Not available in source data,2,35
27000000,3448,Gachibowli,4,0,0,1,1,1,1,0,1,0,1,0,0,1,0,1,1,1,0,0,0,0,0,0,0,0,1,1,0,1,0,0,0,0,0,0,0,27000000,3448,4,7830.626450116009,Gachibowli,4 BHK,2500+ sqft,Valid,Hyderabad,Not available in source data,13,35
12100000,1865,Hitech City,3,1,1,1,1,1,1,1,1,0,1,1,1,1,0,1,1,1,0,1,1,0,0,0,0,0,1,1,0,1,0,0,0,0,0,0,0,12100000,1865,3,6487.935656836461,Hitech City,3 BHK,1500-2500 sqft,Valid,Hyderabad,Not available in source data,19,35
7950000,1589,Alwal,3,0,0,1,1,1,0,0,0,0,0,0,0,0,0,1,1,1,0,0,0,0,0,0,0,0,0,1,0,0,0,0,0,0,0,0,0,7950000,1589,3,5003.14663310258,Alwal,3 BHK,1500-2500 sqft,Valid,Hyderabad,Not available in source data,7,35
10500000,2025,Somajiguda,3,1,0,0,0,0,0,0,0,0,0,0,0,0,0,0,0,1,0,0,0,0,0,0,0,0,0,1,0,0,0,0,0,0,0,1,0,10500000,2025,3,5185.185185185185,Somajiguda,3 BHK,1500-2500 sqft,Valid,Hyderabad,Not available in source data,3,35
14500000,2270,Nanakramguda,3,0,1,1,1,1,1,0,0,1,1,1,0,1,1,1,1,1,0,0,1,1,0,0,0,0,1,1,0,1,0,0,0,0,0,0,0,14500000,2270,3,6387.665198237885,Nanakramguda,3 BHK,1500-2500 sqft,Valid,Hyderabad,Not available in source data,18,35
14000000,1615,Kondapur,3,1,0,1,1,1,0,1,1,0,1,1,1,1,0,1,1,1,0,0,1,0,0,0,0,0,1,1,0,1,0,0,0,0,0,0,0,14000000,1615,3,8668.7306501548,Kondapur,3 BHK,1500-2500 sqft,Valid,Hyderabad,Not available in source data,16,35
11200000,1745,Nanakramguda,3,0,0,1,1,1,1,1,1,1,1,1,0,1,1,1,1,1,0,0,1,1,0,0,0,0,1,1,0,1,0,0,0,0,0,0,0,11200000,1745,3,6418.338108882522,Nanakramguda,3 BHK,1500-2500 sqft,Valid,Hyderabad,Not available in source data,19,35
7500000,960,Nanakramguda,2,1,0,1,1,1,1,1,1,0,1,1,0,1,0,1,1,0,0,0,1,0,0,0,0,0,1,0,0,0,0,0,0,0,0,0,0,7500000,960,2,7812.5,Nanakramguda,2 BHK,500-1000 sqft,Valid,Hyderabad,Not available in source data,13,35
4641000,1190,Bachupally,2,0,0,0,0,0,0,0,0,0,0,0,0,0,0,0,0,0,0,0,0,0,0,0,0,0,0,0,0,0,0,0,0,0,0,0,0,4641000,1190,2,3900.0,Bachupally,2 BHK,1000-1500 sqft,Valid,Hyderabad,Not available in source data,0,35
16600000,2615,Nanakramguda,3,0,1,1,1,1,1,0,0,1,1,1,0,1,1,1,1,1,0,0,1,1,0,0,0,0,1,1,0,1,0,0,0,0,0,0,0,16600000,2615,3,6347.992351816443,Nanakramguda,3 BHK,2500+ sqft,Valid,Hyderabad,Not available in source data,18,35
13400000,2800,Kondapur,3,0,0,1,1,1,0,1,0,0,1,0,0,1,0,1,1,1,0,0,1,0,0,0,0,0,1,1,0,1,0,0,0,0,0,0,0,13400000,2800,3,4785.714285714285,Kondapur,3 BHK,2500+ sqft,Valid,Hyderabad,Not available in source data,13,35
12400000,2600,Kondapur,3,0,0,1,1,0,1,1,1,0,1,0,0,1,0,1,1,1,0,0,1,0,0,0,0,0,1,1,0,1,0,0,0,0,0,0,0,12400000,2600,3,4769.2307692307695,Kondapur,3 BHK,2500+ sqft,Valid,Hyderabad,Not available in source data,14,35
11700000,2452,Kondapur,3,0,0,1,1,0,1,1,1,0,1,0,0,1,0,1,1,1,0,0,1,0,0,0,0,0,1,1,0,1,0,0,0,0,0,0,0,11700000,2452,3,4771.615008156607,Kondapur,3 BHK,1500-2500 sqft,Valid,Hyderabad,Not available in source data,14,35
5500000,1604,Madinaguda,3,0,0,0,0,0,0,0,0,0,0,0,0,0,0,0,0,0,0,0,0,0,0,0,0,0,0,0,0,0,0,0,0,0,0,0,0,5500000,1604,3,3428.927680798005,Madinaguda,3 BHK,1500-2500 sqft,Valid,Hyderabad,Not available in source data,0,35
5500000,1050,HMT Hills,2,1,0,0,0,0,0,0,0,0,0,0,0,0,0,1,1,1,0,0,0,0,0,0,0,0,0,1,0,0,0,0,0,0,0,0,0,5500000,1050,2,5238.0952380952385,HMT Hills,2 BHK,1000-1500 sqft,Valid,Hyderabad,Not available in source data,4,35
8000000,1620,Gajularamaram,3,0,0,0,0,0,0,0,0,0,0,0,0,0,0,0,0,0,0,0,0,0,0,0,0,0,0,0,0,0,0,0,0,0,0,0,0,8000000,1620,3,4938.271604938272,Gajularamaram,3 BHK,1500-2500 sqft,Valid,Hyderabad,Not available in source data,0,35
16000000,2540,Kokapet,3,0,1,1,1,1,1,1,1,0,1,0,0,1,0,1,1,1,1,0,1,0,0,0,0,1,1,1,0,1,0,0,0,0,0,0,0,16000000,2540,3,6299.212598425197,Kokapet,3 BHK,2500+ sqft,Valid,Hyderabad,Not available in source data,18,35
15000000,2160,Hitech City,3,1,0,1,1,1,1,1,1,0,1,1,1,1,0,1,1,1,0,1,1,0,0,0,0,0,1,1,0,1,0,0,0,0,0,0,0,15000000,2160,3,6944.444444444444,Hitech City,3 BHK,1500-2500 sqft,Valid,Hyderabad,Not available in source data,18,35
7000000,1630,Toli Chowki,3,0,1,0,0,0,0,1,0,0,1,0,0,0,0,1,1,1,0,0,0,0,0,0,0,0,0,1,0,0,0,0,0,0,0,0,0,7000000,1630,3,4294.478527607362,Toli Chowki,3 BHK,1500-2500 sqft,Valid,Hyderabad,Not available in source data,7,35
5400000,1050,Tilak Nagar,2,1,0,0,0,0,0,0,0,0,0,0,0,0,0,0,0,1,0,0,0,0,0,0,1,0,0,0,0,0,0,0,0,0,0,1,0,5400000,1050,2,5142.857142857143,Tilak Nagar,2 BHK,1000-1500 sqft,Valid,Hyderabad,Not available in source data,3,35
3900000,1150,Hitech City,2,0,0,1,1,1,0,0,0,0,0,0,0,0,0,1,1,1,0,0,0,0,1,1,0,1,0,1,0,0,1,0,0,1,1,0,1,3900000,1150,2,3391.304347826087,Hitech City,2 BHK,1000-1500 sqft,Valid,Hyderabad,Not available in source data,14,35
14800000,2265,Hitech City,3,1,0,1,1,1,1,1,1,0,1,1,1,1,0,1,1,1,0,1,1,0,0,0,0,0,1,1,0,1,0,0,0,0,0,0,0,14800000,2265,3,6534.216335540839,Hitech City,3 BHK,1500-2500 sqft,Valid,Hyderabad,Not available in source data,18,35
5000000,1035,Chititra Medchal,2,1,0,0,0,0,0,0,0,0,0,0,0,0,0,0,0,0,0,0,0,0,0,0,0,0,0,0,0,0,0,0,0,0,0,0,0,5000000,1035,2,4830.917874396136,Chititra Medchal,2 BHK,1000-1500 sqft,Valid,Hyderabad,Not available in source data,0,35
8000000,1500,Madhapur,3,1,1,1,1,1,1,1,1,1,1,1,1,1,1,1,1,1,1,1,1,1,1,1,1,1,1,1,1,1,1,1,1,1,1,1,1,8000000,1500,3,5333.333333333333,Madhapur,3 BHK,1500-2500 sqft,Valid,Hyderabad,Not available in source data,35,35
9800000,1688,Somajiguda,3,1,0,0,0,0,0,0,0,0,0,0,0,0,0,0,0,1,0,0,0,0,0,0,0,0,0,1,0,0,0,0,0,0,0,1,0,9800000,1688,3,5805.687203791469,Somajiguda,3 BHK,1500-2500 sqft,Valid,Hyderabad,Not available in source data,3,35
4600000,1100,Pragathi Nagar,2,0,1,0,0,0,0,1,0,0,1,0,0,0,0,1,1,1,0,0,0,0,0,1,0,0,0,1,0,0,0,0,0,0,0,0,0,4600000,1100,2,4181.818181818182,Pragathi Nagar,2 BHK,1000-1500 sqft,Valid,Hyderabad,Not available in source data,8,35
12100000,1875,Kokapet,3,0,1,1,1,1,1,1,1,0,1,1,0,1,0,1,1,1,1,1,1,0,0,0,0,0,1,1,0,1,0,0,0,0,0,0,0,12100000,1875,3,6453.333333333333,Kokapet,3 BHK,1500-2500 sqft,Valid,Hyderabad,Not available in source data,19,35
4200000,1050,BK Guda Road,2,1,0,0,0,0,0,0,0,0,0,0,0,0,0,0,0,0,0,0,0,0,0,0,0,0,0,0,0,0,0,0,0,0,0,0,0,4200000,1050,2,4000.0,BK Guda Road,2 BHK,1000-1500 sqft,Valid,Hyderabad,Not available in source data,0,35
10000000,1800,Appa Junction Peerancheru,3,1,0,1,1,1,1,1,0,0,1,0,0,1,0,1,1,1,0,1,0,0,1,1,1,1,1,1,1,1,1,0,1,1,1,1,1,10000000,1800,3,5555.555555555556,Appa Junction Peerancheru,3 BHK,1500-2500 sqft,Valid,Hyderabad,Not available in source data,25,35
27000000,2625,Madhapur,3,1,0,1,1,1,1,1,1,0,1,1,0,1,0,1,1,1,0,1,1,0,0,0,0,0,1,1,0,1,0,0,0,0,0,0,0,27000000,2625,3,10285.714285714286,Madhapur,3 BHK,2500+ sqft,Valid,Hyderabad,Not available in source data,17,35
27000000,3448,Gachibowli,4,0,0,1,1,1,1,0,1,0,1,0,0,1,0,0,1,1,0,0,0,0,0,0,0,0,1,1,0,1,0,0,0,0,0,0,0,27000000,3448,4,7830.626450116009,Gachibowli,4 BHK,2500+ sqft,Valid,Hyderabad,Not available in source data,12,35
15000000,2385,Shaikpet,3,1,0,1,1,1,1,0,1,0,1,0,0,1,0,1,1,1,1,0,0,0,0,0,0,0,1,1,0,1,0,0,0,0,0,0,0,15000000,2385,3,6289.308176100629,Shaikpet,3 BHK,1500-2500 sqft,Valid,Hyderabad,Not available in source data,14,35
11200000,1800,Nanakramguda,3,1,1,1,1,1,1,1,1,0,1,0,0,1,0,1,1,1,0,0,0,0,0,0,0,0,0,1,0,1,0,0,0,0,0,0,0,11200000,1800,3,6222.222222222223,Nanakramguda,3 BHK,1500-2500 sqft,Valid,Hyderabad,Not available in source data,14,35
20000000,2607,Kondapur,3,1,0,1,1,0,0,1,0,0,1,1,0,1,0,1,1,1,0,0,1,0,0,0,0,0,1,1,0,1,0,0,0,0,0,0,0,20000000,2607,3,7671.653241273494,Kondapur,3 BHK,2500+ sqft,Valid,Hyderabad,Not available in source data,13,35
29200000,3240,Madhapur,4,1,1,1,1,0,1,1,1,0,0,0,0,1,0,1,1,1,0,1,1,0,0,0,0,0,1,1,0,1,0,0,0,0,0,0,0,29200000,3240,4,9012.345679012345,Madhapur,4 BHK,2500+ sqft,Valid,Hyderabad,Not available in source data,15,35
25800000,2865,Madhapur,4,1,1,1,1,0,1,1,1,0,0,0,0,1,0,1,1,1,0,1,1,0,0,0,0,0,1,1,0,1,0,0,0,0,0,0,0,25800000,2865,4,9005.23560209424,Madhapur,4 BHK,2500+ sqft,Valid,Hyderabad,Not available in source data,15,35
4060000,1125,Pragathi Nagar Kukatpally,2,0,0,0,0,0,0,0,0,0,0,0,0,0,0,1,1,1,0,0,0,0,0,0,0,0,0,0,0,0,0,0,0,0,0,0,0,4060000,1125,2,3608.8888888888887,Pragathi Nagar Kukatpally,2 BHK,1000-1500 sqft,Valid,Hyderabad,Not available in source data,3,35
14000000,2050,Serilingampally,3,0,0,0,0,0,0,0,0,0,0,0,0,0,0,0,0,0,0,0,0,0,0,0,0,0,0,0,0,0,0,0,0,0,0,0,0,14000000,2050,3,6829.268292682927,Serilingampally,3 BHK,1500-2500 sqft,Valid,Hyderabad,Not available in source data,0,35
29700000,3300,Banjara Hills,4,0,0,0,0,0,0,0,0,0,0,0,0,0,0,1,1,1,0,0,0,0,0,0,0,0,0,1,0,0,0,0,0,0,0,0,0,29700000,3300,4,9000.0,Banjara Hills,4 BHK,2500+ sqft,Valid,Hyderabad,Not available in source data,4,35
3250000,1300,muthangi,3,0,0,0,0,0,0,0,0,0,0,0,0,0,0,0,0,0,0,0,0,0,0,0,0,0,0,0,0,0,0,0,0,0,0,0,0,3250000,1300,3,2500.0,muthangi,3 BHK,1000-1500 sqft,Valid,Hyderabad,Not available in source data,0,35
3450000,1240,Madinaguda,2,0,0,0,0,0,0,0,0,0,0,0,0,0,0,0,0,0,0,0,0,0,0,0,0,0,0,0,0,0,0,0,0,0,0,0,0,3450000,1240,2,2782.2580645161293,Madinaguda,2 BHK,1000-1500 sqft,Valid,Hyderabad,Not available in source data,0,35
9855000,1665,Nallagandla Gachibowli,3,0,0,1,1,1,1,1,1,1,1,1,1,1,0,1,1,1,0,0,1,0,0,0,0,1,1,1,0,1,0,0,0,0,0,0,0,9855000,1665,3,5918.918918918919,Nallagandla Gachibowli,3 BHK,1500-2500 sqft,Valid,Hyderabad,Not available in source data,19,35
7536000,1265,Nallagandla Gachibowli,2,0,0,1,1,1,1,1,1,1,1,1,1,1,0,1,1,1,0,0,1,0,0,0,0,1,1,1,0,1,0,0,0,0,0,0,0,7536000,1265,2,5957.312252964427,Nallagandla Gachibowli,2 BHK,1000-1500 sqft,Valid,Hyderabad,Not available in source data,19,35
9782000,2644,Nanakramguda,3,0,0,1,1,0,1,1,1,0,1,1,0,1,0,1,1,1,0,0,1,0,0,0,0,0,1,1,0,0,0,0,0,0,0,0,0,9782000,2644,3,3699.697428139183,Nanakramguda,3 BHK,2500+ sqft,Valid,Hyderabad,Not available in source data,14,35
2500000,1000,Beeramguda,2,0,0,0,0,0,0,0,0,0,0,0,0,0,0,0,0,0,0,0,0,0,0,0,0,0,0,0,0,0,0,0,0,0,0,0,0,2500000,1000,2,2500.0,Beeramguda,2 BHK,1000-1500 sqft,Valid,Hyderabad,Not available in source data,0,35
6500000,1550,Central Excise Colony Hyderabad,3,1,0,0,0,0,0,0,0,0,0,0,0,0,0,0,0,1,0,0,0,0,0,0,0,0,0,1,0,0,0,0,0,0,0,1,0,6500000,1550,3,4193.548387096775,Central Excise Colony Hyderabad,3 BHK,1500-2500 sqft,Valid,Hyderabad,Not available in source data,3,35
18000000,4500,Miyapur,5,1,0,0,0,1,1,1,0,0,1,0,0,0,0,1,1,0,0,0,0,0,0,0,0,0,1,0,0,0,0,0,0,0,0,0,0,18000000,4500,5,4000.0,Miyapur,5+ BHK,2500+ sqft,Valid,Hyderabad,Not available in source data,7,35
5300000,1640,Madinaguda,3,0,0,0,0,0,0,0,0,0,0,0,0,0,0,0,0,0,0,0,0,0,0,0,0,0,0,0,0,0,0,0,0,0,0,0,0,5300000,1640,3,3231.7073170731705,Madinaguda,3 BHK,1500-2500 sqft,Valid,Hyderabad,Not available in source data,0,35
55000000,3450,Somajiguda,4,1,0,1,1,1,1,1,1,0,1,0,0,1,0,1,1,1,0,0,1,0,0,1,1,0,1,1,0,1,0,0,0,0,0,1,0,55000000,3450,4,15942.028985507246,Somajiguda,4 BHK,2500+ sqft,Valid,Hyderabad,Not available in source data,18,35
3900000,1150,Madhapur,2,0,1,1,1,1,1,1,1,1,1,1,1,1,1,1,1,1,1,1,1,1,0,0,0,0,1,1,0,1,0,1,0,0,0,0,0,3900000,1150,2,3391.304347826087,Madhapur,2 BHK,1000-1500 sqft,Valid,Hyderabad,Not available in source data,24,35
3900000,1150,Beeramguda,2,0,1,1,1,1,1,1,1,1,1,1,1,1,1,1,1,1,1,1,1,1,0,0,0,0,1,1,0,1,0,1,0,0,0,0,0,3900000,1150,2,3391.304347826087,Beeramguda,2 BHK,1000-1500 sqft,Valid,Hyderabad,Not available in source data,24,35
10700000,1770,Kondapur,3,0,0,1,1,1,1,1,1,0,1,0,0,1,0,1,1,1,0,0,0,0,0,0,0,0,1,1,0,1,0,0,0,0,0,0,0,10700000,1770,3,6045.197740112994,Kondapur,3 BHK,1500-2500 sqft,Valid,Hyderabad,Not available in source data,14,35
12000000,1960,Himayat Nagar,3,1,0,0,0,0,0,0,0,0,0,0,0,0,0,0,0,0,0,0,0,0,0,0,0,0,0,0,0,0,0,0,0,0,0,1,0,12000000,1960,3,6122.448979591837,Himayat Nagar,3 BHK,1500-2500 sqft,Valid,Hyderabad,Not available in source data,1,35
3800000,980,Bowenpally,2,1,0,0,0,0,0,0,0,0,0,0,0,0,0,1,1,1,0,0,0,0,0,0,0,0,0,1,0,1,0,0,0,0,0,0,0,3800000,980,2,3877.5510204081634,Bowenpally,2 BHK,500-1000 sqft,Valid,Hyderabad,Not available in source data,5,35
7500000,1195,Kondapur,2,0,1,1,1,1,0,1,1,0,1,0,0,1,0,1,1,1,0,0,0,0,0,0,0,0,1,1,0,1,0,0,0,0,0,0,0,7500000,1195,2,6276.150627615063,Kondapur,2 BHK,1000-1500 sqft,Valid,Hyderabad,Not available in source data,14,35
9000000,1200,Ashok Nagar,2,0,0,0,0,0,0,0,0,0,0,0,0,0,0,0,0,0,0,0,0,0,0,0,0,0,0,0,0,0,0,0,0,0,0,0,0,9000000,1200,2,7500.0,Ashok Nagar,2 BHK,1000-1500 sqft,Valid,Hyderabad,Not available in source data,0,35
12000000,1590,Ashok Nagar,3,0,0,0,0,0,0,0,0,0,0,0,0,0,0,0,0,0,0,0,0,0,0,0,0,0,0,0,0,0,0,0,0,0,0,0,0,12000000,1590,3,7547.169811320755,Ashok Nagar,3 BHK,1500-2500 sqft,Valid,Hyderabad,Not available in source data,0,35
15000000,2220,Nanakramguda,3,1,1,1,1,1,1,1,1,1,1,1,1,1,0,1,1,1,0,0,1,0,0,0,0,0,1,1,0,1,0,0,0,0,0,0,0,15000000,2220,3,6756.756756756757,Nanakramguda,3 BHK,1500-2500 sqft,Valid,Hyderabad,Not available in source data,19,35
12600000,1592,Kukatpally,3,0,0,1,1,1,1,1,1,0,0,1,1,1,0,1,0,1,0,1,1,0,0,0,0,0,1,1,0,0,0,0,0,0,0,0,0,12600000,1592,3,7914.572864321608,Kukatpally,3 BHK,1500-2500 sqft,Valid,Hyderabad,Not available in source data,15,35
6500000,1380,Barkatpura,3,1,0,0,0,0,0,0,0,0,0,0,0,0,0,0,0,1,0,0,0,0,0,0,0,0,0,1,0,0,0,0,0,0,0,1,0,6500000,1380,3,4710.144927536232,Barkatpura,3 BHK,1000-1500 sqft,Valid,Hyderabad,Not available in source data,3,35
32799999,4375,Madhapur,5,1,1,1,1,1,1,1,1,0,1,1,0,1,0,1,1,1,0,1,1,0,1,1,1,1,1,1,0,1,0,0,0,1,1,1,1,32799999,4375,5,7497.142628571429,Madhapur,5+ BHK,2500+ sqft,Valid,Hyderabad,Not available in source data,26,35
5500000,1640,Madinaguda,3,0,0,0,0,0,0,0,0,0,0,0,0,0,0,0,0,0,0,0,0,0,0,0,0,0,0,0,0,0,0,0,0,0,0,0,0,5500000,1640,3,3353.6585365853657,Madinaguda,3 BHK,1500-2500 sqft,Valid,Hyderabad,Not available in source data,0,35
3720000,1240,Madinaguda,2,0,0,0,0,0,0,0,0,0,0,0,0,0,0,0,0,0,0,0,0,0,0,0,0,0,0,0,0,0,0,0,0,0,0,0,0,3720000,1240,2,3000.0,Madinaguda,2 BHK,1000-1500 sqft,Valid,Hyderabad,Not available in source data,0,35
3200000,1300,Isnapur,3,0,0,0,0,0,0,0,0,0,0,0,0,0,0,0,0,0,0,0,0,0,0,0,0,0,0,0,0,0,0,0,0,0,0,0,0,3200000,1300,3,2461.5384615384614,Isnapur,3 BHK,1000-1500 sqft,Valid,Hyderabad,Not available in source data,0,35
5600000,1160,Nacharam,2,0,1,1,1,1,1,1,1,0,0,1,0,1,0,1,1,1,0,0,1,0,0,1,0,0,1,1,0,1,0,0,0,0,0,0,0,5600000,1160,2,4827.586206896552,Nacharam,2 BHK,1000-1500 sqft,Valid,Hyderabad,Not available in source data,17,35
11200000,1695,Kukatpally,3,0,0,0,0,0,0,0,0,0,0,0,0,0,0,1,1,1,0,0,0,0,0,0,0,0,1,1,0,0,0,0,0,0,0,0,0,11200000,1695,3,6607.669616519174,Kukatpally,3 BHK,1500-2500 sqft,Valid,Hyderabad,Not available in source data,5,35
11500000,1275,Gachibowli,2,1,1,1,1,1,1,1,1,0,1,1,1,1,0,1,1,1,0,0,1,0,0,0,0,0,1,1,0,0,0,0,0,0,0,0,0,11500000,1275,2,9019.607843137255,Gachibowli,2 BHK,1000-1500 sqft,Valid,Hyderabad,Not available in source data,17,35
10200000,1350,Kokapet,2,1,0,1,0,1,0,0,0,0,0,0,0,0,0,1,1,1,0,0,0,0,0,0,0,0,0,1,1,0,0,0,0,1,1,1,0,10200000,1350,2,7555.555555555556,Kokapet,2 BHK,1000-1500 sqft,Valid,Hyderabad,Not available in source data,10,35
6300000,1250,D D Colony,3,1,0,0,0,0,0,0,0,0,0,0,0,0,0,0,0,1,0,0,0,0,0,0,0,0,0,1,0,0,0,0,0,0,0,0,0,6300000,1250,3,5040.0,D D Colony,3 BHK,1000-1500 sqft,Valid,Hyderabad,Not available in source data,2,35
13500000,2500,DD Colony,3,1,0,0,0,0,0,0,0,0,0,0,0,0,0,0,0,0,0,0,0,0,0,0,0,0,0,0,0,0,0,0,0,0,0,1,0,13500000,2500,3,5400.0,DD Colony,3 BHK,2500+ sqft,Valid,Hyderabad,Not available in source data,1,35
22700000,3258,Nanakramguda,4,1,1,1,1,1,1,1,1,1,1,1,1,1,0,1,1,1,0,0,1,0,0,0,0,0,1,1,0,1,0,0,0,0,0,0,0,22700000,3258,4,6967.4647022713325,Nanakramguda,4 BHK,2500+ sqft,Valid,Hyderabad,Not available in source data,19,35
5242000,1165,Miyapur,2,0,0,0,0,0,0,0,0,0,0,0,0,0,0,1,1,1,0,0,0,0,0,0,0,0,0,1,0,0,0,0,0,0,0,0,0,5242000,1165,2,4499.570815450644,Miyapur,2 BHK,1000-1500 sqft,Valid,Hyderabad,Not available in source data,4,35
5200000,1250,Ramnagar Gundu,3,1,0,0,0,0,0,0,0,0,0,0,0,0,0,0,0,0,0,0,0,0,0,0,0,0,0,0,0,0,0,0,0,0,0,0,0,5200000,1250,3,4160.0,Ramnagar Gundu,3 BHK,1000-1500 sqft,Valid,Hyderabad,Not available in source data,0,35
4000000,1300,Patancheru Shankarpalli Road,3,0,0,0,0,0,0,0,0,0,0,0,0,0,0,0,0,0,0,0,0,0,0,0,0,0,0,0,0,0,0,0,0,0,0,0,0,4000000,1300,3,3076.923076923077,Patancheru Shankarpalli Road,3 BHK,1000-1500 sqft,Valid,Hyderabad,Not available in source data,0,35
2400000,950,Patancheru,2,0,0,0,0,0,0,0,0,0,0,0,0,0,0,0,0,0,0,0,0,0,0,0,0,0,0,0,0,0,0,0,0,0,0,0,0,2400000,950,2,2526.315789473684,Patancheru,2 BHK,500-1000 sqft,Valid,Hyderabad,Not available in source data,0,35
3100000,1100,BHEL,3,0,0,0,0,0,0,0,0,0,0,0,0,0,0,0,0,0,0,0,0,0,0,0,0,0,0,0,0,0,0,0,0,0,0,0,0,3100000,1100,3,2818.181818181818,BHEL,3 BHK,1000-1500 sqft,Valid,Hyderabad,Not available in source data,0,35
2014000,1007,Jhangir Pet,2,0,0,0,0,0,0,0,0,0,0,0,0,0,0,0,0,0,0,0,0,0,0,0,0,0,0,0,0,0,0,0,0,0,0,0,0,2014000,1007,2,2000.0,Jhangir Pet,2 BHK,1000-1500 sqft,Valid,Hyderabad,Not available in source data,0,35
3936000,1640,Gajulramaram Kukatpally,3,0,0,1,1,0,0,1,0,0,1,0,0,1,0,1,1,1,0,0,0,0,0,0,0,0,1,1,0,1,0,0,0,0,0,0,0,3936000,1640,3,2400.0,Gajulramaram Kukatpally,3 BHK,1500-2500 sqft,Valid,Hyderabad,Not available in source data,11,35
14600000,2925,Serilingampally,4,0,0,1,1,1,1,0,0,0,0,0,0,1,0,1,1,0,0,1,0,0,0,0,0,0,1,0,0,0,0,0,0,0,0,0,0,14600000,2925,4,4991.452991452991,Serilingampally,4 BHK,2500+ sqft,Valid,Hyderabad,Not available in source data,9,35
13000000,1710,Kondapur,3,1,0,1,1,1,0,1,1,0,1,1,1,1,0,1,1,1,0,0,1,0,0,0,0,0,1,1,0,1,0,0,0,0,0,0,0,13000000,1710,3,7602.339181286549,Kondapur,3 BHK,1500-2500 sqft,Valid,Hyderabad,Not available in source data,16,35
9782000,2664,Nanakramguda,3,0,0,1,1,0,1,1,1,0,1,1,0,1,0,1,1,1,0,0,1,0,0,0,0,0,1,1,0,0,0,0,0,0,0,0,0,9782000,2664,3,3671.921921921922,Nanakramguda,3 BHK,2500+ sqft,Valid,Hyderabad,Not available in source data,14,35
7400000,2000,Nanakramguda,3,0,0,1,1,0,1,1,1,0,1,1,0,1,0,1,1,1,0,0,1,0,0,0,0,0,1,1,0,0,0,0,0,0,0,0,0,7400000,2000,3,3700.0,Nanakramguda,3 BHK,1500-2500 sqft,Valid,Hyderabad,Not available in source data,14,35
4800000,1150,Almasguda,2,0,0,0,0,0,0,0,0,0,0,0,0,0,0,0,1,1,0,0,0,0,0,0,0,0,0,0,0,0,0,0,0,0,0,0,0,4800000,1150,2,4173.913043478261,Almasguda,2 BHK,1000-1500 sqft,Valid,Hyderabad,Not available in source data,2,35
4140000,1150,Pragathi Nagar,2,0,1,0,0,1,1,1,0,0,0,0,0,0,1,1,1,1,1,0,0,1,0,0,0,0,0,1,0,1,0,0,0,0,0,0,0,4140000,1150,2,3600.0,Pragathi Nagar,2 BHK,1000-1500 sqft,Valid,Hyderabad,Not available in source data,12,35
8500000,1145,Ashok Nagar,2,0,0,0,0,0,0,0,0,0,0,0,0,0,0,0,0,0,0,0,0,0,0,0,0,0,0,0,0,0,0,0,0,0,0,0,0,8500000,1145,2,7423.580786026201,Ashok Nagar,2 BHK,1000-1500 sqft,Valid,Hyderabad,Not available in source data,0,35
16500000,1900,Kondapur,3,1,1,1,1,1,0,1,1,0,1,1,1,1,0,1,1,1,0,0,1,0,0,0,0,0,1,1,0,1,0,0,0,0,0,0,0,16500000,1900,3,8684.21052631579,Kondapur,3 BHK,1500-2500 sqft,Valid,Hyderabad,Not available in source data,17,35
10000000,1580,Hitech City,3,1,1,1,1,1,1,1,1,0,1,1,1,1,0,1,1,1,0,1,1,0,0,1,1,0,1,1,0,1,0,0,0,0,0,1,0,10000000,1580,3,6329.113924050633,Hitech City,3 BHK,1500-2500 sqft,Valid,Hyderabad,Not available in source data,22,35
10500000,2192,Kondapur,3,0,1,1,1,0,1,1,1,0,1,1,0,1,0,1,1,1,1,0,1,0,0,0,0,0,1,1,0,1,0,0,0,0,0,0,0,10500000,2192,3,4790.14598540146,Kondapur,3 BHK,1500-2500 sqft,Valid,Hyderabad,Not available in source data,17,35
20500000,2595,Hitech City,3,1,0,1,1,1,1,1,1,0,1,0,0,1,0,1,1,1,0,0,0,0,0,0,0,0,1,1,0,1,0,0,0,0,0,0,0,20500000,2595,3,7899.80732177264,Hitech City,3 BHK,2500+ sqft,Valid,Hyderabad,Not available in source data,14,35
5760000,960,Himayat Nagar,2,1,0,0,0,0,0,0,0,0,0,0,0,0,0,1,0,1,0,0,0,0,0,0,0,0,0,1,0,0,0,0,0,0,0,0,0,5760000,960,2,6000.0,Himayat Nagar,2 BHK,500-1000 sqft,Valid,Hyderabad,Not available in source data,3,35
5500000,1665,Madinaguda,3,0,0,0,0,0,0,0,0,0,0,0,0,0,0,0,0,0,0,0,0,0,0,0,0,0,0,0,0,0,0,0,0,0,0,0,0,5500000,1665,3,3303.3033033033034,Madinaguda,3 BHK,1500-2500 sqft,Valid,Hyderabad,Not available in source data,0,35
12200000,1735,Kukatpally,3,0,0,1,1,1,1,1,1,0,0,1,1,1,0,1,1,1,0,1,1,0,0,0,0,0,1,1,0,0,0,0,0,0,0,0,0,12200000,1735,3,7031.700288184438,Kukatpally,3 BHK,1500-2500 sqft,Valid,Hyderabad,Not available in source data,16,35
9600000,1360,Kukatpally,2,0,0,1,1,1,1,1,1,0,0,1,1,1,0,1,1,1,0,1,1,0,0,0,0,0,1,1,0,0,0,0,0,0,0,0,0,9600000,1360,2,7058.823529411765,Kukatpally,2 BHK,1000-1500 sqft,Valid,Hyderabad,Not available in source data,16,35
8500000,1208,Kukatpally,2,0,0,1,1,1,1,1,1,0,0,1,1,1,0,1,1,1,0,1,1,0,0,0,0,0,1,1,0,0,0,0,0,0,0,0,0,8500000,1208,2,7036.423841059603,Kukatpally,2 BHK,1000-1500 sqft,Valid,Hyderabad,Not available in source data,16,35
12200000,1740,Kukatpally,3,0,0,1,1,1,1,1,1,0,0,1,1,1,0,1,1,1,0,1,1,0,0,0,0,0,1,1,0,0,0,0,0,0,0,0,0,12200000,1740,3,7011.494252873563,Kukatpally,3 BHK,1500-2500 sqft,Valid,Hyderabad,Not available in source data,16,35
4680000,1200,Bachupally,2,0,0,0,0,0,0,0,0,0,0,0,0,0,0,0,0,0,0,0,0,0,0,0,0,0,0,0,0,0,0,0,0,0,0,0,0,4680000,1200,2,3900.0,Bachupally,2 BHK,1000-1500 sqft,Valid,Hyderabad,Not available in source data,0,35
4836000,1240,Bachupally,2,0,0,0,0,0,0,0,0,0,0,0,0,0,0,0,0,0,0,0,0,0,0,0,0,0,0,0,0,0,0,0,0,0,0,0,0,4836000,1240,2,3900.0,Bachupally,2 BHK,1000-1500 sqft,Valid,Hyderabad,Not available in source data,0,35
6240000,1600,Bachupally,3,0,0,0,0,0,0,0,0,0,0,0,0,0,0,0,0,0,0,0,0,0,0,0,0,0,0,0,0,0,0,0,0,0,0,0,0,6240000,1600,3,3900.0,Bachupally,3 BHK,1500-2500 sqft,Valid,Hyderabad,Not available in source data,0,35
4953000,1270,Bachupally,2,0,0,0,0,0,0,0,0,0,0,0,0,0,0,0,0,0,0,0,0,0,0,0,0,0,0,0,0,0,0,0,0,0,0,0,0,4953000,1270,2,3900.0,Bachupally,2 BHK,1000-1500 sqft,Valid,Hyderabad,Not available in source data,0,35
4320000,1080,Alwal,2,0,1,1,0,0,1,1,0,0,1,1,0,1,1,1,1,1,0,0,0,0,0,0,0,1,1,1,0,1,0,0,0,0,0,0,0,4320000,1080,2,4000.0,Alwal,2 BHK,1000-1500 sqft,Valid,Hyderabad,Not available in source data,15,35
4850000,1020,Allwyn Colony,2,0,0,0,0,0,0,0,0,0,0,0,0,0,0,1,1,1,0,0,0,0,0,0,0,0,0,1,0,0,0,0,0,0,0,0,0,4850000,1020,2,4754.901960784314,Allwyn Colony,2 BHK,1000-1500 sqft,Valid,Hyderabad,Not available in source data,4,35
4800000,1145,Miyapur Bachupally Road,2,0,0,0,0,0,0,0,0,0,0,0,0,0,0,1,1,1,0,0,0,0,0,0,0,0,0,1,0,0,0,0,0,0,0,0,0,4800000,1145,2,4192.139737991266,Miyapur Bachupally Road,2 BHK,1000-1500 sqft,Valid,Hyderabad,Not available in source data,4,35
8031999,1575,Chandanagar,3,0,0,0,0,0,0,0,0,0,0,0,0,0,0,1,0,1,0,0,0,0,0,0,0,0,0,1,0,0,0,0,0,0,0,0,0,8031999,1575,3,5099.681904761905,Chandanagar,3 BHK,1500-2500 sqft,Valid,Hyderabad,Not available in source data,3,35
10300000,1700,Kukatpally,3,0,0,0,0,0,0,0,0,0,0,0,0,0,0,1,1,1,0,0,0,0,0,0,0,0,0,1,0,0,0,0,0,0,0,0,0,10300000,1700,3,6058.823529411765,Kukatpally,3 BHK,1500-2500 sqft,Valid,Hyderabad,Not available in source data,4,35
10500000,1730,Kukatpally,2,0,0,0,0,0,0,0,0,0,0,0,0,0,0,1,1,1,0,0,0,0,0,0,0,0,0,1,0,0,0,0,0,0,0,0,0,10500000,1730,2,6069.364161849711,Kukatpally,2 BHK,1500-2500 sqft,Valid,Hyderabad,Not available in source data,4,35
6648999,1090,Kukatpally,2,0,0,0,0,0,0,0,0,0,0,0,0,0,0,1,1,1,0,0,0,0,0,0,0,0,1,1,0,0,0,0,0,0,0,0,0,6648999,1090,2,6099.999082568807,Kukatpally,2 BHK,1000-1500 sqft,Valid,Hyderabad,Not available in source data,5,35
17000000,2300,BK Guda Road,3,0,0,1,1,0,0,0,0,0,0,0,0,0,0,1,0,1,0,0,0,0,0,0,0,0,0,0,1,0,0,0,0,0,0,0,0,17000000,2300,3,7391.304347826087,BK Guda Road,3 BHK,1500-2500 sqft,Valid,Hyderabad,Not available in source data,5,35
4500000,1147,Adibatla,2,0,0,0,0,0,0,0,0,0,0,0,0,0,0,0,0,0,0,0,0,0,0,0,0,0,0,0,0,0,0,0,0,0,0,0,0,4500000,1147,2,3923.2781168265037,Adibatla,2 BHK,1000-1500 sqft,Valid,Hyderabad,Not available in source data,0,35
41500000,3900,Banjara Hills,4,0,0,1,0,1,0,0,1,0,0,0,0,0,0,1,1,1,0,0,1,0,0,0,0,1,1,1,0,1,0,0,0,0,0,1,0,41500000,3900,4,10641.02564102564,Banjara Hills,4 BHK,2500+ sqft,Valid,Hyderabad,Not available in source data,12,35
45100000,3765,Banjara Hills,4,0,0,1,1,1,0,0,0,0,0,0,0,0,0,1,1,1,0,0,0,0,0,0,0,0,1,1,0,1,0,0,0,0,0,0,0,45100000,3765,4,11978.75166002656,Banjara Hills,4 BHK,2500+ sqft,Valid,Hyderabad,Not available in source data,9,35
12700000,2021,Ashok Nagar,3,0,1,1,1,1,0,1,1,0,0,1,0,1,0,1,1,1,0,0,1,0,0,0,0,0,1,1,0,1,0,0,0,0,0,0,0,12700000,2021,3,6284.017812963879,Ashok Nagar,3 BHK,1500-2500 sqft,Valid,Hyderabad,Not available in source data,15,35
3210000,1125,Gajulramaram Kukatpally,2,0,0,1,1,1,1,1,1,0,1,1,0,1,1,1,1,1,0,0,1,0,0,0,0,0,1,1,0,0,0,0,0,0,0,0,0,3210000,1125,2,2853.3333333333335,Gajulramaram Kukatpally,2 BHK,1000-1500 sqft,Valid,Hyderabad,Not available in source data,16,35
15000000,2230,Nanakramguda,3,1,1,1,1,1,1,1,1,1,1,1,1,1,0,1,1,1,0,0,1,0,0,0,0,0,1,1,0,1,0,0,0,0,0,0,0,15000000,2230,3,6726.457399103139,Nanakramguda,3 BHK,1500-2500 sqft,Valid,Hyderabad,Not available in source data,19,35
16200000,1834,Manikonda,3,1,0,1,1,1,1,0,1,0,1,1,1,1,0,1,1,1,0,0,1,1,0,0,0,0,1,1,0,0,0,0,0,0,0,0,0,16200000,1834,3,8833.151581243184,Manikonda,3 BHK,1500-2500 sqft,Valid,Hyderabad,Not available in source data,16,35
42500000,4070,Madhapur,4,1,0,1,1,1,1,1,1,0,1,0,0,1,0,1,1,1,0,0,0,0,0,0,0,0,1,1,0,0,0,0,0,0,0,0,0,42500000,4070,4,10442.260442260442,Madhapur,4 BHK,2500+ sqft,Valid,Hyderabad,Not available in source data,13,35
16000000,1834,Manikonda,3,1,0,1,1,1,1,0,1,0,1,1,1,1,0,1,1,1,0,0,1,1,0,0,0,0,1,1,0,0,0,0,0,0,0,0,0,16000000,1834,3,8724.100327153763,Manikonda,3 BHK,1500-2500 sqft,Valid,Hyderabad,Not available in source data,16,35
41000000,4700,Kukatpally,4,1,1,1,1,1,1,1,1,0,1,1,0,1,0,1,1,1,1,0,1,0,0,0,0,0,1,1,0,1,0,0,0,0,0,0,0,41000000,4700,4,8723.404255319148,Kukatpally,4 BHK,2500+ sqft,Valid,Hyderabad,Not available in source data,18,35
10000000,1314,Manikonda,2,1,0,1,1,1,1,0,1,0,1,1,1,1,0,1,1,1,0,0,1,1,0,0,0,0,1,1,0,0,0,0,0,0,0,0,0,10000000,1314,2,7610.350076103501,Manikonda,2 BHK,1000-1500 sqft,Valid,Hyderabad,Not available in source data,16,35
26800000,3355,Gachibowli,4,1,1,1,1,1,1,1,1,0,1,0,0,1,0,1,1,1,0,0,0,0,0,0,0,0,1,1,0,1,0,0,0,0,0,0,0,26800000,3355,4,7988.077496274218,Gachibowli,4 BHK,2500+ sqft,Valid,Hyderabad,Not available in source data,15,35
33100000,4146,Gachibowli,5,1,1,1,1,1,1,1,1,0,1,0,0,1,0,1,1,1,0,0,0,0,0,0,0,0,1,1,0,1,0,0,0,0,0,0,0,33100000,4146,5,7983.59864930053,Gachibowli,5+ BHK,2500+ sqft,Valid,Hyderabad,Not available in source data,15,35
27500000,3448,Gachibowli,4,1,1,1,1,1,1,1,1,0,1,1,0,1,0,1,1,1,0,0,0,0,0,0,0,0,1,1,0,1,0,0,0,0,0,0,0,27500000,3448,4,7975.638051044083,Gachibowli,4 BHK,2500+ sqft,Valid,Hyderabad,Not available in source data,16,35
3200000,1200,Patancheru,3,0,0,0,0,0,0,0,0,0,0,0,0,0,0,0,0,0,0,0,0,0,0,0,0,0,0,0,0,0,0,0,0,0,0,0,0,3200000,1200,3,2666.6666666666665,Patancheru,3 BHK,1000-1500 sqft,Valid,Hyderabad,Not available in source data,0,35
3250000,1300,Patancheru,3,0,0,0,0,0,0,0,0,0,0,0,0,0,0,0,0,0,0,0,0,0,0,0,0,0,0,0,0,0,0,0,0,0,0,0,0,3250000,1300,3,2500.0,Patancheru,3 BHK,1000-1500 sqft,Valid,Hyderabad,Not available in source data,0,35
9000000,1600,DD Colony,3,1,0,0,0,0,0,0,0,0,0,0,0,0,0,0,1,1,0,0,0,0,0,0,0,0,0,1,0,0,0,0,0,0,0,1,0,9000000,1600,3,5625.0,DD Colony,3 BHK,1500-2500 sqft,Valid,Hyderabad,Not available in source data,4,35
35000000,7600,Kukatpally,8,1,0,0,0,0,0,0,0,0,0,0,0,0,0,0,0,0,0,0,0,0,0,0,0,0,0,0,0,0,0,0,0,0,0,0,0,35000000,7600,8,4605.263157894737,Kukatpally,5+ BHK,2500+ sqft,Valid,Hyderabad,Not available in source data,0,35
6800000,1513,Pragathi Nagar Kukatpally,3,0,0,0,0,0,0,0,0,0,0,0,0,0,0,0,0,1,0,0,0,0,0,0,0,0,0,1,0,1,0,0,0,0,0,0,0,6800000,1513,3,4494.38202247191,Pragathi Nagar Kukatpally,3 BHK,1500-2500 sqft,Valid,Hyderabad,Not available in source data,3,35
11000000,1557,Sanath Nagar,3,1,0,0,0,0,0,1,0,0,0,0,0,0,0,1,1,1,0,0,0,0,0,0,0,0,1,1,0,1,0,0,0,0,0,0,0,11000000,1557,3,7064.868336544637,Sanath Nagar,3 BHK,1500-2500 sqft,Valid,Hyderabad,Not available in source data,7,35
3100000,1300,Patancheru,3,0,0,0,0,0,0,0,0,0,0,0,0,0,0,0,0,0,0,0,0,0,0,0,0,0,0,0,0,0,0,0,0,0,0,0,0,3100000,1300,3,2384.6153846153848,Patancheru,3 BHK,1000-1500 sqft,Valid,Hyderabad,Not available in source data,0,35
12500000,2025,Sri Nagar Colony,3,1,0,1,1,1,0,0,0,0,0,0,0,0,0,1,1,1,0,0,0,0,0,0,0,0,0,1,0,0,0,0,0,0,1,0,0,12500000,2025,3,6172.83950617284,Sri Nagar Colony,3 BHK,1500-2500 sqft,Valid,Hyderabad,Not available in source data,8,35
7800000,1260,Sri Nagar Colony,2,1,0,1,1,1,0,0,0,0,0,0,0,0,0,1,1,1,0,0,0,0,0,0,0,0,0,1,0,0,0,0,0,0,1,0,0,7800000,1260,2,6190.476190476191,Sri Nagar Colony,2 BHK,1000-1500 sqft,Valid,Hyderabad,Not available in source data,8,35
14500000,1834,Manikonda,3,1,0,1,1,1,1,0,1,0,1,1,1,1,0,1,1,1,0,0,1,1,0,0,0,0,1,1,0,0,0,0,0,0,0,0,0,14500000,1834,3,7906.215921483097,Manikonda,3 BHK,1500-2500 sqft,Valid,Hyderabad,Not available in source data,16,35
7200000,1580,Tellapur,3,1,0,1,1,1,0,0,0,0,0,0,0,0,0,1,1,1,0,0,0,0,0,0,0,0,0,1,1,0,0,0,0,1,1,1,1,7200000,1580,3,4556.962025316456,Tellapur,3 BHK,1500-2500 sqft,Valid,Hyderabad,Not available in source data,12,35
14000000,1860,Nanakramguda,3,0,0,1,1,1,1,1,1,0,1,0,0,1,0,1,1,1,0,0,0,0,0,0,0,0,0,1,0,0,0,0,0,0,0,0,0,14000000,1860,3,7526.881720430108,Nanakramguda,3 BHK,1500-2500 sqft,Valid,Hyderabad,Not available in source data,12,35
2211000,1005,financial District,2,0,0,0,0,0,0,0,0,0,0,0,0,0,0,0,0,0,0,0,0,0,0,0,0,0,0,0,0,0,0,0,0,0,0,0,0,2211000,1005,2,2200.0,financial District,2 BHK,1000-1500 sqft,Valid,Hyderabad,Not available in source data,0,35
3500000,1200,Beeramguda Road,2,0,0,0,0,0,0,0,0,0,0,0,0,0,0,1,1,1,0,0,0,0,0,0,0,0,0,1,0,0,0,0,0,0,0,0,0,3500000,1200,2,2916.6666666666665,Beeramguda Road,2 BHK,1000-1500 sqft,Valid,Hyderabad,Not available in source data,4,35
3000000,1057,Bandlaguda Jagir,2,1,0,1,1,1,1,1,1,0,1,1,1,1,1,1,1,1,1,0,1,1,0,0,0,0,1,1,0,1,0,0,0,0,0,0,0,3000000,1057,2,2838.2213812677387,Bandlaguda Jagir,2 BHK,1000-1500 sqft,Valid,Hyderabad,Not available in source data,20,35
13300000,2122,Ashok Nagar,3,0,1,1,1,1,0,1,1,0,0,1,0,1,0,1,1,1,0,0,1,0,0,0,0,0,1,1,0,1,0,0,0,0,0,0,0,13300000,2122,3,6267.672007540056,Ashok Nagar,3 BHK,1500-2500 sqft,Valid,Hyderabad,Not available in source data,15,35
3200000,910,Patancheru,2,0,0,0,0,0,0,0,0,0,0,0,0,0,0,0,0,0,0,0,0,0,0,0,0,0,0,0,0,0,0,0,0,0,0,0,0,3200000,910,2,3516.4835164835163,Patancheru,2 BHK,500-1000 sqft,Valid,Hyderabad,Not available in source data,0,35
4000000,1375,Pati,3,0,0,0,0,0,0,0,0,0,0,0,0,0,0,0,0,0,0,0,0,0,0,0,0,0,0,0,0,0,0,0,0,0,0,0,0,4000000,1375,3,2909.090909090909,Pati,3 BHK,1000-1500 sqft,Valid,Hyderabad,Not available in source data,0,35
2002000,1001,Nagole,2,0,0,0,0,0,0,0,0,0,0,0,0,0,0,0,0,0,0,0,0,0,0,0,0,0,0,0,0,0,0,0,0,0,0,0,0,2002000,1001,2,2000.0,Nagole,2 BHK,1000-1500 sqft,Valid,Hyderabad,Not available in source data,0,35
10000000,2000,Kondapur,3,0,0,1,1,1,0,1,1,0,1,0,0,1,0,1,1,1,0,0,1,0,0,0,0,0,1,1,0,0,0,0,0,0,0,0,0,10000000,2000,3,5000.0,Kondapur,3 BHK,1500-2500 sqft,Valid,Hyderabad,Not available in source data,13,35
40000000,3085,Jubilee Hills,3,1,0,1,1,1,1,1,1,0,1,1,0,1,0,1,1,1,0,0,0,0,0,0,0,0,1,1,0,0,0,0,0,0,0,0,0,40000000,3085,3,12965.964343598054,Jubilee Hills,3 BHK,2500+ sqft,Valid,Hyderabad,Not available in source data,14,35
17000000,2250,Hitech City,4,0,0,0,0,0,0,0,0,0,0,0,0,0,0,0,0,0,0,0,0,0,0,0,0,0,0,0,0,0,0,0,0,0,0,0,0,17000000,2250,4,7555.555555555556,Hitech City,4 BHK,1500-2500 sqft,Valid,Hyderabad,Not available in source data,0,35
21500000,3195,Kondapur,3,0,0,0,0,0,0,0,0,0,0,0,0,0,0,0,0,0,0,0,0,0,0,0,0,0,0,0,0,0,0,0,0,0,0,0,0,21500000,3195,3,6729.264475743349,Kondapur,3 BHK,2500+ sqft,Valid,Hyderabad,Not available in source data,0,35
9542000,1735,Kokapet,3,0,0,1,1,1,1,1,1,0,1,0,0,1,0,1,1,0,0,1,1,0,0,0,0,0,1,1,0,1,0,0,0,0,0,0,0,9542000,1735,3,5499.71181556196,Kokapet,3 BHK,1500-2500 sqft,Valid,Hyderabad,Not available in source data,15,35
33500000,3450,Madhapur,4,1,0,1,1,1,1,1,1,0,0,0,0,1,0,1,1,1,0,0,1,0,0,0,0,0,1,1,0,1,0,0,0,0,0,0,0,33500000,3450,4,9710.144927536232,Madhapur,4 BHK,2500+ sqft,Valid,Hyderabad,Not available in source data,14,35
8200000,1500,Kondapur,3,0,0,0,0,0,0,0,0,0,0,0,0,0,0,0,0,0,0,0,0,0,0,0,0,0,0,0,0,0,0,0,0,0,0,0,0,8200000,1500,3,5466.666666666667,Kondapur,3 BHK,1500-2500 sqft,Valid,Hyderabad,Not available in source data,0,35
3300000,910,Patancheru,2,0,0,1,1,0,0,0,0,0,0,0,0,0,0,0,1,1,0,0,1,0,0,0,0,0,0,1,0,0,0,0,0,0,0,0,0,3300000,910,2,3626.3736263736264,Patancheru,2 BHK,500-1000 sqft,Valid,Hyderabad,Not available in source data,6,35
3500000,1005,Karimnagar,2,0,0,0,0,0,0,0,0,0,0,0,0,0,0,0,0,1,0,0,0,0,0,0,0,0,0,1,0,0,0,0,0,0,0,0,0,3500000,1005,2,3482.587064676617,Karimnagar,2 BHK,1000-1500 sqft,Valid,Hyderabad,Not available in source data,2,35
5500000,1150,Bagh Amberpet,2,1,0,0,0,0,0,0,0,0,0,0,0,0,0,0,0,0,0,0,0,0,0,0,0,0,0,1,0,0,0,0,0,0,0,1,0,5500000,1150,2,4782.608695652174,Bagh Amberpet,2 BHK,1000-1500 sqft,Valid,Hyderabad,Not available in source data,2,35
3507000,1002,Miyapur,2,0,0,0,0,0,0,0,0,0,0,0,0,0,0,0,0,0,0,0,0,0,0,0,0,0,0,0,0,0,0,0,0,0,0,0,0,3507000,1002,2,3500.0,Miyapur,2 BHK,1000-1500 sqft,Valid,Hyderabad,Not available in source data,0,35
3545000,1013,Miyapur,2,0,0,0,0,0,0,0,0,0,0,0,0,0,0,0,0,0,0,0,0,0,0,0,0,0,0,0,0,0,0,0,0,0,0,0,0,3545000,1013,2,3499.506416584403,Miyapur,2 BHK,1000-1500 sqft,Valid,Hyderabad,Not available in source data,0,35
3517000,1005,Miyapur,2,0,0,0,0,0,0,0,0,0,0,0,0,0,0,0,0,0,0,0,0,0,0,0,0,0,0,0,0,0,0,0,0,0,0,0,0,3517000,1005,2,3499.502487562189,Miyapur,2 BHK,1000-1500 sqft,Valid,Hyderabad,Not available in source data,0,35
3524000,1007,Miyapur,2,0,0,0,0,0,0,0,0,0,0,0,0,0,0,0,0,0,0,0,0,0,0,0,0,0,0,0,0,0,0,0,0,0,0,0,0,3524000,1007,2,3499.503475670308,Miyapur,2 BHK,1000-1500 sqft,Valid,Hyderabad,Not available in source data,0,35
3542000,1012,Miyapur,2,0,0,0,0,0,0,0,0,0,0,0,0,0,0,0,0,0,0,0,0,0,0,0,0,0,0,0,0,0,0,0,0,0,0,0,0,3542000,1012,2,3500.0,Miyapur,2 BHK,1000-1500 sqft,Valid,Hyderabad,Not available in source data,0,35
2022000,1010,Adibatla,2,0,0,0,0,0,0,0,0,0,0,0,0,0,0,0,0,0,0,0,0,0,0,0,0,0,0,0,0,0,0,0,0,0,0,0,0,2022000,1010,2,2001.980198019802,Adibatla,2 BHK,1000-1500 sqft,Valid,Hyderabad,Not available in source data,0,35
2020000,1010,Nagole,2,0,0,0,0,0,0,0,0,0,0,0,0,0,0,0,0,0,0,0,0,0,0,0,0,0,0,0,0,0,0,0,0,0,0,0,0,2020000,1010,2,2000.0,Nagole,2 BHK,1000-1500 sqft,Valid,Hyderabad,Not available in source data,0,35
2800000,1400,Nagole,3,0,0,0,0,0,0,0,0,0,0,0,0,0,0,0,0,0,0,0,0,0,0,0,0,0,0,0,0,0,0,0,0,0,0,0,0,2800000,1400,3,2000.0,Nagole,3 BHK,1000-1500 sqft,Valid,Hyderabad,Not available in source data,0,35
5700000,1665,Kollur Road,3,0,0,0,0,0,0,0,0,0,0,0,0,0,0,0,0,0,0,0,0,0,0,0,0,0,0,0,0,0,0,0,0,0,0,0,0,5700000,1665,3,3423.4234234234236,Kollur Road,3 BHK,1500-2500 sqft,Valid,Hyderabad,Not available in source data,0,35
4008000,1002,Medchal,2,0,0,0,0,0,0,0,0,0,0,0,0,0,0,0,0,0,0,0,0,0,0,0,0,0,0,0,0,0,0,0,0,0,0,0,0,4008000,1002,2,4000.0,Medchal,2 BHK,1000-1500 sqft,Valid,Hyderabad,Not available in source data,0,35
2200000,1050,Adibatla,2,0,0,0,0,0,0,0,0,0,0,0,0,0,0,0,0,0,0,0,0,0,0,0,0,0,0,0,0,0,0,0,0,0,0,0,0,2200000,1050,2,2095.2380952380954,Adibatla,2 BHK,1000-1500 sqft,Valid,Hyderabad,Not available in source data,0,35
5500000,1350,Sun City Padmasri Estates,3,0,0,0,0,0,0,0,0,0,0,0,0,0,0,0,0,0,0,0,0,0,0,0,0,0,0,0,0,0,0,0,0,0,0,0,0,5500000,1350,3,4074.074074074074,Sun City Padmasri Estates,3 BHK,1000-1500 sqft,Valid,Hyderabad,Not available in source data,0,35
9300000,2200,Chaitanyapuri,3,1,1,1,1,1,0,0,0,0,0,0,0,0,0,1,1,1,0,1,0,0,0,0,0,0,0,1,1,0,0,0,0,0,0,0,0,9300000,2200,3,4227.272727272727,Chaitanyapuri,3 BHK,1500-2500 sqft,Valid,Hyderabad,Not available in source data,10,35
9200000,2000,Chaitanyapuri,3,1,0,1,1,1,0,0,0,0,0,0,0,0,0,1,1,1,0,1,0,0,0,0,0,0,0,1,1,0,0,0,0,0,0,0,0,9200000,2000,3,4600.0,Chaitanyapuri,3 BHK,1500-2500 sqft,Valid,Hyderabad,Not available in source data,9,35
9300000,1600,Chaitanyapuri,3,1,1,1,1,1,0,0,0,0,0,0,0,0,0,1,1,1,0,1,0,0,0,0,0,0,0,1,1,0,0,0,0,0,0,0,0,9300000,1600,3,5812.5,Chaitanyapuri,3 BHK,1500-2500 sqft,Valid,Hyderabad,Not available in source data,10,35
9300000,1691,Chaitanyapuri,3,1,1,1,1,1,0,0,0,0,0,0,0,0,0,1,1,1,0,1,0,0,0,0,0,0,0,1,1,0,0,0,0,0,0,0,0,9300000,1691,3,5499.704316972206,Chaitanyapuri,3 BHK,1500-2500 sqft,Valid,Hyderabad,Not available in source data,10,35
9300000,1500,Chaitanyapuri,3,1,1,1,1,1,0,0,0,0,0,0,0,0,0,1,1,1,0,1,0,0,0,0,0,0,0,1,1,0,0,0,0,0,0,0,0,9300000,1500,3,6200.0,Chaitanyapuri,3 BHK,1500-2500 sqft,Valid,Hyderabad,Not available in source data,10,35
3600000,1175,Pragathi Nagar Kukatpally,2,0,0,0,0,0,0,0,0,0,0,0,0,0,0,0,1,1,0,0,0,0,0,0,0,0,0,1,0,0,0,0,0,0,0,0,0,3600000,1175,2,3063.8297872340427,Pragathi Nagar Kukatpally,2 BHK,1000-1500 sqft,Valid,Hyderabad,Not available in source data,3,35
8460000,1600,Chandanagar,3,0,0,0,0,0,0,0,0,0,0,0,0,0,0,1,0,1,0,0,0,0,0,0,0,0,0,1,0,0,0,0,0,0,0,0,0,8460000,1600,3,5287.5,Chandanagar,3 BHK,1500-2500 sqft,Valid,Hyderabad,Not available in source data,3,35
6165000,1150,Chandanagar,2,0,0,0,0,0,0,0,0,0,0,0,0,0,0,1,0,1,0,0,0,0,0,0,0,0,0,1,0,0,0,0,0,0,0,0,0,6165000,1150,2,5360.869565217391,Chandanagar,2 BHK,1000-1500 sqft,Valid,Hyderabad,Not available in source data,3,35
6168000,1090,Kukatpally,2,0,0,1,0,1,0,0,1,0,1,0,0,1,0,1,1,1,0,0,0,0,0,0,0,0,1,1,0,0,0,0,0,0,0,0,0,6168000,1090,2,5658.715596330275,Kukatpally,2 BHK,1000-1500 sqft,Valid,Hyderabad,Not available in source data,10,35
8692000,1190,Miyapur,2,0,1,1,1,1,1,1,1,0,1,1,0,1,0,1,1,1,0,0,0,0,0,0,0,0,1,1,0,1,0,0,0,0,0,0,0,8692000,1190,2,7304.201680672269,Miyapur,2 BHK,1000-1500 sqft,Valid,Hyderabad,Not available in source data,16,35
10700000,1920,Miyapur,3,0,1,1,1,1,1,1,1,0,1,1,0,1,0,1,1,1,0,0,1,0,0,0,0,0,1,1,0,1,0,0,0,0,0,0,0,10700000,1920,3,5572.916666666667,Miyapur,3 BHK,1500-2500 sqft,Valid,Hyderabad,Not available in source data,17,35
10700000,1905,Miyapur,3,0,0,1,1,1,1,0,1,0,1,1,0,1,0,1,1,1,0,0,0,0,0,0,0,0,1,1,0,1,0,0,0,0,0,0,0,10700000,1905,3,5616.797900262467,Miyapur,3 BHK,1500-2500 sqft,Valid,Hyderabad,Not available in source data,14,35
11200000,1295,Kondapur,2,0,0,1,1,1,0,1,1,0,1,1,1,1,0,1,1,1,0,0,1,0,0,0,0,0,1,1,0,1,0,0,0,0,0,0,0,11200000,1295,2,8648.648648648648,Kondapur,2 BHK,1000-1500 sqft,Valid,Hyderabad,Not available in source data,16,35
22500000,3380,Kokapet,4,1,1,1,1,1,1,1,1,0,1,0,0,1,0,1,1,1,1,0,1,0,0,0,0,0,1,1,0,1,0,0,0,0,0,0,0,22500000,3380,4,6656.80473372781,Kokapet,4 BHK,2500+ sqft,Valid,Hyderabad,Not available in source data,17,35
27100000,3615,Somajiguda,4,0,1,1,1,1,1,1,1,0,1,1,0,1,0,1,1,1,0,0,1,0,0,0,0,0,1,1,0,1,0,0,0,0,0,0,0,27100000,3615,4,7496.542185338866,Somajiguda,4 BHK,2500+ sqft,Valid,Hyderabad,Not available in source data,17,35
22100000,2600,Nandagiri Hills,3,1,1,1,1,1,1,1,1,0,1,1,0,1,0,1,1,1,0,0,1,0,0,0,0,0,1,1,0,0,0,0,0,0,0,0,0,22100000,2600,3,8500.0,Nandagiri Hills,3 BHK,2500+ sqft,Valid,Hyderabad,Not available in source data,16,35
10900000,2100,Whitefield,3,0,1,1,1,1,1,1,1,0,1,1,0,1,0,1,1,1,1,1,1,0,0,0,0,0,1,1,0,1,0,0,0,0,0,0,0,10900000,2100,3,5190.476190476191,Whitefield,3 BHK,1500-2500 sqft,Valid,Hyderabad,Not available in source data,19,35
28700000,3025,Film Nagar,3,0,1,1,1,1,1,1,1,0,1,1,0,1,0,1,1,1,0,0,1,0,0,0,0,0,1,1,0,1,0,0,0,0,0,0,0,28700000,3025,3,9487.603305785124,Film Nagar,3 BHK,2500+ sqft,Valid,Hyderabad,Not available in source data,17,35
22100000,2600,Nandagiri Hills,3,0,1,1,1,1,1,1,1,0,1,1,0,1,0,1,1,1,0,0,1,0,0,0,0,0,1,1,0,1,0,0,0,0,0,0,0,22100000,2600,3,8500.0,Nandagiri Hills,3 BHK,2500+ sqft,Valid,Hyderabad,Not available in source data,17,35
39400000,3590,Sri Nagar Colony,3,0,1,1,1,1,1,1,1,0,1,1,0,1,0,1,1,1,0,1,1,0,0,0,0,0,1,1,0,1,0,0,0,0,0,0,0,39400000,3590,3,10974.930362116991,Sri Nagar Colony,3 BHK,2500+ sqft,Valid,Hyderabad,Not available in source data,18,35
29000000,3875,Somajiguda,3,0,0,1,1,1,1,1,1,0,1,0,0,1,0,1,1,1,0,0,1,0,0,0,0,0,1,1,0,1,0,0,0,0,0,0,0,29000000,3875,3,7483.870967741936,Somajiguda,3 BHK,2500+ sqft,Valid,Hyderabad,Not available in source data,15,35
32100000,4290,Somajiguda,3,0,0,1,1,1,1,1,1,0,1,0,0,1,0,1,1,1,0,0,1,0,0,0,0,0,1,1,0,1,0,0,0,0,0,0,0,32100000,4290,3,7482.517482517483,Somajiguda,3 BHK,2500+ sqft,Valid,Hyderabad,Not available in source data,15,35
6354000,1765,Balanagar,3,0,0,1,1,1,1,1,1,0,1,0,0,1,0,1,1,1,0,1,1,0,0,0,0,0,1,1,0,1,0,0,0,0,0,0,0,6354000,1765,3,3600.0,Balanagar,3 BHK,1500-2500 sqft,Valid,Hyderabad,Not available in source data,16,35
6984000,1940,Balanagar,3,0,0,1,1,1,1,1,1,0,1,0,0,1,0,1,1,1,0,1,1,0,0,0,0,0,1,1,0,1,0,0,0,0,0,0,0,6984000,1940,3,3600.0,Balanagar,3 BHK,1500-2500 sqft,Valid,Hyderabad,Not available in source data,16,35
16500000,2445,Jubilee Hills,3,0,0,1,0,0,0,0,0,0,0,0,0,0,0,1,1,1,0,0,0,0,0,0,0,0,0,1,0,1,0,0,0,0,0,0,0,16500000,2445,3,6748.4662576687115,Jubilee Hills,3 BHK,1500-2500 sqft,Valid,Hyderabad,Not available in source data,6,35
12000000,1830,Kokapet,3,1,0,0,0,0,0,0,0,0,0,0,0,0,0,0,0,0,0,0,0,0,0,0,0,0,0,0,0,0,0,0,0,0,0,0,0,12000000,1830,3,6557.377049180328,Kokapet,3 BHK,1500-2500 sqft,Valid,Hyderabad,Not available in source data,0,35
5000000,1125,Kismatpur,4,1,0,1,1,0,1,0,1,0,0,0,0,0,0,1,1,0,0,0,0,0,0,0,0,0,1,0,0,0,0,0,0,0,0,0,0,5000000,1125,4,4444.444444444444,Kismatpur,4 BHK,1000-1500 sqft,Valid,Hyderabad,Not available in source data,7,35
3200000,1300,Patancheru,3,0,0,0,0,0,0,0,0,0,0,0,0,0,0,0,0,0,0,0,0,0,0,0,0,0,0,0,0,0,0,0,0,0,0,0,0,3200000,1300,3,2461.5384615384614,Patancheru,3 BHK,1000-1500 sqft,Valid,Hyderabad,Not available in source data,0,35
3250000,910,Patancheru,2,0,0,0,0,0,0,0,0,0,0,0,0,0,0,0,0,0,0,0,0,0,0,0,0,0,0,0,0,0,0,0,0,0,0,0,0,3250000,910,2,3571.4285714285716,Patancheru,2 BHK,500-1000 sqft,Valid,Hyderabad,Not available in source data,0,35
4750000,1550,Pati,3,0,0,0,0,0,0,0,0,0,0,0,0,0,0,0,0,0,0,0,0,0,0,0,0,0,0,0,0,0,0,0,0,0,0,0,0,4750000,1550,3,3064.516129032258,Pati,3 BHK,1500-2500 sqft,Valid,Hyderabad,Not available in source data,0,35
4800000,1650,Patancheru,3,0,0,0,0,0,0,0,0,0,0,0,0,0,0,0,0,0,0,0,0,0,0,0,0,0,0,0,0,0,0,0,0,0,0,0,0,4800000,1650,3,2909.090909090909,Patancheru,3 BHK,1500-2500 sqft,Valid,Hyderabad,Not available in source data,0,35
4550000,1475,Pati,3,0,0,0,0,0,0,0,0,0,0,0,0,0,0,0,0,0,0,0,0,0,0,0,0,0,0,0,0,0,0,0,0,0,0,0,0,4550000,1475,3,3084.7457627118642,Pati,3 BHK,1000-1500 sqft,Valid,Hyderabad,Not available in source data,0,35
4150000,1475,Pati,3,0,0,0,0,0,0,0,0,0,0,0,0,0,0,0,0,0,0,0,0,0,0,0,0,0,0,0,0,0,0,0,0,0,0,0,0,4150000,1475,3,2813.5593220338983,Pati,3 BHK,1000-1500 sqft,Valid,Hyderabad,Not available in source data,0,35
3550000,1500,Patancheru,2,0,0,0,0,0,0,0,0,0,0,0,0,0,0,0,0,0,0,0,0,0,0,0,0,0,0,0,0,0,0,0,0,0,0,0,0,3550000,1500,2,2366.6666666666665,Patancheru,2 BHK,1500-2500 sqft,Valid,Hyderabad,Not available in source data,0,35
4450000,1550,Pati,3,0,0,0,0,0,0,0,0,0,0,0,0,0,0,0,0,0,0,0,0,0,0,0,0,0,0,0,0,0,0,0,0,0,0,0,0,4450000,1550,3,2870.967741935484,Pati,3 BHK,1500-2500 sqft,Valid,Hyderabad,Not available in source data,0,35
3900000,1400,Pati,3,0,0,0,0,0,0,0,0,0,0,0,0,0,0,0,0,0,0,0,0,0,0,0,0,0,0,0,0,0,0,0,0,0,0,0,0,3900000,1400,3,2785.714285714286,Pati,3 BHK,1000-1500 sqft,Valid,Hyderabad,Not available in source data,0,35
3800000,1350,Patancheru,2,0,0,0,0,0,0,0,0,0,0,0,0,0,0,0,0,0,0,0,0,0,0,0,0,0,0,0,0,0,0,0,0,0,0,0,0,3800000,1350,2,2814.814814814815,Patancheru,2 BHK,1000-1500 sqft,Valid,Hyderabad,Not available in source data,0,35
4250000,1475,Pati,3,0,0,0,0,0,0,0,0,0,0,0,0,0,0,0,0,0,0,0,0,0,0,0,0,0,0,0,0,0,0,0,0,0,0,0,0,4250000,1475,3,2881.35593220339,Pati,3 BHK,1000-1500 sqft,Valid,Hyderabad,Not available in source data,0,35
4850000,1650,Pati,3,0,0,0,0,0,0,0,0,0,0,0,0,0,0,0,0,0,0,0,0,0,0,0,0,0,0,0,0,0,0,0,0,0,0,0,0,4850000,1650,3,2939.3939393939395,Pati,3 BHK,1500-2500 sqft,Valid,Hyderabad,Not available in source data,0,35
4050000,1375,Patancheru,2,0,0,0,0,0,0,0,0,0,0,0,0,0,0,0,0,0,0,0,0,0,0,0,0,0,0,0,0,0,0,0,0,0,0,0,0,4050000,1375,2,2945.4545454545455,Patancheru,2 BHK,1000-1500 sqft,Valid,Hyderabad,Not available in source data,0,35
4500000,1475,Pati,3,0,0,0,0,0,0,0,0,0,0,0,0,0,0,0,0,0,0,0,0,0,0,0,0,0,0,0,0,0,0,0,0,0,0,0,0,4500000,1475,3,3050.8474576271187,Pati,3 BHK,1000-1500 sqft,Valid,Hyderabad,Not available in source data,0,35
4800000,1000,Dr A S Rao Nagar Rd,2,0,0,0,0,0,0,0,0,0,0,0,0,0,0,0,0,0,0,0,0,0,0,0,0,0,0,0,0,0,0,0,0,0,0,0,0,4800000,1000,2,4800.0,Dr A S Rao Nagar Rd,2 BHK,1000-1500 sqft,Valid,Hyderabad,Not available in source data,0,35
8600000,1950,Tellapur,3,1,0,1,0,1,0,0,0,0,0,0,0,0,0,1,1,1,0,0,0,0,0,0,0,0,0,1,0,0,0,0,0,0,1,1,0,8600000,1950,3,4410.25641025641,Tellapur,3 BHK,1500-2500 sqft,Valid,Hyderabad,Not available in source data,8,35
3675000,1050,Dullapally,2,0,1,1,1,1,1,1,0,0,0,1,0,1,0,1,1,1,0,0,0,0,0,0,0,0,1,1,0,0,0,1,0,0,0,0,0,3675000,1050,2,3500.0,Dullapally,2 BHK,1000-1500 sqft,Valid,Hyderabad,Not available in source data,14,35
8749000,1535,Kondapur,3,0,1,1,1,1,1,1,1,0,1,0,0,1,0,1,1,1,0,0,0,0,0,0,0,0,1,1,0,1,0,0,0,0,0,0,0,8749000,1535,3,5699.674267100977,Kondapur,3 BHK,1500-2500 sqft,Valid,Hyderabad,Not available in source data,15,35
8300000,1550,KPHB,3,0,0,0,0,0,0,0,0,0,0,0,0,0,0,0,1,1,0,0,0,0,0,0,0,0,0,0,0,0,0,0,0,0,0,0,0,8300000,1550,3,5354.8387096774195,KPHB,3 BHK,1500-2500 sqft,Valid,Hyderabad,Not available in source data,2,35
8700000,1510,Vivekananda Nagar Colony,3,0,0,0,0,0,0,0,0,0,0,0,0,0,0,1,1,1,0,0,0,0,0,0,0,0,0,0,0,0,0,0,0,0,0,0,0,8700000,1510,3,5761.58940397351,Vivekananda Nagar Colony,3 BHK,1500-2500 sqft,Valid,Hyderabad,Not available in source data,3,35
4000000,920,Boduppal,3,1,0,0,0,0,0,0,0,0,0,0,0,0,0,0,0,0,0,0,0,0,0,0,0,0,0,0,0,0,0,0,0,0,0,0,0,4000000,920,3,4347.826086956522,Boduppal,3 BHK,500-1000 sqft,Valid,Hyderabad,Not available in source data,0,35
13700000,1742,Gachibowli,3,1,0,1,1,1,1,0,1,0,0,0,1,0,0,1,1,1,0,0,1,0,0,0,0,0,1,1,0,1,0,0,0,0,0,0,0,13700000,1742,3,7864.523536165328,Gachibowli,3 BHK,1500-2500 sqft,Valid,Hyderabad,Not available in source data,13,35
57500000,3765,Banjara Hills,4,1,0,1,1,1,1,1,1,0,1,1,0,1,0,1,1,1,0,0,1,0,0,0,0,0,1,1,0,0,0,0,0,0,0,0,0,57500000,3765,4,15272.244355909694,Banjara Hills,4 BHK,2500+ sqft,Valid,Hyderabad,Not available in source data,15,35
16500000,2750,Gachibowli,3,1,1,0,0,1,0,0,0,0,0,0,0,1,0,1,1,1,0,0,0,0,0,0,0,0,0,1,1,0,0,0,0,0,0,0,0,16500000,2750,3,6000.0,Gachibowli,3 BHK,2500+ sqft,Valid,Hyderabad,Not available in source data,8,35
4582000,1160,Ameenpur,2,0,0,0,0,0,0,1,0,0,1,0,0,0,0,0,1,1,0,0,0,0,0,0,0,0,0,1,0,1,0,0,0,0,0,0,0,4582000,1160,2,3950.0,Ameenpur,2 BHK,1000-1500 sqft,Valid,Hyderabad,Not available in source data,6,35
11200000,2450,Manikonda,4,0,0,0,0,0,0,0,0,0,0,0,0,0,0,1,0,1,0,0,0,0,0,0,0,0,0,1,0,0,0,0,0,0,0,0,0,11200000,2450,4,4571.428571428572,Manikonda,4 BHK,1500-2500 sqft,Valid,Hyderabad,Not available in source data,3,35
55000000,4700,Jubilee Hills,4,0,0,0,0,0,0,0,0,0,0,0,0,0,0,1,1,1,0,0,0,0,0,0,0,0,0,1,0,0,0,0,0,0,0,0,0,55000000,4700,4,11702.127659574468,Jubilee Hills,4 BHK,2500+ sqft,Valid,Hyderabad,Not available in source data,4,35
4600000,1100,LB Nagar,2,0,0,0,0,0,0,0,0,0,0,0,0,0,0,0,0,0,0,0,0,0,0,0,0,0,0,0,0,0,0,0,0,0,0,0,0,4600000,1100,2,4181.818181818182,LB Nagar,2 BHK,1000-1500 sqft,Valid,Hyderabad,Not available in source data,0,35
3375000,1250,financial District,2,0,0,0,0,0,0,0,0,0,0,0,0,0,0,0,0,0,0,0,0,0,0,0,0,0,0,0,0,0,0,0,0,0,0,0,0,3375000,1250,2,2700.0,financial District,2 BHK,1000-1500 sqft,Valid,Hyderabad,Not available in source data,0,35
4300000,1250,Kollur Road,2,0,0,0,0,0,0,0,0,0,0,0,0,0,0,0,0,0,0,0,0,0,0,0,0,0,0,0,0,0,0,0,0,0,0,0,0,4300000,1250,2,3440.0,Kollur Road,2 BHK,1000-1500 sqft,Valid,Hyderabad,Not available in source data,0,35
2800000,1200,Adibatla,2,0,0,0,0,0,0,0,0,0,0,0,0,0,0,0,0,0,0,0,0,0,0,0,0,0,0,0,0,0,0,0,0,0,0,0,0,2800000,1200,2,2333.3333333333335,Adibatla,2 BHK,1000-1500 sqft,Valid,Hyderabad,Not available in source data,0,35
3521000,1006,Miyapur,2,0,0,0,0,0,0,0,0,0,0,0,0,0,0,0,0,0,0,0,0,0,0,0,0,0,0,0,0,0,0,0,0,0,0,0,0,3521000,1006,2,3500.0,Miyapur,2 BHK,1000-1500 sqft,Valid,Hyderabad,Not available in source data,0,35
4500000,1200,Kollur Road,2,0,0,0,0,0,0,0,0,0,0,0,0,0,0,0,0,0,0,0,0,0,0,0,0,0,0,0,0,0,0,0,0,0,0,0,0,4500000,1200,2,3750.0,Kollur Road,2 BHK,1000-1500 sqft,Valid,Hyderabad,Not available in source data,0,35
4250000,1250,Kollur Road,2,0,0,0,0,0,0,0,0,0,0,0,0,0,0,0,0,0,0,0,0,0,0,0,0,0,0,0,0,0,0,0,0,0,0,0,0,4250000,1250,2,3400.0,Kollur Road,2 BHK,1000-1500 sqft,Valid,Hyderabad,Not available in source data,0,35
4600000,1250,Kollur Road,2,0,0,0,0,0,0,0,0,0,0,0,0,0,0,0,0,0,0,0,0,0,0,0,0,0,0,0,0,0,0,0,0,0,0,0,0,4600000,1250,2,3680.0,Kollur Road,2 BHK,1000-1500 sqft,Valid,Hyderabad,Not available in source data,0,35
4217000,1205,Kollur Road,2,0,0,0,0,0,0,0,0,0,0,0,0,0,0,0,0,0,0,0,0,0,0,0,0,0,0,0,0,0,0,0,0,0,0,0,0,4217000,1205,2,3499.585062240664,Kollur Road,2 BHK,1000-1500 sqft,Valid,Hyderabad,Not available in source data,0,35
4221000,1206,Kollur Road,2,0,0,0,0,0,0,0,0,0,0,0,0,0,0,0,0,0,0,0,0,0,0,0,0,0,0,0,0,0,0,0,0,0,0,0,0,4221000,1206,2,3500.0,Kollur Road,2 BHK,1000-1500 sqft,Valid,Hyderabad,Not available in source data,0,35
4228000,1208,Kollur,2,0,0,0,0,0,0,0,0,0,0,0,0,0,0,0,0,0,0,0,0,0,0,0,0,0,0,0,0,0,0,0,0,0,0,0,0,4228000,1208,2,3500.0,Kollur,2 BHK,1000-1500 sqft,Valid,Hyderabad,Not available in source data,0,35
4207000,1202,Kollur Road,2,0,0,0,0,0,0,0,0,0,0,0,0,0,0,0,0,0,0,0,0,0,0,0,0,0,0,0,0,0,0,0,0,0,0,0,0,4207000,1202,2,3500.0,Kollur Road,2 BHK,1000-1500 sqft,Valid,Hyderabad,Not available in source data,0,35
4210000,1203,Kollur Road,2,0,0,0,0,0,0,0,0,0,0,0,0,0,0,0,0,0,0,0,0,0,0,0,0,0,0,0,0,0,0,0,0,0,0,0,0,4210000,1203,2,3499.5843724023275,Kollur Road,2 BHK,1000-1500 sqft,Valid,Hyderabad,Not available in source data,0,35
4968000,1104,Kondapur,2,0,0,0,0,0,0,0,0,0,0,0,0,0,0,0,0,0,0,0,0,0,0,0,0,0,0,0,0,0,0,0,0,0,0,0,0,4968000,1104,2,4500.0,Kondapur,2 BHK,1000-1500 sqft,Valid,Hyderabad,Not available in source data,0,35
7200000,1600,Kondapur,3,0,0,0,0,0,0,0,0,0,0,0,0,0,0,0,0,0,0,0,0,0,0,0,0,0,0,0,0,0,0,0,0,0,0,0,0,7200000,1600,3,4500.0,Kondapur,3 BHK,1500-2500 sqft,Valid,Hyderabad,Not available in source data,0,35
4469000,1242,Kollur Road,2,0,0,0,0,0,0,0,0,0,0,0,0,0,0,0,0,0,0,0,0,0,0,0,0,0,0,0,0,0,0,0,0,0,0,0,0,4469000,1242,2,3598.2286634460547,Kollur Road,2 BHK,1000-1500 sqft,Valid,Hyderabad,Not available in source data,0,35
3600000,1210,Aminpur,2,1,0,0,0,0,0,0,0,0,0,0,0,0,0,0,0,0,0,0,0,0,0,0,0,0,0,0,0,0,0,0,0,0,0,0,0,3600000,1210,2,2975.206611570248,Aminpur,2 BHK,1000-1500 sqft,Valid,Hyderabad,Not available in source data,0,35
5200000,1630,Dammaiguda,3,1,0,0,0,0,0,1,0,1,0,0,1,0,1,1,1,1,0,0,0,1,0,0,0,0,0,1,0,1,0,0,0,0,0,0,0,5200000,1630,3,3190.1840490797545,Dammaiguda,3 BHK,1500-2500 sqft,Valid,Hyderabad,Not available in source data,10,35
3200000,990,Dammaiguda,2,1,0,0,0,0,0,1,0,0,0,0,1,0,0,1,1,1,0,0,0,1,0,0,0,0,0,1,0,1,0,0,0,0,1,1,0,3200000,990,2,3232.3232323232323,Dammaiguda,2 BHK,500-1000 sqft,Valid,Hyderabad,Not available in source data,10,35
6500000,1450,Bachupally,3,0,0,0,0,0,0,0,0,0,0,0,0,0,0,0,0,0,0,0,0,0,0,0,0,0,0,0,0,0,0,0,0,0,0,0,0,6500000,1450,3,4482.758620689655,Bachupally,3 BHK,1000-1500 sqft,Valid,Hyderabad,Not available in source data,0,35
3800000,1000,Chintradripet,2,0,0,0,0,0,0,0,0,0,0,0,0,0,0,0,0,0,0,0,0,0,0,0,0,0,0,0,0,0,0,0,0,0,0,0,0,3800000,1000,2,3800.0,Chintradripet,2 BHK,1000-1500 sqft,Valid,Hyderabad,Not available in source data,0,35
2900000,950,Ring Road,2,1,0,0,0,0,0,0,0,0,0,0,0,0,0,1,0,0,0,0,0,0,0,0,0,0,0,0,0,0,0,0,0,0,0,0,0,2900000,950,2,3052.6315789473683,Ring Road,2 BHK,500-1000 sqft,Valid,Hyderabad,Not available in source data,1,35
4830000,1050,Hyder Nagar,2,0,0,0,0,0,0,0,0,0,0,0,0,0,0,0,0,0,0,0,0,0,0,0,0,0,0,0,0,0,0,0,0,0,0,0,0,4830000,1050,2,4600.0,Hyder Nagar,2 BHK,1000-1500 sqft,Valid,Hyderabad,Not available in source data,0,35
19500000,1400,Saket,2,1,0,0,0,0,0,0,0,0,0,0,0,0,0,0,0,0,0,0,0,0,0,0,0,0,0,0,0,0,0,0,0,0,0,0,0,19500000,1400,2,13928.57142857143,Saket,2 BHK,1000-1500 sqft,Valid,Hyderabad,Not available in source data,0,35
5200000,1050,Hyder Nagar,2,0,0,0,0,0,0,0,0,0,0,0,0,0,0,0,0,0,0,0,0,0,0,0,0,0,0,0,0,0,0,0,0,0,0,0,0,5200000,1050,2,4952.380952380952,Hyder Nagar,2 BHK,1000-1500 sqft,Valid,Hyderabad,Not available in source data,0,35
7800000,1200,Begumpet,2,1,0,1,1,1,0,0,0,0,0,0,0,0,0,1,1,1,0,0,0,0,0,0,0,0,0,1,0,0,0,0,0,0,1,1,0,7800000,1200,2,6500.0,Begumpet,2 BHK,1000-1500 sqft,Valid,Hyderabad,Not available in source data,9,35
26000000,4150,Kavuri Hills,4,0,0,1,0,0,0,0,0,0,0,0,0,0,0,1,1,1,0,0,1,0,0,0,0,0,0,1,0,1,0,0,0,0,0,0,0,26000000,4150,4,6265.060240963855,Kavuri Hills,4 BHK,2500+ sqft,Valid,Hyderabad,Not available in source data,7,35
3700000,1500,Sun City,5,1,0,0,0,0,0,0,0,0,0,0,0,0,0,1,1,1,0,0,0,0,0,1,1,0,0,1,1,0,0,0,1,1,1,1,1,3700000,1500,5,2466.6666666666665,Sun City,5+ BHK,1500-2500 sqft,Valid,Hyderabad,Not available in source data,12,35
9800000,1530,Madhapur,3,1,0,1,1,1,1,1,1,0,0,0,0,1,0,1,1,1,0,0,0,0,0,0,0,0,1,1,0,1,0,0,0,0,0,0,0,9800000,1530,3,6405.228758169935,Madhapur,3 BHK,1500-2500 sqft,Valid,Hyderabad,Not available in source data,13,35
10500000,1250,Ashok Nagar,3,0,0,0,0,0,0,0,0,0,0,0,0,0,0,1,1,1,0,0,0,0,0,0,0,0,0,0,0,0,0,0,0,0,0,0,0,10500000,1250,3,8400.0,Ashok Nagar,3 BHK,1000-1500 sqft,Valid,Hyderabad,Not available in source data,3,35
4276000,1296,manneguda,2,1,1,0,0,0,0,1,0,0,0,0,0,0,0,1,1,1,0,0,0,0,0,0,0,0,0,1,0,0,0,0,0,0,0,0,0,4276000,1296,2,3299.382716049383,manneguda,2 BHK,1000-1500 sqft,Valid,Hyderabad,Not available in source data,6,35
3400000,998,Shaikpet,2,1,0,1,1,1,0,0,0,0,0,0,0,0,0,1,1,1,0,0,0,0,0,0,0,0,0,1,0,0,0,0,0,0,1,0,0,3400000,998,2,3406.813627254509,Shaikpet,2 BHK,500-1000 sqft,Valid,Hyderabad,Not available in source data,8,35
9800000,1850,Moti Nagar,4,0,0,1,1,0,0,0,0,0,0,0,0,1,0,1,0,1,0,0,0,0,0,0,0,0,1,1,0,0,0,0,0,0,0,0,0,9800000,1850,4,5297.2972972972975,Moti Nagar,4 BHK,1500-2500 sqft,Valid,Hyderabad,Not available in source data,7,35
9500000,1115,Miyapur,2,0,0,1,1,1,0,0,0,0,0,0,0,0,0,1,1,1,0,0,0,0,0,0,1,1,0,1,1,0,0,0,0,1,1,1,1,9500000,1115,2,8520.17937219731,Miyapur,2 BHK,1000-1500 sqft,Valid,Hyderabad,Not available in source data,14,35
21000000,2630,Hitech City,3,1,0,1,1,1,0,1,0,0,0,1,0,1,0,1,1,1,0,0,1,0,1,0,1,1,1,1,1,0,1,0,1,1,1,1,1,21000000,2630,3,7984.790874524715,Hitech City,3 BHK,2500+ sqft,Valid,Hyderabad,Not available in source data,22,35
2800000,500,Sanath Nagar,2,1,0,0,0,0,0,0,0,0,0,0,0,0,0,0,0,0,0,0,0,0,0,0,0,0,0,0,0,0,0,0,0,0,0,0,0,2800000,500,2,5600.0,Sanath Nagar,2 BHK,500-1000 sqft,Valid,Hyderabad,Not available in source data,0,35
6300000,1085,Hafeezpet,2,0,0,1,0,1,0,0,0,0,0,0,0,0,0,1,1,1,0,0,0,0,0,0,0,0,0,1,1,0,0,0,0,1,1,1,0,6300000,1085,2,5806.451612903225,Hafeezpet,2 BHK,1000-1500 sqft,Valid,Hyderabad,Not available in source data,10,35
5100000,1325,Gachibowli,2,0,0,1,1,1,0,0,0,0,0,0,0,0,0,1,1,1,0,0,0,0,0,0,0,0,0,0,1,0,0,0,0,1,1,1,0,5100000,1325,2,3849.056603773585,Gachibowli,2 BHK,1000-1500 sqft,Valid,Hyderabad,Not available in source data,10,35
4200000,1200,Kollur Road,2,0,0,0,0,0,0,0,0,0,0,0,0,0,0,0,0,0,0,0,0,0,0,0,0,0,0,0,0,0,0,0,0,0,0,0,0,4200000,1200,2,3500.0,Kollur Road,2 BHK,1000-1500 sqft,Valid,Hyderabad,Not available in source data,0,35
4203000,1201,Kollur Road,2,0,0,0,0,0,0,0,0,0,0,0,0,0,0,0,0,0,0,0,0,0,0,0,0,0,0,0,0,0,0,0,0,0,0,0,0,4203000,1201,2,3499.583680266445,Kollur Road,2 BHK,1000-1500 sqft,Valid,Hyderabad,Not available in source data,0,35
4600000,1260,Kollur Road,2,0,0,0,0,0,0,0,0,0,0,0,0,0,0,0,0,0,0,0,0,0,0,0,0,0,0,0,0,0,0,0,0,0,0,0,0,4600000,1260,2,3650.7936507936506,Kollur Road,2 BHK,1000-1500 sqft,Valid,Hyderabad,Not available in source data,0,35
4963000,1103,Kondapur,2,0,0,0,0,0,0,0,0,0,0,0,0,0,0,0,0,0,0,0,0,0,0,0,0,0,0,0,0,0,0,0,0,0,0,0,0,4963000,1103,2,4499.546690843155,Kondapur,2 BHK,1000-1500 sqft,Valid,Hyderabad,Not available in source data,0,35
4977000,1106,Kondapur,2,0,0,0,0,0,0,0,0,0,0,0,0,0,0,0,0,0,0,0,0,0,0,0,0,0,0,0,0,0,0,0,0,0,0,0,0,4977000,1106,2,4500.0,Kondapur,2 BHK,1000-1500 sqft,Valid,Hyderabad,Not available in source data,0,35
2200000,1000,Adibatla,2,0,0,0,0,0,0,0,0,0,0,0,0,0,0,0,0,0,0,0,0,0,0,0,0,0,0,0,0,0,0,0,0,0,0,0,0,2200000,1000,2,2200.0,Adibatla,2 BHK,1000-1500 sqft,Valid,Hyderabad,Not available in source data,0,35
9500000,1360,Kukatpally,2,0,0,1,1,1,1,1,1,0,0,1,1,1,0,1,1,1,0,1,1,0,0,0,0,0,1,1,0,0,0,0,0,0,0,0,0,9500000,1360,2,6985.294117647059,Kukatpally,2 BHK,1000-1500 sqft,Valid,Hyderabad,Not available in source data,16,35
6000000,1200,AS Rao Nagar,2,1,0,0,0,0,0,1,0,1,0,0,1,0,1,1,1,1,0,0,0,0,0,0,1,0,0,1,1,1,0,0,0,1,1,1,0,6000000,1200,2,5000.0,AS Rao Nagar,2 BHK,1000-1500 sqft,Valid,Hyderabad,Not available in source data,14,35
5200000,1440,AS Rao Nagar,3,1,0,0,0,0,0,0,0,1,0,0,1,0,1,1,1,1,1,0,0,1,0,0,0,0,0,1,0,1,0,0,0,0,0,0,0,5200000,1440,3,3611.1111111111113,AS Rao Nagar,3 BHK,1000-1500 sqft,Valid,Hyderabad,Not available in source data,10,35
5500000,1010,Sainikpuri,2,1,0,1,0,1,0,0,0,0,0,0,0,0,0,1,1,1,0,0,0,0,0,0,0,0,0,1,0,0,0,0,0,0,1,1,0,5500000,1010,2,5445.544554455446,Sainikpuri,2 BHK,1000-1500 sqft,Valid,Hyderabad,Not available in source data,8,35
4500000,1080,Sainikpuri,2,1,0,1,0,1,0,0,0,0,0,0,0,0,0,1,1,1,0,0,0,0,0,0,0,0,0,1,0,0,0,0,0,0,1,1,0,4500000,1080,2,4166.666666666667,Sainikpuri,2 BHK,1000-1500 sqft,Valid,Hyderabad,Not available in source data,8,35
6500000,1950,Kompally,3,0,1,1,1,1,0,0,1,0,1,1,0,1,0,1,1,1,0,0,0,0,0,0,0,0,1,1,0,0,0,0,0,0,0,0,0,6500000,1950,3,3333.3333333333335,Kompally,3 BHK,1500-2500 sqft,Valid,Hyderabad,Not available in source data,13,35
13500000,2200,Shaikpet,3,1,0,1,1,1,0,0,0,0,0,0,0,0,0,1,1,1,0,0,0,0,0,0,0,0,0,1,0,0,0,0,0,1,1,1,0,13500000,2200,3,6136.363636363636,Shaikpet,3 BHK,1500-2500 sqft,Valid,Hyderabad,Not available in source data,10,35
6900000,1133,Shaikpet,2,1,0,1,1,1,0,0,0,0,0,0,0,0,0,1,1,1,0,0,0,0,0,0,0,0,0,1,0,0,0,0,0,1,1,1,0,6900000,1133,2,6090.026478375993,Shaikpet,2 BHK,1000-1500 sqft,Valid,Hyderabad,Not available in source data,10,35
8200000,1650,Serilingampally,3,1,0,0,0,0,0,0,0,0,1,0,0,0,0,0,1,0,0,0,0,0,0,0,0,0,0,1,0,0,0,0,0,0,0,0,0,8200000,1650,3,4969.69696969697,Serilingampally,3 BHK,1500-2500 sqft,Valid,Hyderabad,Not available in source data,3,35
17500000,2600,Jubilee Hills,3,0,0,0,0,0,0,0,0,0,0,0,0,0,0,1,1,1,0,0,0,0,0,0,0,0,0,1,0,0,0,0,0,0,0,0,0,17500000,2600,3,6730.7692307692305,Jubilee Hills,3 BHK,2500+ sqft,Valid,Hyderabad,Not available in source data,4,35
2500000,1100,Adibatla,2,0,0,0,0,0,0,0,0,0,0,0,0,0,0,0,0,0,0,0,0,0,0,0,0,0,0,0,0,0,0,0,0,0,0,0,0,2500000,1100,2,2272.7272727272725,Adibatla,2 BHK,1000-1500 sqft,Valid,Hyderabad,Not available in source data,0,35
2304000,1002,Adibatla,2,0,0,0,0,0,0,0,0,0,0,0,0,0,0,0,0,0,0,0,0,0,0,0,0,0,0,0,0,0,0,0,0,0,0,0,0,2304000,1002,2,2299.4011976047905,Adibatla,2 BHK,1000-1500 sqft,Valid,Hyderabad,Not available in source data,0,35
2750000,500,Kokapet,2,0,0,0,0,0,0,0,0,0,0,0,0,0,0,0,0,0,0,0,0,0,0,0,0,0,0,0,0,0,0,0,0,0,0,0,0,2750000,500,2,5500.0,Kokapet,2 BHK,500-1000 sqft,Valid,Hyderabad,Not available in source data,0,35
2300000,1000,Adibatla,2,0,0,0,0,0,0,0,0,0,0,0,0,0,0,0,0,0,0,0,0,0,0,0,0,0,0,0,0,0,0,0,0,0,0,0,0,2300000,1000,2,2300.0,Adibatla,2 BHK,1000-1500 sqft,Valid,Hyderabad,Not available in source data,0,35
4000000,1075,Usman Nagar,2,0,0,0,0,0,0,0,0,0,0,0,0,0,0,0,0,0,0,0,0,0,0,0,0,0,0,0,0,0,0,0,0,0,0,0,0,4000000,1075,2,3720.9302325581393,Usman Nagar,2 BHK,1000-1500 sqft,Valid,Hyderabad,Not available in source data,0,35
5000000,1100,new nallakunta,2,1,0,0,0,0,0,0,0,0,0,0,0,0,0,0,1,1,0,0,0,0,0,0,0,0,0,1,0,0,0,0,0,0,0,1,0,5000000,1100,2,4545.454545454545,new nallakunta,2 BHK,1000-1500 sqft,Valid,Hyderabad,Not available in source data,4,35
9500000,1120,Gachibowli,2,1,0,1,1,1,0,0,0,0,0,0,0,0,0,1,1,1,0,0,0,0,0,0,0,0,0,1,0,0,0,0,0,1,1,1,0,9500000,1120,2,8482.142857142857,Gachibowli,2 BHK,1000-1500 sqft,Valid,Hyderabad,Not available in source data,10,35
3800000,1200,Shadnagar,2,1,0,1,1,1,0,0,0,0,0,0,0,0,0,1,1,1,0,0,0,0,0,0,0,0,0,1,0,0,0,0,0,0,1,1,0,3800000,1200,2,3166.6666666666665,Shadnagar,2 BHK,1000-1500 sqft,Valid,Hyderabad,Not available in source data,9,35
4000000,1200,Shadnagar,2,1,0,1,1,1,0,0,0,0,0,0,0,0,0,1,1,1,0,0,0,0,0,0,0,0,0,1,0,0,0,0,0,0,1,1,0,4000000,1200,2,3333.3333333333335,Shadnagar,2 BHK,1000-1500 sqft,Valid,Hyderabad,Not available in source data,9,35
3900000,1120,Shadnagar,2,1,0,1,1,1,0,0,0,0,0,0,0,0,0,1,1,1,0,0,0,0,0,0,0,0,0,1,0,0,0,0,0,0,1,1,0,3900000,1120,2,3482.1428571428573,Shadnagar,2 BHK,1000-1500 sqft,Valid,Hyderabad,Not available in source data,9,35
10000000,1295,Kondapur,2,0,0,1,1,1,0,1,1,0,1,1,1,1,0,1,1,1,0,0,1,0,0,0,0,0,1,1,0,1,0,0,0,0,0,0,0,10000000,1295,2,7722.007722007722,Kondapur,2 BHK,1000-1500 sqft,Valid,Hyderabad,Not available in source data,16,35
3900000,1100,nizampet road,2,0,1,0,0,0,0,1,0,0,1,0,0,0,0,1,1,1,1,0,0,0,0,0,0,0,0,1,0,0,0,0,0,0,0,0,0,3900000,1100,2,3545.4545454545455,nizampet road,2 BHK,1000-1500 sqft,Valid,Hyderabad,Not available in source data,8,35
3742000,1134,Adibatla,2,1,1,0,0,0,0,1,0,0,0,0,0,0,0,1,1,1,0,0,0,0,0,0,0,0,0,1,0,0,0,0,0,0,0,0,0,3742000,1134,2,3299.8236331569665,Adibatla,2 BHK,1000-1500 sqft,Valid,Hyderabad,Not available in source data,6,35
3927000,1190,Bongloor,2,1,1,0,0,0,0,1,0,0,0,0,0,0,0,1,1,1,0,0,0,0,0,0,0,0,0,1,0,0,0,0,0,0,0,0,0,3927000,1190,2,3300.0,Bongloor,2 BHK,1000-1500 sqft,Valid,Hyderabad,Not available in source data,6,35
4216000,1050,Uppal,2,1,1,0,0,0,0,1,0,0,0,0,0,0,0,1,1,1,0,0,0,0,0,0,0,0,0,1,0,0,0,0,0,0,0,0,0,4216000,1050,2,4015.2380952380954,Uppal,2 BHK,1000-1500 sqft,Valid,Hyderabad,Not available in source data,6,35
2536000,710,Adibatla,1,1,1,0,0,0,0,1,0,0,0,0,0,0,0,1,1,1,0,0,0,0,0,0,0,0,0,1,0,0,0,0,0,0,0,0,0,2536000,710,1,3571.830985915493,Adibatla,1 BHK,500-1000 sqft,Valid,Hyderabad,Not available in source data,6,35
5004000,1390,Adibatla,3,1,1,0,0,0,0,1,0,0,0,0,0,0,0,1,1,1,0,0,0,0,0,0,0,0,0,1,0,0,0,0,0,0,0,0,0,5004000,1390,3,3600.0,Adibatla,3 BHK,1000-1500 sqft,Valid,Hyderabad,Not available in source data,6,35
7912000,1978,Uppal,3,1,1,0,0,0,0,1,0,0,0,0,0,0,0,1,1,1,0,0,0,0,0,0,0,0,0,1,0,0,0,0,0,0,0,0,0,7912000,1978,3,4000.0,Uppal,3 BHK,1500-2500 sqft,Valid,Hyderabad,Not available in source data,6,35
5900000,1360,Mailardevpally,3,0,0,1,0,1,0,0,0,0,0,0,0,0,0,1,1,1,0,0,0,0,0,0,0,1,0,1,1,0,1,0,0,1,1,0,1,5900000,1360,3,4338.235294117647,Mailardevpally,3 BHK,1000-1500 sqft,Valid,Hyderabad,Not available in source data,12,35
9500000,2000,Kukatpally,3,1,1,1,1,1,1,1,1,0,1,1,0,1,0,1,1,1,1,0,1,0,0,0,0,0,1,1,0,1,0,0,0,0,0,0,0,9500000,2000,3,4750.0,Kukatpally,3 BHK,1500-2500 sqft,Valid,Hyderabad,Not available in source data,18,35
45000000,3537,Jubilee Hills,3,1,0,1,1,1,1,0,0,0,0,0,0,1,0,1,1,1,1,0,0,0,0,0,0,0,1,1,0,0,0,0,0,0,0,0,0,45000000,3537,3,12722.64631043257,Jubilee Hills,3 BHK,2500+ sqft,Valid,Hyderabad,Not available in source data,11,35
4900000,1100,Suchitra,2,0,0,0,0,0,0,0,0,0,0,0,0,0,0,0,0,0,0,0,0,0,0,0,0,0,0,0,0,0,0,0,0,0,0,0,0,4900000,1100,2,4454.545454545455,Suchitra,2 BHK,1000-1500 sqft,Valid,Hyderabad,Not available in source data,0,35
5082000,1210,Uppalguda,2,0,0,0,0,0,0,0,0,0,0,0,0,0,0,0,0,0,0,0,0,0,0,0,0,0,0,0,0,0,0,0,0,0,0,0,0,5082000,1210,2,4200.0,Uppalguda,2 BHK,1000-1500 sqft,Valid,Hyderabad,Not available in source data,0,35
9500000,1935,Narsingi,3,1,0,1,1,1,0,0,0,0,0,0,0,0,0,1,1,1,0,0,0,0,0,0,1,0,0,1,1,0,1,0,0,1,1,1,0,9500000,1935,3,4909.5607235142115,Narsingi,3 BHK,1500-2500 sqft,Valid,Hyderabad,Not available in source data,13,35
5700000,1080,Tirumalgiri,2,1,0,1,0,1,0,0,0,0,0,0,0,0,0,1,1,1,0,0,0,0,0,0,0,0,0,1,1,0,0,0,0,0,1,0,0,5700000,1080,2,5277.777777777777,Tirumalgiri,2 BHK,1000-1500 sqft,Valid,Hyderabad,Not available in source data,8,35
6000000,1200,Tirumalgiri,2,1,0,1,1,1,0,0,0,0,0,0,0,0,0,1,1,1,0,0,0,0,0,1,0,0,0,1,0,0,0,0,0,0,1,1,0,6000000,1200,2,5000.0,Tirumalgiri,2 BHK,1000-1500 sqft,Valid,Hyderabad,Not available in source data,10,35
15400000,1905,Chikkadapally,3,0,0,0,0,0,0,0,0,0,0,0,0,0,0,1,1,1,0,0,0,0,0,0,0,0,0,1,0,0,0,0,0,0,0,0,0,15400000,1905,3,8083.989501312336,Chikkadapally,3 BHK,1500-2500 sqft,Valid,Hyderabad,Not available in source data,4,35
11299999,1570,Begumpet,3,1,0,0,1,1,0,0,0,0,0,0,0,0,0,1,1,1,0,0,0,0,0,0,0,0,0,1,1,0,0,0,0,0,0,0,0,11299999,1570,3,7197.451592356688,Begumpet,3 BHK,1500-2500 sqft,Valid,Hyderabad,Not available in source data,7,35
11299999,1570,Begumpet,3,1,1,0,0,1,0,0,0,0,0,0,0,1,0,1,0,1,0,0,0,0,0,0,0,0,0,1,1,1,0,0,0,0,0,0,0,11299999,1570,3,7197.451592356688,Begumpet,3 BHK,1500-2500 sqft,Valid,Hyderabad,Not available in source data,8,35
10500000,1800,Gachibowli,3,1,0,1,1,1,0,0,0,0,0,0,0,0,0,1,1,1,0,0,0,0,0,0,0,0,0,1,0,0,0,0,0,1,0,1,0,10500000,1800,3,5833.333333333333,Gachibowli,3 BHK,1500-2500 sqft,Valid,Hyderabad,Not available in source data,9,35
10000000,1700,Gachibowli,3,1,0,1,1,1,0,0,0,0,0,0,0,0,0,1,1,1,0,0,0,0,0,1,0,0,0,1,1,0,1,0,0,1,1,1,1,10000000,1700,3,5882.35294117647,Gachibowli,3 BHK,1500-2500 sqft,Valid,Hyderabad,Not available in source data,14,35
11500000,1600,Narsingi,3,1,0,1,1,1,0,0,0,0,0,0,0,0,0,1,1,1,0,0,0,0,0,0,1,0,0,1,1,0,0,0,0,1,0,1,0,11500000,1600,3,7187.5,Narsingi,3 BHK,1500-2500 sqft,Valid,Hyderabad,Not available in source data,11,35
10000000,1655,Narsingi,3,1,0,1,1,1,0,0,0,0,0,0,0,0,0,1,1,1,0,0,0,0,0,0,0,0,0,1,1,0,0,0,1,1,1,1,0,10000000,1655,3,6042.296072507553,Narsingi,3 BHK,1500-2500 sqft,Valid,Hyderabad,Not available in source data,12,35
9800000,1800,Manikonda,3,1,0,1,1,1,0,0,0,0,0,0,0,0,0,1,1,1,0,0,0,0,1,0,1,0,0,1,1,0,1,0,0,1,1,1,1,9800000,1800,3,5444.444444444444,Manikonda,3 BHK,1500-2500 sqft,Valid,Hyderabad,Not available in source data,15,35
6500000,1300,Manikonda,2,1,0,1,1,1,0,0,0,0,0,0,0,0,0,1,1,1,0,0,0,0,0,0,1,0,0,1,1,0,1,0,0,0,1,1,1,6500000,1300,2,5000.0,Manikonda,2 BHK,1000-1500 sqft,Valid,Hyderabad,Not available in source data,13,35
4224000,1207,Kollur Road,2,0,0,0,0,0,0,0,0,0,0,0,0,0,0,0,0,0,0,0,0,0,0,0,0,0,0,0,0,0,0,0,0,0,0,0,0,4224000,1207,2,3499.585749792875,Kollur Road,2 BHK,1000-1500 sqft,Valid,Hyderabad,Not available in source data,0,35
35800000,3430,Hitech City,4,1,0,0,0,0,0,0,0,0,0,0,0,0,0,0,0,0,0,0,0,0,0,0,0,0,0,0,0,0,0,0,0,0,0,0,0,35800000,3430,4,10437.31778425656,Hitech City,4 BHK,2500+ sqft,Valid,Hyderabad,Not available in source data,0,35
19500000,2160,Gachibowli,3,1,0,0,0,0,0,0,0,0,0,0,0,0,0,0,0,0,0,0,0,0,0,0,0,0,0,0,0,0,0,0,0,0,0,0,0,19500000,2160,3,9027.777777777777,Gachibowli,3 BHK,1500-2500 sqft,Valid,Hyderabad,Not available in source data,0,35
36000000,3430,Hitech City,3,1,0,0,0,0,0,0,0,0,0,0,0,0,0,0,0,0,0,0,0,0,0,0,0,0,0,0,0,0,0,0,0,0,0,0,0,36000000,3430,3,10495.626822157434,Hitech City,3 BHK,2500+ sqft,Valid,Hyderabad,Not available in source data,0,35
27500000,2655,Madhapur,3,1,0,0,0,0,0,0,0,0,0,0,0,0,0,0,0,0,0,0,0,0,0,0,0,0,0,0,0,0,0,0,0,0,0,0,0,27500000,2655,3,10357.815442561205,Madhapur,3 BHK,2500+ sqft,Valid,Hyderabad,Not available in source data,0,35
4500000,861,Hyder Nagar,2,1,0,0,0,0,0,0,0,0,0,0,0,0,0,0,0,0,0,0,0,0,0,0,0,0,0,0,0,0,0,0,0,0,0,0,0,4500000,861,2,5226.480836236934,Hyder Nagar,2 BHK,500-1000 sqft,Valid,Hyderabad,Not available in source data,0,35
17300000,3152,Miyapur,4,0,0,1,1,1,1,1,0,0,0,0,0,1,0,1,1,0,1,0,0,0,0,0,0,0,1,1,0,1,0,0,0,0,0,0,0,17300000,3152,4,5488.578680203046,Miyapur,4 BHK,2500+ sqft,Valid,Hyderabad,Not available in source data,12,35
8525000,1550,JNTU,3,0,0,0,0,0,0,0,0,0,0,0,0,0,0,1,0,1,0,0,0,0,0,0,0,0,0,1,0,0,0,0,0,0,0,0,0,8525000,1550,3,5500.0,JNTU,3 BHK,1500-2500 sqft,Valid,Hyderabad,Not available in source data,3,35
5200000,1030,hyderabad,2,1,1,0,0,0,0,1,0,0,0,0,0,0,0,1,1,1,0,0,0,0,0,0,0,0,0,1,0,0,0,0,0,0,0,0,0,5200000,1030,2,5048.543689320389,hyderabad,2 BHK,1000-1500 sqft,Valid,Hyderabad,Not available in source data,6,35
17500000,3550,Shamshabad,3,1,1,0,0,0,0,1,0,0,0,0,0,0,0,1,1,1,0,0,0,0,0,0,0,0,0,1,0,0,0,0,0,0,0,0,0,17500000,3550,3,4929.577464788732,Shamshabad,3 BHK,2500+ sqft,Valid,Hyderabad,Not available in source data,6,35
18000000,2983,Srisailam Highway,4,1,1,0,0,0,0,1,0,0,0,0,0,0,0,1,1,1,0,0,0,0,0,0,0,0,0,1,0,0,0,0,0,0,0,0,0,18000000,2983,4,6034.193764666443,Srisailam Highway,4 BHK,2500+ sqft,Valid,Hyderabad,Not available in source data,6,35
19300000,2225,Kondapur,3,1,1,1,1,1,1,1,1,0,1,1,1,1,0,1,1,1,0,0,1,0,0,0,0,0,1,1,0,1,0,0,0,0,0,0,0,19300000,2225,3,8674.157303370786,Kondapur,3 BHK,1500-2500 sqft,Valid,Hyderabad,Not available in source data,18,35
35000000,4160,Shaikpet,4,1,1,1,1,1,1,1,1,0,1,0,0,1,0,1,1,1,1,0,0,0,0,1,1,0,1,1,0,1,0,0,0,0,0,1,0,35000000,4160,4,8413.461538461539,Shaikpet,4 BHK,2500+ sqft,Valid,Hyderabad,Not available in source data,19,35
12500000,1900,Domalguda,3,0,0,0,0,0,0,0,0,0,0,0,0,0,0,1,1,1,0,0,0,0,0,0,0,0,0,0,0,0,0,0,0,0,0,0,0,12500000,1900,3,6578.9473684210525,Domalguda,3 BHK,1500-2500 sqft,Valid,Hyderabad,Not available in source data,3,35
7200000,1105,Domalguda,2,0,0,0,0,0,0,0,0,0,0,0,0,0,0,1,1,1,0,0,0,0,0,0,0,0,0,0,0,0,0,0,0,0,0,0,0,7200000,1105,2,6515.837104072398,Domalguda,2 BHK,1000-1500 sqft,Valid,Hyderabad,Not available in source data,3,35
3900000,1150,Lingampalli,2,0,1,1,1,1,1,1,1,1,1,1,1,1,1,1,1,1,1,1,1,1,0,0,0,0,1,1,0,1,0,1,0,0,0,0,0,3900000,1150,2,3391.304347826087,Lingampalli,2 BHK,1000-1500 sqft,Valid,Hyderabad,Not available in source data,24,35
6500000,1625,Residential Flat Machavaram,3,1,1,0,0,0,1,0,1,0,0,1,1,0,1,1,0,0,0,0,0,1,0,0,0,0,1,1,0,1,0,0,0,0,0,0,0,6500000,1625,3,4000.0,Residential Flat Machavaram,3 BHK,1500-2500 sqft,Valid,Hyderabad,Not available in source data,11,35
46000000,4600,Film Nagar,4,1,0,0,0,0,0,1,0,0,0,0,0,0,0,1,1,1,0,0,0,0,0,0,0,0,0,1,0,1,0,0,0,0,0,0,0,46000000,4600,4,10000.0,Film Nagar,4 BHK,2500+ sqft,Valid,Hyderabad,Not available in source data,6,35
15000000,2120,Hitech City,3,1,1,1,1,0,1,1,0,1,0,0,1,1,1,1,1,1,0,0,0,1,0,0,0,0,0,1,0,1,0,0,0,0,0,0,0,15000000,2120,3,7075.471698113208,Hitech City,3 BHK,1500-2500 sqft,Valid,Hyderabad,Not available in source data,15,35
12000000,2103,Kondapur,3,1,0,1,1,1,1,1,0,1,0,0,1,1,1,1,1,1,1,0,1,1,0,1,1,0,1,1,0,1,0,0,0,0,0,1,0,12000000,2103,3,5706.134094151213,Kondapur,3 BHK,1500-2500 sqft,Valid,Hyderabad,Not available in source data,21,35
11000000,1760,Narsingi,3,1,1,1,1,1,1,1,1,0,0,0,0,1,0,1,1,1,0,0,0,0,0,0,0,0,0,1,0,1,0,0,0,0,0,0,0,11000000,1760,3,6250.0,Narsingi,3 BHK,1500-2500 sqft,Valid,Hyderabad,Not available in source data,13,35
3900000,1150,Allwyn Colony,2,0,1,1,1,1,1,1,1,1,1,1,1,1,1,1,1,1,1,1,1,1,0,0,0,0,1,1,0,1,0,1,0,0,0,0,0,3900000,1150,2,3391.304347826087,Allwyn Colony,2 BHK,1000-1500 sqft,Valid,Hyderabad,Not available in source data,24,35
3900000,1150,Lingampalli,2,0,1,1,1,1,1,1,1,0,1,1,0,1,0,1,1,1,1,1,1,0,0,0,0,0,1,1,0,1,0,1,0,0,0,0,0,3900000,1150,2,3391.304347826087,Lingampalli,2 BHK,1000-1500 sqft,Valid,Hyderabad,Not available in source data,20,35
11000000,1700,Jubilee Hills,3,0,1,1,1,1,1,1,1,1,0,1,1,0,1,1,1,1,0,0,1,1,0,0,0,0,1,1,0,1,0,0,0,0,0,1,0,11000000,1700,3,6470.588235294118,Jubilee Hills,3 BHK,1500-2500 sqft,Valid,Hyderabad,Not available in source data,20,35
16500000,2232,Kukatpally,3,1,1,1,1,1,1,1,1,0,0,0,0,1,0,1,1,1,0,0,1,0,0,1,0,0,1,1,0,1,0,0,0,0,0,0,0,16500000,2232,3,7392.4731182795695,Kukatpally,3 BHK,1500-2500 sqft,Valid,Hyderabad,Not available in source data,16,35
11500000,1592,Kukatpally,3,0,0,1,1,1,1,1,1,0,0,1,1,1,0,1,1,1,0,1,1,0,0,0,0,0,1,1,0,0,0,0,0,0,0,0,0,11500000,1592,3,7223.618090452262,Kukatpally,3 BHK,1500-2500 sqft,Valid,Hyderabad,Not available in source data,16,35
8400000,1208,Kukatpally,2,0,0,1,1,1,1,1,1,0,0,1,1,1,0,1,1,1,0,1,1,0,0,0,0,0,1,1,0,0,0,0,0,0,0,0,0,8400000,1208,2,6953.64238410596,Kukatpally,2 BHK,1000-1500 sqft,Valid,Hyderabad,Not available in source data,16,35
3500000,1200,Bandlaguda Jagir,2,1,0,1,1,0,1,1,1,0,1,0,0,1,0,1,1,1,0,0,0,0,0,0,0,0,1,1,0,1,0,0,0,0,0,0,0,3500000,1200,2,2916.6666666666665,Bandlaguda Jagir,2 BHK,1000-1500 sqft,Valid,Hyderabad,Not available in source data,13,35
15200000,2160,Hitech City,3,1,0,1,1,1,1,1,1,0,1,1,1,1,0,1,1,1,0,1,1,0,0,0,0,0,1,1,0,1,0,0,0,0,0,0,0,15200000,2160,3,7037.037037037037,Hitech City,3 BHK,1500-2500 sqft,Valid,Hyderabad,Not available in source data,18,35
14800000,1834,Manikonda,3,1,0,1,1,1,1,0,1,0,1,1,1,1,0,1,1,1,0,0,1,1,0,0,0,0,1,1,0,0,0,0,0,0,0,0,0,14800000,1834,3,8069.79280261723,Manikonda,3 BHK,1500-2500 sqft,Valid,Hyderabad,Not available in source data,16,35
7500000,1650,Boduppal,3,0,0,0,0,0,0,0,0,0,1,0,0,0,0,0,1,0,0,0,0,0,0,0,0,0,1,1,0,0,0,0,0,0,0,0,0,7500000,1650,3,4545.454545454545,Boduppal,3 BHK,1500-2500 sqft,Valid,Hyderabad,Not available in source data,4,35
4567000,1180,Whisper Valley,2,1,0,0,0,0,0,0,0,0,0,0,0,0,0,0,0,0,0,0,0,0,0,0,0,0,0,1,0,1,0,0,0,0,0,0,0,4567000,1180,2,3870.3389830508477,Whisper Valley,2 BHK,1000-1500 sqft,Valid,Hyderabad,Not available in source data,2,35
4650000,1200,Whisper Valley,2,1,0,0,0,0,0,0,0,0,0,0,0,0,0,0,0,0,0,0,0,0,0,0,0,0,0,1,0,1,0,0,0,0,0,0,0,4650000,1200,2,3875.0,Whisper Valley,2 BHK,1000-1500 sqft,Valid,Hyderabad,Not available in source data,2,35
4700000,1220,Whisper Valley,2,1,0,0,0,0,0,0,0,0,0,0,0,0,0,0,0,0,0,0,0,0,0,0,0,0,0,1,0,1,0,0,0,0,0,0,0,4700000,1220,2,3852.4590163934427,Whisper Valley,2 BHK,1000-1500 sqft,Valid,Hyderabad,Not available in source data,2,35
2848000,1140,Tukkuguda Airport View Point Road,2,1,0,0,0,0,0,0,0,0,0,0,0,0,0,0,0,0,0,0,0,0,0,0,0,0,0,0,0,0,0,0,0,0,0,0,0,2848000,1140,2,2498.245614035088,Tukkuguda Airport View Point Road,2 BHK,1000-1500 sqft,Valid,Hyderabad,Not available in source data,0,35
2850000,1140,Tukkuguda Airport View Point Road,2,0,0,0,0,0,0,0,0,0,0,0,0,0,0,0,0,0,0,0,0,0,0,0,0,0,0,0,0,0,0,0,0,0,0,0,0,2850000,1140,2,2500.0,Tukkuguda Airport View Point Road,2 BHK,1000-1500 sqft,Valid,Hyderabad,Not available in source data,0,35
39800000,3975,Madhapur,5,0,1,1,1,1,1,1,1,1,0,0,0,1,0,1,1,1,1,1,1,0,0,1,0,0,1,1,0,1,0,0,0,0,0,0,0,39800000,3975,5,10012.5786163522,Madhapur,5+ BHK,2500+ sqft,Valid,Hyderabad,Not available in source data,19,35
27000000,2655,Madhapur,3,0,1,1,1,1,1,1,1,1,0,1,0,1,0,1,1,1,0,1,1,0,0,1,0,0,1,1,0,1,0,0,0,0,0,0,0,27000000,2655,3,10169.49152542373,Madhapur,3 BHK,2500+ sqft,Valid,Hyderabad,Not available in source data,19,35
4700000,1160,Santoshnagar,3,1,0,0,0,0,0,0,0,0,0,0,0,0,0,0,0,0,0,0,0,0,0,0,0,0,0,0,0,0,0,0,0,0,0,0,0,4700000,1160,3,4051.7241379310344,Santoshnagar,3 BHK,1000-1500 sqft,Valid,Hyderabad,Not available in source data,0,35
7065000,1570,Tolichowki,2,1,0,0,0,0,0,0,0,0,0,0,0,0,0,0,0,0,0,0,0,0,0,0,0,0,0,0,0,0,0,0,0,0,0,0,0,7065000,1570,2,4500.0,Tolichowki,2 BHK,1500-2500 sqft,Valid,Hyderabad,Not available in source data,0,35
12400000,1725,Begumpet,3,0,0,0,0,1,0,0,0,0,0,0,0,0,0,1,1,1,0,0,0,0,0,0,0,0,0,1,1,0,0,0,0,0,0,0,0,12400000,1725,3,7188.405797101449,Begumpet,3 BHK,1500-2500 sqft,Valid,Hyderabad,Not available in source data,6,35
12400000,1725,Begumpet,3,1,1,0,0,0,0,0,0,0,0,0,0,0,0,1,1,1,0,0,0,0,0,0,0,0,0,1,1,0,0,0,0,0,0,0,0,12400000,1725,3,7188.405797101449,Begumpet,3 BHK,1500-2500 sqft,Valid,Hyderabad,Not available in source data,6,35
12400000,1725,Begumpet,3,0,1,0,0,1,0,0,0,0,0,0,0,0,0,1,1,1,0,0,0,0,0,0,0,0,0,0,1,0,0,0,0,0,0,0,0,12400000,1725,3,7188.405797101449,Begumpet,3 BHK,1500-2500 sqft,Valid,Hyderabad,Not available in source data,6,35
12400000,1725,Begumpet,3,1,1,0,0,0,0,0,0,0,0,0,0,1,0,1,1,1,0,0,0,0,0,0,0,0,0,0,1,0,0,0,0,0,0,0,0,12400000,1725,3,7188.405797101449,Begumpet,3 BHK,1500-2500 sqft,Valid,Hyderabad,Not available in source data,6,35
11299999,1570,Begumpet,3,0,1,0,0,0,0,0,0,0,0,0,0,1,0,1,1,1,0,0,0,0,0,0,0,0,0,0,1,0,0,0,0,0,0,0,0,11299999,1570,3,7197.451592356688,Begumpet,3 BHK,1500-2500 sqft,Valid,Hyderabad,Not available in source data,6,35
9782000,2644,Gachibowli,3,0,0,0,0,0,0,0,0,0,0,0,0,0,0,0,0,0,0,0,0,0,0,0,0,0,0,0,0,0,0,0,0,0,0,0,0,9782000,2644,3,3699.697428139183,Gachibowli,3 BHK,2500+ sqft,Valid,Hyderabad,Not available in source data,0,35
4400000,965,Uppal Kalan,2,0,0,0,0,0,0,0,0,0,0,0,0,0,0,0,0,0,0,0,0,0,0,0,0,0,0,0,0,0,0,0,0,0,0,0,0,4400000,965,2,4559.58549222798,Uppal Kalan,2 BHK,500-1000 sqft,Valid,Hyderabad,Not available in source data,0,35
8510000,1850,Manikonda,4,0,0,0,0,0,0,0,0,0,0,0,0,0,0,0,0,1,0,0,0,0,0,0,0,0,0,1,0,0,0,0,0,0,0,0,0,8510000,1850,4,4600.0,Manikonda,4 BHK,1500-2500 sqft,Valid,Hyderabad,Not available in source data,2,35
5500000,1000,Kokapet,2,0,0,0,0,0,0,0,0,0,0,0,0,0,0,0,0,0,0,0,0,0,0,0,0,0,0,0,0,0,0,0,0,0,0,0,0,5500000,1000,2,5500.0,Kokapet,2 BHK,1000-1500 sqft,Valid,Hyderabad,Not available in source data,0,35
5700000,1310,LB Nagar,3,0,0,0,0,0,0,0,0,0,0,0,0,0,0,0,0,0,0,0,0,0,0,0,0,0,0,0,0,0,0,0,0,0,0,0,0,5700000,1310,3,4351.145038167939,LB Nagar,3 BHK,1000-1500 sqft,Valid,Hyderabad,Not available in source data,0,35
15000000,2150,Domalguda Road,3,0,0,0,0,0,0,0,0,0,0,0,0,0,0,0,0,0,0,0,0,0,0,0,0,0,0,0,0,0,0,0,0,0,0,0,0,15000000,2150,3,6976.7441860465115,Domalguda Road,3 BHK,1500-2500 sqft,Valid,Hyderabad,Not available in source data,0,35
3900000,1150,Balanagar,2,0,1,1,1,1,1,1,1,0,1,1,0,1,0,1,1,1,1,1,1,1,0,0,0,0,1,1,0,1,0,1,0,0,0,0,0,3900000,1150,2,3391.304347826087,Balanagar,2 BHK,1000-1500 sqft,Valid,Hyderabad,Not available in source data,21,35
3900000,1150,Gachibowli,2,0,1,1,1,1,1,1,1,1,1,1,1,1,1,1,1,1,1,1,1,1,0,0,0,0,1,1,0,1,0,1,0,0,0,0,0,3900000,1150,2,3391.304347826087,Gachibowli,2 BHK,1000-1500 sqft,Valid,Hyderabad,Not available in source data,24,35
3900000,1150,Kondapur,2,0,1,1,1,1,1,1,1,1,1,1,1,1,1,1,1,1,1,1,1,1,0,0,0,0,1,1,0,1,0,1,0,0,0,0,0,3900000,1150,2,3391.304347826087,Kondapur,2 BHK,1000-1500 sqft,Valid,Hyderabad,Not available in source data,24,35
3900000,1150,Kukatpally,2,0,1,1,1,1,1,1,1,1,1,1,1,1,1,1,1,1,1,1,1,1,0,0,0,0,1,1,0,1,0,1,0,0,0,0,0,3900000,1150,2,3391.304347826087,Kukatpally,2 BHK,1000-1500 sqft,Valid,Hyderabad,Not available in source data,24,35
3900000,1150,KPHB,2,0,1,1,1,1,1,1,1,1,1,1,1,1,1,1,1,1,1,1,1,1,0,0,0,0,1,1,0,1,0,1,0,0,0,0,0,3900000,1150,2,3391.304347826087,KPHB,2 BHK,1000-1500 sqft,Valid,Hyderabad,Not available in source data,24,35
12500000,1945,Narsingi,3,1,1,1,1,1,1,1,0,0,1,0,0,1,0,1,1,0,0,0,0,0,0,1,0,0,1,0,0,0,0,0,0,0,0,0,0,12500000,1945,3,6426.735218508998,Narsingi,3 BHK,1500-2500 sqft,Valid,Hyderabad,Not available in source data,12,35
10500000,1360,Kukatpally,2,1,0,1,1,1,1,1,1,0,0,1,1,1,0,1,1,1,0,1,1,0,0,0,0,0,1,1,0,0,0,0,0,0,0,0,0,10500000,1360,2,7720.588235294118,Kukatpally,2 BHK,1000-1500 sqft,Valid,Hyderabad,Not available in source data,16,35
3900000,1150,Nizampet,2,0,1,1,1,1,1,1,1,1,1,1,1,1,1,1,1,1,1,1,1,1,0,0,0,0,1,0,0,0,0,1,0,0,0,0,0,3900000,1150,2,3391.304347826087,Nizampet,2 BHK,1000-1500 sqft,Valid,Hyderabad,Not available in source data,22,35
3900000,1150,Allwyn Colony,2,0,1,1,1,1,1,1,1,0,1,1,0,1,0,1,1,1,1,1,1,0,1,1,0,1,1,1,0,1,1,1,0,1,1,0,1,3900000,1150,2,3391.304347826087,Allwyn Colony,2 BHK,1000-1500 sqft,Valid,Hyderabad,Not available in source data,27,35
3900000,1150,Aminpur,2,0,1,1,1,1,1,1,1,1,1,1,1,1,1,1,1,1,1,1,1,1,0,0,0,0,1,1,0,1,0,1,0,0,0,0,0,3900000,1150,2,3391.304347826087,Aminpur,2 BHK,1000-1500 sqft,Valid,Hyderabad,Not available in source data,24,35
3900000,1150,Bachupally,2,0,1,1,1,1,1,1,1,0,1,1,0,1,0,1,1,1,0,1,1,0,0,0,0,0,1,1,0,0,0,1,0,0,0,0,0,3900000,1150,2,3391.304347826087,Bachupally,2 BHK,1000-1500 sqft,Valid,Hyderabad,Not available in source data,18,35
3900000,1150,Miyapur,2,0,0,1,1,1,1,1,0,0,1,1,0,1,0,1,1,1,0,1,1,0,0,0,0,0,1,1,0,0,0,1,0,0,0,0,0,3900000,1150,2,3391.304347826087,Miyapur,2 BHK,1000-1500 sqft,Valid,Hyderabad,Not available in source data,16,35
3900000,1150,Chandanagar,2,0,0,1,1,1,1,1,1,1,1,1,1,1,1,1,1,1,1,1,1,1,1,1,0,1,1,1,0,1,1,1,0,1,1,0,1,3900000,1150,2,3391.304347826087,Chandanagar,2 BHK,1000-1500 sqft,Valid,Hyderabad,Not available in source data,30,35
3900000,1150,Patancheru,2,0,1,1,1,1,1,1,1,1,1,1,1,1,1,1,1,1,0,1,1,1,1,1,0,1,1,1,0,1,1,1,0,1,1,0,1,3900000,1150,2,3391.304347826087,Patancheru,2 BHK,1000-1500 sqft,Valid,Hyderabad,Not available in source data,30,35
3900000,1150,Shankarpalli,2,0,1,1,1,1,1,1,1,1,1,1,1,1,1,1,1,1,1,1,1,1,0,0,0,0,1,1,0,1,0,1,0,0,0,0,0,3900000,1150,2,3391.304347826087,Shankarpalli,2 BHK,1000-1500 sqft,Valid,Hyderabad,Not available in source data,24,35
3900000,1150,Mallampet,2,0,1,1,1,1,1,1,1,1,1,1,1,1,1,1,1,1,1,1,1,1,0,0,0,0,1,1,0,1,0,1,0,0,0,0,0,3900000,1150,2,3391.304347826087,Mallampet,2 BHK,1000-1500 sqft,Valid,Hyderabad,Not available in source data,24,35
6000000,1269,Old Bowenpally,2,1,0,0,0,0,0,0,0,0,0,0,0,0,0,1,1,1,0,0,0,0,0,0,0,0,0,1,1,0,0,0,0,0,0,0,0,6000000,1269,2,4728.132387706856,Old Bowenpally,2 BHK,1000-1500 sqft,Valid,Hyderabad,Not available in source data,5,35
4876000,1200,Narsingi,2,0,0,0,1,1,0,1,0,0,0,0,0,0,0,1,1,1,0,0,0,0,0,0,0,1,1,1,0,0,0,0,0,0,0,0,0,4876000,1200,2,4063.3333333333335,Narsingi,2 BHK,1000-1500 sqft,Valid,Hyderabad,Not available in source data,9,35
4367000,1100,Narsingi,2,0,0,0,1,1,0,1,0,0,0,0,0,0,0,1,1,1,0,0,0,0,0,0,0,1,1,1,0,0,0,0,0,0,0,0,0,4367000,1100,2,3970.0,Narsingi,2 BHK,1000-1500 sqft,Valid,Hyderabad,Not available in source data,9,35
3900000,1150,Chandanagar,2,0,1,1,1,1,1,0,1,0,1,1,0,1,0,1,1,1,0,1,1,0,0,0,0,0,1,1,0,0,0,1,0,0,0,0,0,3900000,1150,2,3391.304347826087,Chandanagar,2 BHK,1000-1500 sqft,Valid,Hyderabad,Not available in source data,17,35
3900000,1150,Miyapur,2,0,0,1,1,1,0,0,0,0,0,0,0,1,0,1,1,1,0,0,0,0,1,1,0,1,1,1,0,0,1,0,0,1,1,0,1,3900000,1150,2,3391.304347826087,Miyapur,2 BHK,1000-1500 sqft,Valid,Hyderabad,Not available in source data,16,35
3900000,1150,Balanagar,2,0,1,1,1,1,1,1,1,1,1,1,1,1,1,1,1,1,1,1,1,1,0,0,0,0,1,1,0,1,0,1,0,0,0,0,0,3900000,1150,2,3391.304347826087,Balanagar,2 BHK,1000-1500 sqft,Valid,Hyderabad,Not available in source data,24,35
3900000,1150,Hitech City,2,0,1,1,1,1,1,1,1,1,1,1,1,1,1,1,1,1,1,1,1,1,0,0,0,0,1,1,0,1,0,1,0,0,0,0,0,3900000,1150,2,3391.304347826087,Hitech City,2 BHK,1000-1500 sqft,Valid,Hyderabad,Not available in source data,24,35
3900000,1150,Kondapur,2,0,0,0,1,1,0,0,0,0,0,0,0,0,0,1,1,1,0,0,0,0,0,0,0,0,0,1,0,0,0,0,0,0,0,0,0,3900000,1150,2,3391.304347826087,Kondapur,2 BHK,1000-1500 sqft,Valid,Hyderabad,Not available in source data,6,35
7600000,1600,Gopanpally,3,1,0,1,1,1,0,0,0,0,0,0,0,0,0,1,1,1,0,0,0,0,0,0,0,0,0,1,0,0,0,0,0,1,1,1,0,7600000,1600,3,4750.0,Gopanpally,3 BHK,1500-2500 sqft,Valid,Hyderabad,Not available in source data,10,35
5587000,1510,Bolarum,3,0,0,1,1,1,1,1,1,1,0,0,1,1,1,1,1,1,1,1,0,1,0,0,0,0,1,1,0,1,0,0,0,0,0,0,0,5587000,1510,3,3700.0,Bolarum,3 BHK,1500-2500 sqft,Valid,Hyderabad,Not available in source data,19,35
5050000,1365,Bolarum,3,0,0,1,1,1,1,1,1,1,0,0,1,1,1,1,1,1,1,1,0,1,0,0,0,0,1,1,0,1,0,0,0,0,0,0,0,5050000,1365,3,3699.6336996336995,Bolarum,3 BHK,1000-1500 sqft,Valid,Hyderabad,Not available in source data,19,35
9300000,1691,Chaitanyapuri,3,0,0,0,0,0,0,0,0,0,0,0,0,0,0,1,1,1,0,0,0,0,0,0,0,0,0,1,1,0,0,0,0,0,0,0,0,9300000,1691,3,5499.704316972206,Chaitanyapuri,3 BHK,1500-2500 sqft,Valid,Hyderabad,Not available in source data,5,35
12400000,1725,Begumpet,3,0,0,0,0,1,0,0,0,0,0,0,0,0,0,1,0,1,0,0,0,0,0,0,0,0,0,1,1,0,0,0,0,0,0,0,0,12400000,1725,3,7188.405797101449,Begumpet,3 BHK,1500-2500 sqft,Valid,Hyderabad,Not available in source data,5,35
43500000,4070,Madhapur,4,1,0,1,1,1,1,1,1,0,1,0,0,1,0,1,1,1,0,0,0,0,0,0,0,0,1,1,0,0,0,0,0,0,0,0,0,43500000,4070,4,10687.960687960687,Madhapur,4 BHK,2500+ sqft,Valid,Hyderabad,Not available in source data,13,35
35000000,3430,Madhapur,3,1,0,1,1,1,1,1,1,0,1,0,0,1,0,1,1,1,0,0,0,0,0,0,0,0,1,1,0,0,0,0,0,0,0,0,0,35000000,3430,3,10204.081632653062,Madhapur,3 BHK,2500+ sqft,Valid,Hyderabad,Not available in source data,13,35
6300000,1100,Manikonda,2,0,0,0,0,0,0,0,0,0,0,0,0,0,0,1,1,1,0,0,0,0,0,0,0,0,0,0,0,0,0,0,0,0,0,0,0,6300000,1100,2,5727.272727272727,Manikonda,2 BHK,1000-1500 sqft,Valid,Hyderabad,Not available in source data,3,35
7000000,1450,Tarnaka,3,1,0,0,0,0,0,0,0,0,0,0,0,0,0,1,1,1,0,0,0,0,0,0,0,0,0,1,1,0,0,0,0,0,0,0,0,7000000,1450,3,4827.586206896552,Tarnaka,3 BHK,1000-1500 sqft,Valid,Hyderabad,Not available in source data,5,35
26500000,3434,Gachibowli,4,1,0,1,1,1,1,1,0,0,1,1,0,1,0,1,1,1,0,0,1,0,1,1,1,1,1,1,1,1,1,1,1,1,1,1,1,26500000,3434,4,7716.948165404776,Gachibowli,4 BHK,2500+ sqft,Valid,Hyderabad,Not available in source data,27,35
9900000,1314,Manikonda,2,1,0,1,1,1,1,0,1,0,1,1,1,1,0,1,1,1,0,0,1,1,0,0,0,0,1,1,0,0,0,0,0,0,0,0,0,9900000,1314,2,7534.246575342466,Manikonda,2 BHK,1000-1500 sqft,Valid,Hyderabad,Not available in source data,16,35
24000000,3474,Banjara Hills,4,0,0,0,0,0,0,0,0,0,0,0,0,0,0,1,1,1,0,0,0,0,0,0,0,0,0,1,0,0,0,0,0,0,0,0,0,24000000,3474,4,6908.46286701209,Banjara Hills,4 BHK,2500+ sqft,Valid,Hyderabad,Not available in source data,4,35
31000000,4600,Jubilee Hills,4,1,0,0,0,0,0,0,0,0,0,0,0,0,0,1,0,1,0,0,0,0,0,0,0,0,0,1,0,0,0,0,0,0,0,0,0,31000000,4600,4,6739.130434782609,Jubilee Hills,4 BHK,2500+ sqft,Valid,Hyderabad,Not available in source data,3,35
6000000,1250,Kothapet,2,1,0,1,1,0,0,0,0,0,0,0,0,0,0,0,1,0,0,0,0,0,0,0,0,0,1,1,0,0,0,0,0,0,0,0,0,6000000,1250,2,4800.0,Kothapet,2 BHK,1000-1500 sqft,Valid,Hyderabad,Not available in source data,5,35
12500000,2100,Himayat Nagar,3,1,0,0,0,0,0,0,0,0,0,0,0,0,0,0,0,0,0,0,0,0,0,0,0,0,0,1,0,0,0,0,0,0,0,1,0,12500000,2100,3,5952.380952380952,Himayat Nagar,3 BHK,1500-2500 sqft,Valid,Hyderabad,Not available in source data,2,35
5500000,1150,Baghlingampally,2,1,0,0,0,0,0,0,0,0,0,0,0,0,0,0,0,1,0,0,0,0,0,0,0,0,0,0,0,0,0,0,0,0,0,1,0,5500000,1150,2,4782.608695652174,Baghlingampally,2 BHK,1000-1500 sqft,Valid,Hyderabad,Not available in source data,2,35
42000000,4070,Madhapur,4,1,0,1,1,1,1,1,1,0,1,0,0,1,0,1,1,1,0,0,0,0,0,0,0,0,1,1,0,0,0,0,0,0,0,0,0,42000000,4070,4,10319.410319410319,Madhapur,4 BHK,2500+ sqft,Valid,Hyderabad,Not available in source data,13,35
9000000,1695,Kukatpally,3,1,0,1,1,1,1,1,0,1,1,0,1,1,1,1,1,1,1,0,1,1,0,0,0,0,1,1,0,1,0,0,0,0,0,0,0,9000000,1695,3,5309.734513274337,Kukatpally,3 BHK,1500-2500 sqft,Valid,Hyderabad,Not available in source data,19,35
15500000,2460,Nanakramguda,3,1,1,1,1,1,1,1,1,1,1,1,1,1,0,1,1,1,0,0,1,0,0,0,0,0,1,1,0,1,0,0,0,0,0,0,0,15500000,2460,3,6300.8130081300815,Nanakramguda,3 BHK,1500-2500 sqft,Valid,Hyderabad,Not available in source data,19,35
11000000,2000,Kondapur,3,1,1,1,1,1,1,1,1,0,1,1,0,1,0,1,1,1,1,0,1,0,0,0,0,0,1,1,0,1,0,0,0,0,0,0,0,11000000,2000,3,5500.0,Kondapur,3 BHK,1500-2500 sqft,Valid,Hyderabad,Not available in source data,18,35
50000000,3695,Banjara Hills,4,1,0,1,1,1,1,0,1,0,1,0,0,1,0,1,1,1,0,0,1,0,0,0,0,0,1,1,0,0,0,0,0,0,0,0,0,50000000,3695,4,13531.799729364006,Banjara Hills,4 BHK,2500+ sqft,Valid,Hyderabad,Not available in source data,13,35
8500000,1822,Picket,3,1,0,0,0,0,0,0,0,0,0,0,0,0,0,1,1,1,0,0,0,0,0,0,0,0,0,1,1,0,0,0,0,0,0,0,0,8500000,1822,3,4665.203073545555,Picket,3 BHK,1500-2500 sqft,Valid,Hyderabad,Not available in source data,5,35
5000000,1595,Sainikpuri,3,1,0,0,0,0,0,0,0,0,0,0,0,0,0,1,1,1,0,0,0,0,0,0,0,0,0,1,1,0,0,0,0,0,0,0,0,5000000,1595,3,3134.796238244514,Sainikpuri,3 BHK,1500-2500 sqft,Valid,Hyderabad,Not available in source data,5,35
12600000,1535,East Marredpally,3,0,0,0,0,0,0,0,0,0,0,0,0,0,0,1,1,1,0,0,0,0,0,0,0,0,0,1,1,0,0,0,0,0,0,0,0,12600000,1535,3,8208.469055374593,East Marredpally,3 BHK,1500-2500 sqft,Valid,Hyderabad,Not available in source data,5,35
5000000,1665,Kollur,3,0,1,1,1,1,1,1,1,1,1,1,1,1,1,1,1,1,1,1,1,1,0,1,0,0,1,1,0,1,0,1,0,0,0,0,0,5000000,1665,3,3003.003003003003,Kollur,3 BHK,1500-2500 sqft,Valid,Hyderabad,Not available in source data,25,35
11000000,1278,Kukatpally,2,1,1,1,1,1,1,1,1,0,1,1,0,1,0,1,1,1,0,0,1,0,0,1,1,0,1,1,1,1,0,0,0,0,1,1,1,11000000,1278,2,8607.198748043818,Kukatpally,2 BHK,1000-1500 sqft,Valid,Hyderabad,Not available in source data,23,35
18500000,2600,Kukatpally,4,1,1,1,1,1,0,1,0,1,1,1,0,1,0,1,1,1,0,1,0,0,0,0,1,0,1,1,0,0,0,0,0,0,0,1,0,18500000,2600,4,7115.384615384615,Kukatpally,4 BHK,2500+ sqft,Valid,Hyderabad,Not available in source data,17,35
20000000,2500,Hitech City,3,0,0,1,1,1,1,1,1,0,1,0,0,1,0,1,1,1,0,0,0,0,0,0,0,0,1,1,0,1,0,0,0,0,0,0,0,20000000,2500,3,8000.0,Hitech City,3 BHK,2500+ sqft,Valid,Hyderabad,Not available in source data,14,35
18000000,2270,Nanakramguda,3,0,0,1,1,1,1,0,0,1,1,0,0,1,1,1,1,1,0,0,1,1,0,0,0,0,1,1,0,1,0,0,0,0,0,0,0,18000000,2270,3,7929.515418502203,Nanakramguda,3 BHK,1500-2500 sqft,Valid,Hyderabad,Not available in source data,16,35
12000000,1600,Nanakramguda,3,0,0,1,1,1,1,0,0,1,1,0,0,1,1,1,1,1,0,0,1,1,0,0,0,0,1,1,0,1,0,0,0,0,0,0,0,12000000,1600,3,7500.0,Nanakramguda,3 BHK,1500-2500 sqft,Valid,Hyderabad,Not available in source data,16,35
4000000,1000,Safilguda,2,1,0,0,0,0,0,0,0,0,0,0,0,0,0,0,1,1,0,0,0,0,0,0,0,0,0,1,1,0,0,0,0,0,0,0,0,4000000,1000,2,4000.0,Safilguda,2 BHK,1000-1500 sqft,Valid,Hyderabad,Not available in source data,4,35
4566000,1180,Nizampet,2,0,0,0,0,0,0,0,0,0,0,0,0,0,0,0,1,0,0,0,0,0,0,0,0,0,0,1,0,0,0,0,0,0,0,0,0,4566000,1180,2,3869.491525423729,Nizampet,2 BHK,1000-1500 sqft,Valid,Hyderabad,Not available in source data,2,35
3829999,1100,Bachupally,2,1,0,0,0,0,0,0,0,0,0,0,0,0,0,0,0,0,0,0,0,0,0,0,0,0,0,1,0,0,0,0,0,0,0,0,0,3829999,1100,2,3481.8172727272727,Bachupally,2 BHK,1000-1500 sqft,Valid,Hyderabad,Not available in source data,1,35
32000000,3180,Gachibowli,3,1,0,1,1,1,1,1,1,0,1,0,0,1,0,1,1,1,1,0,1,0,1,1,1,1,1,1,1,1,1,0,1,1,1,1,1,32000000,3180,3,10062.893081761007,Gachibowli,3 BHK,2500+ sqft,Valid,Hyderabad,Not available in source data,27,35
9300000,1691,Chaitanyapuri,3,0,0,0,0,0,0,0,0,0,0,0,0,0,0,1,0,1,0,0,0,0,0,0,0,0,0,1,1,0,0,0,0,0,0,0,0,9300000,1691,3,5499.704316972206,Chaitanyapuri,3 BHK,1500-2500 sqft,Valid,Hyderabad,Not available in source data,4,35
9300000,1691,Chaitanyapuri,3,1,0,0,0,0,0,0,0,0,0,0,0,0,0,1,0,1,0,0,0,0,0,0,0,0,0,1,1,0,0,0,0,0,0,0,0,9300000,1691,3,5499.704316972206,Chaitanyapuri,3 BHK,1500-2500 sqft,Valid,Hyderabad,Not available in source data,4,35
60000000,5440,Nanakramguda,4,1,1,1,1,1,1,1,1,0,1,0,0,1,0,1,1,1,1,1,1,0,0,0,0,0,1,1,0,1,0,0,0,0,0,0,0,60000000,5440,4,11029.411764705883,Nanakramguda,4 BHK,2500+ sqft,Valid,Hyderabad,Not available in source data,18,35
19800000,2850,Jubilee Hills,3,0,0,0,0,0,0,0,0,0,0,0,0,0,0,1,0,1,0,0,0,0,0,0,1,0,0,1,0,0,0,0,0,0,0,1,0,19800000,2850,3,6947.368421052632,Jubilee Hills,3 BHK,2500+ sqft,Valid,Hyderabad,Not available in source data,5,35
27500000,3556,Banjara Hills,4,1,0,0,0,0,0,0,0,0,0,0,0,0,0,0,0,1,0,0,0,0,0,0,0,0,0,1,0,0,0,0,0,0,0,0,0,27500000,3556,4,7733.408323959505,Banjara Hills,4 BHK,2500+ sqft,Valid,Hyderabad,Not available in source data,2,35
5500000,1300,Ashok Nagar,3,1,0,0,0,0,0,0,0,0,0,0,0,0,0,0,0,1,0,0,0,0,0,0,0,0,0,1,0,0,0,0,0,0,0,1,0,5500000,1300,3,4230.7692307692305,Ashok Nagar,3 BHK,1000-1500 sqft,Valid,Hyderabad,Not available in source data,3,35
4500000,1050,Trimalgherry,2,1,0,0,0,0,0,0,0,0,0,0,0,0,0,0,1,1,0,0,0,0,0,0,0,0,0,1,0,0,0,0,0,0,0,0,0,4500000,1050,2,4285.714285714285,Trimalgherry,2 BHK,1000-1500 sqft,Valid,Hyderabad,Not available in source data,3,35
15000000,2566,Manikonda,4,1,1,1,1,1,1,1,1,0,0,1,0,1,0,1,1,1,0,0,1,0,0,0,0,0,1,1,0,1,0,0,0,0,0,0,0,15000000,2566,4,5845.674201091192,Manikonda,4 BHK,2500+ sqft,Valid,Hyderabad,Not available in source data,16,35
4000000,1100,Trimalgherry,2,1,0,0,0,0,0,0,0,0,0,0,0,0,0,0,1,1,0,0,0,0,0,0,0,0,0,1,1,0,0,0,0,0,0,0,0,4000000,1100,2,3636.3636363636365,Trimalgherry,2 BHK,1000-1500 sqft,Valid,Hyderabad,Not available in source data,4,35
9000000,1980,Sikh Village,3,1,0,0,0,0,0,0,0,0,0,0,0,0,0,0,1,1,0,0,0,0,0,0,0,0,0,1,1,0,0,0,0,0,0,0,0,9000000,1980,3,4545.454545454545,Sikh Village,3 BHK,1500-2500 sqft,Valid,Hyderabad,Not available in source data,4,35
3500000,1436,Old Bowenpally,3,1,0,0,0,0,0,0,0,0,0,0,0,0,0,0,1,1,0,0,0,0,0,0,0,0,0,1,1,0,0,0,0,0,0,0,0,3500000,1436,3,2437.325905292479,Old Bowenpally,3 BHK,1000-1500 sqft,Valid,Hyderabad,Not available in source data,4,35
22000000,4000,West Marredpally,4,1,0,0,0,0,0,0,0,0,0,0,0,0,0,1,1,1,0,0,0,0,0,0,0,0,0,1,1,0,0,0,0,0,0,0,0,22000000,4000,4,5500.0,West Marredpally,4 BHK,2500+ sqft,Valid,Hyderabad,Not available in source data,5,35
3500000,1000,Neredmet,2,1,0,0,0,0,0,0,0,0,0,0,0,0,0,0,1,1,0,0,0,0,0,0,0,0,0,1,1,0,0,0,0,0,0,0,0,3500000,1000,2,3500.0,Neredmet,2 BHK,1000-1500 sqft,Valid,Hyderabad,Not available in source data,4,35
9782000,2644,Gachibowli,3,0,1,1,1,1,1,0,1,0,1,0,0,0,0,1,1,1,0,0,0,0,0,0,0,0,1,1,0,0,0,0,0,0,0,0,0,9782000,2644,3,3699.697428139183,Gachibowli,3 BHK,2500+ sqft,Valid,Hyderabad,Not available in source data,12,35
13500000,2813,Kothaguda,3,0,1,1,0,1,0,0,0,0,1,0,0,1,0,0,0,0,0,0,0,0,0,0,0,0,0,0,0,0,0,0,0,0,0,0,0,13500000,2813,3,4799.146818343405,Kothaguda,3 BHK,2500+ sqft,Valid,Hyderabad,Not available in source data,5,35
13500000,2815,Kothaguda,3,0,1,1,0,1,0,0,0,0,1,1,0,1,0,0,0,0,0,0,0,0,0,0,0,0,0,0,0,0,0,0,0,0,0,0,0,13500000,2815,3,4795.737122557726,Kothaguda,3 BHK,2500+ sqft,Valid,Hyderabad,Not available in source data,6,35
4800000,1300,Macha Bolarum,2,1,0,0,0,0,0,0,0,0,0,0,0,0,0,0,1,1,0,0,0,0,0,0,0,0,0,1,1,0,0,0,0,0,0,0,0,4800000,1300,2,3692.3076923076924,Macha Bolarum,2 BHK,1000-1500 sqft,Valid,Hyderabad,Not available in source data,4,35
40000000,4320,Gopanpally,4,0,0,1,1,1,1,1,1,0,1,0,1,1,0,1,1,1,0,1,1,0,0,1,0,0,1,0,0,1,0,0,0,0,0,0,0,40000000,4320,4,9259.25925925926,Gopanpally,4 BHK,2500+ sqft,Valid,Hyderabad,Not available in source data,17,35
9300000,1450,Kukatpally,3,0,1,1,1,1,1,1,1,0,1,1,0,1,0,1,1,1,0,0,0,0,0,0,0,0,1,1,0,1,0,0,0,0,0,0,0,9300000,1450,3,6413.793103448276,Kukatpally,3 BHK,1000-1500 sqft,Valid,Hyderabad,Not available in source data,16,35
7200000,1331,Alkapur township,2,1,0,0,0,0,0,1,0,0,0,0,0,0,0,0,1,1,0,0,0,0,0,0,0,0,1,1,0,0,0,0,0,0,0,0,0,7200000,1331,2,5409.46656649136,Alkapur township,2 BHK,1000-1500 sqft,Valid,Hyderabad,Not available in source data,5,35
17000000,2650,Kothaguda,3,1,0,0,0,0,0,0,0,0,0,0,0,0,0,0,0,0,0,0,0,0,0,0,0,0,0,0,1,0,0,0,0,0,0,0,0,17000000,2650,3,6415.094339622641,Kothaguda,3 BHK,2500+ sqft,Valid,Hyderabad,Not available in source data,1,35
11299999,1570,Begumpet,3,0,0,0,0,1,0,0,0,0,0,0,0,0,0,1,1,1,0,0,0,0,0,0,0,0,0,1,1,0,0,0,0,0,0,0,0,11299999,1570,3,7197.451592356688,Begumpet,3 BHK,1500-2500 sqft,Valid,Hyderabad,Not available in source data,6,35
14000000,2160,Hitech City,3,1,1,1,1,1,1,1,1,0,1,1,1,1,0,1,1,1,0,1,1,0,0,0,0,0,1,1,0,1,0,0,0,0,0,0,0,14000000,2160,3,6481.481481481482,Hitech City,3 BHK,1500-2500 sqft,Valid,Hyderabad,Not available in source data,19,35
11200000,1580,Hitech City,3,1,0,1,1,1,1,1,1,0,1,1,1,1,0,1,1,1,0,1,1,0,0,0,0,0,1,1,0,1,0,0,0,0,0,0,0,11200000,1580,3,7088.607594936709,Hitech City,3 BHK,1500-2500 sqft,Valid,Hyderabad,Not available in source data,18,35
15500000,2160,Hitech City,3,1,0,1,1,1,1,1,1,0,1,1,1,1,0,1,1,1,0,1,1,0,0,0,0,0,1,1,0,1,0,0,0,0,0,0,0,15500000,2160,3,7175.925925925926,Hitech City,3 BHK,1500-2500 sqft,Valid,Hyderabad,Not available in source data,18,35
5000000,970,Manikonda,2,1,0,0,0,0,0,0,0,0,1,0,0,0,0,0,1,0,0,0,0,0,0,0,0,0,0,1,0,0,0,0,0,0,0,0,0,5000000,970,2,5154.639175257732,Manikonda,2 BHK,500-1000 sqft,Valid,Hyderabad,Not available in source data,3,35
4000000,800,Kachiguda,2,1,0,0,0,0,0,0,0,0,0,0,0,0,0,0,0,0,0,0,0,0,0,0,0,0,0,0,0,0,0,0,0,0,0,1,0,4000000,800,2,5000.0,Kachiguda,2 BHK,500-1000 sqft,Valid,Hyderabad,Not available in source data,1,35
10000000,1358,Himayat Nagar,3,0,0,0,0,0,0,0,0,0,0,0,0,0,0,0,0,0,0,0,0,0,0,0,0,0,0,0,0,0,0,0,0,0,0,0,0,10000000,1358,3,7363.7702503681885,Himayat Nagar,3 BHK,1000-1500 sqft,Valid,Hyderabad,Not available in source data,0,35
3800000,1145,Nizampet,2,0,0,0,0,0,0,0,0,0,0,0,0,0,0,0,1,1,0,0,0,0,0,0,0,0,0,0,0,0,0,0,0,0,0,0,0,3800000,1145,2,3318.7772925764193,Nizampet,2 BHK,1000-1500 sqft,Valid,Hyderabad,Not available in source data,2,35
14000000,2000,Domalguda,3,0,0,0,0,0,0,0,0,0,0,0,0,0,0,0,0,0,0,0,0,0,0,0,0,0,0,0,0,0,0,0,0,0,0,0,0,14000000,2000,3,7000.0,Domalguda,3 BHK,1500-2500 sqft,Valid,Hyderabad,Not available in source data,0,35
13400000,2075,East Marredpally,3,0,0,0,0,0,0,0,0,0,0,0,0,0,0,0,1,1,0,0,0,0,0,0,0,0,0,1,0,0,0,0,0,0,0,0,0,13400000,2075,3,6457.831325301205,East Marredpally,3 BHK,1500-2500 sqft,Valid,Hyderabad,Not available in source data,3,35
7500000,1600,Malkajgiri,3,0,0,0,0,0,0,0,0,0,0,0,0,0,0,0,1,1,0,0,0,0,0,0,0,0,0,1,0,0,0,0,0,0,0,0,0,7500000,1600,3,4687.5,Malkajgiri,3 BHK,1500-2500 sqft,Valid,Hyderabad,Not available in source data,3,35
4000000,1230,Kowkur,2,1,0,0,0,0,0,0,0,0,0,0,0,0,0,0,1,1,0,0,0,0,0,0,0,0,0,1,0,0,0,0,0,0,0,0,0,4000000,1230,2,3252.032520325203,Kowkur,2 BHK,1000-1500 sqft,Valid,Hyderabad,Not available in source data,3,35
7200000,1060,East Marredpally,2,1,0,0,0,0,0,0,0,0,0,0,0,0,0,0,1,1,0,0,0,0,0,0,0,0,0,1,1,0,0,0,0,0,0,0,0,7200000,1060,2,6792.452830188679,East Marredpally,2 BHK,1000-1500 sqft,Valid,Hyderabad,Not available in source data,4,35
37500000,3325,Gachibowli,3,1,0,1,1,1,1,1,1,0,1,0,0,1,0,1,1,1,1,0,1,0,1,1,1,1,1,1,1,1,1,0,1,1,1,1,1,37500000,3325,3,11278.195488721805,Gachibowli,3 BHK,2500+ sqft,Valid,Hyderabad,Not available in source data,27,35
8500000,1822,West Marredpally,3,1,0,0,0,0,0,0,0,0,0,0,0,0,0,0,1,1,0,0,0,0,0,0,0,0,0,1,1,0,0,0,0,0,0,1,0,8500000,1822,3,4665.203073545555,West Marredpally,3 BHK,1500-2500 sqft,Valid,Hyderabad,Not available in source data,5,35
14000000,2115,West Marredpally,3,1,0,0,0,0,0,0,0,0,0,0,0,0,0,0,1,1,0,0,0,0,0,0,0,0,0,1,1,0,0,0,0,0,0,0,0,14000000,2115,3,6619.385342789598,West Marredpally,3 BHK,1500-2500 sqft,Valid,Hyderabad,Not available in source data,4,35
4000000,880,Safilguda,2,1,0,0,0,0,0,0,0,0,0,0,0,0,0,0,1,1,0,0,0,0,0,0,0,0,0,1,1,0,0,0,0,0,0,0,0,4000000,880,2,4545.454545454545,Safilguda,2 BHK,500-1000 sqft,Valid,Hyderabad,Not available in source data,4,35
4600000,925,Malkajgiri,2,1,0,0,0,0,0,0,0,0,0,0,0,0,0,0,1,1,0,0,0,0,0,0,0,0,0,1,1,0,0,0,0,0,0,0,0,4600000,925,2,4972.972972972973,Malkajgiri,2 BHK,500-1000 sqft,Valid,Hyderabad,Not available in source data,4,35
6200000,1554,Yapral,3,0,0,0,0,0,0,0,0,0,0,0,0,0,0,0,1,1,0,0,0,0,0,0,0,0,0,1,1,0,0,0,0,0,0,0,0,6200000,1554,3,3989.70398970399,Yapral,3 BHK,1500-2500 sqft,Valid,Hyderabad,Not available in source data,4,35
2400000,1000,Patancheru Shankarpalli Road,2,0,0,0,0,0,0,0,0,0,0,0,0,0,0,0,0,0,0,0,0,0,0,0,0,0,0,0,0,0,0,0,0,0,0,0,0,2400000,1000,2,2400.0,Patancheru Shankarpalli Road,2 BHK,1000-1500 sqft,Valid,Hyderabad,Not available in source data,0,35
4750000,1650,Patancheru Shankarpalli Road,3,0,0,0,0,0,0,0,0,0,0,0,0,0,0,0,0,0,0,0,0,0,0,0,0,0,0,0,0,0,0,0,0,0,0,0,0,4750000,1650,3,2878.787878787879,Patancheru Shankarpalli Road,3 BHK,1500-2500 sqft,Valid,Hyderabad,Not available in source data,0,35
4750000,1475,Patancheru Shankarpalli Road,3,0,0,0,0,0,0,0,0,0,0,0,0,0,0,0,0,0,0,0,0,0,0,0,0,0,0,0,0,0,0,0,0,0,0,0,0,4750000,1475,3,3220.3389830508477,Patancheru Shankarpalli Road,3 BHK,1000-1500 sqft,Valid,Hyderabad,Not available in source data,0,35
4650000,1450,Patancheru Shankarpalli Road,3,0,0,0,0,0,0,0,0,0,0,0,0,0,0,0,0,0,0,0,0,0,0,0,0,0,0,0,0,0,0,0,0,0,0,0,0,4650000,1450,3,3206.896551724138,Patancheru Shankarpalli Road,3 BHK,1000-1500 sqft,Valid,Hyderabad,Not available in source data,0,35
61400000,4730,Banjara Hills,4,1,0,0,0,0,0,0,0,0,0,0,0,0,0,0,0,0,0,0,0,0,0,0,0,0,0,0,0,0,0,0,0,0,0,0,0,61400000,4730,4,12980.972515856236,Banjara Hills,4 BHK,2500+ sqft,Valid,Hyderabad,Not available in source data,0,35
7567000,1645,Uppalguda,3,1,0,0,0,0,0,0,0,0,0,0,0,0,0,0,0,0,0,0,0,0,0,0,0,0,0,0,0,0,0,0,0,0,0,0,0,7567000,1645,3,4600.0,Uppalguda,3 BHK,1500-2500 sqft,Valid,Hyderabad,Not available in source data,0,35
7222000,1605,Uppalguda,3,1,0,0,0,0,0,0,0,0,0,0,0,0,0,0,0,0,0,0,0,0,0,0,0,0,0,0,0,0,0,0,0,0,0,0,0,7222000,1605,3,4499.688473520249,Uppalguda,3 BHK,1500-2500 sqft,Valid,Hyderabad,Not available in source data,0,35
11000000,1525,Begumpet,3,0,0,0,0,1,0,0,0,0,0,0,0,0,0,1,0,1,0,0,0,0,0,0,0,0,0,1,1,0,0,0,0,0,0,0,0,11000000,1525,3,7213.11475409836,Begumpet,3 BHK,1500-2500 sqft,Valid,Hyderabad,Not available in source data,5,35
11000000,1525,Begumpet,3,0,0,0,0,0,0,0,0,0,0,0,0,0,0,1,1,1,0,0,0,0,0,0,0,0,0,1,1,0,0,0,0,0,0,0,0,11000000,1525,3,7213.11475409836,Begumpet,3 BHK,1500-2500 sqft,Valid,Hyderabad,Not available in source data,5,35
29500000,3883,Kothaguda,4,1,0,0,0,0,0,0,0,0,0,0,0,0,0,0,0,0,0,0,0,0,0,0,0,0,0,0,0,0,0,0,0,0,0,0,0,29500000,3883,4,7597.218645377286,Kothaguda,4 BHK,2500+ sqft,Valid,Hyderabad,Not available in source data,0,35
57500000,5440,Nanakramguda,4,1,0,1,1,1,1,0,1,0,1,1,0,1,0,0,1,0,0,1,1,0,0,1,0,0,1,1,0,0,0,0,0,0,0,0,0,57500000,5440,4,10569.85294117647,Nanakramguda,4 BHK,2500+ sqft,Valid,Hyderabad,Not available in source data,14,35
24000000,3031,Hitech City,4,0,0,1,1,1,1,1,1,0,1,1,1,1,0,1,1,1,1,0,1,0,0,0,0,0,1,1,0,1,0,0,0,0,0,0,0,24000000,3031,4,7918.178818871659,Hitech City,4 BHK,2500+ sqft,Valid,Hyderabad,Not available in source data,18,35
15500000,1860,Nallagandla Gachibowli,3,1,0,1,1,1,1,1,1,1,1,1,1,1,0,1,1,1,0,0,1,0,0,0,0,0,1,1,0,1,0,0,0,0,0,0,0,15500000,1860,3,8333.333333333334,Nallagandla Gachibowli,3 BHK,1500-2500 sqft,Valid,Hyderabad,Not available in source data,18,35
7875000,1875,Puppalaguda,3,0,0,1,1,1,1,1,1,0,1,1,0,1,0,1,1,0,0,0,1,0,0,0,0,0,1,1,0,1,0,0,0,0,0,0,0,7875000,1875,3,4200.0,Puppalaguda,3 BHK,1500-2500 sqft,Valid,Hyderabad,Not available in source data,15,35
7429000,2008,Gachibowli,3,0,0,0,0,0,0,0,0,0,0,0,0,0,0,0,0,0,0,0,0,0,0,0,0,0,0,0,0,0,0,0,0,0,0,0,0,7429000,2008,3,3699.7011952191233,Gachibowli,3 BHK,1500-2500 sqft,Valid,Hyderabad,Not available in source data,0,35
8500000,1290,Gopanpally,2,1,0,1,1,1,0,1,1,0,0,0,0,1,0,1,1,1,0,1,1,0,0,0,0,0,1,1,0,1,0,1,0,0,0,0,0,8500000,1290,2,6589.147286821705,Gopanpally,2 BHK,1000-1500 sqft,Valid,Hyderabad,Not available in source data,15,35
14000000,2160,Hitech City,3,1,0,1,1,1,1,1,1,0,1,1,1,1,0,1,1,1,0,1,1,0,0,0,0,0,1,1,0,1,0,0,0,0,0,0,0,14000000,2160,3,6481.481481481482,Hitech City,3 BHK,1500-2500 sqft,Valid,Hyderabad,Not available in source data,18,35
3500000,1000,Rakshapuram,3,1,0,0,0,0,0,0,0,0,0,0,0,0,0,0,0,0,0,0,0,0,0,0,0,0,0,0,0,0,0,0,0,0,0,0,0,3500000,1000,3,3500.0,Rakshapuram,3 BHK,1000-1500 sqft,Valid,Hyderabad,Not available in source data,0,35
4140000,1150,Bachupally,2,0,0,0,0,0,0,0,0,0,0,0,0,0,0,1,1,1,0,0,0,0,0,0,0,0,0,0,0,0,0,0,0,0,0,0,0,4140000,1150,2,3600.0,Bachupally,2 BHK,1000-1500 sqft,Valid,Hyderabad,Not available in source data,3,35
4680000,1170,Nizampet,2,0,1,0,0,0,0,1,0,0,0,0,0,0,0,1,1,1,1,0,0,0,0,0,0,0,0,1,0,1,0,0,0,0,0,0,0,4680000,1170,2,4000.0,Nizampet,2 BHK,1000-1500 sqft,Valid,Hyderabad,Not available in source data,8,35
33000000,4305,Madhapur,4,0,1,1,1,1,0,0,1,0,0,1,0,1,0,1,1,1,0,0,1,0,0,0,1,0,1,1,1,1,0,0,0,0,0,1,0,33000000,4305,4,7665.505226480836,Madhapur,4 BHK,2500+ sqft,Valid,Hyderabad,Not available in source data,17,35
13400000,2800,Kondapur,3,0,1,1,1,0,0,0,0,0,1,1,0,0,0,0,0,1,0,0,0,0,0,0,0,0,0,0,0,0,0,0,0,0,0,0,0,13400000,2800,3,4785.714285714285,Kondapur,3 BHK,2500+ sqft,Valid,Hyderabad,Not available in source data,6,35
5700000,1500,west venkatapuram,3,0,0,0,0,0,0,0,0,0,0,0,0,0,0,0,0,1,0,0,0,0,0,0,0,0,0,0,0,0,0,0,0,0,0,0,0,5700000,1500,3,3800.0,west venkatapuram,3 BHK,1500-2500 sqft,Valid,Hyderabad,Not available in source data,1,35
4620000,1620,Gajulramaram Kukatpally,3,0,0,1,1,1,1,1,1,0,1,1,0,1,1,1,1,1,0,0,1,0,0,0,0,0,1,1,0,0,0,0,0,0,0,0,0,4620000,1620,3,2851.8518518518517,Gajulramaram Kukatpally,3 BHK,1500-2500 sqft,Valid,Hyderabad,Not available in source data,16,35
3900000,1368,Gajulramaram Kukatpally,3,0,0,1,1,1,1,1,1,0,1,1,0,1,1,1,1,1,0,0,1,0,0,0,0,0,1,1,0,0,0,0,0,0,0,0,0,3900000,1368,3,2850.877192982456,Gajulramaram Kukatpally,3 BHK,1000-1500 sqft,Valid,Hyderabad,Not available in source data,16,35
6277000,1090,Kukatpally,2,0,0,1,1,1,0,0,1,0,1,0,0,1,0,1,1,1,0,0,0,0,0,0,0,0,1,1,0,0,0,0,0,0,0,0,0,6277000,1090,2,5758.715596330275,Kukatpally,2 BHK,1000-1500 sqft,Valid,Hyderabad,Not available in source data,11,35
7019000,1230,Kukatpally,2,0,0,1,1,1,0,0,1,0,1,0,0,1,0,1,1,1,0,0,0,0,0,0,0,0,1,1,0,1,0,0,0,0,0,0,0,7019000,1230,2,5706.504065040651,Kukatpally,2 BHK,1000-1500 sqft,Valid,Hyderabad,Not available in source data,12,35
8105000,1435,Kukatpally,3,0,0,1,1,1,0,0,1,0,1,0,0,1,0,1,1,1,0,0,0,0,0,0,0,0,1,1,0,0,0,0,0,0,0,0,0,8105000,1435,3,5648.08362369338,Kukatpally,3 BHK,1000-1500 sqft,Valid,Hyderabad,Not available in source data,11,35
8181999,1115,Miyapur,2,0,1,1,1,1,1,1,1,0,1,1,0,1,0,1,1,1,0,0,0,0,0,0,0,0,1,1,0,1,0,0,0,0,0,0,0,8181999,1115,2,7338.115695067265,Miyapur,2 BHK,1000-1500 sqft,Valid,Hyderabad,Not available in source data,16,35
10900000,1945,Miyapur,3,0,1,1,1,0,1,1,1,0,1,1,0,1,0,1,1,1,0,0,0,0,0,0,0,0,1,1,0,1,0,0,0,0,0,0,0,10900000,1945,3,5604.113110539845,Miyapur,3 BHK,1500-2500 sqft,Valid,Hyderabad,Not available in source data,15,35
14000000,1616,Vidyanagar Adikmet,3,1,1,1,1,1,1,1,1,0,1,0,0,1,0,1,1,1,0,0,0,0,0,0,0,0,1,1,0,1,0,0,0,0,0,0,0,14000000,1616,3,8663.366336633664,Vidyanagar Adikmet,3 BHK,1500-2500 sqft,Valid,Hyderabad,Not available in source data,15,35
4400000,1100,Suchitra,2,0,0,0,0,0,0,0,0,0,0,0,0,0,0,0,0,0,0,0,0,0,0,0,0,0,0,0,0,0,0,0,0,0,0,0,0,4400000,1100,2,4000.0,Suchitra,2 BHK,1000-1500 sqft,Valid,Hyderabad,Not available in source data,0,35
5200000,1300,Miyapur,2,1,0,0,0,0,0,0,0,0,0,0,0,0,0,1,1,1,0,0,0,0,0,0,0,0,0,1,0,0,0,0,0,0,0,0,0,5200000,1300,2,4000.0,Miyapur,2 BHK,1000-1500 sqft,Valid,Hyderabad,Not available in source data,4,35
20000000,2690,Gachibowli,3,0,0,0,0,0,0,0,0,0,0,0,0,0,0,0,0,0,0,0,0,0,0,0,0,0,0,0,1,0,0,0,0,0,0,0,0,20000000,2690,3,7434.944237918216,Gachibowli,3 BHK,2500+ sqft,Valid,Hyderabad,Not available in source data,1,35
165000000,2750,Gachibowli,3,0,0,0,0,0,0,0,0,0,0,0,0,0,0,0,0,0,0,0,0,0,0,0,0,0,0,0,1,0,0,0,0,0,0,0,0,165000000,2750,3,60000.0,Gachibowli,3 BHK,2500+ sqft,Valid,Hyderabad,Not available in source data,1,35
3500000,1091,Puppalaguda,2,1,0,0,0,0,0,0,0,0,0,0,0,0,0,0,0,0,0,0,0,0,0,0,0,0,0,1,0,0,0,0,0,0,0,0,0,3500000,1091,2,3208.065994500458,Puppalaguda,2 BHK,1000-1500 sqft,Valid,Hyderabad,Not available in source data,1,35
7500000,1500,Aushapur,3,1,0,0,0,0,0,0,0,0,0,0,0,0,0,0,0,0,0,0,0,0,0,0,0,0,0,0,0,0,0,0,0,0,0,0,0,7500000,1500,3,5000.0,Aushapur,3 BHK,1500-2500 sqft,Valid,Hyderabad,Not available in source data,0,35
7500000,1500,Aushapur,3,0,0,0,0,0,0,0,0,0,0,0,0,0,0,0,0,0,0,0,0,0,0,0,0,0,0,0,0,0,0,0,0,0,0,0,0,7500000,1500,3,5000.0,Aushapur,3 BHK,1500-2500 sqft,Valid,Hyderabad,Not available in source data,0,35
15500000,1834,Manikonda,3,1,0,1,1,1,1,1,1,0,1,1,1,1,0,1,1,1,0,0,1,1,0,1,0,0,1,1,0,1,0,0,0,0,0,0,0,15500000,1834,3,8451.472191930206,Manikonda,3 BHK,1500-2500 sqft,Valid,Hyderabad,Not available in source data,19,35
10700000,1920,Miyapur,3,0,0,1,1,1,1,1,1,0,0,1,0,1,0,1,1,1,0,1,0,0,0,0,0,0,1,1,0,1,0,0,0,0,0,0,0,10700000,1920,3,5572.916666666667,Miyapur,3 BHK,1500-2500 sqft,Valid,Hyderabad,Not available in source data,15,35
10200000,1425,Miyapur,2,0,1,1,1,1,1,1,1,0,0,1,0,1,0,1,1,1,0,0,0,0,0,0,0,0,1,1,0,1,0,0,0,0,0,0,0,10200000,1425,2,7157.894736842105,Miyapur,2 BHK,1000-1500 sqft,Valid,Hyderabad,Not available in source data,15,35
4700000,1220,Nizampet,2,0,0,0,0,0,0,0,0,0,0,0,0,0,0,0,0,0,0,0,0,0,0,0,0,0,0,0,0,0,0,0,0,0,0,0,0,4700000,1220,2,3852.4590163934427,Nizampet,2 BHK,1000-1500 sqft,Valid,Hyderabad,Not available in source data,0,35
7400000,1615,Boduppal,3,0,0,0,0,0,0,0,0,0,0,0,0,0,0,0,0,0,0,0,0,0,0,0,0,0,0,0,0,0,0,0,0,0,0,0,0,7400000,1615,3,4582.043343653251,Boduppal,3 BHK,1500-2500 sqft,Valid,Hyderabad,Not available in source data,0,35
8500000,1540,Barkatpura,3,1,0,0,0,0,0,0,0,0,0,0,0,0,0,0,0,0,0,0,0,0,0,0,0,0,0,0,0,0,0,0,0,0,0,1,0,8500000,1540,3,5519.480519480519,Barkatpura,3 BHK,1500-2500 sqft,Valid,Hyderabad,Not available in source data,1,35
6000000,1400,East Marredpally,2,1,0,0,0,0,0,0,0,0,0,0,0,0,0,0,1,1,0,0,0,0,0,0,0,0,0,1,1,0,0,0,0,0,0,0,0,6000000,1400,2,4285.714285714285,East Marredpally,2 BHK,1000-1500 sqft,Valid,Hyderabad,Not available in source data,4,35
5200000,1200,Suchitra,2,0,0,0,0,0,0,0,0,0,0,0,0,0,0,0,1,1,0,0,0,0,0,0,0,0,0,1,0,0,0,0,0,0,0,0,0,5200000,1200,2,4333.333333333333,Suchitra,2 BHK,1000-1500 sqft,Valid,Hyderabad,Not available in source data,3,35
5500000,1425,Old Alwal,3,1,0,0,0,0,0,0,0,0,0,0,0,0,0,0,1,1,0,0,0,0,0,0,0,0,0,1,1,0,0,0,0,0,0,0,0,5500000,1425,3,3859.6491228070176,Old Alwal,3 BHK,1000-1500 sqft,Valid,Hyderabad,Not available in source data,4,35
6500000,1580,Secunderabad Railway Station Road,2,1,0,0,0,0,0,0,0,0,0,0,0,0,0,0,1,1,0,0,0,0,0,0,0,0,0,1,1,0,0,0,0,0,0,0,0,6500000,1580,2,4113.9240506329115,Secunderabad Railway Station Road,2 BHK,1500-2500 sqft,Valid,Hyderabad,Not available in source data,4,35
9293000,1844,Nallagandla Gachibowli,3,0,1,1,1,1,1,1,1,0,1,1,0,1,0,1,1,1,1,0,1,0,0,0,0,0,1,1,0,1,0,0,0,0,0,0,0,9293000,1844,3,5039.587852494577,Nallagandla Gachibowli,3 BHK,1500-2500 sqft,Valid,Hyderabad,Not available in source data,18,35
10600000,2120,Nallagandla Gachibowli,3,0,1,1,1,1,1,1,1,0,1,1,0,1,0,1,1,1,1,0,1,0,0,0,0,0,1,1,0,1,0,0,0,0,0,0,0,10600000,2120,3,5000.0,Nallagandla Gachibowli,3 BHK,1500-2500 sqft,Valid,Hyderabad,Not available in source data,18,35
6500000,1000,KPHB,2,0,0,0,0,0,0,0,0,0,0,0,0,0,0,0,0,1,0,0,0,0,0,0,0,0,0,1,0,0,0,0,0,0,0,0,0,6500000,1000,2,6500.0,KPHB,2 BHK,1000-1500 sqft,Valid,Hyderabad,Not available in source data,2,35
6000000,965,KPHB,2,0,0,0,0,0,0,0,0,0,0,0,0,0,0,1,0,0,0,0,0,0,0,0,0,0,0,1,0,0,0,0,0,0,0,0,0,6000000,965,2,6217.616580310881,KPHB,2 BHK,500-1000 sqft,Valid,Hyderabad,Not available in source data,2,35
19500000,2500,Rajendra Nagar,4,1,0,1,1,1,1,1,1,0,0,0,0,1,0,1,1,1,0,0,0,0,0,0,0,0,1,1,0,0,0,0,0,0,0,0,0,19500000,2500,4,7800.0,Rajendra Nagar,4 BHK,2500+ sqft,Valid,Hyderabad,Not available in source data,12,35
4200000,1100,Balapur,2,1,0,0,0,0,0,0,0,0,0,0,0,0,0,0,0,0,0,0,0,0,0,0,0,0,0,0,0,0,0,0,0,0,0,0,0,4200000,1100,2,3818.181818181818,Balapur,2 BHK,1000-1500 sqft,Valid,Hyderabad,Not available in source data,0,35
4000000,875,Karmanghat,2,1,0,0,0,0,0,0,0,0,0,0,0,0,0,0,0,0,0,0,0,0,0,0,0,0,0,0,0,0,0,0,0,0,0,0,0,4000000,875,2,4571.428571428572,Karmanghat,2 BHK,500-1000 sqft,Valid,Hyderabad,Not available in source data,0,35
8000000,1610,Hastinapur,3,0,0,0,0,0,0,0,0,0,0,0,0,0,0,0,0,0,0,0,0,0,0,0,0,0,0,0,0,0,0,0,0,0,0,0,0,8000000,1610,3,4968.944099378882,Hastinapur,3 BHK,1500-2500 sqft,Valid,Hyderabad,Not available in source data,0,35
8520000,1420,new nallakunta,3,0,0,0,0,0,0,0,0,0,0,0,0,0,0,0,0,1,0,0,0,0,0,0,0,0,0,1,0,0,0,0,0,0,0,0,0,8520000,1420,3,6000.0,new nallakunta,3 BHK,1000-1500 sqft,Valid,Hyderabad,Not available in source data,2,35
17300000,2460,Nanakramguda,3,1,1,1,1,1,1,1,1,1,1,1,1,1,0,1,1,1,0,0,1,0,0,0,0,0,1,1,0,1,0,0,0,0,0,0,0,17300000,2460,3,7032.5203252032525,Nanakramguda,3 BHK,1500-2500 sqft,Valid,Hyderabad,Not available in source data,19,35
32500000,3250,Hitech City,4,1,0,1,1,1,1,1,1,0,1,0,0,1,0,1,1,1,0,1,0,0,1,1,1,1,1,1,1,1,1,0,1,1,1,1,1,32500000,3250,4,10000.0,Hitech City,4 BHK,2500+ sqft,Valid,Hyderabad,Not available in source data,26,35
4070000,1100,Yapral,2,1,0,0,0,0,0,0,0,0,0,0,0,0,0,0,0,0,0,0,0,0,0,0,0,0,0,0,0,0,0,0,0,0,0,0,0,4070000,1100,2,3700.0,Yapral,2 BHK,1000-1500 sqft,Valid,Hyderabad,Not available in source data,0,35
4070000,1100,Yapral,2,1,0,0,0,0,0,0,0,0,0,0,0,0,0,0,1,0,0,0,0,0,0,0,0,0,1,1,0,0,0,0,0,0,0,0,0,4070000,1100,2,3700.0,Yapral,2 BHK,1000-1500 sqft,Valid,Hyderabad,Not available in source data,3,35
11200000,1735,Kokapet,3,1,0,1,1,1,1,1,1,0,1,0,0,1,0,1,1,0,0,1,1,0,0,0,0,0,1,1,0,1,0,0,0,0,0,0,0,11200000,1735,3,6455.3314121037465,Kokapet,3 BHK,1500-2500 sqft,Valid,Hyderabad,Not available in source data,15,35
6342000,1510,Puppalaguda,2,0,0,1,1,1,1,1,1,0,1,1,0,1,0,1,1,0,0,0,1,0,0,0,0,0,1,1,0,1,0,0,0,0,0,0,0,6342000,1510,2,4200.0,Puppalaguda,2 BHK,1500-2500 sqft,Valid,Hyderabad,Not available in source data,15,35
5544000,1320,Puppalaguda,2,0,0,1,1,1,1,1,1,0,1,1,0,1,0,1,1,0,0,0,1,0,0,0,0,0,1,1,0,1,0,0,0,0,0,0,0,5544000,1320,2,4200.0,Puppalaguda,2 BHK,1000-1500 sqft,Valid,Hyderabad,Not available in source data,15,35
9135000,2175,Puppalaguda,3,0,0,1,1,1,1,1,1,0,1,1,0,1,0,1,1,0,0,0,1,0,0,0,0,0,1,1,0,1,0,0,0,0,0,0,0,9135000,2175,3,4200.0,Puppalaguda,3 BHK,1500-2500 sqft,Valid,Hyderabad,Not available in source data,15,35
8316000,1980,Puppalaguda,3,0,0,1,1,1,1,1,1,0,1,1,0,1,0,1,1,0,0,0,1,0,0,0,0,0,1,1,0,1,0,0,0,0,0,0,0,8316000,1980,3,4200.0,Puppalaguda,3 BHK,1500-2500 sqft,Valid,Hyderabad,Not available in source data,15,35
6552000,1560,Puppalaguda,3,0,0,1,1,1,1,1,1,0,1,1,0,1,0,1,1,0,0,0,1,0,0,0,0,0,1,1,0,1,0,0,0,0,0,0,0,6552000,1560,3,4200.0,Puppalaguda,3 BHK,1500-2500 sqft,Valid,Hyderabad,Not available in source data,15,35
8400000,2000,Puppalaguda,3,0,0,1,1,1,1,1,1,0,1,1,0,1,0,1,1,0,0,0,1,0,0,0,0,0,1,1,0,1,0,0,0,0,0,0,0,8400000,2000,3,4200.0,Puppalaguda,3 BHK,1500-2500 sqft,Valid,Hyderabad,Not available in source data,15,35
8421000,2005,Puppalaguda,3,0,0,1,1,1,1,1,1,0,1,1,0,1,0,1,1,0,0,0,1,0,0,0,0,0,1,1,0,1,0,0,0,0,0,0,0,8421000,2005,3,4200.0,Puppalaguda,3 BHK,1500-2500 sqft,Valid,Hyderabad,Not available in source data,15,35
5628000,1340,Puppalaguda,2,0,0,1,1,1,1,1,1,0,1,1,0,1,0,1,1,0,0,0,1,0,0,0,0,0,1,1,0,1,0,0,0,0,0,0,0,5628000,1340,2,4200.0,Puppalaguda,2 BHK,1000-1500 sqft,Valid,Hyderabad,Not available in source data,15,35
7895999,1880,Puppalaguda,3,0,0,1,1,1,1,1,1,0,1,1,0,1,0,1,1,0,0,0,1,0,0,0,0,0,1,1,0,1,0,0,0,0,0,0,0,7895999,1880,3,4199.999468085106,Puppalaguda,3 BHK,1500-2500 sqft,Valid,Hyderabad,Not available in source data,15,35
5943000,1415,Puppalaguda,2,0,0,1,1,1,1,1,1,0,1,1,0,1,0,1,1,0,0,0,1,0,0,0,0,0,1,1,0,1,0,0,0,0,0,0,0,5943000,1415,2,4200.0,Puppalaguda,2 BHK,1000-1500 sqft,Valid,Hyderabad,Not available in source data,15,35
9156000,2180,Puppalaguda,3,0,0,1,1,1,1,1,1,0,1,1,0,1,0,1,1,0,0,0,1,0,0,0,0,0,1,1,0,1,0,0,0,0,0,0,0,9156000,2180,3,4200.0,Puppalaguda,3 BHK,1500-2500 sqft,Valid,Hyderabad,Not available in source data,15,35
9198000,2190,Puppalaguda,3,0,0,1,1,1,1,1,1,0,1,1,0,1,0,1,1,0,0,0,1,0,0,0,0,0,1,1,0,1,0,0,0,0,0,0,0,9198000,2190,3,4200.0,Puppalaguda,3 BHK,1500-2500 sqft,Valid,Hyderabad,Not available in source data,15,35
6720000,1600,Puppalaguda,3,0,0,1,1,1,1,1,1,0,1,1,0,1,0,1,1,0,0,0,1,0,0,0,0,0,1,1,0,1,0,0,0,0,0,0,0,6720000,1600,3,4200.0,Puppalaguda,3 BHK,1500-2500 sqft,Valid,Hyderabad,Not available in source data,15,35
4500000,1250,Kollur Road,2,0,0,0,0,0,0,0,0,0,0,0,0,0,0,0,0,0,0,0,0,0,0,0,0,0,0,0,0,0,0,0,0,0,0,0,0,4500000,1250,2,3600.0,Kollur Road,2 BHK,1000-1500 sqft,Valid,Hyderabad,Not available in source data,0,35
3503000,1001,Miyapur,2,0,0,0,0,0,0,0,0,0,0,0,0,0,0,0,0,0,0,0,0,0,0,0,0,0,0,0,0,0,0,0,0,0,0,0,0,3503000,1001,2,3499.5004995004997,Miyapur,2 BHK,1000-1500 sqft,Valid,Hyderabad,Not available in source data,0,35
5600000,1551,chandrayangutta,3,0,0,0,0,0,0,0,0,0,0,0,0,0,0,0,0,0,0,0,0,0,0,0,0,0,0,0,0,0,0,0,0,0,0,0,0,5600000,1551,3,3610.5738233397806,chandrayangutta,3 BHK,1500-2500 sqft,Valid,Hyderabad,Not available in source data,0,35
7500000,3000,Jubilee Hills,3,1,1,0,0,1,0,1,0,0,0,0,0,0,0,0,0,1,0,0,0,0,0,0,0,0,0,0,1,1,0,0,0,0,0,0,0,7500000,3000,3,2500.0,Jubilee Hills,3 BHK,2500+ sqft,Valid,Hyderabad,Not available in source data,6,35
4600000,1245,Kollur Road,2,0,0,0,0,0,0,0,0,0,0,0,0,0,0,0,0,0,0,0,0,0,0,0,0,0,0,0,0,0,0,0,0,0,0,0,0,4600000,1245,2,3694.7791164658634,Kollur Road,2 BHK,1000-1500 sqft,Valid,Hyderabad,Not available in source data,0,35
7500000,1100,Attapur,2,0,9,9,9,9,9,9,9,9,9,9,9,9,9,9,9,9,9,9,9,9,9,9,9,9,9,9,9,9,9,9,9,9,9,9,9,7500000,1100,2,6818.181818181818,Attapur,2 BHK,1000-1500 sqft,Valid,Hyderabad,Not available in source data,315,35
8105000,1725,Kompally,3,0,9,9,9,9,9,9,9,9,9,9,9,9,9,9,9,9,9,9,9,9,9,9,9,9,9,9,9,9,9,9,9,9,9,9,9,8105000,1725,3,4698.550724637681,Kompally,3 BHK,1500-2500 sqft,Valid,Hyderabad,Not available in source data,315,35
6277000,1435,Kukatpally,3,0,9,9,9,9,9,9,9,9,9,9,9,9,9,9,9,9,9,9,9,9,9,9,9,9,9,9,9,9,9,9,9,9,9,9,9,6277000,1435,3,4374.216027874564,Kukatpally,3 BHK,1000-1500 sqft,Valid,Hyderabad,Not available in source data,315,35
7019000,1090,Kukatpally,2,0,9,9,9,9,9,9,9,9,9,9,9,9,9,9,9,9,9,9,9,9,9,9,9,9,9,9,9,9,9,9,9,9,9,9,9,7019000,1090,2,6439.4495412844035,Kukatpally,2 BHK,1000-1500 sqft,Valid,Hyderabad,Not available in source data,315,35
4800000,1230,Kukatpally,2,0,9,9,9,9,9,9,9,9,9,9,9,9,9,9,9,9,9,9,9,9,9,9,9,9,9,9,9,9,9,9,9,9,9,9,9,4800000,1230,2,3902.439024390244,Kukatpally,2 BHK,1000-1500 sqft,Valid,Hyderabad,Not available in source data,315,35
4600000,1200,Balaji Hills Colony Venkatraya Nagar,2,0,9,9,9,9,9,9,9,9,9,9,9,9,9,9,9,9,9,9,9,9,9,9,9,9,9,9,9,9,9,9,9,9,9,9,9,4600000,1200,2,3833.3333333333335,Balaji Hills Colony Venkatraya Nagar,2 BHK,1000-1500 sqft,Valid,Hyderabad,Not available in source data,315,35
8460000,1150,Nizampet,2,0,9,9,9,9,9,9,9,9,9,9,9,9,9,9,9,9,9,9,9,9,9,9,9,9,9,9,9,9,9,9,9,9,9,9,9,8460000,1150,2,7356.521739130435,Nizampet,2 BHK,1000-1500 sqft,Valid,Hyderabad,Not available in source data,315,35
6675000,1600,Chandanagar,3,0,9,9,9,9,9,9,9,9,9,9,9,9,9,9,9,9,9,9,9,9,9,9,9,9,9,9,9,9,9,9,9,9,9,9,9,6675000,1600,3,4171.875,Chandanagar,3 BHK,1500-2500 sqft,Valid,Hyderabad,Not available in source data,315,35
10700000,1250,Chandanagar,2,0,9,9,9,9,9,9,9,9,9,9,9,9,9,9,9,9,9,9,9,9,9,9,9,9,9,9,9,9,9,9,9,9,9,9,9,10700000,1250,2,8560.0,Chandanagar,2 BHK,1000-1500 sqft,Valid,Hyderabad,Not available in source data,315,35
10800000,1905,Miyapur,3,0,9,9,9,9,9,9,9,9,9,9,9,9,9,9,9,9,9,9,9,9,9,9,9,9,9,9,9,9,9,9,9,9,9,9,9,10800000,1905,3,5669.291338582677,Miyapur,3 BHK,1500-2500 sqft,Valid,Hyderabad,Not available in source data,315,35
7800000,1925,Miyapur,3,0,9,9,9,9,9,9,9,9,9,9,9,9,9,9,9,9,9,9,9,9,9,9,9,9,9,9,9,9,9,9,9,9,9,9,9,7800000,1925,3,4051.948051948052,Miyapur,3 BHK,1500-2500 sqft,Valid,Hyderabad,Not available in source data,315,35
3000000,2300,Manikonda,4,1,9,9,9,9,9,9,9,9,9,9,9,9,9,9,9,9,9,9,9,9,9,9,9,9,9,9,9,9,9,9,9,9,9,9,9,3000000,2300,4,1304.3478260869565,Manikonda,4 BHK,1500-2500 sqft,Valid,Hyderabad,Not available in source data,315,35
32000000,1045,Chandanagar,2,0,9,9,9,9,9,9,9,9,9,9,9,9,9,9,9,9,9,9,9,9,9,9,9,9,9,9,9,9,9,9,9,9,9,9,9,32000000,1045,2,30622.00956937799,Chandanagar,2 BHK,1000-1500 sqft,Valid,Hyderabad,Not available in source data,315,35
3690000,3190,Madhapur,3,1,9,9,9,9,9,9,9,9,9,9,9,9,9,9,9,9,9,9,9,9,9,9,9,9,9,9,9,9,9,9,9,9,9,9,9,3690000,3190,3,1156.7398119122256,Madhapur,3 BHK,2500+ sqft,Valid,Hyderabad,Not available in source data,315,35
5700000,1800,Beeramguda,2,0,9,9,9,9,9,9,9,9,9,9,9,9,9,9,9,9,9,9,9,9,9,9,9,9,9,9,9,9,9,9,9,9,9,9,9,5700000,1800,2,3166.6666666666665,Beeramguda,2 BHK,1500-2500 sqft,Valid,Hyderabad,Not available in source data,315,35
4200000,1665,Kollur Road,3,0,9,9,9,9,9,9,9,9,9,9,9,9,9,9,9,9,9,9,9,9,9,9,9,9,9,9,9,9,9,9,9,9,9,9,9,4200000,1665,3,2522.5225225225226,Kollur Road,3 BHK,1500-2500 sqft,Valid,Hyderabad,Not available in source data,315,35
2110000,2000,Beeramguda,3,0,9,9,9,9,9,9,9,9,9,9,9,9,9,9,9,9,9,9,9,9,9,9,9,9,9,9,9,9,9,9,9,9,9,9,9,2110000,2000,3,1055.0,Beeramguda,3 BHK,1500-2500 sqft,Valid,Hyderabad,Not available in source data,315,35
2114000,1005,Beeramguda,3,0,9,9,9,9,9,9,9,9,9,9,9,9,9,9,9,9,9,9,9,9,9,9,9,9,9,9,9,9,9,9,9,9,9,9,9,2114000,1005,3,2103.4825870646764,Beeramguda,3 BHK,1000-1500 sqft,Valid,Hyderabad,Not available in source data,315,35
2102000,1007,Beeramguda,2,0,9,9,9,9,9,9,9,9,9,9,9,9,9,9,9,9,9,9,9,9,9,9,9,9,9,9,9,9,9,9,9,9,9,9,9,2102000,1007,2,2087.388282025819,Beeramguda,2 BHK,1000-1500 sqft,Valid,Hyderabad,Not available in source data,315,35
2104000,1001,Beeramguda,2,0,9,9,9,9,9,9,9,9,9,9,9,9,9,9,9,9,9,9,9,9,9,9,9,9,9,9,9,9,9,9,9,9,9,9,9,2104000,1001,2,2101.8981018981017,Beeramguda,2 BHK,1000-1500 sqft,Valid,Hyderabad,Not available in source data,315,35
6500000,1002,Beeramguda,2,0,9,9,9,9,9,9,9,9,9,9,9,9,9,9,9,9,9,9,9,9,9,9,9,9,9,9,9,9,9,9,9,9,9,9,9,6500000,1002,2,6487.025948103792,Beeramguda,2 BHK,1000-1500 sqft,Valid,Hyderabad,Not available in source data,315,35
6240000,1655,Kollur Road,3,0,9,9,9,9,9,9,9,9,9,9,9,9,9,9,9,9,9,9,9,9,9,9,9,9,9,9,9,9,9,9,9,9,9,9,9,6240000,1655,3,3770.392749244713,Kollur Road,3 BHK,1500-2500 sqft,Valid,Hyderabad,Not available in source data,315,35
8779000,1650,Kollur Road,3,0,9,9,9,9,9,9,9,9,9,9,9,9,9,9,9,9,9,9,9,9,9,9,9,9,9,9,9,9,9,9,9,9,9,9,9,8779000,1650,3,5320.606060606061,Kollur Road,3 BHK,1500-2500 sqft,Valid,Hyderabad,Not available in source data,315,35
10100000,1742,Nallagandla Gachibowli,3,0,9,9,9,9,9,9,9,9,9,9,9,9,9,9,9,9,9,9,9,9,9,9,9,9,9,9,9,9,9,9,9,9,9,9,9,10100000,1742,3,5797.933409873708,Nallagandla Gachibowli,3 BHK,1500-2500 sqft,Valid,Hyderabad,Not available in source data,315,35
11900000,2010,Nallagandla Gachibowli,3,0,9,9,9,9,9,9,9,9,9,9,9,9,9,9,9,9,9,9,9,9,9,9,9,9,9,9,9,9,9,9,9,9,9,9,9,11900000,2010,3,5920.398009950249,Nallagandla Gachibowli,3 BHK,1500-2500 sqft,Valid,Hyderabad,Not available in source data,315,35
6000000,2380,Nallagandla Gachibowli,3,0,9,9,9,9,9,9,9,9,9,9,9,9,9,9,9,9,9,9,9,9,9,9,9,9,9,9,9,9,9,9,9,9,9,9,9,6000000,2380,3,2521.0084033613443,Nallagandla Gachibowli,3 BHK,1500-2500 sqft,Valid,Hyderabad,Not available in source data,315,35
9991000,1045,Dilsukh Nagar,2,1,9,9,9,9,9,9,9,9,9,9,9,9,9,9,9,9,9,9,9,9,9,9,9,9,9,9,9,9,9,9,9,9,9,9,9,9991000,1045,2,9560.765550239234,Dilsukh Nagar,2 BHK,1000-1500 sqft,Valid,Hyderabad,Not available in source data,315,35
11399999,1630,Kondapur,3,0,9,9,9,9,9,9,9,9,9,9,9,9,9,9,9,9,9,9,9,9,9,9,9,9,9,9,9,9,9,9,9,9,9,9,9,11399999,1630,3,6993.864417177914,Kondapur,3 BHK,1500-2500 sqft,Valid,Hyderabad,Not available in source data,315,35
7240000,1885,Kondapur,3,0,9,9,9,9,9,9,9,9,9,9,9,9,9,9,9,9,9,9,9,9,9,9,9,9,9,9,9,9,9,9,9,9,9,9,9,7240000,1885,3,3840.848806366048,Kondapur,3 BHK,1500-2500 sqft,Valid,Hyderabad,Not available in source data,315,35
36000000,1165,Kondapur,2,0,9,9,9,9,9,9,9,9,9,9,9,9,9,9,9,9,9,9,9,9,9,9,9,9,9,9,9,9,9,9,9,9,9,9,9,36000000,1165,2,30901.287553648068,Kondapur,2 BHK,1000-1500 sqft,Valid,Hyderabad,Not available in source data,315,35
12600000,4320,Gachibowli,5,1,9,9,9,9,9,9,9,9,9,9,9,9,9,9,9,9,9,9,9,9,9,9,9,9,9,9,9,9,9,9,9,9,9,9,9,12600000,4320,5,2916.6666666666665,Gachibowli,5+ BHK,2500+ sqft,Valid,Hyderabad,Not available in source data,315,35
7000000,1900,Kondapur,3,0,9,9,9,9,9,9,9,9,9,9,9,9,9,9,9,9,9,9,9,9,9,9,9,9,9,9,9,9,9,9,9,9,9,9,9,7000000,1900,3,3684.2105263157896,Kondapur,3 BHK,1500-2500 sqft,Valid,Hyderabad,Not available in source data,315,35
6500000,3600,Toli Chowki,4,1,9,9,9,9,9,9,9,9,9,9,9,9,9,9,9,9,9,9,9,9,9,9,9,9,9,9,9,9,9,9,9,9,9,9,9,6500000,3600,4,1805.5555555555557,Toli Chowki,4 BHK,2500+ sqft,Valid,Hyderabad,Not available in source data,315,35
5900000,1700,Nizampet,2,1,9,9,9,9,9,9,9,9,9,9,9,9,9,9,9,9,9,9,9,9,9,9,9,9,9,9,9,9,9,9,9,9,9,9,9,5900000,1700,2,3470.5882352941176,Nizampet,2 BHK,1500-2500 sqft,Valid,Hyderabad,Not available in source data,315,35
3200000,1060,LB Nagar,2,0,9,9,9,9,9,9,9,9,9,9,9,9,9,9,9,9,9,9,9,9,9,9,9,9,9,9,9,9,9,9,9,9,9,9,9,3200000,1060,2,3018.867924528302,LB Nagar,2 BHK,1000-1500 sqft,Valid,Hyderabad,Not available in source data,315,35
8000000,1100,Qutub Shahi Tombs,2,1,9,9,9,9,9,9,9,9,9,9,9,9,9,9,9,9,9,9,9,9,9,9,9,9,9,9,9,9,9,9,9,9,9,9,9,8000000,1100,2,7272.727272727273,Qutub Shahi Tombs,2 BHK,1000-1500 sqft,Valid,Hyderabad,Not available in source data,315,35
22000000,1450,Masab Tank,3,0,9,9,9,9,9,9,9,9,9,9,9,9,9,9,9,9,9,9,9,9,9,9,9,9,9,9,9,9,9,9,9,9,9,9,9,22000000,1450,3,15172.413793103447,Masab Tank,3 BHK,1000-1500 sqft,Valid,Hyderabad,Not available in source data,315,35
9057000,4000,Himayat Nagar,5,1,9,9,9,9,9,9,9,9,9,9,9,9,9,9,9,9,9,9,9,9,9,9,9,9,9,9,9,9,9,9,9,9,9,9,9,9057000,4000,5,2264.25,Himayat Nagar,5+ BHK,2500+ sqft,Valid,Hyderabad,Not available in source data,315,35
3650000,1460,Narsingi,2,0,9,9,9,9,9,9,9,9,9,9,9,9,9,9,9,9,9,9,9,9,9,9,9,9,9,9,9,9,9,9,9,9,9,9,9,3650000,1460,2,2500.0,Narsingi,2 BHK,1000-1500 sqft,Valid,Hyderabad,Not available in source data,315,35
2200000,1093,Pragathi Nagar Kukatpally,2,0,9,9,9,9,9,9,9,9,9,9,9,9,9,9,9,9,9,9,9,9,9,9,9,9,9,9,9,9,9,9,9,9,9,9,9,2200000,1093,2,2012.8087831655994,Pragathi Nagar Kukatpally,2 BHK,1000-1500 sqft,Valid,Hyderabad,Not available in source data,315,35
4700000,1000,Adibatla,2,0,9,9,9,9,9,9,9,9,9,9,9,9,9,9,9,9,9,9,9,9,9,9,9,9,9,9,9,9,9,9,9,9,9,9,9,4700000,1000,2,4700.0,Adibatla,2 BHK,1000-1500 sqft,Valid,Hyderabad,Not available in source data,315,35
15500000,1080,Janachaitanya Colony,2,1,9,9,9,9,9,9,9,9,9,9,9,9,9,9,9,9,9,9,9,9,9,9,9,9,9,9,9,9,9,9,9,9,9,9,9,15500000,1080,2,14351.851851851852,Janachaitanya Colony,2 BHK,1000-1500 sqft,Valid,Hyderabad,Not available in source data,315,35
5200000,2220,Nanakramguda,3,1,9,9,9,9,9,9,9,9,9,9,9,9,9,9,9,9,9,9,9,9,9,9,9,9,9,9,9,9,9,9,9,9,9,9,9,5200000,2220,3,2342.3423423423424,Nanakramguda,3 BHK,1500-2500 sqft,Valid,Hyderabad,Not available in source data,315,35
7584999,1250,Gurramguda,2,0,9,9,9,9,9,9,9,9,9,9,9,9,9,9,9,9,9,9,9,9,9,9,9,9,9,9,9,9,9,9,9,9,9,9,9,7584999,1250,2,6067.9992,Gurramguda,2 BHK,1000-1500 sqft,Valid,Hyderabad,Not available in source data,315,35
13500000,1945,Gachibowli,3,0,9,9,9,9,9,9,9,9,9,9,9,9,9,9,9,9,9,9,9,9,9,9,9,9,9,9,9,9,9,9,9,9,9,9,9,13500000,1945,3,6940.874035989717,Gachibowli,3 BHK,1500-2500 sqft,Valid,Hyderabad,Not available in source data,315,35
7584999,2815,Kondapur,3,0,9,9,9,9,9,9,9,9,9,9,9,9,9,9,9,9,9,9,9,9,9,9,9,9,9,9,9,9,9,9,9,9,9,9,9,7584999,2815,3,2694.493428063943,Kondapur,3 BHK,2500+ sqft,Valid,Hyderabad,Not available in source data,315,35
14600000,1945,Gachibowli,3,0,9,9,9,9,9,9,9,9,9,9,9,9,9,9,9,9,9,9,9,9,9,9,9,9,9,9,9,9,9,9,9,9,9,9,9,14600000,1945,3,7506.426735218509,Gachibowli,3 BHK,1500-2500 sqft,Valid,Hyderabad,Not available in source data,315,35
19600000,2220,Nanakramguda,3,1,9,9,9,9,9,9,9,9,9,9,9,9,9,9,9,9,9,9,9,9,9,9,9,9,9,9,9,9,9,9,9,9,9,9,9,19600000,2220,3,8828.82882882883,Nanakramguda,3 BHK,1500-2500 sqft,Valid,Hyderabad,Not available in source data,315,35
12500000,2225,Kondapur,3,1,9,9,9,9,9,9,9,9,9,9,9,9,9,9,9,9,9,9,9,9,9,9,9,9,9,9,9,9,9,9,9,9,9,9,9,12500000,2225,3,5617.9775280898875,Kondapur,3 BHK,1500-2500 sqft,Valid,Hyderabad,Not available in source data,315,35
4400000,1880,Kondapur,3,1,9,9,9,9,9,9,9,9,9,9,9,9,9,9,9,9,9,9,9,9,9,9,9,9,9,9,9,9,9,9,9,9,9,9,9,4400000,1880,3,2340.425531914894,Kondapur,3 BHK,1500-2500 sqft,Valid,Hyderabad,Not available in source data,315,35
18500000,1146,Bachupally,2,0,9,9,9,9,9,9,9,9,9,9,9,9,9,9,9,9,9,9,9,9,9,9,9,9,9,9,9,9,9,9,9,9,9,9,9,18500000,1146,2,16143.106457242582,Bachupally,2 BHK,1000-1500 sqft,Valid,Hyderabad,Not available in source data,315,35
13200000,2460,Manikonda,3,0,9,9,9,9,9,9,9,9,9,9,9,9,9,9,9,9,9,9,9,9,9,9,9,9,9,9,9,9,9,9,9,9,9,9,9,13200000,2460,3,5365.8536585365855,Manikonda,3 BHK,1500-2500 sqft,Valid,Hyderabad,Not available in source data,315,35
10000000,1600,Nanakramguda,3,0,9,9,9,9,9,9,9,9,9,9,9,9,9,9,9,9,9,9,9,9,9,9,9,9,9,9,9,9,9,9,9,9,9,9,9,10000000,1600,3,6250.0,Nanakramguda,3 BHK,1500-2500 sqft,Valid,Hyderabad,Not available in source data,315,35
20000000,1245,Nanakramguda,2,1,9,9,9,9,9,9,9,9,9,9,9,9,9,9,9,9,9,9,9,9,9,9,9,9,9,9,9,9,9,9,9,9,9,9,9,20000000,1245,2,16064.25702811245,Nanakramguda,2 BHK,1000-1500 sqft,Valid,Hyderabad,Not available in source data,315,35
12500000,3405,Madhapur,3,1,9,9,9,9,9,9,9,9,9,9,9,9,9,9,9,9,9,9,9,9,9,9,9,9,9,9,9,9,9,9,9,9,9,9,9,12500000,3405,3,3671.071953010279,Madhapur,3 BHK,2500+ sqft,Valid,Hyderabad,Not available in source data,315,35
17000000,1860,Nallagandla Gachibowli,3,0,9,9,9,9,9,9,9,9,9,9,9,9,9,9,9,9,9,9,9,9,9,9,9,9,9,9,9,9,9,9,9,9,9,9,9,17000000,1860,3,9139.78494623656,Nallagandla Gachibowli,3 BHK,1500-2500 sqft,Valid,Hyderabad,Not available in source data,315,35
5000000,2585,Bagh Amberpet,3,0,9,9,9,9,9,9,9,9,9,9,9,9,9,9,9,9,9,9,9,9,9,9,9,9,9,9,9,9,9,9,9,9,9,9,9,5000000,2585,3,1934.2359767891683,Bagh Amberpet,3 BHK,2500+ sqft,Valid,Hyderabad,Not available in source data,315,35
9000000,1197,Kapra,2,1,9,9,9,9,9,9,9,9,9,9,9,9,9,9,9,9,9,9,9,9,9,9,9,9,9,9,9,9,9,9,9,9,9,9,9,9000000,1197,2,7518.796992481203,Kapra,2 BHK,1000-1500 sqft,Valid,Hyderabad,Not available in source data,315,35
5250000,1485,Tilak Nagar,3,0,9,9,9,9,9,9,9,9,9,9,9,9,9,9,9,9,9,9,9,9,9,9,9,9,9,9,9,9,9,9,9,9,9,9,9,5250000,1485,3,3535.3535353535353,Tilak Nagar,3 BHK,1000-1500 sqft,Valid,Hyderabad,Not available in source data,315,35
7750000,1250,Nallakunta,3,1,9,9,9,9,9,9,9,9,9,9,9,9,9,9,9,9,9,9,9,9,9,9,9,9,9,9,9,9,9,9,9,9,9,9,9,7750000,1250,3,6200.0,Nallakunta,3 BHK,1000-1500 sqft,Valid,Hyderabad,Not available in source data,315,35
6250000,1550,Nallakunta,3,1,9,9,9,9,9,9,9,9,9,9,9,9,9,9,9,9,9,9,9,9,9,9,9,9,9,9,9,9,9,9,9,9,9,9,9,6250000,1550,3,4032.2580645161293,Nallakunta,3 BHK,1500-2500 sqft,Valid,Hyderabad,Not available in source data,315,35
10300000,1250,Nallakunta,3,1,9,9,9,9,9,9,9,9,9,9,9,9,9,9,9,9,9,9,9,9,9,9,9,9,9,9,9,9,9,9,9,9,9,9,9,10300000,1250,3,8240.0,Nallakunta,3 BHK,1000-1500 sqft,Valid,Hyderabad,Not available in source data,315,35
5500000,1887,Paradise Circle,2,1,9,9,9,9,9,9,9,9,9,9,9,9,9,9,9,9,9,9,9,9,9,9,9,9,9,9,9,9,9,9,9,9,9,9,9,5500000,1887,2,2914.6793852676205,Paradise Circle,2 BHK,1500-2500 sqft,Valid,Hyderabad,Not available in source data,315,35
5700000,1400,Nacharam,3,1,9,9,9,9,9,9,9,9,9,9,9,9,9,9,9,9,9,9,9,9,9,9,9,9,9,9,9,9,9,9,9,9,9,9,9,5700000,1400,3,4071.4285714285716,Nacharam,3 BHK,1000-1500 sqft,Valid,Hyderabad,Not available in source data,315,35
14000000,1050,Nacharam,2,0,9,9,9,9,9,9,9,9,9,9,9,9,9,9,9,9,9,9,9,9,9,9,9,9,9,9,9,9,9,9,9,9,9,9,9,14000000,1050,2,13333.333333333334,Nacharam,2 BHK,1000-1500 sqft,Valid,Hyderabad,Not available in source data,315,35
5500000,1860,Nacharam,4,1,9,9,9,9,9,9,9,9,9,9,9,9,9,9,9,9,9,9,9,9,9,9,9,9,9,9,9,9,9,9,9,9,9,9,9,5500000,1860,4,2956.989247311828,Nacharam,4 BHK,1500-2500 sqft,Valid,Hyderabad,Not available in source data,315,35
5900000,1200,Tarnaka,2,1,9,9,9,9,9,9,9,9,9,9,9,9,9,9,9,9,9,9,9,9,9,9,9,9,9,9,9,9,9,9,9,9,9,9,9,5900000,1200,2,4916.666666666667,Tarnaka,2 BHK,1000-1500 sqft,Valid,Hyderabad,Not available in source data,315,35
5700000,1100,Nacharam,2,1,9,9,9,9,9,9,9,9,9,9,9,9,9,9,9,9,9,9,9,9,9,9,9,9,9,9,9,9,9,9,9,9,9,9,9,5700000,1100,2,5181.818181818182,Nacharam,2 BHK,1000-1500 sqft,Valid,Hyderabad,Not available in source data,315,35
5500000,1050,Nacharam,2,0,9,9,9,9,9,9,9,9,9,9,9,9,9,9,9,9,9,9,9,9,9,9,9,9,9,9,9,9,9,9,9,9,9,9,9,5500000,1050,2,5238.0952380952385,Nacharam,2 BHK,1000-1500 sqft,Valid,Hyderabad,Not available in source data,315,35
3500000,1050,Nacharam,1,1,9,9,9,9,9,9,9,9,9,9,9,9,9,9,9,9,9,9,9,9,9,9,9,9,9,9,9,9,9,9,9,9,9,9,9,3500000,1050,1,3333.3333333333335,Nacharam,1 BHK,1000-1500 sqft,Valid,Hyderabad,Not available in source data,315,35
10100000,1000,Nacharam,2,1,9,9,9,9,9,9,9,9,9,9,9,9,9,9,9,9,9,9,9,9,9,9,9,9,9,9,9,9,9,9,9,9,9,9,9,10100000,1000,2,10100.0,Nacharam,2 BHK,1000-1500 sqft,Valid,Hyderabad,Not available in source data,315,35
4000000,1800,Habsiguda,2,0,9,9,9,9,9,9,9,9,9,9,9,9,9,9,9,9,9,9,9,9,9,9,9,9,9,9,9,9,9,9,9,9,9,9,9,4000000,1800,2,2222.222222222222,Habsiguda,2 BHK,1500-2500 sqft,Valid,Hyderabad,Not available in source data,315,35
14000000,961,Nacharam,2,1,9,9,9,9,9,9,9,9,9,9,9,9,9,9,9,9,9,9,9,9,9,9,9,9,9,9,9,9,9,9,9,9,9,9,9,14000000,961,2,14568.158168574402,Nacharam,2 BHK,500-1000 sqft,Valid,Hyderabad,Not available in source data,315,35
9800000,1650,Habsiguda,2,0,9,9,9,9,9,9,9,9,9,9,9,9,9,9,9,9,9,9,9,9,9,9,9,9,9,9,9,9,9,9,9,9,9,9,9,9800000,1650,2,5939.393939393939,Habsiguda,2 BHK,1500-2500 sqft,Valid,Hyderabad,Not available in source data,315,35
7500000,1550,Habsiguda,2,0,9,9,9,9,9,9,9,9,9,9,9,9,9,9,9,9,9,9,9,9,9,9,9,9,9,9,9,9,9,9,9,9,9,9,9,7500000,1550,2,4838.709677419355,Habsiguda,2 BHK,1500-2500 sqft,Valid,Hyderabad,Not available in source data,315,35
3800000,1260,Nacharam,1,1,9,9,9,9,9,9,9,9,9,9,9,9,9,9,9,9,9,9,9,9,9,9,9,9,9,9,9,9,9,9,9,9,9,9,9,3800000,1260,1,3015.873015873016,Nacharam,1 BHK,1000-1500 sqft,Valid,Hyderabad,Not available in source data,315,35
4000000,950,Nacharam,1,1,9,9,9,9,9,9,9,9,9,9,9,9,9,9,9,9,9,9,9,9,9,9,9,9,9,9,9,9,9,9,9,9,9,9,9,4000000,950,1,4210.526315789473,Nacharam,1 BHK,500-1000 sqft,Valid,Hyderabad,Not available in source data,315,35
4000000,1060,Uppal,2,1,9,9,9,9,9,9,9,9,9,9,9,9,9,9,9,9,9,9,9,9,9,9,9,9,9,9,9,9,9,9,9,9,9,9,9,4000000,1060,2,3773.5849056603774,Uppal,2 BHK,1000-1500 sqft,Valid,Hyderabad,Not available in source data,315,35
6200000,1000,Nacharam,1,1,9,9,9,9,9,9,9,9,9,9,9,9,9,9,9,9,9,9,9,9,9,9,9,9,9,9,9,9,9,9,9,9,9,9,9,6200000,1000,1,6200.0,Nacharam,1 BHK,1000-1500 sqft,Valid,Hyderabad,Not available in source data,315,35
11000000,1460,Nacharam,2,1,9,9,9,9,9,9,9,9,9,9,9,9,9,9,9,9,9,9,9,9,9,9,9,9,9,9,9,9,9,9,9,9,9,9,9,11000000,1460,2,7534.246575342466,Nacharam,2 BHK,1000-1500 sqft,Valid,Hyderabad,Not available in source data,315,35
26000000,1314,Manikonda,2,1,9,9,9,9,9,9,9,9,9,9,9,9,9,9,9,9,9,9,9,9,9,9,9,9,9,9,9,9,9,9,9,9,9,9,9,26000000,1314,2,19786.910197869103,Manikonda,2 BHK,1000-1500 sqft,Valid,Hyderabad,Not available in source data,315,35
13300000,2625,Madhapur,3,1,9,9,9,9,9,9,9,9,9,9,9,9,9,9,9,9,9,9,9,9,9,9,9,9,9,9,9,9,9,9,9,9,9,9,9,13300000,2625,3,5066.666666666667,Madhapur,3 BHK,2500+ sqft,Valid,Hyderabad,Not available in source data,315,35
10800000,2050,Hitech City,3,0,9,9,9,9,9,9,9,9,9,9,9,9,9,9,9,9,9,9,9,9,9,9,9,9,9,9,9,9,9,9,9,9,9,9,9,10800000,2050,3,5268.292682926829,Hitech City,3 BHK,1500-2500 sqft,Valid,Hyderabad,Not available in source data,315,35
10400000,1805,Narsingi,3,0,9,9,9,9,9,9,9,9,9,9,9,9,9,9,9,9,9,9,9,9,9,9,9,9,9,9,9,9,9,9,9,9,9,9,9,10400000,1805,3,5761.7728531855955,Narsingi,3 BHK,1500-2500 sqft,Valid,Hyderabad,Not available in source data,315,35
